asset,window_size,end_date,edge_prob_pe_to_fr,mean_effect_pe_to_fr,is_robust,n_obs,pe_position
XLK,200,2000-04-27,0.08,0.013168954623812193,False,199,1
XLK,200,2000-06-27,0.02,0.0037924003782822705,False,199,1
XLK,200,2000-08-25,0.0,0.0,False,199,4
XLK,200,2000-10-25,0.03,0.005604539272599118,False,199,1
XLK,200,2000-12-26,0.035,0.0070531007474918675,False,199,3
XLK,200,2001-02-27,0.005,0.0012487506842669617,False,199,3
XLK,200,2001-04-27,0.0,0.0,False,199,3
XLK,200,2001-06-27,0.0,0.0,False,199,4
XLK,200,2001-08-27,0.005,-0.0007320082353686533,False,199,4
XLK,200,2001-10-31,0.0,0.0,False,199,5
XLK,200,2002-01-02,0.0,0.0,False,199,1
XLK,200,2002-03-05,0.0,0.0,False,199,5
XLK,200,2002-05-03,0.06,-0.008460685280572249,False,199,5
XLK,200,2002-07-03,0.07,-0.009971564881555562,False,199,2
XLK,200,2002-09-03,0.015,-0.0020901879183508726,False,199,1
XLK,200,2002-10-31,0.24,-0.049560984212269794,False,199,1
XLK,200,2003-01-02,0.05,-0.012148505731489173,False,199,1
XLK,200,2003-03-05,0.015,-0.0036840289853870365,False,199,5
XLK,200,2003-05-05,0.065,-0.015546717366856111,False,199,5
XLK,200,2003-07-03,0.005,0.0007320160075083986,False,199,4
XLK,200,2003-09-03,0.01,0.00218348474140662,False,199,5
XLK,200,2003-10-31,0.005,-0.0010714468739131714,False,199,1
XLK,200,2004-01-02,0.0,0.0,False,199,2
XLK,200,2004-03-04,0.025,-0.004969724459792923,False,199,3
XLK,200,2004-05-04,0.035,-0.007644056105146596,False,199,4
XLK,200,2004-07-06,0.03,-0.007199442843314177,False,199,4
XLK,200,2004-09-02,0.095,-0.02540216645624778,False,199,5
XLK,200,2004-11-02,0.0,0.0,False,199,5
XLK,200,2005-01-03,0.005,0.0011056865769091795,False,199,5
XLK,200,2005-03-04,0.01,-0.002277863577754403,False,199,5
XLK,200,2005-05-04,0.0,0.0,False,199,1
XLK,200,2005-07-05,0.035,-0.007076755053387338,False,199,1
XLK,200,2005-09-01,0.01,-0.0036326719345592786,False,199,5
XLK,200,2005-11-01,0.035,-0.010468289807772155,False,199,5
XLK,200,2006-01-03,0.05,-0.007581416046609857,False,199,1
XLK,200,2006-03-06,0.03,-0.00438292165802108,False,199,2
XLK,200,2006-05-04,0.035,-0.00589773642577494,False,199,5
XLK,200,2006-07-05,0.005,-0.0007649518546027709,False,199,4
XLK,200,2006-09-01,0.0,0.0,False,199,5
XLK,200,2006-11-01,0.0,0.0,False,199,3
XLK,200,2007-01-04,0.0,0.0,False,199,1
XLK,200,2007-03-07,0.05,0.008975246818301223,False,199,2
XLK,200,2007-05-07,0.04,0.007521981157176373,False,199,3
XLK,200,2007-07-06,0.03,0.0049655875395790815,False,199,3
XLK,200,2007-09-05,0.0,0.0,False,199,3
XLK,200,2007-11-02,0.03,-0.007517532294559076,False,199,1
XLK,200,2008-01-04,0.06,0.004063424780792253,False,199,1
XLK,200,2008-03-06,0.055,0.0019694425126141396,False,199,1
XLK,200,2008-05-06,0.01,0.001905804853771141,False,199,1
XLK,200,2008-07-07,0.04,0.006317855900193035,False,199,1
XLK,200,2008-09-04,0.0,0.0,False,199,1
XLK,200,2008-11-03,0.015,0.001214456588936582,False,199,4
XLK,200,2009-01-05,0.045,-0.008116855735432145,False,199,4
XLK,200,2009-03-06,0.08,-0.014654919658771188,False,199,5
XLK,200,2009-05-06,0.08,-0.013536026709995614,False,199,4
XLK,200,2009-07-07,0.185,-0.036418971458007605,False,199,5
XLK,200,2009-09-03,0.135,-0.028822373010738405,False,199,5
XLK,200,2009-11-03,0.105,-0.022878740937171797,False,199,1
XLK,200,2010-01-05,0.11,-0.02029105282309207,False,199,1
XLK,200,2010-03-08,0.01,-0.0013955179323357474,False,199,5
XLK,200,2010-05-06,0.005,-0.0007622696276230909,False,199,5
XLK,200,2010-07-07,0.01,-0.0030210904293958207,False,199,5
XLK,200,2010-09-03,0.005,-0.001104055392014016,False,199,2
XLK,200,2010-11-03,0.095,0.018903539233026276,False,199,5
XLK,200,2011-01-04,0.18,0.037006888464540505,False,199,1
XLK,200,2011-03-07,0.06,-0.012806411298674346,False,199,5
XLK,200,2011-05-05,0.02,-0.004402431368349088,False,199,5
XLK,200,2011-07-06,0.01,-0.0021118921645768827,False,199,5
XLK,200,2011-09-02,0.03,-0.007713320774121369,False,199,5
XLK,200,2011-11-02,0.08,-0.017104053236647078,False,199,3
XLK,200,2012-01-04,0.05,-0.008571669818654178,False,199,2
XLK,200,2012-03-06,0.05,-0.011465599573415704,False,199,2
XLK,200,2012-05-04,0.045,0.009015989860075568,False,199,3
XLK,200,2012-07-05,0.005,-0.0007079091800941889,False,199,5
XLK,200,2012-09-04,0.0,0.0,False,199,1
XLK,200,2012-11-05,0.035,-0.007572519276801328,False,199,3
XLK,200,2013-01-07,0.0,0.0,False,199,3
XLK,200,2013-03-08,0.02,0.0039508270865991416,False,199,2
XLK,200,2013-05-08,0.0,0.0,False,199,5
XLK,200,2013-07-09,0.035,-0.006822861319243459,False,199,5
XLK,200,2013-09-06,0.07,-0.011759334760396083,False,199,2
XLK,200,2013-11-05,0.025,-0.0048372810662342305,False,199,5
XLK,200,2014-01-07,0.01,-0.00212806185145848,False,199,3
XLK,200,2014-03-10,0.025,0.004936340011226118,False,199,5
XLK,200,2014-05-08,0.03,0.005665211673851542,False,199,1
XLK,200,2014-07-09,0.035,0.007131731077732345,False,199,5
XLK,200,2014-09-08,0.09,0.0177994595594985,False,199,4
XLK,200,2014-11-05,0.015,0.0027840508837136744,False,199,1
XLK,200,2015-01-07,0.04,0.0055645677342897075,False,199,3
XLK,200,2015-03-10,0.0,0.0,False,199,3
XLK,200,2015-05-08,0.0,0.0,False,199,1
XLK,200,2015-07-09,0.02,0.0030673155586028113,False,199,3
XLK,200,2015-09-08,0.05,0.00770061072341743,False,199,3
XLK,200,2015-11-05,0.105,0.020873265110791316,False,199,4
XLK,200,2016-01-07,0.01,0.0019324749080638992,False,199,3
XLK,200,2016-03-09,0.0,0.0,False,199,3
XLK,200,2016-05-09,0.0,0.0,False,199,1
XLK,200,2016-07-08,0.005,-0.0008103536426739757,False,199,1
XLK,200,2016-09-07,0.0,0.0,False,199,1
XLK,200,2016-11-04,0.05,0.011800266397432788,False,199,4
XLK,200,2017-01-06,0.0,0.0,False,199,3
XLK,200,2017-03-09,0.0,0.0,False,199,3
XLK,200,2017-05-09,0.0,0.0,False,199,2
XLK,200,2017-07-10,0.01,-0.002149861589792207,False,199,5
XLK,200,2017-09-07,0.0,0.0,False,199,2
XLK,200,2017-11-06,0.0,0.0,False,199,2
XLK,200,2018-01-08,0.0,0.0,False,199,1
XLK,200,2018-03-09,0.005,-0.0009943344692466224,False,199,2
XLK,200,2018-05-09,0.0,0.0,False,199,5
XLK,200,2018-07-10,0.0,0.0,False,199,5
XLK,200,2018-09-07,0.015,0.003316310680010214,False,199,1
XLK,200,2018-11-06,0.135,0.021183002564384865,False,199,3
XLK,200,2019-01-09,0.0,0.0,False,199,3
XLK,200,2019-03-12,0.005,-0.0012871867863967817,False,199,3
XLK,200,2019-05-10,0.005,-0.0027859582448851667,False,199,4
XLK,200,2019-07-11,0.0,0.0,False,199,2
XLK,200,2019-09-10,0.0,0.0,False,199,1
XLK,200,2019-11-07,0.0,0.0,False,199,1
XLK,200,2020-01-09,0.005,0.0006954938967347914,False,199,2
XLK,200,2020-03-11,0.055,-0.006307602393412972,False,199,2
XLK,200,2020-05-11,0.005,0.0006618095034461933,False,199,1
XLK,200,2020-07-10,0.005,0.0004623543985805928,False,199,4
XLK,200,2020-09-09,0.0,0.0,False,199,1
XLK,200,2020-11-06,0.03,-0.0027921725863715337,False,199,1
XLK,200,2021-01-08,0.095,-0.013209883029180042,False,199,3
XLK,200,2021-03-11,0.095,-0.014858988772950306,False,199,1
XLK,200,2021-05-11,0.005,-0.0007424122392737389,False,199,1
XLK,200,2021-07-12,0.0,0.0,False,199,4
XLK,200,2021-09-09,0.01,-0.0014885427407416536,False,199,3
XLK,200,2021-11-08,0.01,-0.001403444661883484,False,199,5
XLK,200,2022-01-07,0.0,0.0,False,199,4
XLK,200,2022-03-10,0.265,-0.06493322316471174,False,199,3
XLK,200,2022-05-10,0.38,-0.09766598832072637,False,199,3
XLK,200,2022-07-12,0.15,-0.042146839536639835,False,199,5
XLK,200,2022-09-09,0.02,-0.003980342488287231,False,199,5
XLK,200,2022-11-08,0.03,0.0030637931312046574,False,199,5
XLK,200,2023-01-10,0.08,0.014957904920635754,False,199,1
XLK,200,2023-03-13,0.015,0.002761360003823587,False,199,2
XLK,200,2023-05-11,0.045,0.008781708100225877,False,199,1
XLK,200,2023-07-13,0.09,0.016139774217796967,False,199,2
XLK,200,2023-09-12,0.04,0.002767719340566706,False,199,1
XLK,200,2023-11-09,0.14,0.02584129275779072,False,199,3
XLK,200,2024-01-11,0.03,0.0057816476608850064,False,199,3
XLK,200,2024-03-13,0.035,0.008053620553911294,False,199,5
XLK,200,2024-05-13,0.03,0.0053969349960329045,False,199,3
XLK,200,2024-07-15,0.195,0.04163184272178459,False,199,2
XLK,200,2024-09-12,0.18,0.03028171575763534,False,199,1
XLK,200,2024-11-11,0.07,0.0149953571969732,False,199,1
XLK,200,2025-01-14,0.055,0.010944734215955987,False,199,1
XLK,200,2025-03-17,0.0,0.0,False,199,2
XLK,200,2025-05-15,0.005,0.0005402818250183487,False,199,1
XLK,200,2025-07-17,0.005,0.0005260405946196884,False,199,1
XLK,200,2025-09-16,0.0,0.0,False,199,1
XLK,200,2025-11-13,0.0,0.0,False,199,1
XLF,200,2000-04-27,0.025,-0.004862712948374656,False,199,1
XLF,200,2000-06-27,0.045,-0.00844027629236908,False,199,2
XLF,200,2000-08-25,0.02,-0.007602981472747222,False,199,4
XLF,200,2000-10-25,0.045,-0.008068750299649983,False,199,2
XLF,200,2000-12-26,0.045,0.003755505129255056,False,199,1
XLF,200,2001-02-27,0.08,0.01506393674889366,False,199,1
XLF,200,2001-04-27,0.025,0.004835128780121161,False,199,1
XLF,200,2001-06-27,0.035,-0.001249270474101465,False,199,3
XLF,200,2001-08-27,0.01,5.068152466366313e-05,False,199,5
XLF,200,2001-10-31,0.04,-0.009622197150626548,False,199,5
XLF,200,2002-01-02,0.025,-0.003976290840184581,False,199,4
XLF,200,2002-03-05,0.095,0.01709973613822271,False,199,4
XLF,200,2002-05-03,0.31,-0.06836444950855848,False,199,3
XLF,200,2002-07-03,0.04,-0.00837076951205503,False,199,4
XLF,200,2002-09-03,0.015,-0.0024647982383520623,False,199,2
XLF,200,2002-10-31,0.005,-0.0008362030377194484,False,199,2
XLF,200,2003-01-02,0.0,0.0,False,199,1
XLF,200,2003-03-05,0.005,-0.0007087218727710601,False,199,3
XLF,200,2003-05-05,0.03,-0.0038852533964505876,False,199,3
XLF,200,2003-07-03,0.025,-0.0037125617663532717,False,199,3
XLF,200,2003-09-03,0.04,-0.007356341711438108,False,199,5
XLF,200,2003-10-31,0.0,0.0,False,199,4
XLF,200,2004-01-02,0.0,0.0,False,199,2
XLF,200,2004-03-04,0.015,0.0019589266954996533,False,199,4
XLF,200,2004-05-04,0.0,0.0,False,199,5
XLF,200,2004-07-06,0.0,0.0,False,199,3
XLF,200,2004-09-02,0.0,0.0,False,199,4
XLF,200,2004-11-02,0.0,0.0,False,199,3
XLF,200,2005-01-03,0.185,0.0688624692427347,False,199,4
XLF,200,2005-03-04,0.0,0.0,False,199,4
XLF,200,2005-05-04,0.075,-0.014017968278953803,False,199,2
XLF,200,2005-07-05,0.06,-0.012664690428610863,False,199,4
XLF,200,2005-09-01,0.01,-0.0017544616528069872,False,199,4
XLF,200,2005-11-01,0.005,-0.0010606451222782518,False,199,5
XLF,200,2006-01-03,0.005,-0.0007545562431245578,False,199,3
XLF,200,2006-03-06,0.0,0.0,False,199,2
XLF,200,2006-05-04,0.005,0.0009734917164888156,False,199,4
XLF,200,2006-07-05,0.005,0.0011745880633527875,False,199,2
XLF,200,2006-09-01,0.005,0.0009763958645101005,False,199,5
XLF,200,2006-11-01,0.0,0.0,False,199,5
XLF,200,2007-01-04,0.0,0.0,False,199,5
XLF,200,2007-03-07,0.005,-0.00047982657888254393,False,199,2
XLF,200,2007-05-07,0.005,0.0010954702982772927,False,199,3
XLF,200,2007-07-06,0.0,0.0,False,199,1
XLF,200,2007-09-05,0.07,-0.011880845314508646,False,199,3
XLF,200,2007-11-02,0.0,0.0,False,199,4
XLF,200,2008-01-04,0.025,-0.004830366681305203,False,199,3
XLF,200,2008-03-06,0.0,0.0,False,199,5
XLF,200,2008-05-06,0.0,0.0,False,199,5
XLF,200,2008-07-07,0.02,0.0035763499813922235,False,199,3
XLF,200,2008-09-04,0.015,0.002971778774197589,False,199,4
XLF,200,2008-11-03,0.005,0.0006923983105454609,False,199,5
XLF,200,2009-01-05,0.025,0.0016676917677039605,False,199,5
XLF,200,2009-03-06,0.0,0.0,False,199,1
XLF,200,2009-05-06,0.1,-0.019217179564064782,False,199,4
XLF,200,2009-07-07,0.035,-0.007567305693216948,False,199,4
XLF,200,2009-09-03,0.01,-0.0019698727486571234,False,199,1
XLF,200,2009-11-03,0.01,0.0008072813016903225,False,199,5
XLF,200,2010-01-05,0.015,0.0020409476058551802,False,199,1
XLF,200,2010-03-08,0.0,0.0,False,199,1
XLF,200,2010-05-06,0.0,0.0,False,199,4
XLF,200,2010-07-07,0.0,0.0,False,199,1
XLF,200,2010-09-03,0.0,0.0,False,199,4
XLF,200,2010-11-03,0.0,0.0,False,199,3
XLF,200,2011-01-04,0.0,0.0,False,199,4
XLF,200,2011-03-07,0.0,0.0,False,199,4
XLF,200,2011-05-05,0.005,0.0006650273731789101,False,199,3
XLF,200,2011-07-06,0.01,0.0012263469722948476,False,199,4
XLF,200,2011-09-02,0.1,0.02110285197172457,False,199,3
XLF,200,2011-11-02,0.01,0.0017730839493301249,False,199,3
XLF,200,2012-01-04,0.055,0.01178110579120162,False,199,3
XLF,200,2012-03-06,0.115,0.023310135385846698,False,199,3
XLF,200,2012-05-04,0.01,0.0015292908559310172,False,199,3
XLF,200,2012-07-05,0.045,0.007603993029550643,False,199,2
XLF,200,2012-09-04,0.13,0.029058592525804883,False,199,2
XLF,200,2012-11-05,0.08,0.008717115626557762,False,199,4
XLF,200,2013-01-07,0.115,0.022323154274963838,False,199,3
XLF,200,2013-03-08,0.145,-0.019527488858686447,False,199,5
XLF,200,2013-05-08,0.45,-0.0999571101569369,False,199,1
XLF,200,2013-07-09,0.06,-0.010806810892445522,False,199,2
XLF,200,2013-09-06,0.065,-0.011792471513323013,False,199,3
XLF,200,2013-11-05,0.055,-0.009065006954455924,False,199,5
XLF,200,2014-01-07,0.0,0.0,False,199,3
XLF,200,2014-03-10,0.01,-0.001878037604501638,False,199,4
XLF,200,2014-05-08,0.04,-0.00971278863857209,False,199,5
XLF,200,2014-07-09,0.045,-0.00903392473067424,False,199,5
XLF,200,2014-09-08,0.195,-0.03818421008535853,False,199,4
XLF,200,2014-11-05,0.0,0.0,False,199,2
XLF,200,2015-01-07,0.02,0.003549361530563969,False,199,3
XLF,200,2015-03-10,0.01,2.6304325917774903e-05,False,199,4
XLF,200,2015-05-08,0.06,-0.01183581855039373,False,199,2
XLF,200,2015-07-09,0.295,-0.06060515849434304,False,199,4
XLF,200,2015-09-08,0.6,-0.13812332529677857,True,199,2
XLF,200,2015-11-05,0.615,-0.1406237033340979,True,199,4
XLF,200,2016-01-07,0.165,-0.040543427798418206,False,199,5
XLF,200,2016-03-09,0.13,-0.03008372929982558,False,199,2
XLF,200,2016-05-09,0.06,-0.013514631817543848,False,199,4
XLF,200,2016-07-08,0.035,-0.006215385661501997,False,199,2
XLF,200,2016-09-07,0.005,-0.0010340643446116132,False,199,5
XLF,200,2016-11-04,0.01,0.0011404576822838944,False,199,4
XLF,200,2017-01-06,0.0,0.0,False,199,4
XLF,200,2017-03-09,0.065,0.01040260731918987,False,199,1
XLF,200,2017-05-09,0.025,0.003838930468990827,False,199,1
XLF,200,2017-07-10,0.035,0.006106960127392269,False,199,2
XLF,200,2017-09-07,0.0,0.0,False,199,5
XLF,200,2017-11-06,0.01,0.005123993857552,False,199,2
XLF,200,2018-01-08,0.005,-0.0006408411247625436,False,199,3
XLF,200,2018-03-09,0.0,0.0,False,199,5
XLF,200,2018-05-09,0.095,0.023877901653489575,False,199,1
XLF,200,2018-07-10,0.125,0.03256887258785092,False,199,3
XLF,200,2018-09-07,0.275,0.07211986819923358,False,199,3
XLF,200,2018-11-06,0.07,0.015074690151072883,False,199,1
XLF,200,2019-01-09,0.005,0.0006536025517599238,False,199,4
XLF,200,2019-03-12,0.0,0.0,False,199,3
XLF,200,2019-05-10,0.0,0.0,False,199,3
XLF,200,2019-07-11,0.005,-0.0008568254238758666,False,199,5
XLF,200,2019-09-10,0.085,-0.008454929866079215,False,199,1
XLF,200,2019-11-07,0.035,-0.010639479018839784,False,200,1
XLF,200,2020-01-09,0.0,0.0,False,199,5
XLF,200,2020-03-11,0.02,-0.002531247069017727,False,199,5
XLF,200,2020-05-11,0.005,0.000443870695320223,False,199,5
XLF,200,2020-07-10,0.0,0.0,False,199,4
XLF,200,2020-09-09,0.04,-0.005187763999173198,False,199,4
XLF,200,2020-11-06,0.0,0.0,False,199,4
XLF,200,2021-01-08,0.165,-0.02830175060957442,False,199,3
XLF,200,2021-03-11,0.365,-0.0748100477786505,False,199,4
XLF,200,2021-05-11,0.035,-0.00663953062391789,False,199,5
XLF,200,2021-07-12,0.025,0.0018142965665127035,False,199,4
XLF,200,2021-09-09,0.02,-0.0008083754681664576,False,199,5
XLF,200,2021-11-08,0.06,0.011651382966099966,False,199,5
XLF,200,2022-01-07,0.06,0.009741138646769667,False,199,4
XLF,200,2022-03-10,0.005,-0.0009445417774426764,False,199,3
XLF,200,2022-05-10,0.005,-0.0008015720254445478,False,199,3
XLF,200,2022-07-12,0.0,0.0,False,199,4
XLF,200,2022-09-09,0.0,0.0,False,199,1
XLF,200,2022-11-08,0.0,0.0,False,199,1
XLF,200,2023-01-10,0.0,0.0,False,199,1
XLF,200,2023-03-13,0.01,-0.0020092247680424673,False,199,5
XLF,200,2023-05-11,0.0,0.0,False,199,1
XLF,200,2023-07-13,0.0,0.0,False,199,1
XLF,200,2023-09-12,0.0,0.0,False,199,2
XLF,200,2023-11-09,0.0,0.0,False,199,1
XLF,200,2024-01-11,0.025,-0.005080224756479414,False,199,5
XLF,200,2024-03-13,0.11,-0.02364822092263919,False,199,1
XLF,200,2024-05-13,0.145,-0.031679295592965485,False,199,3
XLF,200,2024-07-15,0.01,-0.0018465537822121626,False,199,2
XLF,200,2024-09-12,0.0,0.0,False,199,1
XLF,200,2024-11-11,0.0,0.0,False,199,1
XLF,200,2025-01-14,0.03,0.006752499406180369,False,199,3
XLF,200,2025-03-17,0.005,0.0007206465485848554,False,199,5
XLF,200,2025-05-15,0.015,0.002404881996447339,False,199,1
XLF,200,2025-07-17,0.0,0.0,False,199,1
XLF,200,2025-09-16,0.005,0.00044994687729034747,False,199,1
XLF,200,2025-11-13,0.005,0.0005530361485256751,False,199,1
XLV,200,2000-04-27,0.075,-0.013554483118601475,False,199,2
XLV,200,2000-06-27,0.045,-0.007891461207303616,False,199,2
XLV,200,2000-08-25,0.02,-0.003763972686779606,False,199,5
XLV,200,2000-10-25,0.005,-0.000931316295931038,False,199,4
XLV,200,2000-12-26,0.005,-0.0010892560980887461,False,199,4
XLV,200,2001-02-27,0.33,-0.07825971224552636,False,199,4
XLV,200,2001-04-27,0.18,-0.037780497477951036,False,199,1
XLV,200,2001-06-27,0.15,-0.029549410778590888,False,199,1
XLV,200,2001-08-27,0.145,-0.032492100743069484,False,199,4
XLV,200,2001-10-31,0.005,0.001020026812692792,False,199,4
XLV,200,2002-01-02,0.015,0.0033158593137436344,False,199,5
XLV,200,2002-03-05,0.01,0.0024088310667203486,False,199,5
XLV,200,2002-05-03,0.015,0.0025538853384809213,False,199,5
XLV,200,2002-07-03,0.015,0.002797398059940054,False,199,5
XLV,200,2002-09-03,0.0,0.0,False,199,5
XLV,200,2002-10-31,0.005,-0.0005990288488129025,False,199,3
XLV,200,2003-01-02,0.015,-0.003666310604259789,False,199,3
XLV,200,2003-03-05,0.04,-0.006961914134894994,False,199,4
XLV,200,2003-05-05,0.055,-0.01070192496904332,False,199,1
XLV,200,2003-07-03,0.02,-0.003976249180884009,False,199,3
XLV,200,2003-09-03,0.015,-0.002716005980657038,False,199,1
XLV,200,2003-10-31,0.015,-0.0011063548586735246,False,199,2
XLV,200,2004-01-02,0.025,-0.004604203476203247,False,199,5
XLV,200,2004-03-04,0.05,-0.013267752523769048,False,199,5
XLV,200,2004-05-04,0.035,0.0018235235323661963,False,199,1
XLV,200,2004-07-06,0.055,0.009620677270657935,False,199,2
XLV,200,2004-09-02,0.0,0.0,False,199,5
XLV,200,2004-11-02,0.03,0.004103118156897643,False,199,4
XLV,200,2005-01-03,0.0,0.0,False,199,2
XLV,200,2005-03-04,0.0,0.0,False,199,5
XLV,200,2005-05-04,0.01,-0.001722930783396143,False,199,4
XLV,200,2005-07-05,0.015,-0.002268597568208441,False,199,1
XLV,200,2005-09-01,0.01,-0.002251884267086458,False,199,3
XLV,200,2005-11-01,0.005,0.0009402347350186576,False,199,2
XLV,200,2006-01-03,0.05,-0.004230364342725803,False,199,3
XLV,200,2006-03-06,0.03,-0.004865306981604756,False,199,2
XLV,200,2006-05-04,0.06,-0.010944293815071513,False,199,1
XLV,200,2006-07-05,0.105,-0.01972399996416684,False,199,4
XLV,200,2006-09-01,0.01,-0.00165033804106905,False,199,5
XLV,200,2006-11-01,0.035,-0.005584153821313695,False,199,5
XLV,200,2007-01-04,0.035,-0.005723674949140426,False,199,5
XLV,200,2007-03-07,0.0,0.0,False,199,5
XLV,200,2007-05-07,0.02,-0.0021227225730189024,False,199,1
XLV,200,2007-07-06,0.0,0.0,False,199,5
XLV,200,2007-09-05,0.005,0.0008127450690244586,False,199,4
XLV,200,2007-11-02,0.005,-0.0008673509723870035,False,199,5
XLV,200,2008-01-04,0.0,0.0,False,199,4
XLV,200,2008-03-06,0.0,0.0,False,199,2
XLV,200,2008-05-06,0.06,0.014059216299419806,False,199,5
XLV,200,2008-07-07,0.21,0.05249440587078688,False,199,4
XLV,200,2008-09-04,0.205,0.05053546147940601,False,199,2
XLV,200,2008-11-03,0.0,0.0,False,199,3
XLV,200,2009-01-05,0.01,0.0007330471241973121,False,199,4
XLV,200,2009-03-06,0.01,0.0019020885776742848,False,199,2
XLV,200,2009-05-06,0.0,0.0,False,199,5
XLV,200,2009-07-07,0.185,0.030601324116816243,False,199,1
XLV,200,2009-09-03,0.395,0.0902449505231694,False,199,4
XLV,200,2009-11-03,0.11,0.027539753169301823,False,199,2
XLV,200,2010-01-05,0.06,0.018221987179929327,False,199,2
XLV,200,2010-03-08,0.035,-0.001712793465607067,False,199,5
XLV,200,2010-05-06,0.03,-0.007044803321556405,False,199,5
XLV,200,2010-07-07,0.07,-0.01890518884260759,False,199,4
XLV,200,2010-09-03,0.02,-0.005938240273856393,False,199,5
XLV,200,2010-11-03,0.0,0.0,False,199,5
XLV,200,2011-01-04,0.0,0.0,False,199,5
XLV,200,2011-03-07,0.02,0.0035404867636908625,False,199,5
XLV,200,2011-05-05,0.0,0.0,False,199,2
XLV,200,2011-07-06,0.005,-0.0017968165055498753,False,199,2
XLV,200,2011-09-02,0.05,0.007876301086563323,False,199,1
XLV,200,2011-11-02,0.005,0.0005946713809820605,False,199,1
XLV,200,2012-01-04,0.01,0.0012542986146804325,False,199,2
XLV,200,2012-03-06,0.005,0.0006382878365773314,False,199,4
XLV,200,2012-05-04,0.09,0.02440587696470239,False,199,3
XLV,200,2012-07-05,0.005,-0.0005092214809448843,False,199,5
XLV,200,2012-09-04,0.14,0.02406747981379396,False,199,5
XLV,200,2012-11-05,0.0,0.0,False,199,2
XLV,200,2013-01-07,0.0,0.0,False,199,3
XLV,200,2013-03-08,0.01,0.001121021389993748,False,199,2
XLV,200,2013-05-08,0.02,0.0025844337650920575,False,199,4
XLV,200,2013-07-09,0.005,0.0006239378809069903,False,199,5
XLV,200,2013-09-06,0.005,0.00044025436805688836,False,199,4
XLV,200,2013-11-05,0.03,-0.00787517822095937,False,199,3
XLV,200,2014-01-07,0.03,-0.006390670320706876,False,199,3
XLV,200,2014-03-10,0.005,-0.0006504786128536433,False,199,5
XLV,200,2014-05-08,0.015,-0.003343504377679255,False,199,5
XLV,200,2014-07-09,0.015,0.002956705806368084,False,199,2
XLV,200,2014-09-08,0.07,0.01162547784363481,False,199,3
XLV,200,2014-11-05,0.035,0.00656692744722209,False,199,2
XLV,200,2015-01-07,0.005,0.0010155370256096268,False,199,4
XLV,200,2015-03-10,0.005,0.0008391830014680687,False,199,1
XLV,200,2015-05-08,0.01,-0.0018702415650683967,False,199,2
XLV,200,2015-07-09,0.04,-0.006977762534157213,False,199,1
XLV,200,2015-09-08,0.01,0.0015292782467911379,False,199,1
XLV,200,2015-11-05,0.0,0.0,False,199,4
XLV,200,2016-01-07,0.04,-0.0065744573136068095,False,199,1
XLV,200,2016-03-09,0.005,-0.0012758610687526458,False,199,1
XLV,200,2016-05-09,0.015,-0.001823956689774173,False,199,2
XLV,200,2016-07-08,0.065,0.016424173513575592,False,199,4
XLV,200,2016-09-07,0.095,0.022014001791613943,False,199,1
XLV,200,2016-11-04,0.05,0.0072277580113436265,False,199,3
XLV,200,2017-01-06,0.015,0.002316002330259229,False,199,4
XLV,200,2017-03-09,0.0,0.0,False,199,5
XLV,200,2017-05-09,0.125,0.028844731836081744,False,199,4
XLV,200,2017-07-10,0.045,0.009961154793941013,False,199,3
XLV,200,2017-09-07,0.04,0.0071740701105245264,False,199,1
XLV,200,2017-11-06,0.0,0.0,False,199,2
XLV,200,2018-01-08,0.0,0.0,False,199,1
XLV,200,2018-03-09,0.0,0.0,False,199,4
XLV,200,2018-05-09,0.015,0.003461019466117454,False,199,1
XLV,200,2018-07-10,0.005,-0.0006827143445676146,False,199,5
XLV,200,2018-09-07,0.025,0.0031713124655248885,False,199,5
XLV,200,2018-11-06,0.04,0.0072195921246573334,False,199,2
XLV,200,2019-01-09,0.005,-0.0007232409656232447,False,199,4
XLV,200,2019-03-12,0.0,0.0,False,199,4
XLV,200,2019-05-10,0.0,0.0,False,199,4
XLV,200,2019-07-11,0.0,0.0,False,199,5
XLV,200,2019-09-10,0.0,0.0,False,199,5
XLV,200,2019-11-07,0.01,0.0014021310154132577,False,199,3
XLV,200,2020-01-09,0.005,0.0008076495315602139,False,199,5
XLV,200,2020-03-11,0.005,0.00034596100381141856,False,199,5
XLV,200,2020-05-11,0.045,-0.006747898625242625,False,199,4
XLV,200,2020-07-10,0.0,0.0,False,199,3
XLV,200,2020-09-09,0.0,0.0,False,199,5
XLV,200,2020-11-06,0.0,0.0,False,199,4
XLV,200,2021-01-08,0.04,0.006295285524404591,False,199,3
XLV,200,2021-03-11,0.08,0.013105656361585151,False,199,3
XLV,200,2021-05-11,0.085,0.01421654142616507,False,199,4
XLV,200,2021-07-12,0.05,0.008708440251220573,False,199,4
XLV,200,2021-09-09,0.02,0.0038339070532557467,False,199,4
XLV,200,2021-11-08,0.025,0.005993754542723685,False,199,4
XLV,200,2022-01-07,0.0,0.0,False,199,4
XLV,200,2022-03-10,0.365,0.0730643179837557,False,199,1
XLV,200,2022-05-10,0.03,-0.0015921174200560833,False,199,5
XLV,200,2022-07-12,0.14,-0.027095522790676566,False,199,1
XLV,200,2022-09-09,0.185,-0.036384627734466414,False,199,4
XLV,200,2022-11-08,0.115,-0.022191269734432872,False,199,2
XLV,200,2023-01-10,0.065,-0.013650451247204638,False,199,4
XLV,200,2023-03-13,0.01,-0.0017626248530848304,False,199,2
XLV,200,2023-05-11,0.0,0.0,False,199,1
XLV,200,2023-07-13,0.005,-0.0007947953893041627,False,199,2
XLV,200,2023-09-12,0.0,0.0,False,199,1
XLV,200,2023-11-09,0.0,0.0,False,199,2
XLV,200,2024-01-11,0.01,-0.000371128387340227,False,199,5
XLV,200,2024-03-13,0.01,-0.0026407924452793853,False,199,3
XLV,200,2024-05-13,0.01,-0.0024992957028012815,False,199,1
XLV,200,2024-07-15,0.025,0.011302729110722371,False,200,2
XLV,200,2024-09-12,0.02,0.004608574388740254,False,200,4
XLV,200,2024-11-11,0.005,-0.0008096380065180679,False,199,5
XLV,200,2025-01-14,0.005,0.0009806731386954115,False,199,3
XLV,200,2025-03-17,0.0,0.0,False,199,2
XLV,200,2025-05-15,0.0,0.0,False,199,3
XLV,200,2025-07-17,0.0,0.0,False,199,5
XLV,200,2025-09-16,0.01,0.001554526086352097,False,199,4
XLV,200,2025-11-13,0.01,0.0021109995903150452,False,199,5
XLE,200,2000-04-27,0.0,0.0,False,199,5
XLE,200,2000-06-27,0.02,0.0029945906183007735,False,199,2
XLE,200,2000-08-25,0.025,0.004950805290429824,False,199,1
XLE,200,2000-10-25,0.02,-0.002851781485166429,False,199,4
XLE,200,2000-12-26,0.01,0.0003520415550186551,False,199,4
XLE,200,2001-02-27,0.01,-0.0012474899028322918,False,199,2
XLE,200,2001-04-27,0.035,-0.0030154072363381495,False,199,2
XLE,200,2001-06-27,0.03,-0.004110297222010888,False,199,1
XLE,200,2001-08-27,0.055,-0.008048509963338907,False,199,4
XLE,200,2001-10-31,0.01,-0.0019016785870763504,False,199,2
XLE,200,2002-01-02,0.0,0.0,False,199,5
XLE,200,2002-03-05,0.005,0.0005161432221632,False,199,4
XLE,200,2002-05-03,0.005,0.0007003928208740661,False,199,3
XLE,200,2002-07-03,0.03,-0.00465987895911274,False,199,5
XLE,200,2002-09-03,0.045,0.0008407961419912587,False,199,4
XLE,200,2002-10-31,0.02,0.003354308680596363,False,199,4
XLE,200,2003-01-02,0.03,-2.2094589200760266e-05,False,199,2
XLE,200,2003-03-05,0.01,0.001368558607253577,False,199,2
XLE,200,2003-05-05,0.0,0.0,False,199,4
XLE,200,2003-07-03,0.01,-0.0003700898941637441,False,199,3
XLE,200,2003-09-03,0.015,0.0024153252018901017,False,199,1
XLE,200,2003-10-31,0.07,0.012508096384631226,False,199,1
XLE,200,2004-01-02,0.135,0.025353684760602818,False,199,4
XLE,200,2004-03-04,0.155,-0.031731580577114664,False,199,3
XLE,200,2004-05-04,0.005,0.0009620608019763323,False,199,2
XLE,200,2004-07-06,0.02,0.0037693157865711603,False,199,5
XLE,200,2004-09-02,0.02,-0.004320127849597856,False,199,4
XLE,200,2004-11-02,0.105,-0.02288638823197404,False,199,3
XLE,200,2005-01-03,0.005,-0.0009987536738429784,False,199,3
XLE,200,2005-03-04,0.025,-0.00461058056037985,False,199,1
XLE,200,2005-05-04,0.0,0.0,False,199,2
XLE,200,2005-07-05,0.0,0.0,False,199,1
XLE,200,2005-09-01,0.0,0.0,False,199,1
XLE,200,2005-11-01,0.045,0.00876064896214905,False,199,3
XLE,200,2006-01-03,0.035,0.006350168362722398,False,199,4
XLE,200,2006-03-06,0.065,-0.00867140545578328,False,199,1
XLE,200,2006-05-04,0.065,-0.010581527374778838,False,199,3
XLE,200,2006-07-05,0.055,-0.00930550017836966,False,199,4
XLE,200,2006-09-01,0.06,-0.013173177893354896,False,199,5
XLE,200,2006-11-01,0.015,-0.0027187246806795046,False,199,2
XLE,200,2007-01-04,0.025,-0.004722294616509566,False,199,2
XLE,200,2007-03-07,0.02,0.003468000621344973,False,199,2
XLE,200,2007-05-07,0.025,0.005514630882317744,False,199,1
XLE,200,2007-07-06,0.045,0.01018853866378237,False,199,3
XLE,200,2007-09-05,0.045,0.009510677267615657,False,199,3
XLE,200,2007-11-02,0.005,0.0007674707205090571,False,199,4
XLE,200,2008-01-04,0.0,0.0,False,199,1
XLE,200,2008-03-06,0.0,0.0,False,199,1
XLE,200,2008-05-06,0.015,-0.003028827237301499,False,199,3
XLE,200,2008-07-07,0.1,-0.019945542158548095,False,199,1
XLE,200,2008-09-04,0.035,0.0030923768871374976,False,199,1
XLE,200,2008-11-03,0.015,-0.0005262377188742158,False,199,2
XLE,200,2009-01-05,0.0,0.0,False,199,1
XLE,200,2009-03-06,0.0,0.0,False,199,1
XLE,200,2009-05-06,0.035,-0.004989142613550889,False,199,1
XLE,200,2009-07-07,0.185,-0.025807701371264823,False,199,1
XLE,200,2009-09-03,0.295,-0.05063779934145151,False,199,3
XLE,200,2009-11-03,0.325,-0.07684224439290203,False,199,1
XLE,200,2010-01-05,0.0,0.0,False,199,1
XLE,200,2010-03-08,0.015,-0.002280298392698644,False,199,2
XLE,200,2010-05-06,0.0,0.0,False,199,1
XLE,200,2010-07-07,0.01,0.0018768334107839497,False,199,5
XLE,200,2010-09-03,0.03,0.007716598019207392,False,199,5
XLE,200,2010-11-03,0.065,0.012175479475435638,False,199,5
XLE,200,2011-01-04,0.005,-0.0008988773085829904,False,199,4
XLE,200,2011-03-07,0.005,0.0006388529826391018,False,199,4
XLE,200,2011-05-05,0.005,0.0006668647992879201,False,199,3
XLE,200,2011-07-06,0.0,0.0,False,199,5
XLE,200,2011-09-02,0.01,0.001067089219998346,False,199,4
XLE,200,2011-11-02,0.005,-0.0007700160271148413,False,199,5
XLE,200,2012-01-04,0.005,0.006603450198084249,False,199,1
XLE,200,2012-03-06,0.0,0.0,False,199,5
XLE,200,2012-05-04,0.0,0.0,False,199,3
XLE,200,2012-07-05,0.02,0.002665780132915294,False,199,3
XLE,200,2012-09-04,0.0,0.0,False,199,5
XLE,200,2012-11-05,0.015,0.0025751597348267086,False,199,2
XLE,200,2013-01-07,0.005,0.0008612286869427724,False,199,2
XLE,200,2013-03-08,0.01,0.001583643660651115,False,199,3
XLE,200,2013-05-08,0.0,0.0,False,199,3
XLE,200,2013-07-09,0.0,0.0,False,199,1
XLE,200,2013-09-06,0.0,0.0,False,199,4
XLE,200,2013-11-05,0.02,-0.0027865221762840044,False,199,3
XLE,200,2014-01-07,0.145,-0.02389903992597423,False,199,2
XLE,200,2014-03-10,0.165,-0.027852118631085023,False,199,5
XLE,200,2014-05-08,0.105,-0.01853003072785556,False,199,1
XLE,200,2014-07-09,0.05,-0.003834102049325513,False,199,5
XLE,200,2014-09-08,0.005,0.0009875367925710043,False,199,3
XLE,200,2014-11-05,0.0,0.0,False,199,3
XLE,200,2015-01-07,0.005,0.0006882565079733546,False,199,2
XLE,200,2015-03-10,0.0,0.0,False,199,5
XLE,200,2015-05-08,0.0,0.0,False,199,2
XLE,200,2015-07-09,0.0,0.0,False,199,2
XLE,200,2015-09-08,0.01,-0.0016077228439203223,False,199,2
XLE,200,2015-11-05,0.005,0.0006967531557936215,False,199,3
XLE,200,2016-01-07,0.015,0.0034244481427769006,False,199,4
XLE,200,2016-03-09,0.305,0.0701333770144634,False,199,4
XLE,200,2016-05-09,0.275,0.05507394985297125,False,199,3
XLE,200,2016-07-08,0.165,0.0374732779995772,False,199,4
XLE,200,2016-09-07,0.17,0.035035998068864815,False,199,3
XLE,200,2016-11-04,0.045,-0.015708840784783372,False,199,5
XLE,200,2017-01-06,0.045,-0.008332027732771549,False,199,2
XLE,200,2017-03-09,0.025,-0.004994373967893868,False,199,5
XLE,200,2017-05-09,0.0,0.0,False,199,5
XLE,200,2017-07-10,0.0,0.0,False,199,5
XLE,200,2017-09-07,0.02,-0.003793423260378382,False,199,4
XLE,200,2017-11-06,0.04,-0.009470291932073402,False,199,1
XLE,200,2018-01-08,0.02,0.006690427690296881,False,199,2
XLE,200,2018-03-09,0.06,-0.011540920676659468,False,199,3
XLE,200,2018-05-09,0.07,-0.012888956771699309,False,199,3
XLE,200,2018-07-10,0.15,-0.032914635683416724,False,199,3
XLE,200,2018-09-07,0.065,-0.016226013479696086,False,199,3
XLE,200,2018-11-06,0.02,0.0026524089292916885,False,199,3
XLE,200,2019-01-09,0.02,0.0024305483863313083,False,199,2
XLE,200,2019-03-12,0.0,0.0,False,199,4
XLE,200,2019-05-10,0.0,0.0,False,199,4
XLE,200,2019-07-11,0.025,-0.004692319376939263,False,199,4
XLE,200,2019-09-10,0.08,-0.017259242418977198,False,199,5
XLE,200,2019-11-07,0.05,-0.009143923211817548,False,199,1
XLE,200,2020-01-09,0.13,-0.023577576269978667,False,199,1
XLE,200,2020-03-11,0.17,-0.016707885250725904,False,199,2
XLE,200,2020-05-11,0.0,0.0,False,199,1
XLE,200,2020-07-10,0.0,0.0,False,199,1
XLE,200,2020-09-09,0.0,0.0,False,199,1
XLE,200,2020-11-06,0.025,-0.005067992083399122,False,200,5
XLE,200,2021-01-08,0.005,-0.001015193960589239,False,199,4
XLE,200,2021-03-11,0.02,-0.004655647386585158,False,199,3
XLE,200,2021-05-11,0.0,0.0,False,199,4
XLE,200,2021-07-12,0.0,0.0,False,199,4
XLE,200,2021-09-09,0.025,0.0043280562077723135,False,199,4
XLE,200,2021-11-08,0.0,0.0,False,199,1
XLE,200,2022-01-07,0.025,-0.0045561791901794265,False,199,1
XLE,200,2022-03-10,0.04,-0.008029286632036708,False,199,2
XLE,200,2022-05-10,0.005,-0.0008472822361732024,False,199,3
XLE,200,2022-07-12,0.005,-0.0009205147428389846,False,199,2
XLE,200,2022-09-09,0.025,-0.005209313778569047,False,199,3
XLE,200,2022-11-08,0.09,-0.020568079132168154,False,199,3
XLE,200,2023-01-10,0.01,-0.0028377846208063255,False,199,3
XLE,200,2023-03-13,0.04,-0.00621050775676876,False,199,4
XLE,200,2023-05-11,0.005,-0.0008529911191623432,False,199,4
XLE,200,2023-07-13,0.0,0.0,False,199,2
XLE,200,2023-09-12,0.01,-0.001990026094217871,False,199,3
XLE,200,2023-11-09,0.005,0.0007536061719521255,False,199,3
XLE,200,2024-01-11,0.0,0.0,False,199,4
XLE,200,2024-03-13,0.0,0.0,False,199,1
XLE,200,2024-05-13,0.0,0.0,False,199,1
XLE,200,2024-07-15,0.005,0.0007779176319676385,False,199,1
XLE,200,2024-09-12,0.035,-0.007417704475980612,False,199,1
XLE,200,2024-11-11,0.005,0.0008323486764208042,False,199,5
XLE,200,2025-01-14,0.01,-0.0017859431663142622,False,199,4
XLE,200,2025-03-17,0.02,-0.0032121597770089945,False,199,4
XLE,200,2025-05-15,0.045,-0.007559659601524192,False,199,2
XLE,200,2025-07-17,0.03,-0.005588823427145034,False,199,4
XLE,200,2025-09-16,0.015,0.0020468288864459944,False,199,4
XLE,200,2025-11-13,0.0,0.0,False,199,3
XLI,200,2000-04-27,0.045,0.0074651541137900025,False,199,4
XLI,200,2000-06-27,0.08,0.014044886744574952,False,199,1
XLI,200,2000-08-25,0.115,0.019836002728093258,False,199,2
XLI,200,2000-10-25,0.18,0.030899368601469704,False,199,2
XLI,200,2000-12-26,0.015,-0.0024596149806911695,False,199,2
XLI,200,2001-02-27,0.0,0.0,False,199,5
XLI,200,2001-04-27,0.005,0.0010230146530397694,False,199,5
XLI,200,2001-06-27,0.005,0.0010304167604661952,False,199,5
XLI,200,2001-08-27,0.03,0.0063249303023766345,False,199,2
XLI,200,2001-10-31,0.0,0.0,False,199,4
XLI,200,2002-01-02,0.005,0.0009187625427823291,False,199,4
XLI,200,2002-03-05,0.0,0.0,False,199,4
XLI,200,2002-05-03,0.0,0.0,False,199,4
XLI,200,2002-07-03,0.01,-0.0025452738427386933,False,199,1
XLI,200,2002-09-03,0.01,0.001915730004540771,False,199,3
XLI,200,2002-10-31,0.045,-0.006326084868340825,False,199,5
XLI,200,2003-01-02,0.03,-0.0029593257921150364,False,199,1
XLI,200,2003-03-05,0.04,-0.005459248504087356,False,199,1
XLI,200,2003-05-05,0.085,-0.017576944682217818,False,199,1
XLI,200,2003-07-03,0.04,-0.007919376877469799,False,199,4
XLI,200,2003-09-03,0.025,-0.005216840268144787,False,199,4
XLI,200,2003-10-31,0.025,-0.004081660131409235,False,199,4
XLI,200,2004-01-02,0.015,-0.0022998673159511777,False,199,3
XLI,200,2004-03-04,0.01,-0.0018668500749078726,False,199,3
XLI,200,2004-05-04,0.03,-0.005365441412657835,False,199,2
XLI,200,2004-07-06,0.005,-0.0011153266617695424,False,199,4
XLI,200,2004-09-02,0.0,0.0,False,199,4
XLI,200,2004-11-02,0.035,0.007121044505317519,False,199,2
XLI,200,2005-01-03,0.085,0.015618510278977461,False,199,3
XLI,200,2005-03-04,0.2,0.04008073234728288,False,199,3
XLI,200,2005-05-04,0.085,0.015122933477367767,False,199,5
XLI,200,2005-07-05,0.005,0.0007801589877673174,False,199,4
XLI,200,2005-09-01,0.0,0.0,False,199,5
XLI,200,2005-11-01,0.0,0.0,False,199,2
XLI,200,2006-01-03,0.01,0.0015290130611018977,False,199,4
XLI,200,2006-03-06,0.04,0.007419834230199851,False,199,4
XLI,200,2006-05-04,0.025,0.004507564379089104,False,199,2
XLI,200,2006-07-05,0.015,0.0028088200856446425,False,199,5
XLI,200,2006-09-01,0.0,0.0,False,199,5
XLI,200,2006-11-01,0.16,-0.030883572160918908,False,199,4
XLI,200,2007-01-04,0.025,-0.0048315212338489325,False,199,5
XLI,200,2007-03-07,0.0,0.0,False,199,2
XLI,200,2007-05-07,0.015,-0.0033026525519194356,False,199,2
XLI,200,2007-07-06,0.0,0.0,False,199,3
XLI,200,2007-09-05,0.0,0.0,False,199,3
XLI,200,2007-11-02,0.005,-0.0011002620096956294,False,199,5
XLI,200,2008-01-04,0.04,-0.01003049382669934,False,199,5
XLI,200,2008-03-06,0.03,-0.006101548609486459,False,199,5
XLI,200,2008-05-06,0.06,-0.01175670270142817,False,199,4
XLI,200,2008-07-07,0.125,-0.02289858972336052,False,199,4
XLI,200,2008-09-04,0.055,-0.010545896324559344,False,199,1
XLI,200,2008-11-03,0.03,-0.0038520977280396213,False,199,3
XLI,200,2009-01-05,0.005,-0.0005414003584052513,False,199,5
XLI,200,2009-03-06,0.01,-0.0013823518669364037,False,199,5
XLI,200,2009-05-06,0.0,0.0,False,199,5
XLI,200,2009-07-07,0.0,0.0,False,199,5
XLI,200,2009-09-03,0.0,0.0,False,199,2
XLI,200,2009-11-03,0.01,-0.0010659966407135322,False,199,1
XLI,200,2010-01-05,0.015,-0.002703061125581963,False,199,2
XLI,200,2010-03-08,0.135,-0.02630944866713423,False,199,3
XLI,200,2010-05-06,0.005,-0.0006554762934247777,False,199,5
XLI,200,2010-07-07,0.055,0.009987701047530457,False,199,5
XLI,200,2010-09-03,0.35,0.06516424693368428,False,199,4
XLI,200,2010-11-03,0.26,0.05211040719250608,False,199,3
XLI,200,2011-01-04,0.04,0.011510150643936021,False,199,3
XLI,200,2011-03-07,0.005,0.0022335279618184863,False,199,1
XLI,200,2011-05-05,0.0,0.0,False,199,1
XLI,200,2011-07-06,0.0,0.0,False,199,3
XLI,200,2011-09-02,0.025,0.004118032142271338,False,199,1
XLI,200,2011-11-02,0.0,0.0,False,199,5
XLI,200,2012-01-04,0.0,0.0,False,199,5
XLI,200,2012-03-06,0.025,0.005229700663324472,False,199,2
XLI,200,2012-05-04,0.0,0.0,False,199,5
XLI,200,2012-07-05,0.02,0.0034495002605445468,False,199,5
XLI,200,2012-09-04,0.0,0.0,False,199,5
XLI,200,2012-11-05,0.005,-0.0004723015098558956,False,199,1
XLI,200,2013-01-07,0.0,0.0,False,199,4
XLI,200,2013-03-08,0.02,-0.0029562914498730427,False,199,4
XLI,200,2013-05-08,0.095,-0.01830784467373058,False,199,3
XLI,200,2013-07-09,0.03,-0.005483169631493361,False,199,4
XLI,200,2013-09-06,0.065,-0.01264201976666296,False,199,2
XLI,200,2013-11-05,0.045,-0.009947695966154035,False,199,4
XLI,200,2014-01-07,0.07,-0.012970615382798869,False,199,4
XLI,200,2014-03-10,0.025,-0.00025187585161030965,False,199,1
XLI,200,2014-05-08,0.03,-0.006382744162183014,False,199,2
XLI,200,2014-07-09,0.01,-0.0023137957621705025,False,200,4
XLI,200,2014-09-08,0.095,0.02037069335656569,False,199,5
XLI,200,2014-11-05,0.035,0.005639491670500893,False,199,4
XLI,200,2015-01-07,0.03,0.004592154602875155,False,199,5
XLI,200,2015-03-10,0.01,0.0018647413399187074,False,199,2
XLI,200,2015-05-08,0.25,0.05018644241942169,False,199,4
XLI,200,2015-07-09,0.12,0.023241212924546922,False,199,3
XLI,200,2015-09-08,0.04,0.006389161648326892,False,199,4
XLI,200,2015-11-05,0.005,0.0008993948305957951,False,199,4
XLI,200,2016-01-07,0.0,0.0,False,199,5
XLI,200,2016-03-09,0.005,-0.004266155598582214,False,199,5
XLI,200,2016-05-09,0.07,-0.024520633828255898,False,199,4
XLI,200,2016-07-08,0.01,0.0011629414751233302,False,199,1
XLI,200,2016-09-07,0.035,0.006235577709163198,False,199,1
XLI,200,2016-11-04,0.005,0.0007513171903714259,False,199,5
XLI,200,2017-01-06,0.03,0.00599708707672185,False,199,1
XLI,200,2017-03-09,0.005,0.001027863089659606,False,199,5
XLI,200,2017-05-09,0.0,0.0,False,199,4
XLI,200,2017-07-10,0.005,0.0009303276345146283,False,199,3
XLI,200,2017-09-07,0.01,0.0025348730572885537,False,199,3
XLI,200,2017-11-06,0.0,0.0,False,199,4
XLI,200,2018-01-08,0.0,0.0,False,199,5
XLI,200,2018-03-09,0.0,0.0,False,199,4
XLI,200,2018-05-09,0.0,0.0,False,199,5
XLI,200,2018-07-10,0.015,-0.004082220389687951,False,199,3
XLI,200,2018-09-07,0.0,0.0,False,199,2
XLI,200,2018-11-06,0.015,-0.0023259429290515632,False,199,3
XLI,200,2019-01-09,0.0,0.0,False,199,2
XLI,200,2019-03-12,0.03,-0.005852021656380602,False,199,3
XLI,200,2019-05-10,0.0,0.0,False,199,4
XLI,200,2019-07-11,0.0,0.0,False,199,4
XLI,200,2019-09-10,0.01,0.0017546107015949215,False,199,5
XLI,200,2019-11-07,0.05,0.009234213884632992,False,199,5
XLI,200,2020-01-09,0.005,-0.0010175258831521838,False,199,5
XLI,200,2020-03-11,0.07,0.007560082396159723,False,199,4
XLI,200,2020-05-11,0.02,0.0012889322235723687,False,199,3
XLI,200,2020-07-10,0.0,0.0,False,199,5
XLI,200,2020-09-09,0.0,0.0,False,199,1
XLI,200,2020-11-06,0.005,-0.0005452035679835991,False,199,1
XLI,200,2021-01-08,0.005,-0.0005649133722383721,False,199,3
XLI,200,2021-03-11,0.06,-0.00980363008163213,False,199,5
XLI,200,2021-05-11,0.005,-0.0007680385696194266,False,199,5
XLI,200,2021-07-12,0.02,0.0011261994182783699,False,199,5
XLI,200,2021-09-09,0.0,0.0,False,199,2
XLI,200,2021-11-08,0.15,-0.02761033788874253,False,199,5
XLI,200,2022-01-07,0.045,0.004092522693435411,False,199,1
XLI,200,2022-03-10,0.015,-5.1937900012533346e-05,False,199,5
XLI,200,2022-05-10,0.03,0.005672173574179582,False,199,4
XLI,200,2022-07-12,0.0,0.0,False,199,5
XLI,200,2022-09-09,0.0,0.0,False,199,3
XLI,200,2022-11-08,0.0,0.0,False,199,3
XLI,200,2023-01-10,0.01,-0.0027545153961159117,False,199,5
XLI,200,2023-03-13,0.09,-0.018710810393688552,False,199,3
XLI,200,2023-05-11,0.2,-0.041377255207190065,False,199,4
XLI,200,2023-07-13,0.165,-0.030376471036042255,False,199,4
XLI,200,2023-09-12,0.12,-0.025009728116305724,False,199,4
XLI,200,2023-11-09,0.04,-0.008983446153185195,False,199,1
XLI,200,2024-01-11,0.025,-0.005308542917666736,False,199,5
XLI,200,2024-03-13,0.0,0.0,False,199,5
XLI,200,2024-05-13,0.125,0.022294434340187175,False,199,1
XLI,200,2024-07-15,0.09,0.015884159572245152,False,199,1
XLI,200,2024-09-12,0.22,0.04400876794321622,False,199,2
XLI,200,2024-11-11,0.06,0.012525617869443405,False,199,2
XLI,200,2025-01-14,0.0,0.0,False,199,2
XLI,200,2025-03-17,0.0,0.0,False,199,1
XLI,200,2025-05-15,0.04,0.010266590883308623,False,199,1
XLI,200,2025-07-17,0.025,0.0084612893171219,False,199,1
XLI,200,2025-09-16,0.015,0.0020252312192401496,False,199,1
XLI,200,2025-11-13,0.02,-0.0021357938942507524,False,199,1
XLB,200,2000-04-27,0.045,0.008384864829296073,False,199,5
XLB,200,2000-06-27,0.015,0.0018018522756725042,False,199,5
XLB,200,2000-08-25,0.01,0.0017607924399031425,False,199,2
XLB,200,2000-10-25,0.01,0.0017707847246361253,False,199,1
XLB,200,2000-12-26,0.0,0.0,False,199,4
XLB,200,2001-02-27,0.02,0.003184228416625494,False,199,3
XLB,200,2001-04-27,0.015,0.0023351497412225845,False,199,4
XLB,200,2001-06-27,0.0,0.0,False,199,3
XLB,200,2001-08-27,0.01,-0.0019396995294037977,False,199,4
XLB,200,2001-10-31,0.005,-0.0009661656361756049,False,199,3
XLB,200,2002-01-02,0.005,0.0010244650466482467,False,199,3
XLB,200,2002-03-05,0.11,-0.018229172742999993,False,199,5
XLB,200,2002-05-03,0.045,-0.01073097029299177,False,199,5
XLB,200,2002-07-03,0.015,-0.002858068500163953,False,199,4
XLB,200,2002-09-03,0.095,-0.019671913262096635,False,199,4
XLB,200,2002-10-31,0.075,-0.014965305366308562,False,199,1
XLB,200,2003-01-02,0.055,-0.020228188756326683,False,199,5
XLB,200,2003-03-05,0.235,-0.05414415551805436,False,199,5
XLB,200,2003-05-05,0.0,0.0,False,199,2
XLB,200,2003-07-03,0.175,-0.032770716222951496,False,199,5
XLB,200,2003-09-03,0.0,0.0,False,199,2
XLB,200,2003-10-31,0.025,-0.002971627619213096,False,199,1
XLB,200,2004-01-02,0.005,-0.0007105955782526485,False,199,1
XLB,200,2004-03-04,0.0,0.0,False,199,4
XLB,200,2004-05-04,0.005,0.0067138380944774725,False,199,2
XLB,200,2004-07-06,0.015,0.0020070693550093073,False,199,1
XLB,200,2004-09-02,0.045,0.011532465374907756,False,199,3
XLB,200,2004-11-02,0.06,0.011961681973689796,False,199,1
XLB,200,2005-01-03,0.15,0.03301839161894686,False,199,2
XLB,200,2005-03-04,0.16,0.032522203237308166,False,199,2
XLB,200,2005-05-04,0.01,0.0025414958108022135,False,199,4
XLB,200,2005-07-05,0.11,0.022232107558257778,False,199,3
XLB,200,2005-09-01,0.02,0.005024357554832275,False,199,4
XLB,200,2005-11-01,0.025,0.005016209929566795,False,199,5
XLB,200,2006-01-03,0.095,0.0199135997132417,False,199,3
XLB,200,2006-03-06,0.0,0.0,False,199,4
XLB,200,2006-05-04,0.02,0.004526871866423604,False,199,4
XLB,200,2006-07-05,0.02,0.000933210990919793,False,199,2
XLB,200,2006-09-01,0.01,-0.0020773408362273066,False,199,1
XLB,200,2006-11-01,0.0,0.0,False,199,1
XLB,200,2007-01-04,0.005,-0.0007396494502359259,False,199,1
XLB,200,2007-03-07,0.005,-0.0009535659684109389,False,199,2
XLB,200,2007-05-07,0.0,0.0,False,199,2
XLB,200,2007-07-06,0.0,0.0,False,199,4
XLB,200,2007-09-05,0.005,0.0009271733608612581,False,199,4
XLB,200,2007-11-02,0.0,0.0,False,199,5
XLB,200,2008-01-04,0.005,0.0010554106981842503,False,199,5
XLB,200,2008-03-06,0.0,0.0,False,199,3
XLB,200,2008-05-06,0.005,0.0007421959182618662,False,199,3
XLB,200,2008-07-07,0.02,0.0019109872258131083,False,199,4
XLB,200,2008-09-04,0.07,-0.014396532653234062,False,199,5
XLB,200,2008-11-03,0.055,-0.00503953227132392,False,199,2
XLB,200,2009-01-05,0.1,-0.015021277027776194,False,199,3
XLB,200,2009-03-06,0.33,-0.05893556085657543,False,199,3
XLB,200,2009-05-06,0.235,-0.04410165872012906,False,199,1
XLB,200,2009-07-07,0.1,-0.018809497355099295,False,199,2
XLB,200,2009-09-03,0.015,-0.0026797459577601714,False,199,5
XLB,200,2009-11-03,0.005,-0.0009183763624028471,False,199,1
XLB,200,2010-01-05,0.0,0.0,False,199,1
XLB,200,2010-03-08,0.14,-0.031116568239400386,False,199,1
XLB,200,2010-05-06,0.0,0.0,False,199,5
XLB,200,2010-07-07,0.0,0.0,False,199,2
XLB,200,2010-09-03,0.0,0.0,False,199,4
XLB,200,2010-11-03,0.0,0.0,False,199,4
XLB,200,2011-01-04,0.0,0.0,False,199,3
XLB,200,2011-03-07,0.02,-0.004091806223576242,False,199,2
XLB,200,2011-05-05,0.025,-0.00334528507865023,False,199,2
XLB,200,2011-07-06,0.0,0.0,False,199,5
XLB,200,2011-09-02,0.0,0.0,False,199,5
XLB,200,2011-11-02,0.02,0.0032031459314999467,False,199,4
XLB,200,2012-01-04,0.0,0.0,False,199,5
XLB,200,2012-03-06,0.005,-0.002786523498529036,False,199,3
XLB,200,2012-05-04,0.0,0.0,False,199,5
XLB,200,2012-07-05,0.025,-0.0031905851550506153,False,199,4
XLB,200,2012-09-04,0.01,-0.0024439574974883006,False,199,2
XLB,200,2012-11-05,0.02,-0.00449077455200541,False,199,3
XLB,200,2013-01-07,0.03,-0.0075491356778115935,False,199,4
XLB,200,2013-03-08,0.02,-0.0017612185261458157,False,199,2
XLB,200,2013-05-08,0.095,-0.020680406203824938,False,199,2
XLB,200,2013-07-09,0.12,-0.023035790567052055,False,199,2
XLB,200,2013-09-06,0.08,-0.01618285855710303,False,199,2
XLB,200,2013-11-05,0.03,-0.00748458481294298,False,199,3
XLB,200,2014-01-07,0.0,0.0,False,199,1
XLB,200,2014-03-10,0.0,0.0,False,199,5
XLB,200,2014-05-08,0.01,-0.0020643827211854608,False,199,3
XLB,200,2014-07-09,0.01,-0.00017169892779529808,False,199,5
XLB,200,2014-09-08,0.065,-0.0048117279452170834,False,199,4
XLB,200,2014-11-05,0.085,-0.00180831920022553,False,199,3
XLB,200,2015-01-07,0.005,-0.0006909890578828111,False,199,3
XLB,200,2015-03-10,0.01,0.0013761484459529896,False,199,5
XLB,200,2015-05-08,0.005,-0.001463968388301191,False,199,4
XLB,200,2015-07-09,0.02,0.0040815427271549375,False,199,3
XLB,200,2015-09-08,0.0,0.0,False,199,5
XLB,200,2015-11-05,0.01,-0.0017760545329447508,False,199,5
XLB,200,2016-01-07,0.03,-0.0013450292707551667,False,199,5
XLB,200,2016-03-09,0.0,0.0,False,199,5
XLB,200,2016-05-09,0.0,0.0,False,199,5
XLB,200,2016-07-08,0.015,0.0004120069144706664,False,199,4
XLB,200,2016-09-07,0.12,-0.02732842455895444,False,199,2
XLB,200,2016-11-04,0.05,-0.009657301862998093,False,199,4
XLB,200,2017-01-06,0.08,-0.015176132469293502,False,199,3
XLB,200,2017-03-09,0.0,0.0,False,199,3
XLB,200,2017-05-09,0.05,-0.010353955989650863,False,199,2
XLB,200,2017-07-10,0.12,-0.02134909702767881,False,199,1
XLB,200,2017-09-07,0.07,-0.01239288877018229,False,199,2
XLB,200,2017-11-06,0.13,-0.021532557955386132,False,199,5
XLB,200,2018-01-08,0.02,-0.0063470500148553,False,199,4
XLB,200,2018-03-09,0.0,0.0,False,199,5
XLB,200,2018-05-09,0.025,0.005961643663291483,False,199,1
XLB,200,2018-07-10,0.075,0.01593917039076264,False,199,5
XLB,200,2018-09-07,0.055,0.014008809988678619,False,199,5
XLB,200,2018-11-06,0.02,0.0045724983757333805,False,199,4
XLB,200,2019-01-09,0.0,0.0,False,199,4
XLB,200,2019-03-12,0.015,0.003913556774544758,False,199,5
XLB,200,2019-05-10,0.035,0.007397063601482294,False,199,4
XLB,200,2019-07-11,0.015,0.003046888128863169,False,199,3
XLB,200,2019-09-10,0.09,0.020324729466072146,False,199,3
XLB,200,2019-11-07,0.0,0.0,False,199,4
XLB,200,2020-01-09,0.005,0.0007720401123727085,False,199,4
XLB,200,2020-03-11,0.02,0.0014350702631974188,False,199,1
XLB,200,2020-05-11,0.01,-0.0006224963976859056,False,199,1
XLB,200,2020-07-10,0.025,-0.005253754697974748,False,199,1
XLB,200,2020-09-09,0.095,-0.024340504184715873,False,199,1
XLB,200,2020-11-06,0.065,-0.010639247244418915,False,199,1
XLB,200,2021-01-08,0.125,-0.02142453347139753,False,199,1
XLB,200,2021-03-11,0.1,-0.017219242740390522,False,199,1
XLB,200,2021-05-11,0.255,-0.05685405945994221,False,199,3
XLB,200,2021-07-12,0.22,-0.048188864748636435,False,199,3
XLB,200,2021-09-09,0.22,-0.05255336332070381,False,199,2
XLB,200,2021-11-08,0.23,-0.046112611235209926,False,199,3
XLB,200,2022-01-07,0.015,-0.0026277767654453578,False,199,1
XLB,200,2022-03-10,0.04,-0.006276127585831863,False,199,5
XLB,200,2022-05-10,0.08,-0.015510156282644037,False,199,3
XLB,200,2022-07-12,0.06,-0.011510667428355438,False,199,5
XLB,200,2022-09-09,0.025,-0.0008381010836544999,False,199,1
XLB,200,2022-11-08,0.025,0.002468843762525926,False,199,3
XLB,200,2023-01-10,0.015,0.0028089467557719555,False,199,2
XLB,200,2023-03-13,0.01,-0.001331382531404039,False,199,2
XLB,200,2023-05-11,0.0,0.0,False,199,1
XLB,200,2023-07-13,0.03,-0.005094653158670787,False,199,1
XLB,200,2023-09-12,0.0,0.0,False,199,1
XLB,200,2023-11-09,0.0,0.0,False,199,2
XLB,200,2024-01-11,0.225,0.04023668513701615,False,199,2
XLB,200,2024-03-13,0.215,0.04290828722502938,False,199,1
XLB,200,2024-05-13,0.185,0.035027887342863016,False,199,2
XLB,200,2024-07-15,0.155,0.03412088847101004,False,199,2
XLB,200,2024-09-12,0.01,-0.00010652691363485678,False,199,1
XLB,200,2024-11-11,0.0,0.0,False,199,1
XLB,200,2025-01-14,0.02,0.0035719654962496133,False,199,2
XLB,200,2025-03-17,0.02,0.002036872405463499,False,199,3
XLB,200,2025-05-15,0.01,0.0016544140287615783,False,199,3
XLB,200,2025-07-17,0.01,0.0018118335990100942,False,199,3
XLB,200,2025-09-16,0.01,0.0011697632540810334,False,199,3
XLB,200,2025-11-13,0.06,0.01411586109210725,False,199,4
XLU,200,2000-04-27,0.01,-0.0017958109413982188,False,199,2
XLU,200,2000-06-27,0.03,-0.005402428988382188,False,199,5
XLU,200,2000-08-25,0.01,-0.0022588789954145812,False,199,5
XLU,200,2000-10-25,0.02,-0.0008718716301356419,False,199,2
XLU,200,2000-12-26,0.025,0.004027436421805359,False,199,4
XLU,200,2001-02-27,0.05,0.009431123016236555,False,199,4
XLU,200,2001-04-27,0.105,0.017989620646004196,False,199,3
XLU,200,2001-06-27,0.07,0.01701390886429472,False,199,3
XLU,200,2001-08-27,0.06,0.017651742079183665,False,199,5
XLU,200,2001-10-31,0.03,0.015473623752005563,False,199,3
XLU,200,2002-01-02,0.01,0.002026416851353689,False,199,4
XLU,200,2002-03-05,0.0,0.0,False,199,2
XLU,200,2002-05-03,0.005,0.0008936511208756648,False,199,4
XLU,200,2002-07-03,0.015,0.0003622193191389308,False,199,3
XLU,200,2002-09-03,0.045,0.009641086548723499,False,199,3
XLU,200,2002-10-31,0.03,0.003922100684804662,False,199,5
XLU,200,2003-01-02,0.01,-0.0033510875511864424,False,199,1
XLU,200,2003-03-05,0.04,-0.006806785762402832,False,199,3
XLU,200,2003-05-05,0.05,-0.008549462178912273,False,199,5
XLU,200,2003-07-03,0.04,0.003290063932746509,False,199,5
XLU,200,2003-09-03,0.005,-0.0010742182452865823,False,199,1
XLU,200,2003-10-31,0.01,0.002054272990172446,False,199,3
XLU,200,2004-01-02,0.005,0.001114529673512875,False,199,1
XLU,200,2004-03-04,0.385,0.07648105983323221,False,199,3
XLU,200,2004-05-04,0.25,0.056118844222119,False,199,1
XLU,200,2004-07-06,0.065,0.01428786589952549,False,199,1
XLU,200,2004-09-02,0.035,0.006574908125381326,False,199,2
XLU,200,2004-11-02,0.0,0.0,False,199,3
XLU,200,2005-01-03,0.01,-0.0021123269957621514,False,199,4
XLU,200,2005-03-04,0.02,-0.002880842324512573,False,199,5
XLU,200,2005-05-04,0.05,-0.009645140158202122,False,199,4
XLU,200,2005-07-05,0.055,-0.012309488122970495,False,199,5
XLU,200,2005-09-01,0.0,0.0,False,199,5
XLU,200,2005-11-01,0.005,0.0009264346818281582,False,199,5
XLU,200,2006-01-03,0.015,0.0023812982089011408,False,199,3
XLU,200,2006-03-06,0.025,0.0044807372137643745,False,199,1
XLU,200,2006-05-04,0.025,0.0050483924665426574,False,199,5
XLU,200,2006-07-05,0.035,-0.0023460389974531183,False,199,4
XLU,200,2006-09-01,0.115,-0.016552402667260428,False,199,5
XLU,200,2006-11-01,0.07,-0.020237986492863246,False,199,5
XLU,200,2007-01-04,0.165,-0.04328107024237489,False,199,4
XLU,200,2007-03-07,0.195,-0.03262677010043653,False,199,1
XLU,200,2007-05-07,0.01,-0.0012677747658605973,False,199,3
XLU,200,2007-07-06,0.025,-0.0037804596092945956,False,199,3
XLU,200,2007-09-05,0.005,0.0010547743889056716,False,199,1
XLU,200,2007-11-02,0.015,0.006029279914945601,False,199,3
XLU,200,2008-01-04,0.045,-0.008640885213309739,False,199,1
XLU,200,2008-03-06,0.0,0.0,False,199,3
XLU,200,2008-05-06,0.02,-0.004139165136687431,False,199,1
XLU,200,2008-07-07,0.005,0.0019781301297625313,False,199,1
XLU,200,2008-09-04,0.02,-0.0036418657613919185,False,199,1
XLU,200,2008-11-03,0.015,-0.002427748580559635,False,199,1
XLU,200,2009-01-05,0.025,-0.005622614678052249,False,199,4
XLU,200,2009-03-06,0.075,-0.01701673581057409,False,199,4
XLU,200,2009-05-06,0.025,-0.006037244223381486,False,199,4
XLU,200,2009-07-07,0.01,-0.001136615039064267,False,199,3
XLU,200,2009-09-03,0.08,-0.015375637029252048,False,199,3
XLU,200,2009-11-03,0.045,-0.008304980541628136,False,199,1
XLU,200,2010-01-05,0.065,-0.013369182644848258,False,199,3
XLU,200,2010-03-08,0.02,-0.0048641055488844445,False,199,5
XLU,200,2010-05-06,0.02,-0.004671614179370803,False,199,5
XLU,200,2010-07-07,0.0,0.0,False,199,2
XLU,200,2010-09-03,0.005,-0.0011269336405811986,False,199,2
XLU,200,2010-11-03,0.005,0.0013088310866382889,False,199,5
XLU,200,2011-01-04,0.0,0.0,False,199,5
XLU,200,2011-03-07,0.02,-0.004240841872073389,False,199,5
XLU,200,2011-05-05,0.055,-0.013029228992321087,False,199,5
XLU,200,2011-07-06,0.035,0.018338622138898784,False,199,4
XLU,200,2011-09-02,0.235,0.04080077885178126,False,199,2
XLU,200,2011-11-02,0.165,0.023919760056727267,False,199,2
XLU,200,2012-01-04,0.06,0.009635904280053953,False,199,2
XLU,200,2012-03-06,0.0,0.0,False,199,2
XLU,200,2012-05-04,0.215,0.055488888970675915,False,199,5
XLU,200,2012-07-05,0.085,0.025003834004759345,False,199,4
XLU,200,2012-09-04,0.0,0.0,False,199,3
XLU,200,2012-11-05,0.005,-0.0010826902717992453,False,199,5
XLU,200,2013-01-07,0.025,0.0025742392232676477,False,199,1
XLU,200,2013-03-08,0.02,-0.0017395907301405139,False,199,1
XLU,200,2013-05-08,0.005,0.0010257877688471858,False,199,1
XLU,200,2013-07-09,0.015,0.002054737827413786,False,199,2
XLU,200,2013-09-06,0.0,0.0,False,199,5
XLU,200,2013-11-05,0.01,0.0016124671566768482,False,199,5
XLU,200,2014-01-07,0.0,0.0,False,199,5
XLU,200,2014-03-10,0.0,0.0,False,199,2
XLU,200,2014-05-08,0.005,0.0007322894343029617,False,199,5
XLU,200,2014-07-09,0.005,0.00091097096902013,False,199,5
XLU,200,2014-09-08,0.0,0.0,False,199,5
XLU,200,2014-11-05,0.02,0.003796429504698098,False,199,1
XLU,200,2015-01-07,0.055,-0.006062008906146893,False,199,1
XLU,200,2015-03-10,0.01,-0.00022877826579848507,False,199,5
XLU,200,2015-05-08,0.04,-0.006933539461694271,False,199,3
XLU,200,2015-07-09,0.06,-0.01179536280149754,False,199,3
XLU,200,2015-09-08,0.0,0.0,False,199,2
XLU,200,2015-11-05,0.08,-0.01289080148780778,False,199,3
XLU,200,2016-01-07,0.07,-0.011820066489353109,False,199,1
XLU,200,2016-03-09,0.09,-0.014370486612826059,False,199,1
XLU,200,2016-05-09,0.015,-0.0028179866921105813,False,199,5
XLU,200,2016-07-08,0.095,-0.016238452447602848,False,199,4
XLU,200,2016-09-07,0.02,-0.003435205087608881,False,199,4
XLU,200,2016-11-04,0.01,-0.0016527171328325069,False,199,4
XLU,200,2017-01-06,0.01,0.0013702790514694724,False,199,3
XLU,200,2017-03-09,0.065,0.020192665273153512,False,199,5
XLU,200,2017-05-09,0.015,0.002116437424087818,False,199,3
XLU,200,2017-07-10,0.03,0.0008239129582752086,False,199,1
XLU,200,2017-09-07,0.02,0.0041157814067823255,False,199,1
XLU,200,2017-11-06,0.02,-0.0043239569405721205,False,199,2
XLU,200,2018-01-08,0.015,-0.002782056502284343,False,199,1
XLU,200,2018-03-09,0.115,-0.02491058640563767,False,199,1
XLU,200,2018-05-09,0.065,-0.01577394320943792,False,199,2
XLU,200,2018-07-10,0.045,-0.008961911307429111,False,199,4
XLU,200,2018-09-07,0.025,-0.00526142272101234,False,199,2
XLU,200,2018-11-06,0.0,0.0,False,199,1
XLU,200,2019-01-09,0.0,0.0,False,199,2
XLU,200,2019-03-12,0.005,0.001216471904020359,False,199,5
XLU,200,2019-05-10,0.06,-0.009402776703167087,False,199,4
XLU,200,2019-07-11,0.115,-0.018092908315249713,False,199,4
XLU,200,2019-09-10,0.375,-0.0654073519560639,False,199,4
XLU,200,2019-11-07,0.105,-0.018256913097413407,False,199,4
XLU,200,2020-01-09,0.0,0.0,False,199,5
XLU,200,2020-03-11,0.03,0.00291023359279268,False,199,5
XLU,200,2020-05-11,0.0,0.0,False,199,4
XLU,200,2020-07-10,0.0,0.0,False,199,2
XLU,200,2020-09-09,0.0,0.0,False,199,2
XLU,200,2020-11-06,0.005,-0.0004110524809024546,False,199,4
XLU,200,2021-01-08,0.02,-0.0024388335970249265,False,199,2
XLU,200,2021-03-11,0.015,-0.0023149418385173697,False,199,1
XLU,200,2021-05-11,0.01,-0.002256650099316231,False,199,4
XLU,200,2021-07-12,0.04,-0.009504654799689283,False,199,5
XLU,200,2021-09-09,0.055,-0.009278893543103265,False,199,2
XLU,200,2021-11-08,0.08,-0.016284257654990426,False,199,1
XLU,200,2022-01-07,0.03,-0.005902883706550303,False,199,1
XLU,200,2022-03-10,0.015,-0.002378825652622005,False,199,4
XLU,200,2022-05-10,0.185,-0.03687384967842659,False,199,3
XLU,200,2022-07-12,0.03,-0.006595687256057221,False,199,1
XLU,200,2022-09-09,0.07,-0.009799495048568339,False,199,1
XLU,200,2022-11-08,0.055,0.009977137125369469,False,199,5
XLU,200,2023-01-10,0.28,0.06807080436520327,False,199,4
XLU,200,2023-03-13,0.005,0.0007742316865685217,False,199,4
XLU,200,2023-05-11,0.0,0.0,False,199,4
XLU,200,2023-07-13,0.01,0.001644388098644124,False,199,4
XLU,200,2023-09-12,0.015,0.0032569223800203075,False,199,4
XLU,200,2023-11-09,0.02,0.005328098979711633,False,199,2
XLU,200,2024-01-11,0.035,0.008544539516935741,False,199,1
XLU,200,2024-03-13,0.015,0.0029125018502495557,False,199,1
XLU,200,2024-05-13,0.045,-0.007706320651159001,False,199,1
XLU,200,2024-07-15,0.03,-0.004976214911742294,False,199,1
XLU,200,2024-09-12,0.035,-0.00556367204723679,False,199,5
XLU,200,2024-11-11,0.01,-0.0014796925257985615,False,199,3
XLU,200,2025-01-14,0.005,0.0019762926647546534,False,199,4
XLU,200,2025-03-17,0.0,0.0,False,199,5
XLU,200,2025-05-15,0.0,0.0,False,199,4
XLU,200,2025-07-17,0.005,-0.0006521196231655378,False,199,5
XLU,200,2025-09-16,0.01,-0.0016994992646329672,False,199,5
XLU,200,2025-11-13,0.0,0.0,False,199,5
XLP,200,2000-04-27,0.005,-0.0006730488919194708,False,199,3
XLP,200,2000-06-27,0.01,0.001480271871990972,False,199,4
XLP,200,2000-08-25,0.015,0.0032986561443777763,False,199,2
XLP,200,2000-10-25,0.0,0.0,False,199,4
XLP,200,2000-12-26,0.02,0.0032856686395321016,False,199,3
XLP,200,2001-02-27,0.015,0.0031657064326542344,False,199,3
XLP,200,2001-04-27,0.03,0.005385228626143684,False,199,4
XLP,200,2001-06-27,0.005,0.0014736830964310313,False,199,4
XLP,200,2001-08-27,0.01,0.0027794162980902134,False,199,3
XLP,200,2001-10-31,0.03,-0.006069142875461662,False,199,4
XLP,200,2002-01-02,0.01,-0.0019055176936403507,False,199,4
XLP,200,2002-03-05,0.0,0.0,False,199,1
XLP,200,2002-05-03,0.015,0.002408548880375309,False,199,3
XLP,200,2002-07-03,0.015,0.002681941712551883,False,199,2
XLP,200,2002-09-03,0.005,0.0008054933135798103,False,199,4
XLP,200,2002-10-31,0.0,0.0,False,199,4
XLP,200,2003-01-02,0.025,-0.006897286942854531,False,199,4
XLP,200,2003-03-05,0.08,-0.02023492070421133,False,199,4
XLP,200,2003-05-05,0.09,-0.01665542463766123,False,199,3
XLP,200,2003-07-03,0.05,-0.012775199617698565,False,199,1
XLP,200,2003-09-03,0.015,0.0027366273702608803,False,199,1
XLP,200,2003-10-31,0.01,0.0011971723176285606,False,199,2
XLP,200,2004-01-02,0.0,0.0,False,199,3
XLP,200,2004-03-04,0.065,0.013544770258974685,False,199,4
XLP,200,2004-05-04,0.025,-0.0044004886699322,False,199,5
XLP,200,2004-07-06,0.015,-0.0026490466084048213,False,199,5
XLP,200,2004-09-02,0.0,0.0,False,199,1
XLP,200,2004-11-02,0.0,0.0,False,199,3
XLP,200,2005-01-03,0.0,0.0,False,199,3
XLP,200,2005-03-04,0.085,0.014027221790395778,False,199,4
XLP,200,2005-05-04,0.065,0.008867018699598477,False,199,4
XLP,200,2005-07-05,0.03,0.005007722031703538,False,199,2
XLP,200,2005-09-01,0.015,0.0020700820824662565,False,199,5
XLP,200,2005-11-01,0.005,-0.0005564598429575241,False,199,3
XLP,200,2006-01-03,0.0,0.0,False,199,4
XLP,200,2006-03-06,0.0,0.0,False,199,4
XLP,200,2006-05-04,0.0,0.0,False,199,3
XLP,200,2006-07-05,0.005,-0.0008651568534198964,False,199,1
XLP,200,2006-09-01,0.005,-0.0008194929415667022,False,199,3
XLP,200,2006-11-01,0.16,-0.03339286527008008,False,199,3
XLP,200,2007-01-04,0.165,-0.034180811852285824,False,199,5
XLP,200,2007-03-07,0.09,-0.014758504589251351,False,199,2
XLP,200,2007-05-07,0.16,-0.032740639496403344,False,199,3
XLP,200,2007-07-06,0.005,0.0007255582436316308,False,199,4
XLP,200,2007-09-05,0.01,0.0016342949191442365,False,199,5
XLP,200,2007-11-02,0.005,0.0016659523383140726,False,199,2
XLP,200,2008-01-04,0.37,0.08551637950745723,False,199,1
XLP,200,2008-03-06,0.695,0.17252486915726586,True,199,1
XLP,200,2008-05-06,0.21,0.05385466512059428,False,199,3
XLP,200,2008-07-07,0.04,0.0083095619759034,False,199,3
XLP,200,2008-09-04,0.005,0.0012785576805512777,False,199,4
XLP,200,2008-11-03,0.005,0.0004897154398048148,False,199,4
XLP,200,2009-01-05,0.01,0.0012845385138174508,False,199,5
XLP,200,2009-03-06,0.02,-0.003951851034537684,False,199,5
XLP,200,2009-05-06,0.015,-0.00335510823185376,False,199,5
XLP,200,2009-07-07,0.0,0.0,False,199,3
XLP,200,2009-09-03,0.0,0.0,False,199,5
XLP,200,2009-11-03,0.0,0.0,False,199,2
XLP,200,2010-01-05,0.025,0.00033367232924259556,False,199,3
XLP,200,2010-03-08,0.06,-0.010633866705319543,False,199,4
XLP,200,2010-05-06,0.295,-0.06689505696909755,False,199,1
XLP,200,2010-07-07,0.06,-0.013218308591278873,False,199,3
XLP,200,2010-09-03,0.015,-0.0028423071456841953,False,199,3
XLP,200,2010-11-03,0.015,0.0013427748082882845,False,199,2
XLP,200,2011-01-04,0.015,0.0011673444935476856,False,199,2
XLP,200,2011-03-07,0.055,0.021629577032770846,False,199,1
XLP,200,2011-05-05,0.005,-0.0008341110988348469,False,199,2
XLP,200,2011-07-06,0.035,0.0057841650436209705,False,199,1
XLP,200,2011-09-02,0.04,-0.010738319359379588,False,199,1
XLP,200,2011-11-02,0.03,-0.0022168115337617765,False,199,3
XLP,200,2012-01-04,0.01,0.0014886291839060258,False,199,2
XLP,200,2012-03-06,0.025,0.0007230977459238567,False,199,2
XLP,200,2012-05-04,0.025,-0.004275845705186155,False,199,5
XLP,200,2012-07-05,0.03,0.007808131949088719,False,199,4
XLP,200,2012-09-04,0.02,-0.0038534417305926146,False,199,3
XLP,200,2012-11-05,0.025,0.004495940387094575,False,199,3
XLP,200,2013-01-07,0.09,0.014390843953429721,False,199,4
XLP,200,2013-03-08,0.105,0.022467534411397927,False,199,3
XLP,200,2013-05-08,0.075,0.014946091095279938,False,199,5
XLP,200,2013-07-09,0.005,0.0007335933429545582,False,199,1
XLP,200,2013-09-06,0.005,0.0006858464240026058,False,199,1
XLP,200,2013-11-05,0.24,0.05348889867464486,False,199,2
XLP,200,2014-01-07,0.005,-0.0009201375727291164,False,199,3
XLP,200,2014-03-10,0.28,0.0630516589933492,False,199,3
XLP,200,2014-05-08,0.12,0.019646398725517072,False,199,2
XLP,200,2014-07-09,0.11,-0.01845242816571716,False,199,5
XLP,200,2014-09-08,0.095,-0.0382172724875386,False,199,5
XLP,200,2014-11-05,0.025,-0.0011722602371191224,False,199,3
XLP,200,2015-01-07,0.005,0.0018476488279921819,False,199,3
XLP,200,2015-03-10,0.005,0.0008812118160698592,False,199,3
XLP,200,2015-05-08,0.005,-0.0009189403604398523,False,199,3
XLP,200,2015-07-09,0.03,-0.005284180919800758,False,199,3
XLP,200,2015-09-08,0.01,-0.0017123756863885791,False,199,1
XLP,200,2015-11-05,0.005,-0.0009092131770274097,False,199,5
XLP,200,2016-01-07,0.055,-0.010062291700276598,False,199,1
XLP,200,2016-03-09,0.01,-0.0027443384881943255,False,199,4
XLP,200,2016-05-09,0.005,-0.0006827915321757067,False,199,4
XLP,200,2016-07-08,0.01,-0.001999641456821322,False,199,5
XLP,200,2016-09-07,0.005,0.0008657699998480971,False,199,2
XLP,200,2016-11-04,0.06,0.013903002312928786,False,199,3
XLP,200,2017-01-06,0.015,0.003521050424790558,False,199,4
XLP,200,2017-03-09,0.015,0.0011651362672949527,False,199,4
XLP,200,2017-05-09,0.015,0.002296286031926883,False,199,4
XLP,200,2017-07-10,0.045,0.008156303894672052,False,199,1
XLP,200,2017-09-07,0.05,0.0049926501724658545,False,199,1
XLP,200,2017-11-06,0.145,0.026195026438579943,False,199,1
XLP,200,2018-01-08,0.11,0.01831449984600883,False,199,1
XLP,200,2018-03-09,0.0,0.0,False,199,4
XLP,200,2018-05-09,0.05,0.008548120094016547,False,199,4
XLP,200,2018-07-10,0.025,-0.0011920595167237077,False,199,3
XLP,200,2018-09-07,0.04,0.0068943347530199305,False,199,3
XLP,200,2018-11-06,0.04,0.006484347136260244,False,199,2
XLP,200,2019-01-09,0.01,-0.001972104161186907,False,199,4
XLP,200,2019-03-12,0.0,0.0,False,199,1
XLP,200,2019-05-10,0.055,-0.021635936358574734,False,199,5
XLP,200,2019-07-11,0.13,-0.020884047465716735,False,199,1
XLP,200,2019-09-10,0.125,-0.019458532949146744,False,199,2
XLP,200,2019-11-07,0.15,-0.02627537959759736,False,199,2
XLP,200,2020-01-09,0.005,-0.0009602915371378479,False,199,1
XLP,200,2020-03-11,0.045,-0.008267836802754067,False,199,3
XLP,200,2020-05-11,0.015,0.0025087182000998777,False,199,5
XLP,200,2020-07-10,0.005,-0.00026844272746291784,False,199,5
XLP,200,2020-09-09,0.0,0.0,False,199,5
XLP,200,2020-11-06,0.01,0.00017412662518750656,False,199,4
XLP,200,2021-01-08,0.055,-0.012918582107497776,False,199,5
XLP,200,2021-03-11,0.07,-0.010683845442491196,False,199,2
XLP,200,2021-05-11,0.28,-0.07012494972264884,False,199,2
XLP,200,2021-07-12,0.0,0.0,False,199,2
XLP,200,2021-09-09,0.025,0.004299703744701669,False,199,2
XLP,200,2021-11-08,0.105,0.017529191204249967,False,199,1
XLP,200,2022-01-07,0.07,0.013528443955665779,False,199,4
XLP,200,2022-03-10,0.05,0.00822790766968101,False,199,5
XLP,200,2022-05-10,0.055,0.008858530351798477,False,199,1
XLP,200,2022-07-12,0.01,0.003225813529512289,False,199,4
XLP,200,2022-09-09,0.0,0.0,False,199,4
XLP,200,2022-11-08,0.04,0.007382227812888689,False,199,5
XLP,200,2023-01-10,0.04,0.008652304565267097,False,199,4
XLP,200,2023-03-13,0.145,0.02912091935915922,False,199,1
XLP,200,2023-05-11,0.135,0.030662986130673853,False,199,3
XLP,200,2023-07-13,0.07,-0.013484948233275326,False,199,1
XLP,200,2023-09-12,0.0,0.0,False,199,4
XLP,200,2023-11-09,0.005,0.0010371179080269214,False,199,3
XLP,200,2024-01-11,0.01,-0.00156974008763121,False,199,2
XLP,200,2024-03-13,0.025,0.004734409526241983,False,199,1
XLP,200,2024-05-13,0.05,0.01093213069974196,False,199,5
XLP,200,2024-07-15,0.005,0.0017035435948129707,False,199,5
XLP,200,2024-09-12,0.055,0.011583090916563444,False,199,2
XLP,200,2024-11-11,0.02,0.0034129925284034795,False,199,5
XLP,200,2025-01-14,0.005,0.0020968231610727934,False,199,5
XLP,200,2025-03-17,0.01,0.0021813903807849115,False,199,5
XLP,200,2025-05-15,0.025,0.006718156339714609,False,199,4
XLP,200,2025-07-17,0.01,0.001764118511630683,False,199,2
XLP,200,2025-09-16,0.0,0.0,False,199,2
XLP,200,2025-11-13,0.0,0.0,False,199,3
XLY,200,2000-04-27,0.045,-0.0082978135610357,False,199,4
XLY,200,2000-06-27,0.015,0.0012645975131535519,False,199,5
XLY,200,2000-08-25,0.025,-0.002426790566869865,False,199,1
XLY,200,2000-10-25,0.065,0.005516222871953815,False,199,1
XLY,200,2000-12-26,0.035,0.007171710868562009,False,199,5
XLY,200,2001-02-27,0.05,-0.006257747424432792,False,199,4
XLY,200,2001-04-27,0.02,-0.0029840126812308676,False,199,1
XLY,200,2001-06-27,0.27,0.06519251937601958,False,199,3
XLY,200,2001-08-27,0.02,0.005687559343599085,False,199,2
XLY,200,2001-10-31,0.27,0.06268676587774538,False,199,3
XLY,200,2002-01-02,0.195,0.04835420322010843,False,199,4
XLY,200,2002-03-05,0.21,0.05390492590188945,False,199,4
XLY,200,2002-05-03,0.185,0.048080876150053894,False,199,4
XLY,200,2002-07-03,0.07,-0.014889703446007516,False,199,2
XLY,200,2002-09-03,0.02,-0.0034348555366533863,False,199,5
XLY,200,2002-10-31,0.0,0.0,False,199,3
XLY,200,2003-01-02,0.0,0.0,False,199,4
XLY,200,2003-03-05,0.0,0.0,False,199,3
XLY,200,2003-05-05,0.0,0.0,False,199,4
XLY,200,2003-07-03,0.075,-0.011485796149035488,False,199,2
XLY,200,2003-09-03,0.045,-0.009791117636972308,False,199,5
XLY,200,2003-10-31,0.025,-0.004294682131267166,False,199,2
XLY,200,2004-01-02,0.01,0.0014106303633976177,False,199,1
XLY,200,2004-03-04,0.005,0.000798384439852076,False,199,4
XLY,200,2004-05-04,0.005,-0.0008532117934168959,False,199,4
XLY,200,2004-07-06,0.19,0.0650423392674178,False,199,1
XLY,200,2004-09-02,0.025,0.004072836815879022,False,199,2
XLY,200,2004-11-02,0.005,0.0011235132859156323,False,199,1
XLY,200,2005-01-03,0.005,0.001423472207819481,False,199,1
XLY,200,2005-03-04,0.035,0.006109151422774342,False,199,5
XLY,200,2005-05-04,0.005,-0.000942100550271014,False,199,5
XLY,200,2005-07-05,0.025,-0.0032240140175046673,False,199,2
XLY,200,2005-09-01,0.02,-0.0017558991609353718,False,199,1
XLY,200,2005-11-01,0.065,-0.010764102977558239,False,199,1
XLY,200,2006-01-03,0.01,-0.0021780436134773624,False,199,2
XLY,200,2006-03-06,0.0,0.0,False,199,5
XLY,200,2006-05-04,0.0,0.0,False,199,1
XLY,200,2006-07-05,0.0,0.0,False,199,1
XLY,200,2006-09-01,0.0,0.0,False,199,4
XLY,200,2006-11-01,0.03,-0.006010965783066119,False,199,1
XLY,200,2007-01-04,0.06,-0.012703865365399391,False,199,4
XLY,200,2007-03-07,0.015,0.0021396415053185625,False,199,4
XLY,200,2007-05-07,0.005,0.000991338368905371,False,199,2
XLY,200,2007-07-06,0.005,0.000919861418510946,False,199,2
XLY,200,2007-09-05,0.015,-0.0024395159138256716,False,199,3
XLY,200,2007-11-02,0.11,-0.023209480135359874,False,199,3
XLY,200,2008-01-04,0.215,-0.04604850181720013,False,199,5
XLY,200,2008-03-06,0.11,-0.022634156671836672,False,199,3
XLY,200,2008-05-06,0.05,-0.009204307903871669,False,199,3
XLY,200,2008-07-07,0.105,-0.017315092552247755,False,199,3
XLY,200,2008-09-04,0.015,-0.002339384031183595,False,199,2
XLY,200,2008-11-03,0.05,-0.008390406504487653,False,199,1
XLY,200,2009-01-05,0.005,-0.00040233175090286064,False,199,1
XLY,200,2009-03-06,0.0,0.0,False,199,5
XLY,200,2009-05-06,0.03,-0.004850696212955882,False,199,5
XLY,200,2009-07-07,0.03,0.005826141854433218,False,199,1
XLY,200,2009-09-03,0.055,0.012342773468775539,False,199,2
XLY,200,2009-11-03,0.02,0.004865624969243864,False,199,1
XLY,200,2010-01-05,0.005,0.0011352716749549513,False,199,3
XLY,200,2010-03-08,0.005,-0.0008050492039145085,False,199,2
XLY,200,2010-05-06,0.005,-0.0009620326291983645,False,199,3
XLY,200,2010-07-07,0.0,0.0,False,199,2
XLY,200,2010-09-03,0.015,-0.0033303139078145944,False,199,2
XLY,200,2010-11-03,0.005,-0.001335158606558246,False,199,4
XLY,200,2011-01-04,0.0,0.0,False,199,5
XLY,200,2011-03-07,0.01,-0.0020899487930103483,False,199,5
XLY,200,2011-05-05,0.0,0.0,False,199,5
XLY,200,2011-07-06,0.0,0.0,False,199,4
XLY,200,2011-09-02,0.01,0.0017279257079192173,False,199,1
XLY,200,2011-11-02,0.025,0.002980620291921001,False,199,1
XLY,200,2012-01-04,0.005,-0.0008434017269750505,False,199,1
XLY,200,2012-03-06,0.005,0.0008561112375920267,False,199,1
XLY,200,2012-05-04,0.01,0.0020245383446234775,False,199,1
XLY,200,2012-07-05,0.03,0.00507693401277044,False,199,1
XLY,200,2012-09-04,0.09,0.019333753597752003,False,199,4
XLY,200,2012-11-05,0.095,0.020664680297079824,False,199,5
XLY,200,2013-01-07,0.045,0.009314345270989953,False,199,5
XLY,200,2013-03-08,0.005,0.000754476442013561,False,199,2
XLY,200,2013-05-08,0.0,0.0,False,199,2
XLY,200,2013-07-09,0.005,0.0007802542526429987,False,199,3
XLY,200,2013-09-06,0.135,0.026036631910165264,False,199,2
XLY,200,2013-11-05,0.205,0.04503529695097155,False,199,2
XLY,200,2014-01-07,0.085,0.02116501978327717,False,199,1
XLY,200,2014-03-10,0.01,0.0005688349901953318,False,199,1
XLY,200,2014-05-08,0.015,-0.002264743382919599,False,199,2
XLY,200,2014-07-09,0.02,-0.0038235338997649783,False,199,5
XLY,200,2014-09-08,0.01,-0.0020991363575915416,False,199,4
XLY,200,2014-11-05,0.0,0.0,False,199,5
XLY,200,2015-01-07,0.0,0.0,False,199,1
XLY,200,2015-03-10,0.01,0.0016582004874006494,False,199,2
XLY,200,2015-05-08,0.01,0.0015547826773563485,False,199,2
XLY,200,2015-07-09,0.005,0.0006588545984506125,False,199,4
XLY,200,2015-09-08,0.015,0.002553201489748743,False,199,1
XLY,200,2015-11-05,0.01,0.0017822688909959223,False,199,5
XLY,200,2016-01-07,0.0,0.0,False,199,3
XLY,200,2016-03-09,0.0,0.0,False,199,4
XLY,200,2016-05-09,0.0,0.0,False,199,5
XLY,200,2016-07-08,0.005,0.001061515143593202,False,199,3
XLY,200,2016-09-07,0.015,0.002802637938168331,False,199,3
XLY,200,2016-11-04,0.025,0.004963217274052781,False,199,5
XLY,200,2017-01-06,0.02,0.0037797822466439633,False,199,5
XLY,200,2017-03-09,0.035,0.006579048623714117,False,199,3
XLY,200,2017-05-09,0.0,0.0,False,199,5
XLY,200,2017-07-10,0.0,0.0,False,199,3
XLY,200,2017-09-07,0.0,0.0,False,199,3
XLY,200,2017-11-06,0.01,-0.0016992704416396139,False,199,4
XLY,200,2018-01-08,0.0,0.0,False,199,2
XLY,200,2018-03-09,0.06,-0.011414836957204275,False,199,5
XLY,200,2018-05-09,0.12,-0.024391230946615695,False,199,2
XLY,200,2018-07-10,0.205,-0.04078693171382785,False,199,2
XLY,200,2018-09-07,0.15,-0.0305458911374926,False,199,5
XLY,200,2018-11-06,0.01,-0.0015563436704610011,False,199,5
XLY,200,2019-01-09,0.005,0.0007758528056109079,False,199,4
XLY,200,2019-03-12,0.005,-0.0006417013611139765,False,199,5
XLY,200,2019-05-10,0.0,0.0,False,199,2
XLY,200,2019-07-11,0.0,0.0,False,199,4
XLY,200,2019-09-10,0.0,0.0,False,199,4
XLY,200,2019-11-07,0.0,0.0,False,199,5
XLY,200,2020-01-09,0.02,-0.004156773123546354,False,199,5
XLY,200,2020-03-11,0.075,-0.0027220738639547664,False,199,1
XLY,200,2020-05-11,0.005,-0.0024050558585604867,False,199,5
XLY,200,2020-07-10,0.035,-0.0056178175947944045,False,199,1
XLY,200,2020-09-09,0.125,-0.02693672205390122,False,199,2
XLY,200,2020-11-06,0.045,-0.011816008355473806,False,199,2
XLY,200,2021-01-08,0.005,-0.0009239318246288994,False,199,1
XLY,200,2021-03-11,0.12,-0.019904784714029067,False,199,1
XLY,200,2021-05-11,0.015,-0.0024633303203495417,False,199,1
XLY,200,2021-07-12,0.145,-0.023769533077460415,False,199,1
XLY,200,2021-09-09,0.025,-0.004777381198858147,False,199,1
XLY,200,2021-11-08,0.0,0.0,False,199,2
XLY,200,2022-01-07,0.005,0.0007308519003919442,False,199,4
XLY,200,2022-03-10,0.03,0.004811457426956614,False,199,5
XLY,200,2022-05-10,0.075,0.012103060155197323,False,199,4
XLY,200,2022-07-12,0.02,0.003354728824337178,False,199,1
XLY,200,2022-09-09,0.03,0.006060439708296443,False,199,3
XLY,200,2022-11-08,0.045,0.00992590631920896,False,199,1
XLY,200,2023-01-10,0.01,-0.0003421855556577842,False,199,1
XLY,200,2023-03-13,0.035,-0.0021291342623068472,False,199,2
XLY,200,2023-05-11,0.055,-0.012816430681068271,False,199,5
XLY,200,2023-07-13,0.075,-0.015358364865107272,False,199,5
XLY,200,2023-09-12,0.0,0.0,False,199,5
XLY,200,2023-11-09,0.01,-0.0016964226628838858,False,199,1
XLY,200,2024-01-11,0.0,0.0,False,199,5
XLY,200,2024-03-13,0.005,-0.001284948458639014,False,199,5
XLY,200,2024-05-13,0.015,-0.003467687437763983,False,199,2
XLY,200,2024-07-15,0.005,-0.001141796596474676,False,199,2
XLY,200,2024-09-12,0.005,0.0007402611137378354,False,199,2
XLY,200,2024-11-11,0.0,0.0,False,199,2
XLY,200,2025-01-14,0.005,0.000603842134701169,False,199,4
XLY,200,2025-03-17,0.005,0.0007471636024139625,False,199,4
XLY,200,2025-05-15,0.04,-0.006765733130291957,False,199,4
XLY,200,2025-07-17,0.03,-0.005017769377720307,False,199,4
XLY,200,2025-09-16,0.035,-0.0025132773175643667,False,199,4
XLY,200,2025-11-13,0.055,-0.005619808586846401,False,199,4
SPY,200,1999-05-10,0.02,0.004061690437705831,False,199,3
SPY,200,1999-07-09,0.03,0.005834429662853658,False,199,1
SPY,200,1999-09-08,0.005,0.0009987534588161004,False,199,1
SPY,200,1999-11-05,0.005,-0.0009087444332036323,False,199,4
SPY,200,2000-01-06,0.0,0.0,False,199,3
SPY,200,2000-03-08,0.01,0.00010658828478906743,False,199,5
SPY,200,2000-05-08,0.02,-0.0032554299199823735,False,199,5
SPY,200,2000-07-07,0.0,0.0,False,199,5
SPY,200,2000-09-06,0.095,-0.02529015057341659,False,199,5
SPY,200,2000-11-03,0.005,-0.0006512255248968513,False,199,5
SPY,200,2001-01-05,0.005,0.001035380175570693,False,199,4
SPY,200,2001-03-08,0.04,-0.008576280380375221,False,199,3
SPY,200,2001-05-08,0.005,-0.0007640043825857758,False,199,4
SPY,200,2001-07-09,0.035,-0.007890130436004068,False,199,3
SPY,200,2001-09-06,0.04,-0.0070873503913847224,False,199,4
SPY,200,2001-11-09,0.03,-0.0062724638058216774,False,199,4
SPY,200,2002-01-11,0.155,-0.03352502013879839,False,199,4
SPY,200,2002-03-14,0.28,-0.05668954308942599,False,199,2
SPY,200,2002-05-14,0.295,-0.06331920768661913,False,199,2
SPY,200,2002-07-15,0.405,-0.07371015747195753,False,199,1
SPY,200,2002-09-12,0.095,-0.015033177121978585,False,199,4
SPY,200,2002-11-11,0.0,0.0,False,199,4
SPY,200,2003-01-13,0.015,0.004212367285533868,False,199,5
SPY,200,2003-03-14,0.005,0.002279845723315798,False,199,5
SPY,200,2003-05-14,0.025,-0.003910796699802611,False,199,2
SPY,200,2003-07-15,0.06,-0.009710910085373229,False,199,3
SPY,200,2003-09-12,0.095,-0.018849540483507822,False,199,3
SPY,200,2003-11-11,0.015,-0.0010975867394537285,False,199,4
SPY,200,2004-01-13,0.005,-0.0009442338820001905,False,199,2
SPY,200,2004-03-15,0.085,0.014265203039535905,False,199,4
SPY,200,2004-05-13,0.08,0.016731089682031484,False,199,2
SPY,200,2004-07-15,0.04,0.008021080454385422,False,199,4
SPY,200,2004-09-14,0.005,0.0010247519594736444,False,199,4
SPY,200,2004-11-11,0.0,0.0,False,199,2
SPY,200,2005-01-12,0.0,0.0,False,199,2
SPY,200,2005-03-15,0.005,-0.0008016125985136033,False,199,2
SPY,200,2005-05-13,0.0,0.0,False,199,4
SPY,200,2005-07-14,0.0,0.0,False,199,5
SPY,200,2005-09-13,0.005,0.0008961737653571751,False,199,5
SPY,200,2005-11-10,0.015,0.0028991663673425504,False,199,4
SPY,200,2006-01-12,0.0,0.0,False,199,5
SPY,200,2006-03-15,0.02,-0.003327225226879895,False,199,3
SPY,200,2006-05-15,0.005,0.0017216540465518346,False,199,2
SPY,200,2006-07-14,0.01,-3.856912614367727e-05,False,199,5
SPY,200,2006-09-13,0.01,-0.0015068136875590731,False,199,5
SPY,200,2006-11-10,0.02,0.0028282426897134295,False,199,1
SPY,200,2007-01-16,0.095,0.018259816566017717,False,199,1
SPY,200,2007-03-16,0.155,0.02653863445152684,False,199,3
SPY,200,2007-05-16,0.0,0.0,False,199,4
SPY,200,2007-07-17,0.0,0.0,False,199,5
SPY,200,2007-09-14,0.02,-0.004005424082426108,False,199,5
SPY,200,2007-11-13,0.09,-0.01715486164074481,False,199,3
SPY,200,2008-01-15,0.055,-0.009079987632572267,False,199,4
SPY,200,2008-03-17,0.005,0.0013382526316242974,False,199,1
SPY,200,2008-05-15,0.025,0.004223613056291099,False,199,1
SPY,200,2008-07-16,0.115,0.02707943949233977,False,199,3
SPY,200,2008-09-15,0.18,0.03991795410977186,False,199,5
SPY,200,2008-11-12,0.05,-0.006786855384550623,False,199,5
SPY,200,2009-01-14,0.02,0.004364264458615359,False,199,5
SPY,200,2009-03-17,0.0,0.0,False,199,4
SPY,200,2009-05-15,0.015,-0.002762629451817037,False,199,5
SPY,200,2009-07-16,0.035,-0.004852514066937317,False,199,4
SPY,200,2009-09-15,0.045,-0.011100355481763989,False,199,5
SPY,200,2009-11-12,0.04,-0.00794999396085046,False,199,5
SPY,200,2010-01-14,0.0,0.0,False,199,5
SPY,200,2010-03-17,0.065,0.01255867237847775,False,199,4
SPY,200,2010-05-17,0.03,0.0062932134548574796,False,199,4
SPY,200,2010-07-16,0.0,0.0,False,199,4
SPY,200,2010-09-15,0.01,-0.0020861100426046732,False,199,1
SPY,200,2010-11-12,0.035,-0.00729624535978533,False,199,1
SPY,200,2011-01-13,0.05,-0.010112849174118562,False,199,4
SPY,200,2011-03-16,0.035,-0.00628893913193676,False,199,4
SPY,200,2011-05-16,0.03,-0.006720356302569757,False,199,2
SPY,200,2011-07-15,0.0,0.0,False,199,1
SPY,200,2011-09-14,0.01,-0.0024148357486962566,False,199,4
SPY,200,2011-11-11,0.07,-0.016801336337004785,False,199,5
SPY,200,2012-01-13,0.005,0.0009088286351558622,False,199,4
SPY,200,2012-03-15,0.035,-0.001453609414359917,False,199,4
SPY,200,2012-05-15,0.045,0.006459011148009179,False,199,4
SPY,200,2012-07-16,0.075,0.014288338362930008,False,199,4
SPY,200,2012-09-13,0.01,0.0014908323961667536,False,199,3
SPY,200,2012-11-14,0.015,0.0026436717643022823,False,199,5
SPY,200,2013-01-16,0.01,0.001843006027106484,False,199,5
SPY,200,2013-03-19,0.01,0.0020451245919364315,False,199,5
SPY,200,2013-05-17,0.025,-0.004893242079788869,False,199,5
SPY,200,2013-07-18,0.01,-0.0018194372406768289,False,199,2
SPY,200,2013-09-17,0.01,-0.002045553345986671,False,199,2
SPY,200,2013-11-14,0.015,0.002797864987975674,False,200,1
SPY,200,2014-01-16,0.03,0.006875209425204079,False,199,5
SPY,200,2014-03-19,0.005,0.0014606909159794986,False,199,4
SPY,200,2014-05-19,0.045,0.008696799534404255,False,199,4
SPY,200,2014-07-18,0.005,0.0009335139032020227,False,199,4
SPY,200,2014-09-17,0.005,0.0007334433371536705,False,199,3
SPY,200,2014-11-14,0.0,0.0,False,199,4
SPY,200,2015-01-16,0.0,0.0,False,199,1
SPY,200,2015-03-19,0.0,0.0,False,199,1
SPY,200,2015-05-19,0.0,0.0,False,199,1
SPY,200,2015-07-20,0.0,0.0,False,199,2
SPY,200,2015-09-17,0.06,0.011608516795532738,False,199,4
SPY,200,2015-11-16,0.025,0.008634617810331847,False,199,5
SPY,200,2016-01-19,0.015,0.006516134320288361,False,199,5
SPY,200,2016-03-18,0.0,0.0,False,199,5
SPY,200,2016-05-18,0.0,0.0,False,199,5
SPY,200,2016-07-19,0.005,0.0007079301680827345,False,199,5
SPY,200,2016-09-16,0.005,-0.0005514009100352012,False,199,2
SPY,200,2016-11-15,0.015,0.003543106519693328,False,199,1
SPY,200,2017-01-18,0.02,0.004072780052807882,False,199,1
SPY,200,2017-03-20,0.0,0.0,False,199,4
SPY,200,2017-05-18,0.0,0.0,False,199,2
SPY,200,2017-07-19,0.015,-0.002086336745748114,False,199,4
SPY,200,2017-09-18,0.0,0.0,False,199,1
SPY,200,2017-11-15,0.005,-0.0007856132127709177,False,199,5
SPY,200,2018-01-18,0.0,0.0,False,199,2
SPY,200,2018-03-20,0.0,0.0,False,199,5
SPY,200,2018-05-18,0.07,0.01751587238521711,False,199,5
SPY,200,2018-07-19,0.075,0.021605974213153065,False,199,4
SPY,200,2018-09-18,0.08,0.020155971148492505,False,199,4
SPY,200,2018-11-15,0.085,0.01788254538321219,False,199,5
SPY,200,2019-01-18,0.015,0.0027202226681562074,False,199,5
SPY,200,2019-03-21,0.02,0.004140344773499575,False,199,4
SPY,200,2019-05-21,0.015,0.0025725122307735126,False,199,5
SPY,200,2019-07-22,0.105,0.02276447938150927,False,199,5
SPY,200,2019-09-19,0.05,0.009688922394844895,False,199,2
SPY,200,2019-11-18,0.105,0.02344405160302809,False,199,2
SPY,200,2020-01-21,0.065,0.011994317549186492,False,199,2
SPY,200,2020-03-20,0.2,-0.011559302218521018,False,199,3
SPY,200,2020-05-20,0.005,-0.00033096823207045303,False,199,4
SPY,200,2020-07-21,0.005,-0.00024482706820101144,False,199,5
SPY,200,2020-09-18,0.0,0.0,False,199,4
SPY,200,2020-11-17,0.01,-0.0009172203913680607,False,199,4
SPY,200,2021-01-20,0.01,-0.0016409753529645803,False,199,1
SPY,200,2021-03-22,0.0,0.0,False,199,3
SPY,200,2021-05-20,0.0,0.0,False,199,3
SPY,200,2021-07-21,0.01,0.0022060805765829116,False,199,5
SPY,200,2021-09-20,0.0,0.0,False,199,4
SPY,200,2021-11-17,0.005,0.0009893844813840564,False,199,1
SPY,200,2022-01-19,0.0,0.0,False,199,1
SPY,200,2022-03-21,0.0,0.0,False,199,1
SPY,200,2022-05-19,0.01,-0.0018233961898514578,False,199,4
SPY,200,2022-07-21,0.04,-0.007842297610748044,False,199,2
SPY,200,2022-09-20,0.015,-0.0027761388107066525,False,199,4
SPY,200,2022-11-17,0.035,-0.00774680413505773,False,199,5
SPY,200,2023-01-20,0.005,-0.0013336104571734704,False,199,2
SPY,200,2023-03-22,0.0,0.0,False,199,5
SPY,200,2023-05-22,0.01,-0.001317366002859989,False,199,4
SPY,200,2023-07-24,0.005,-0.0007595279529012636,False,199,3
SPY,200,2023-09-21,0.045,-0.00791967366037066,False,199,1
SPY,200,2023-11-20,0.005,-0.0008301186024420331,False,199,2
SPY,200,2024-01-23,0.045,0.01208878520974993,False,199,2
SPY,200,2024-03-22,0.05,0.011330948043790638,False,199,4
SPY,200,2024-05-22,0.015,0.002733853369602851,False,199,4
SPY,200,2024-07-24,0.01,0.001436888144713787,False,199,2
SPY,200,2024-09-23,0.02,-0.004957662100531591,False,199,3
SPY,200,2024-11-20,0.0,0.0,False,199,2
SPY,200,2025-01-24,0.005,0.0005782807658372675,False,199,3
SPY,200,2025-03-26,0.02,-0.0049208785860920925,False,199,2
SPY,200,2025-05-27,0.115,-0.020553356460434505,False,199,2
SPY,200,2025-07-28,0.05,-0.007900509729388067,False,199,2
SPY,200,2025-09-25,0.12,-0.023586474971164496,False,199,2
SPY,200,2025-11-24,0.065,-0.005192845149849241,False,199,2
QQQ,200,2000-07-12,0.075,0.011611417936337862,False,199,4
QQQ,200,2000-09-11,0.05,0.006474805668910385,False,199,2
QQQ,200,2000-11-08,0.23,0.045156784742059156,False,199,2
QQQ,200,2001-01-10,0.365,0.06518514202429032,False,199,5
QQQ,200,2001-03-13,0.05,0.008888761369788663,False,199,3
QQQ,200,2001-05-11,0.17,0.03180782253963133,False,199,3
QQQ,200,2001-07-12,0.015,-0.0034047663380202178,False,199,1
QQQ,200,2001-09-17,0.01,0.002610244200733464,False,199,4
QQQ,200,2001-11-14,0.09,0.019643691497922566,False,199,2
QQQ,200,2002-01-16,0.02,0.0038032136032434406,False,199,1
QQQ,200,2002-03-19,0.005,-0.0007783376469358904,False,199,2
QQQ,200,2002-05-17,0.01,-0.002522155719785208,False,199,1
QQQ,200,2002-07-18,0.15,-0.029083551508800737,False,199,3
QQQ,200,2002-09-17,0.195,-0.03735506490700336,False,199,4
QQQ,200,2002-11-14,0.135,-0.020255433867671632,False,199,2
QQQ,200,2003-01-16,0.075,-0.011485422410488985,False,199,4
QQQ,200,2003-03-19,0.005,0.0008952446181895807,False,199,5
QQQ,200,2003-05-19,0.01,0.0023737796389453943,False,199,5
QQQ,200,2003-07-18,0.005,-0.0009165157083266312,False,199,2
QQQ,200,2003-09-17,0.03,-0.004799544797794567,False,199,2
QQQ,200,2003-11-14,0.05,-0.010305811265410287,False,199,1
QQQ,200,2004-01-16,0.025,-0.005038410876504167,False,199,5
QQQ,200,2004-03-18,0.0,0.0,False,199,5
QQQ,200,2004-05-18,0.02,0.004011069319155742,False,199,5
QQQ,200,2004-07-20,0.04,0.004531588982745498,False,199,5
QQQ,200,2004-09-17,0.025,0.005118565898038827,False,199,3
QQQ,200,2004-11-16,0.02,0.004604616184376608,False,199,5
QQQ,200,2005-01-18,0.0,0.0,False,199,5
QQQ,200,2005-03-18,0.015,-0.0025442375431171836,False,199,4
QQQ,200,2005-05-18,0.095,-0.017266367901470497,False,199,5
QQQ,200,2005-07-19,0.15,-0.027996040220122493,False,199,4
QQQ,200,2005-09-16,0.095,-0.019275268618934863,False,199,5
QQQ,200,2005-11-15,0.035,-0.00682355803740903,False,199,4
QQQ,200,2006-01-18,0.015,-0.0024137542625818228,False,199,1
QQQ,200,2006-03-20,0.01,-9.715636791280332e-05,False,199,1
QQQ,200,2006-05-18,0.0,0.0,False,199,4
QQQ,200,2006-07-19,0.065,-0.014021193036790556,False,199,1
QQQ,200,2006-09-18,0.17,-0.0383160383755385,False,199,1
QQQ,200,2006-11-15,0.175,-0.04166483814424933,False,199,1
QQQ,200,2007-01-19,0.135,-0.033201308770073996,False,199,5
QQQ,200,2007-03-21,0.01,-0.002113632854644647,False,199,5
QQQ,200,2007-05-21,0.0,0.0,False,199,4
QQQ,200,2007-07-20,0.0,0.0,False,199,4
QQQ,200,2007-09-19,0.0,0.0,False,199,3
QQQ,200,2007-11-16,0.0,0.0,False,199,5
QQQ,200,2008-01-18,0.0,0.0,False,199,2
QQQ,200,2008-03-20,0.0,0.0,False,199,4
QQQ,200,2008-05-20,0.0,0.0,False,199,4
QQQ,200,2008-07-21,0.0,0.0,False,199,4
QQQ,200,2008-09-18,0.0,0.0,False,199,1
QQQ,200,2008-11-17,0.03,-0.005021481591608935,False,199,4
QQQ,200,2009-01-20,0.0,0.0,False,199,4
QQQ,200,2009-03-20,0.085,-0.016242324142059228,False,199,3
QQQ,200,2009-05-20,0.03,-0.007002083189399646,False,199,4
QQQ,200,2009-07-21,0.0,0.0,False,199,5
QQQ,200,2009-09-18,0.005,-0.0012511801124201118,False,199,2
QQQ,200,2009-11-17,0.0,0.0,False,199,1
QQQ,200,2010-01-20,0.01,-0.00010045707769316847,False,199,1
QQQ,200,2010-03-22,0.01,0.0017101890269892244,False,199,4
QQQ,200,2010-05-20,0.02,0.0030246978984747835,False,199,1
QQQ,200,2010-07-21,0.0,0.0,False,199,1
QQQ,200,2010-09-20,0.0,0.0,False,199,1
QQQ,200,2010-11-17,0.005,-0.001084504291918911,False,199,5
QQQ,200,2011-01-19,0.055,0.006834248131934867,False,199,4
QQQ,200,2011-03-21,0.175,-0.036904755359274205,False,199,5
QQQ,200,2011-05-19,0.065,-0.016032075519538634,False,199,4
QQQ,200,2011-07-20,0.03,-0.007069741963564935,False,199,4
QQQ,200,2011-09-19,0.015,-0.002590665333726961,False,199,4
QQQ,200,2011-11-16,0.0,0.0,False,199,2
QQQ,200,2012-01-19,0.005,0.0009986452317361349,False,199,2
QQQ,200,2012-03-20,0.0,0.0,False,199,2
QQQ,200,2012-05-18,0.01,0.0012840504839590466,False,199,1
QQQ,200,2012-07-19,0.0,0.0,False,199,2
QQQ,200,2012-09-18,0.0,0.0,False,199,3
QQQ,200,2012-11-19,0.01,-0.001928400399107505,False,199,2
QQQ,200,2013-01-22,0.02,-0.003212777073365589,False,199,1
QQQ,200,2013-03-22,0.05,-0.009290663335921226,False,199,4
QQQ,200,2013-05-22,0.135,-0.029163778063272243,False,199,5
QQQ,200,2013-07-23,0.09,-0.01614253806614467,False,199,5
QQQ,200,2013-09-20,0.04,-0.006499834202572494,False,199,2
QQQ,200,2013-11-19,0.0,0.0,False,200,3
QQQ,200,2014-01-22,0.11,0.020054128126023144,False,199,2
QQQ,200,2014-03-24,0.1,0.018289132720510134,False,199,5
QQQ,200,2014-05-22,0.09,0.016108656061654313,False,199,5
QQQ,200,2014-07-23,0.17,0.03184971680007396,False,199,1
QQQ,200,2014-09-22,0.09,0.018225290745409763,False,199,4
QQQ,200,2014-11-19,0.02,0.0029429099671175974,False,199,1
QQQ,200,2015-01-22,0.01,0.0015845913122316472,False,199,2
QQQ,200,2015-03-24,0.0,0.0,False,199,3
QQQ,200,2015-05-22,0.01,-0.0013025845265130487,False,199,1
QQQ,200,2015-07-23,0.015,0.0025447872399621757,False,199,1
QQQ,200,2015-09-22,0.005,-0.001076798601845565,False,199,2
QQQ,200,2015-11-19,0.005,-0.0010054688532151524,False,199,5
QQQ,200,2016-01-22,0.01,0.0012450161069139818,False,199,2
QQQ,200,2016-03-23,0.005,-0.0010252491053179189,False,199,3
QQQ,200,2016-05-23,0.005,-0.0009433866643828691,False,199,5
QQQ,200,2016-07-22,0.005,0.0007738460871037336,False,199,4
QQQ,200,2016-09-21,0.0,0.0,False,199,3
QQQ,200,2016-11-18,0.005,0.0008482275956226478,False,199,2
QQQ,200,2017-01-23,0.0,0.0,False,199,5
QQQ,200,2017-03-23,0.0,0.0,False,199,4
QQQ,200,2017-05-23,0.0,0.0,False,199,4
QQQ,200,2017-07-24,0.0,0.0,False,199,3
QQQ,200,2017-09-21,0.0,0.0,False,199,5
QQQ,200,2017-11-20,0.0,0.0,False,199,3
QQQ,200,2018-01-23,0.0,0.0,False,199,5
QQQ,200,2018-03-23,0.0,0.0,False,199,5
QQQ,200,2018-05-23,0.2,0.05076637056701214,False,199,1
QQQ,200,2018-07-24,0.0,0.0,False,199,1
QQQ,200,2018-09-21,0.11,0.02251894497109594,False,199,1
QQQ,200,2018-11-20,0.23,0.04583082531083681,False,199,2
QQQ,200,2019-01-24,0.01,0.0027932828497766638,False,199,2
QQQ,200,2019-03-26,0.02,0.007796737081061163,False,199,1
QQQ,200,2019-05-24,0.03,0.008989089912033349,False,199,1
QQQ,200,2019-07-25,0.03,0.007557549376444635,False,199,1
QQQ,200,2019-09-24,0.0,0.0,False,199,5
QQQ,200,2019-11-21,0.005,-0.0010251212495106241,False,199,2
QQQ,200,2020-01-24,0.0,0.0,False,199,1
QQQ,200,2020-03-25,0.0,0.0,False,199,5
QQQ,200,2020-05-26,0.0,0.0,False,199,5
QQQ,200,2020-07-24,0.0,0.0,False,199,5
QQQ,200,2020-09-23,0.025,-0.0036265294762735214,False,199,4
QQQ,200,2020-11-20,0.0,0.0,False,199,4
QQQ,200,2021-01-25,0.005,-0.0005186870737644035,False,199,1
QQQ,200,2021-03-25,0.005,-0.0007573872057290976,False,199,1
QQQ,200,2021-05-25,0.0,0.0,False,199,1
QQQ,200,2021-07-26,0.07,-0.013208440465527155,False,199,4
QQQ,200,2021-09-23,0.01,0.0012933374773271894,False,199,3
QQQ,200,2021-11-22,0.015,0.002296928497530837,False,199,3
QQQ,200,2022-01-24,0.005,0.0007412756159811768,False,199,5
QQQ,200,2022-03-24,0.025,-0.002311233404578821,False,199,1
QQQ,200,2022-05-24,0.0,0.0,False,199,5
QQQ,200,2022-07-26,0.02,-0.0009306815683301767,False,199,4
QQQ,200,2022-09-23,0.01,-0.0018707883288564555,False,199,5
QQQ,200,2022-11-22,0.015,0.002999587139381833,False,199,1
QQQ,200,2023-01-25,0.01,0.0020998544070989383,False,199,5
QQQ,200,2023-03-27,0.015,-0.002763188809348984,False,199,3
QQQ,200,2023-05-25,0.03,0.004836566663970216,False,199,3
QQQ,200,2023-07-27,0.04,-0.009865508455948004,False,199,2
QQQ,200,2023-09-26,0.01,-0.0009694610705594318,False,199,2
QQQ,200,2023-11-24,0.08,0.0169013421278081,False,200,4
QQQ,200,2024-01-26,0.125,0.030489072761810756,False,199,5
QQQ,200,2024-03-27,0.305,0.08428545505060774,False,199,4
QQQ,200,2024-05-28,0.185,0.0463809378781453,False,199,5
QQQ,200,2024-07-29,0.3,0.07441183903322768,False,199,3
QQQ,200,2024-09-26,0.025,0.005842611093329022,False,199,4
QQQ,200,2024-11-25,0.005,-0.0012260822742136473,False,199,1
QQQ,200,2025-01-29,0.0,0.0,False,199,4
QQQ,200,2025-03-31,0.01,0.0013082279145911501,False,199,2
QQQ,200,2025-05-30,0.0,0.0,False,199,1
QQQ,200,2025-07-31,0.0,0.0,False,199,1
QQQ,200,2025-09-30,0.005,-0.00027852948184006266,False,199,2
QQQ,200,2025-11-28,0.035,0.004052383480928166,False,199,1
IWM,200,2001-10-05,0.0,0.0,False,199,5
IWM,200,2001-12-05,0.0,0.0,False,199,5
IWM,200,2002-02-06,0.0,0.0,False,199,5
IWM,200,2002-04-09,0.01,-0.0011544610678787311,False,199,3
IWM,200,2002-06-07,0.01,-0.0016365890788538982,False,199,1
IWM,200,2002-08-07,0.145,-0.0287887094010524,False,199,4
IWM,200,2002-10-07,0.08,-0.01699033576952817,False,199,4
IWM,200,2002-12-05,0.05,-0.010883790326963703,False,199,1
IWM,200,2003-02-06,0.025,-0.004812288102718553,False,199,1
IWM,200,2003-04-08,0.18,0.059603785722707005,False,199,2
IWM,200,2003-06-09,0.01,0.0017446246477133094,False,199,3
IWM,200,2003-08-07,0.03,0.005951053827371135,False,199,1
IWM,200,2003-10-07,0.025,0.0036801332811940944,False,199,3
IWM,200,2003-12-05,0.015,-0.0024343845621959364,False,199,5
IWM,200,2004-02-06,0.005,-0.0007064459620284323,False,199,5
IWM,200,2004-04-07,0.055,-0.010678759684197023,False,199,5
IWM,200,2004-06-08,0.0,0.0,False,199,5
IWM,200,2004-08-09,0.015,0.002508276349966561,False,199,5
IWM,200,2004-10-07,0.02,0.0005303183977259126,False,199,1
IWM,200,2004-12-07,0.015,0.006815927024474386,False,199,2
IWM,200,2005-02-07,0.055,0.010059294340832456,False,199,1
IWM,200,2005-04-08,0.235,0.042915000342088554,False,199,1
IWM,200,2005-06-08,0.01,0.0020451710965443608,False,199,3
IWM,200,2005-08-08,0.02,0.004102541452352609,False,199,5
IWM,200,2005-10-06,0.005,0.0009406338956178401,False,199,5
IWM,200,2005-12-06,0.0,0.0,False,199,1
IWM,200,2006-02-07,0.0,0.0,False,199,3
IWM,200,2006-04-07,0.005,0.0007125907027588474,False,199,5
IWM,200,2006-06-08,0.0,0.0,False,199,5
IWM,200,2006-08-08,0.0,0.0,False,199,4
IWM,200,2006-10-06,0.0,0.0,False,199,2
IWM,200,2006-12-06,0.0,0.0,False,199,2
IWM,200,2007-02-08,0.0,0.0,False,199,2
IWM,200,2007-04-11,0.0,0.0,False,199,1
IWM,200,2007-06-11,0.0,0.0,False,199,5
IWM,200,2007-08-09,0.03,-0.004629773342259561,False,199,3
IWM,200,2007-10-09,0.005,-0.0006880878057571202,False,199,1
IWM,200,2007-12-07,0.005,-0.0006518841942869677,False,199,1
IWM,200,2008-02-08,0.07,-0.013020044540935605,False,199,5
IWM,200,2008-04-10,0.005,-0.0009137605331093232,False,199,5
IWM,200,2008-06-10,0.015,-0.0032120201493578224,False,199,4
IWM,200,2008-08-08,0.075,-0.014000362095892525,False,199,5
IWM,200,2008-10-08,0.195,-0.039259145177554376,False,199,5
IWM,200,2008-12-08,0.1,-0.015339615305708765,False,199,5
IWM,200,2009-02-09,0.095,-0.015427177734362606,False,199,4
IWM,200,2009-04-09,0.1,-0.016405441102043502,False,199,3
IWM,200,2009-06-10,0.055,-0.011396323675212762,False,199,5
IWM,200,2009-08-10,0.015,-0.0028002374444217274,False,199,5
IWM,200,2009-10-08,0.035,-0.011081859365278612,False,199,2
IWM,200,2009-12-08,0.0,0.0,False,199,2
IWM,200,2010-02-09,0.0,0.0,False,199,1
IWM,200,2010-04-12,0.0,0.0,False,199,3
IWM,200,2010-06-10,0.0,0.0,False,199,2
IWM,200,2010-08-10,0.0,0.0,False,199,1
IWM,200,2010-10-08,0.005,0.0008915357571726268,False,199,1
IWM,200,2010-12-08,0.0,0.0,False,199,1
IWM,200,2011-02-08,0.02,0.0032895673780230146,False,199,5
IWM,200,2011-04-08,0.025,0.00246445310493388,False,199,5
IWM,200,2011-06-09,0.105,0.017816207843147316,False,199,2
IWM,200,2011-08-09,0.085,0.016209774055488978,False,199,1
IWM,200,2011-10-07,0.005,0.0005850103847280005,False,199,4
IWM,200,2011-12-07,0.0,0.0,False,199,5
IWM,200,2012-02-08,0.0,0.0,False,199,5
IWM,200,2012-04-10,0.0,0.0,False,199,5
IWM,200,2012-06-08,0.01,0.001549276711168375,False,199,1
IWM,200,2012-08-08,0.02,0.0035091674104832118,False,199,5
IWM,200,2012-10-08,0.015,0.004788758986152928,False,199,2
IWM,200,2012-12-10,0.01,-0.0016435574212824533,False,199,2
IWM,200,2013-02-11,0.005,0.0009584383759102526,False,199,3
IWM,200,2013-04-12,0.02,0.003703629295204813,False,199,3
IWM,200,2013-06-12,0.025,0.004306678411993848,False,199,2
IWM,200,2013-08-12,0.03,0.005247999952456781,False,199,2
IWM,200,2013-10-10,0.03,0.0042477349335343795,False,199,1
IWM,200,2013-12-10,0.005,0.0005920725370838707,False,199,1
IWM,200,2014-02-11,0.01,0.0015465323132103138,False,199,1
IWM,200,2014-04-11,0.06,0.009549080879559526,False,199,4
IWM,200,2014-06-12,0.08,0.01685459455027383,False,199,5
IWM,200,2014-08-12,0.13,0.02362094348210984,False,199,4
IWM,200,2014-10-10,0.105,0.02005388465132077,False,199,4
IWM,200,2014-12-10,0.17,0.03467402799758347,False,199,1
IWM,200,2015-02-11,0.09,0.018671247893415774,False,199,2
IWM,200,2015-04-14,0.135,0.03170303535605518,False,199,2
IWM,200,2015-06-12,0.03,0.00828209403758145,False,199,4
IWM,200,2015-08-12,0.0,0.0,False,199,5
IWM,200,2015-10-12,0.0,0.0,False,199,4
IWM,200,2015-12-10,0.0,0.0,False,199,4
IWM,200,2016-02-11,0.005,-0.0011983556300349365,False,199,4
IWM,200,2016-04-13,0.01,-0.0014805655828734115,False,199,1
IWM,200,2016-06-13,0.0,0.0,False,199,5
IWM,200,2016-08-11,0.01,0.0016784259464579323,False,199,5
IWM,200,2016-10-11,0.055,0.011520709188875204,False,199,3
IWM,200,2016-12-09,0.01,0.001890528674757187,False,199,2
IWM,200,2017-02-10,0.0,0.0,False,199,2
IWM,200,2017-04-12,0.025,-0.0037937205573812384,False,199,5
IWM,200,2017-06-13,0.115,-0.02269234317225929,False,199,1
IWM,200,2017-08-11,0.055,-0.009853268258617322,False,199,3
IWM,200,2017-10-11,0.015,-0.0012134133657992017,False,199,4
IWM,200,2017-12-11,0.0,0.0,False,199,2
IWM,200,2018-02-12,0.0,0.0,False,199,1
IWM,200,2018-04-13,0.0,0.0,False,199,1
IWM,200,2018-06-13,0.0,0.0,False,199,1
IWM,200,2018-08-13,0.235,-0.03991333584563874,False,199,1
IWM,200,2018-10-11,0.0,0.0,False,199,2
IWM,200,2018-12-12,0.11,-0.018236332983965722,False,199,4
IWM,200,2019-02-13,0.105,-0.016688887262876734,False,199,5
IWM,200,2019-04-15,0.05,-0.008011962006822963,False,199,4
IWM,200,2019-06-14,0.34,0.09648310700239883,False,199,2
IWM,200,2019-08-14,0.01,-0.0017256997610853376,False,199,2
IWM,200,2019-10-14,0.0,0.0,False,199,3
IWM,200,2019-12-12,0.0,0.0,False,199,2
IWM,200,2020-02-13,0.0,0.0,False,199,5
IWM,200,2020-04-15,0.0,0.0,False,199,4
IWM,200,2020-06-15,0.0,0.0,False,199,5
IWM,200,2020-08-13,0.0,0.0,False,199,4
IWM,200,2020-10-13,0.0,0.0,False,199,5
IWM,200,2020-12-11,0.0,0.0,False,199,4
IWM,200,2021-02-12,0.0,0.0,False,199,4
IWM,200,2021-04-15,0.0,0.0,False,199,5
IWM,200,2021-06-15,0.01,-0.0005075861846567232,False,199,4
IWM,200,2021-08-13,0.005,-0.0008778763462726813,False,199,5
IWM,200,2021-10-13,0.005,-0.0007278525756893801,False,199,3
IWM,200,2021-12-13,0.0,0.0,False,199,4
IWM,200,2022-02-11,0.005,-0.0008436999354836862,False,199,2
IWM,200,2022-04-13,0.0,0.0,False,199,5
IWM,200,2022-06-14,0.0,0.0,False,199,2
IWM,200,2022-08-15,0.0,0.0,False,199,3
IWM,200,2022-10-13,0.085,0.015687003518580708,False,199,1
IWM,200,2022-12-13,0.0,0.0,False,199,1
IWM,200,2023-02-14,0.045,-0.009059282336912224,False,199,1
IWM,200,2023-04-17,0.005,-0.0005485266870138091,False,199,3
IWM,200,2023-06-15,0.005,-0.0003242520666921269,False,199,1
IWM,200,2023-08-16,0.035,-0.00778213598743607,False,199,5
IWM,200,2023-10-16,0.09,-0.02283609655907316,False,199,5
IWM,200,2023-12-14,0.105,-0.022890971823707158,False,199,2
IWM,200,2024-02-15,0.04,-0.008024566284592,False,199,4
IWM,200,2024-04-17,0.015,-0.002873973960807566,False,199,3
IWM,200,2024-06-17,0.005,-0.0009084317926148009,False,199,3
IWM,200,2024-08-16,0.005,-0.0009761629750191246,False,199,2
IWM,200,2024-10-16,0.02,0.0031226509727552776,False,199,1
IWM,200,2024-12-16,0.035,-0.004355760817321831,False,199,1
IWM,200,2025-02-19,0.115,-0.02547512249910974,False,199,1
IWM,200,2025-04-21,0.035,-0.0016366866441555623,False,199,3
IWM,200,2025-06-20,0.005,0.0015116478059404822,False,199,1
IWM,200,2025-08-20,0.115,-0.019331700405747484,False,199,2
IWM,200,2025-10-20,0.005,-0.000654598149682534,False,199,2
IWM,200,2025-12-18,0.06,-0.010475273676213214,False,199,5
TSLA,200,2011-10-31,0.07,0.01278741540924286,False,199,1
TSLA,200,2011-12-30,0.03,0.00537918100217393,False,199,1
TSLA,200,2012-03-02,0.0,0.0,False,199,3
TSLA,200,2012-05-02,0.02,0.0040866996688364455,False,199,3
TSLA,200,2012-07-02,0.03,-0.005643026107377472,False,199,4
TSLA,200,2012-08-30,0.045,-0.0070152748877412175,False,199,4
TSLA,200,2012-11-01,0.105,-0.021664491376290194,False,199,3
TSLA,200,2013-01-03,0.03,-0.00278869331022951,False,199,2
TSLA,200,2013-03-06,0.015,0.00015725682137092905,False,199,3
TSLA,200,2013-05-06,0.005,0.0005644612166073456,False,199,4
TSLA,200,2013-07-05,0.025,0.002805508797411727,False,199,5
TSLA,200,2013-09-04,0.005,0.0009305163577445273,False,199,5
TSLA,200,2013-11-01,0.0,0.0,False,199,3
TSLA,200,2014-01-03,0.015,0.0037142682193506394,False,199,5
TSLA,200,2014-03-06,0.005,-0.0008774716254429715,False,199,1
TSLA,200,2014-05-06,0.055,-0.00924484745490358,False,199,2
TSLA,200,2014-07-07,0.0,0.0,False,199,3
TSLA,200,2014-09-04,0.0,0.0,False,199,2
TSLA,200,2014-11-03,0.05,-0.009130415148867638,False,199,2
TSLA,200,2015-01-05,0.055,-0.01138680213249462,False,199,1
TSLA,200,2015-03-06,0.015,0.0029355929578733266,False,199,5
TSLA,200,2015-05-06,0.02,0.004266156747239866,False,199,2
TSLA,200,2015-07-07,0.01,-0.0018894290763391225,False,199,2
TSLA,200,2015-09-03,0.025,-0.0031009497000352025,False,199,3
TSLA,200,2015-11-03,0.0,0.0,False,199,5
TSLA,200,2016-01-05,0.005,-0.0007518537512124726,False,199,5
TSLA,200,2016-03-07,0.005,-0.0011158775394119948,False,199,5
TSLA,200,2016-05-05,0.06,-0.011047357840996476,False,199,1
TSLA,200,2016-07-06,0.06,-0.01084909125150354,False,199,4
TSLA,200,2016-09-02,0.145,-0.030488659009093304,False,199,1
TSLA,200,2016-11-02,0.07,-0.012056358995679632,False,199,3
TSLA,200,2017-01-04,0.585,-0.12690008709526987,True,199,4
TSLA,200,2017-03-07,0.53,-0.1219084563756705,True,199,5
TSLA,200,2017-05-05,0.12,-0.027409944631458717,False,199,4
TSLA,200,2017-07-06,0.13,-0.025405363750323796,False,199,4
TSLA,200,2017-09-05,0.19,-0.0361982117469721,False,199,5
TSLA,200,2017-11-02,0.0,0.0,False,199,3
TSLA,200,2018-01-04,0.0,0.0,False,199,3
TSLA,200,2018-03-07,0.18,-0.03168608211033492,False,199,1
TSLA,200,2018-05-07,0.035,-0.00044151376077193177,False,199,1
TSLA,200,2018-07-06,0.12,-0.019625793290245462,False,199,1
TSLA,200,2018-09-05,0.03,-0.005818592173502272,False,199,4
TSLA,200,2018-11-02,0.01,-0.0018293909324101712,False,199,5
TSLA,200,2019-01-07,0.01,-0.0016137140850144458,False,199,1
TSLA,200,2019-03-08,0.0,0.0,False,199,3
TSLA,200,2019-05-08,0.0,0.0,False,199,3
TSLA,200,2019-07-09,0.0,0.0,False,199,4
TSLA,200,2019-09-06,0.0,0.0,False,199,3
TSLA,200,2019-11-05,0.01,0.002416681755203659,False,199,5
TSLA,200,2020-01-07,0.01,0.002051834217034203,False,199,5
TSLA,200,2020-03-09,0.015,-0.001932065810523455,False,199,5
TSLA,200,2020-05-07,0.075,-0.0155414103803439,False,199,3
TSLA,200,2020-07-08,0.085,-0.015893263358811315,False,199,4
TSLA,200,2020-09-04,0.01,-0.0014493512910809642,False,199,5
TSLA,200,2020-11-04,0.025,-0.005890113931510609,False,199,4
TSLA,200,2021-01-06,0.0,0.0,False,199,5
TSLA,200,2021-03-09,0.0,0.0,False,199,2
TSLA,200,2021-05-07,0.0,0.0,False,199,5
TSLA,200,2021-07-08,0.0,0.0,False,199,5
TSLA,200,2021-09-07,0.015,-0.0019881812287023447,False,199,3
TSLA,200,2021-11-04,0.015,-0.001910157697305309,False,199,3
TSLA,200,2022-01-05,0.25,-0.05159724437670033,False,199,4
TSLA,200,2022-03-08,0.375,-0.0846894103504833,False,199,4
TSLA,200,2022-05-06,0.425,-0.09249890761946432,False,199,4
TSLA,200,2022-07-08,0.315,-0.06478500215318876,False,199,4
TSLA,200,2022-09-07,0.0,0.0,False,199,4
TSLA,200,2022-11-04,0.015,-0.002456960348160461,False,199,5
TSLA,200,2023-01-06,0.29,-0.058316475117373485,False,199,2
TSLA,200,2023-03-09,0.23,-0.05183287207787677,False,199,5
TSLA,200,2023-05-09,0.13,-0.03277326229023056,False,199,3
TSLA,200,2023-07-11,0.085,-0.01192207806680892,False,199,3
TSLA,200,2023-09-08,0.05,0.007975173231043124,False,199,1
TSLA,200,2023-11-07,0.125,0.02141243994486491,False,199,4
TSLA,200,2024-01-09,0.005,0.0007259105058330528,False,199,3
TSLA,200,2024-03-11,0.005,0.0008910317318326788,False,199,4
TSLA,200,2024-05-09,0.0,0.0,False,199,5
TSLA,200,2024-07-11,0.0,0.0,False,199,3
TSLA,200,2024-09-10,0.0,0.0,False,199,1
TSLA,200,2024-11-07,0.0,0.0,False,199,4
TSLA,200,2025-01-10,0.0,0.0,False,199,5
TSLA,200,2025-03-13,0.005,-0.001004197263610145,False,199,3
TSLA,200,2025-05-13,0.04,0.007117630594525625,False,199,4
TSLA,200,2025-07-15,0.035,0.007311428741452678,False,199,2
TSLA,200,2025-09-12,0.235,0.04979966667692933,False,199,4
TSLA,200,2025-11-11,0.24,0.054629727773868736,False,199,3
NVDA,200,2000-05-25,0.0,0.0,False,199,3
NVDA,200,2000-07-26,0.005,-0.0006651295977929488,False,199,1
NVDA,200,2000-09-25,0.05,0.009192193159348643,False,199,5
NVDA,200,2000-11-22,0.105,0.020394146695955316,False,199,5
NVDA,200,2001-01-25,0.01,0.0019275030794251007,False,199,5
NVDA,200,2001-03-27,0.11,-0.01827136409733939,False,199,4
NVDA,200,2001-05-25,0.045,-0.00852956434840721,False,199,4
NVDA,200,2001-07-26,0.125,-0.0218777664046018,False,199,4
NVDA,200,2001-10-01,0.165,-0.030008655911250775,False,199,4
NVDA,200,2001-11-29,0.0,0.0,False,199,4
NVDA,200,2002-01-31,0.115,-0.05370731560105978,False,199,2
NVDA,200,2002-04-03,0.015,-0.002303648075882376,False,199,2
NVDA,200,2002-06-03,0.25,-0.04577924511525608,False,199,1
NVDA,200,2002-08-01,0.555,-0.09411047488784083,True,199,5
NVDA,200,2002-10-01,0.355,-0.07516338969533012,False,199,4
NVDA,200,2002-11-29,0.375,-0.07402607117813399,False,199,3
NVDA,200,2003-01-31,0.27,-0.05319347701557807,False,199,2
NVDA,200,2003-04-02,0.005,0.0006644680452975756,False,199,1
NVDA,200,2003-06-03,0.02,-0.0031852396172651286,False,199,3
NVDA,200,2003-08-01,0.0,0.0,False,199,2
NVDA,200,2003-10-01,0.0,0.0,False,199,5
NVDA,200,2003-12-01,0.0,0.0,False,199,5
NVDA,200,2004-02-02,0.0,0.0,False,199,5
NVDA,200,2004-04-01,0.005,-0.000711119234921241,False,199,3
NVDA,200,2004-06-02,0.04,0.0056818505960193,False,199,3
NVDA,200,2004-08-03,0.07,0.013940138915248841,False,199,3
NVDA,200,2004-10-01,0.035,0.0052858688583447225,False,199,3
NVDA,200,2004-12-01,0.035,0.0031923933303031086,False,199,2
NVDA,200,2005-02-01,0.0,0.0,False,199,4
NVDA,200,2005-04-04,0.005,0.0005907838023155719,False,199,2
NVDA,200,2005-06-02,0.205,-0.048598810437401815,False,199,3
NVDA,200,2005-08-02,0.03,0.006146277238772659,False,199,5
NVDA,200,2005-09-30,0.065,-0.014436515293740276,False,199,5
NVDA,200,2005-11-30,0.03,0.0055854646393327,False,199,5
NVDA,200,2006-02-01,0.215,0.049225327523590774,False,199,4
NVDA,200,2006-04-03,0.18,0.04055095104332116,False,199,1
NVDA,200,2006-06-02,0.055,0.012572729588972629,False,199,3
NVDA,200,2006-08-02,0.0,0.0,False,199,5
NVDA,200,2006-10-02,0.0,0.0,False,199,3
NVDA,200,2006-11-30,0.005,-0.0011748574711105083,False,199,4
NVDA,200,2007-02-02,0.045,-0.01059041507804903,False,199,3
NVDA,200,2007-04-04,0.055,-0.011259162620595661,False,199,2
NVDA,200,2007-06-05,0.04,-0.008458409709415108,False,199,4
NVDA,200,2007-08-03,0.04,-0.007195347910090957,False,199,3
NVDA,200,2007-10-03,0.0,0.0,False,199,5
NVDA,200,2007-12-03,0.0,0.0,False,199,4
NVDA,200,2008-02-04,0.005,-0.0010604839365769157,False,199,5
NVDA,200,2008-04-04,0.0,0.0,False,199,5
NVDA,200,2008-06-04,0.09,-0.017995706433785067,False,199,5
NVDA,200,2008-08-04,0.195,-0.03154427345033428,False,199,2
NVDA,200,2008-10-02,0.24,-0.034740542305033394,False,199,3
NVDA,200,2008-12-02,0.04,-0.004732801048501481,False,199,4
NVDA,200,2009-02-03,0.025,-0.0035981176226883137,False,199,4
NVDA,200,2009-04-03,0.135,-0.02218161992127239,False,199,3
NVDA,200,2009-06-04,0.04,-0.0065001907752439995,False,199,3
NVDA,200,2009-08-04,0.085,-0.014793348529147144,False,199,1
NVDA,200,2009-10-02,0.11,-0.02077948702764957,False,199,2
NVDA,200,2009-12-02,0.07,0.01006835195610565,False,199,1
NVDA,200,2010-02-03,0.13,0.027565960564798028,False,199,1
NVDA,200,2010-04-06,0.015,0.0026946177635951553,False,199,3
NVDA,200,2010-06-04,0.0,0.0,False,199,2
NVDA,200,2010-08-04,0.03,0.005890592920266109,False,199,2
NVDA,200,2010-10-04,0.12,0.023258650480172997,False,199,2
NVDA,200,2010-12-02,0.34,0.07242366370764128,False,199,2
NVDA,200,2011-02-02,0.52,0.10427270203881932,True,199,4
NVDA,200,2011-04-04,0.015,0.003501268660525154,False,199,5
NVDA,200,2011-06-03,0.02,0.004967341342277436,False,199,5
NVDA,200,2011-08-03,0.005,-0.0004867698462041669,False,199,4
NVDA,200,2011-10-03,0.0,0.0,False,199,3
NVDA,200,2011-12-01,0.005,0.0008608783419974675,False,199,3
NVDA,200,2012-02-02,0.0,0.0,False,199,1
NVDA,200,2012-04-03,0.01,0.0017970489545376706,False,199,2
NVDA,200,2012-06-04,0.01,-0.003211609927549504,False,199,1
NVDA,200,2012-08-02,0.0,0.0,False,199,1
NVDA,200,2012-10-02,0.01,0.0018432646315736435,False,199,2
NVDA,200,2012-12-04,0.0,0.0,False,199,1
NVDA,200,2013-02-05,0.0,0.0,False,199,3
NVDA,200,2013-04-08,0.005,-0.0004896405013033329,False,199,5
NVDA,200,2013-06-06,0.01,0.00011210845242109552,False,199,3
NVDA,200,2013-08-06,0.04,-0.005258912727337165,False,199,4
NVDA,200,2013-10-04,0.08,-0.014959461057917097,False,199,2
NVDA,200,2013-12-04,0.05,-0.008415470169650288,False,199,4
NVDA,200,2014-02-05,0.03,-0.0048359835094939066,False,199,3
NVDA,200,2014-04-07,0.01,-0.0019047502863002836,False,199,1
NVDA,200,2014-06-06,0.02,-0.003790307802050276,False,199,4
NVDA,200,2014-08-06,0.0,0.0,False,199,4
NVDA,200,2014-10-06,0.015,-0.0029631938836161163,False,199,1
NVDA,200,2014-12-04,0.03,-0.004881704657680992,False,199,1
NVDA,200,2015-02-05,0.02,-0.003201149877107379,False,199,1
NVDA,200,2015-04-08,0.0,0.0,False,199,4
NVDA,200,2015-06-08,0.0,0.0,False,199,5
NVDA,200,2015-08-06,0.0,0.0,False,199,5
NVDA,200,2015-10-06,0.0,0.0,False,199,4
NVDA,200,2015-12-04,0.0,0.0,False,199,5
NVDA,200,2016-02-05,0.0,0.0,False,199,5
NVDA,200,2016-04-07,0.0,0.0,False,199,5
NVDA,200,2016-06-07,0.0,0.0,False,199,5
NVDA,200,2016-08-05,0.0,0.0,False,199,5
NVDA,200,2016-10-05,0.0,0.0,False,199,3
NVDA,200,2016-12-05,0.0,0.0,False,199,3
NVDA,200,2017-02-06,0.055,-0.009325097650296816,False,199,3
NVDA,200,2017-04-06,0.025,-0.0047191333152663195,False,199,1
NVDA,200,2017-06-07,0.01,-0.0016121800827529449,False,199,2
NVDA,200,2017-08-07,0.01,-0.0017356397177745446,False,199,3
NVDA,200,2017-10-05,0.01,-0.0018473198646376443,False,199,2
NVDA,200,2017-12-05,0.0,0.0,False,199,2
NVDA,200,2018-02-06,0.0,0.0,False,199,1
NVDA,200,2018-04-09,0.01,0.0018957654441709667,False,199,5
NVDA,200,2018-06-07,0.045,0.009007004731122424,False,199,5
NVDA,200,2018-08-07,0.095,0.022056009296073452,False,199,3
NVDA,200,2018-10-05,0.09,0.018469807511714512,False,199,3
NVDA,200,2018-12-06,0.145,0.023362142396250677,False,199,2
NVDA,200,2019-02-07,0.07,0.010477912482856969,False,199,1
NVDA,200,2019-04-09,0.03,0.0052127608918570755,False,199,2
NVDA,200,2019-06-10,0.11,0.020812740534794497,False,199,2
NVDA,200,2019-08-08,0.005,-0.0008391738005709173,False,199,2
NVDA,200,2019-10-08,0.0,0.0,False,199,4
NVDA,200,2019-12-06,0.005,-0.0009063490820614701,False,199,3
NVDA,200,2020-02-07,0.0,0.0,False,199,2
NVDA,200,2020-04-08,0.0,0.0,False,199,1
NVDA,200,2020-06-09,0.0,0.0,False,199,2
NVDA,200,2020-08-07,0.02,-0.0019237137901863988,False,199,2
NVDA,200,2020-10-07,0.005,-0.0008919627975577575,False,199,5
NVDA,200,2020-12-07,0.0,0.0,False,199,5
NVDA,200,2021-02-08,0.005,-0.0006030812669650296,False,200,5
NVDA,200,2021-04-09,0.0,0.0,False,200,5
NVDA,200,2021-06-09,0.205,-0.04797357275756551,False,199,4
NVDA,200,2021-08-09,0.0,0.0,False,199,5
NVDA,200,2021-10-07,0.0,0.0,False,199,5
NVDA,200,2021-12-07,0.0,0.0,False,199,4
NVDA,200,2022-02-07,0.0,0.0,False,199,4
NVDA,200,2022-04-07,0.005,-0.0009345606531229273,False,199,2
NVDA,200,2022-06-08,0.0,0.0,False,199,5
NVDA,200,2022-08-09,0.07,-0.012149655820319785,False,199,4
NVDA,200,2022-10-07,0.01,0.0014243001561656393,False,199,5
NVDA,200,2022-12-07,0.005,0.000818387821334017,False,199,4
NVDA,200,2023-02-08,0.045,0.004632467109182546,False,199,5
NVDA,200,2023-04-11,0.085,0.021759140953958117,False,199,4
NVDA,200,2023-06-09,0.02,0.0009333118721642344,False,199,1
NVDA,200,2023-08-10,0.045,0.013123210143592025,False,199,2
NVDA,200,2023-10-10,0.01,0.0016902347799882824,False,199,4
NVDA,200,2023-12-08,0.0,0.0,False,199,2
NVDA,200,2024-02-09,0.0,0.0,False,199,1
NVDA,200,2024-04-11,0.005,-0.0012875685745603843,False,199,2
NVDA,200,2024-06-11,0.0,0.0,False,199,3
NVDA,200,2024-08-12,0.005,0.0006412013731318532,False,199,5
NVDA,200,2024-10-10,0.02,-0.003871388162012258,False,199,1
NVDA,200,2024-12-10,0.005,-0.0009971037307000203,False,199,3
NVDA,200,2025-02-12,0.005,0.0008463312397550124,False,199,3
NVDA,200,2025-04-14,0.0,0.0,False,199,4
NVDA,200,2025-06-13,0.02,-0.0015646397414842438,False,199,3
NVDA,200,2025-08-14,0.005,-0.0020243543700219683,False,199,3
NVDA,200,2025-10-14,0.02,0.0031574959525243447,False,199,4
NVDA,200,2025-12-12,0.02,-0.00289354930371397,False,199,1
NFLX,200,2003-09-26,0.195,-0.03683850805195902,False,199,3
NFLX,200,2003-11-25,0.045,-0.009943138940968644,False,199,2
NFLX,200,2004-01-28,0.0,0.0,False,199,3
NFLX,200,2004-03-29,0.0,0.0,False,199,2
NFLX,200,2004-05-27,0.015,0.0024983145098178795,False,199,3
NFLX,200,2004-07-29,0.005,0.0007576234062112535,False,199,1
NFLX,200,2004-09-28,0.01,0.001637783945251321,False,199,4
NFLX,200,2004-11-26,0.005,0.0005465978632235249,False,199,2
NFLX,200,2005-01-27,0.005,-0.0004234462693017218,False,199,1
NFLX,200,2005-03-30,0.09,-0.011417080674156024,False,199,2
NFLX,200,2005-05-27,0.145,-0.021622880474107795,False,199,4
NFLX,200,2005-07-28,0.08,-0.014310301887685584,False,199,4
NFLX,200,2005-09-27,0.0,0.0,False,199,1
NFLX,200,2005-11-25,0.0,0.0,False,199,1
NFLX,200,2006-01-27,0.005,0.0011039238016239707,False,199,3
NFLX,200,2006-03-29,0.0,0.0,False,199,3
NFLX,200,2006-05-30,0.0,0.0,False,199,4
NFLX,200,2006-07-28,0.0,0.0,False,199,4
NFLX,200,2006-09-27,0.0,0.0,False,199,4
NFLX,200,2006-11-27,0.0,0.0,False,199,4
NFLX,200,2007-01-30,0.0,0.0,False,199,2
NFLX,200,2007-03-30,0.0,0.0,False,199,3
NFLX,200,2007-05-31,0.0,0.0,False,200,5
NFLX,200,2007-07-31,0.0,0.0,False,199,4
NFLX,200,2007-09-28,0.025,-0.004098178098182713,False,199,1
NFLX,200,2007-11-28,0.0,0.0,False,199,5
NFLX,200,2008-01-30,0.05,-0.004499616404475768,False,200,5
NFLX,200,2008-04-01,0.0,0.0,False,199,5
NFLX,200,2008-05-30,0.0,0.0,False,199,1
NFLX,200,2008-07-30,0.0,0.0,False,199,4
NFLX,200,2008-09-29,0.015,0.0020980698588241873,False,199,3
NFLX,200,2008-11-26,0.08,0.01354201559259829,False,199,4
NFLX,200,2009-01-29,0.015,0.0025999578624073573,False,199,5
NFLX,200,2009-03-31,0.045,0.008393711943816471,False,199,5
NFLX,200,2009-06-01,0.07,0.014337231710561706,False,199,2
NFLX,200,2009-07-30,0.025,0.0037453270802643313,False,199,2
NFLX,200,2009-09-29,0.13,0.022360225551523574,False,199,3
NFLX,200,2009-11-27,0.31,0.06241762559511636,False,199,2
NFLX,200,2010-01-29,0.075,0.011562956747708844,False,199,3
NFLX,200,2010-03-31,0.03,0.004959800975750824,False,199,3
NFLX,200,2010-06-01,0.03,0.005446699022940589,False,199,4
NFLX,200,2010-07-30,0.06,0.012226776857532594,False,199,4
NFLX,200,2010-09-29,0.045,0.01073187199122403,False,199,4
NFLX,200,2010-11-29,0.095,0.02077288732170588,False,199,5
NFLX,200,2011-01-28,0.025,0.005502359473631024,False,199,5
NFLX,200,2011-03-30,0.0,0.0,False,199,2
NFLX,200,2011-05-31,0.0,0.0,False,199,2
NFLX,200,2011-07-29,0.0,0.0,False,199,4
NFLX,200,2011-09-28,0.005,0.0012953918769653652,False,199,5
NFLX,200,2011-11-28,0.075,0.014787840441749849,False,199,3
NFLX,200,2012-01-30,0.025,0.005417805356725671,False,199,3
NFLX,200,2012-03-29,0.045,0.007349937950922682,False,199,4
NFLX,200,2012-05-30,0.015,0.0022174708586837366,False,199,4
NFLX,200,2012-07-30,0.005,-0.0005462182476430103,False,199,3
NFLX,200,2012-09-27,0.085,-0.01673329050285037,False,199,4
NFLX,200,2012-11-29,0.025,-0.004299206945252504,False,199,2
NFLX,200,2013-01-31,0.02,-0.00274767482429665,False,199,1
NFLX,200,2013-04-03,0.015,-0.002281833963966088,False,199,2
NFLX,200,2013-06-03,0.0,0.0,False,199,1
NFLX,200,2013-08-01,0.0,0.0,False,199,5
NFLX,200,2013-10-01,0.0,0.0,False,199,4
NFLX,200,2013-11-29,0.005,-0.000589792438810692,False,199,5
NFLX,200,2014-01-31,0.015,-0.0017755221089877072,False,199,5
NFLX,200,2014-04-02,0.01,-0.001954300128062187,False,199,4
NFLX,200,2014-06-03,0.065,-0.01560874307960164,False,199,4
NFLX,200,2014-08-01,0.09,-0.01804836829726177,False,199,2
NFLX,200,2014-10-01,0.015,-0.0022834485607212598,False,199,4
NFLX,200,2014-12-01,0.005,-0.0005417464699724212,False,199,5
NFLX,200,2015-02-02,0.01,-0.0015085229394206142,False,199,5
NFLX,200,2015-04-02,0.0,0.0,False,199,3
NFLX,200,2015-06-03,0.0,0.0,False,199,2
NFLX,200,2015-08-03,0.0,0.0,False,199,5
NFLX,200,2015-10-01,0.0,0.0,False,199,2
NFLX,200,2015-12-01,0.005,0.0008229263428580534,False,199,5
NFLX,200,2016-02-02,0.015,-0.0029415728518074474,False,199,3
NFLX,200,2016-04-04,0.13,-0.028189803818397165,False,199,4
NFLX,200,2016-06-02,0.015,0.001173522413775163,False,199,4
NFLX,200,2016-08-02,0.02,0.0038739999774288015,False,199,5
NFLX,200,2016-09-30,0.0,0.0,False,199,5
NFLX,200,2016-11-30,0.05,0.011005273350055435,False,199,3
NFLX,200,2017-02-01,0.015,0.003339407843424581,False,199,3
NFLX,200,2017-04-03,0.0,0.0,False,199,4
NFLX,200,2017-06-02,0.0,0.0,False,199,4
NFLX,200,2017-08-02,0.0,0.0,False,199,5
NFLX,200,2017-10-02,0.0,0.0,False,199,2
NFLX,200,2017-11-30,0.02,0.004377973359935089,False,199,4
NFLX,200,2018-02-01,0.045,0.010589997287474933,False,199,3
NFLX,200,2018-04-04,0.02,0.0054424917567256,False,199,2
NFLX,200,2018-06-04,0.05,0.00995908620797712,False,199,1
NFLX,200,2018-08-02,0.0,0.0,False,199,1
NFLX,200,2018-10-02,0.0,0.0,False,199,4
NFLX,200,2018-11-30,0.0,0.0,False,199,5
NFLX,200,2019-02-04,0.01,0.0022774571074529394,False,199,3
NFLX,200,2019-04-04,0.0,0.0,False,199,5
NFLX,200,2019-06-05,0.02,0.00525290934141619,False,199,5
NFLX,200,2019-08-05,0.02,0.00488108359228003,False,199,5
NFLX,200,2019-10-03,0.005,0.0005959125914126998,False,199,5
NFLX,200,2019-12-03,0.005,0.0007127813333121544,False,199,5
NFLX,200,2020-02-04,0.005,0.0006491491528737536,False,199,1
NFLX,200,2020-04-03,0.005,0.0007191800541342723,False,199,1
NFLX,200,2020-06-04,0.015,0.002776010051000274,False,199,1
NFLX,200,2020-08-04,0.18,0.034942225122790105,False,199,3
NFLX,200,2020-10-02,0.18,0.03142548955535658,False,199,1
NFLX,200,2020-12-02,0.29,0.054874475856808845,False,199,1
NFLX,200,2021-02-03,0.065,0.012643843704635253,False,199,4
NFLX,200,2021-04-06,0.02,0.004570214460343733,False,199,4
NFLX,200,2021-06-04,0.005,0.0009058855532752416,False,199,5
NFLX,200,2021-08-04,0.0,0.0,False,199,3
NFLX,200,2021-10-04,0.0,0.0,False,199,5
NFLX,200,2021-12-02,0.0,0.0,False,199,1
NFLX,200,2022-02-02,0.07,-0.00965704762690479,False,199,4
NFLX,200,2022-04-04,0.145,-0.023253165551018418,False,199,4
NFLX,200,2022-06-03,0.055,-0.006056314388650144,False,199,5
NFLX,200,2022-08-04,0.01,-0.0012667315654806587,False,199,5
NFLX,200,2022-10-04,0.01,6.043869682430758e-05,False,199,5
NFLX,200,2022-12-02,0.015,0.003134013455753507,False,199,5
NFLX,200,2023-02-03,0.09,0.01695653408051648,False,199,3
NFLX,200,2023-04-05,0.025,0.0038835253111225696,False,199,4
NFLX,200,2023-06-06,0.02,0.00310727146133969,False,199,3
NFLX,200,2023-08-07,0.03,0.004529170152119972,False,199,4
NFLX,200,2023-10-05,0.015,0.001967294846030347,False,199,1
NFLX,200,2023-12-05,0.05,0.011009458385912108,False,199,4
NFLX,200,2024-02-06,0.065,0.012900673860445366,False,199,2
NFLX,200,2024-04-08,0.02,0.0037211469171907407,False,199,4
NFLX,200,2024-06-06,0.005,-0.0006095379555817405,False,199,5
NFLX,200,2024-08-07,0.0,0.0,False,199,1
NFLX,200,2024-10-07,0.0,0.0,False,199,5
NFLX,200,2024-12-05,0.0,0.0,False,199,5
NFLX,200,2025-02-07,0.005,0.0005716129234190971,False,199,5
NFLX,200,2025-04-09,0.0,0.0,False,199,5
NFLX,200,2025-06-10,0.005,-0.0012933316415786116,False,199,4
NFLX,200,2025-08-11,0.015,-0.003254274757485633,False,199,5
NFLX,200,2025-10-09,0.015,-0.0026972139835225667,False,199,5
NFLX,200,2025-12-09,0.04,0.006157750852525881,False,199,1
MELI,200,2008-12-12,0.125,-0.02221364972616606,False,199,2
MELI,200,2009-02-13,0.02,0.003102066100125537,False,199,2
MELI,200,2009-04-16,0.015,-0.0030187949458022247,False,199,2
MELI,200,2009-06-16,0.0,0.0,False,199,5
MELI,200,2009-08-14,0.0,0.0,False,199,5
MELI,200,2009-10-14,0.01,-0.0027379001448860746,False,199,3
MELI,200,2009-12-14,0.0,0.0,False,199,5
MELI,200,2010-02-16,0.035,-0.0034117904461303176,False,199,5
MELI,200,2010-04-16,0.0,0.0,False,199,5
MELI,200,2010-06-16,0.005,0.000920298937932187,False,199,2
MELI,200,2010-08-16,0.035,0.0071349256156934444,False,199,2
MELI,200,2010-10-14,0.05,0.010239816033565082,False,199,4
MELI,200,2010-12-14,0.125,0.025811924382705027,False,199,5
MELI,200,2011-02-14,0.09,0.016617074040250767,False,199,4
MELI,200,2011-04-14,0.01,-0.0002212663092949571,False,200,3
MELI,200,2011-06-15,0.005,-0.0009674350152117388,False,199,2
MELI,200,2011-08-15,0.075,-0.014317220435508187,False,199,4
MELI,200,2011-10-13,0.065,-0.012190357002224976,False,199,4
MELI,200,2011-12-13,0.02,-0.0033442611473155294,False,199,1
MELI,200,2012-02-14,0.055,-0.008708259454645812,False,199,1
MELI,200,2012-04-16,0.085,-0.013971686593852294,False,199,1
MELI,200,2012-06-14,0.08,-0.01032255784302022,False,199,1
MELI,200,2012-08-14,0.055,-0.005248603784634589,False,199,5
MELI,200,2012-10-12,0.0,0.0,False,199,5
MELI,200,2012-12-14,0.09,0.020408692002941584,False,199,3
MELI,200,2013-02-15,0.105,0.01966017436716633,False,199,3
MELI,200,2013-04-18,0.015,0.002821961427840428,False,199,5
MELI,200,2013-06-18,0.005,0.0007534519937097732,False,199,1
MELI,200,2013-08-16,0.055,0.00818860464822238,False,199,2
MELI,200,2013-10-16,0.06,0.008954364396314361,False,199,3
MELI,200,2013-12-16,0.05,0.007623516627862744,False,199,4
MELI,200,2014-02-18,0.025,0.0031194295755146264,False,199,1
MELI,200,2014-04-17,0.01,0.0013135968616416022,False,199,2
MELI,200,2014-06-18,0.03,-0.005603445282405112,False,199,3
MELI,200,2014-08-18,0.025,-0.005139600328243029,False,199,5
MELI,200,2014-10-16,0.0,0.0,False,199,5
MELI,200,2014-12-16,0.04,-0.0073310400750859935,False,199,1
MELI,200,2015-02-18,0.015,-0.0020772340665590368,False,199,5
MELI,200,2015-04-20,0.0,0.0,False,199,4
MELI,200,2015-06-18,0.0,0.0,False,199,2
MELI,200,2015-08-18,0.0,0.0,False,199,5
MELI,200,2015-10-16,0.005,0.0008820033577774498,False,199,4
MELI,200,2015-12-16,0.005,0.0007796870598798815,False,199,5
MELI,200,2016-02-18,0.0,0.0,False,199,1
MELI,200,2016-04-19,0.005,-0.0008383689880228853,False,199,1
MELI,200,2016-06-17,0.005,0.0011546678538126257,False,199,2
MELI,200,2016-08-17,0.015,-0.002999950201171864,False,199,4
MELI,200,2016-10-17,0.015,0.0032552369172957262,False,199,2
MELI,200,2016-12-15,0.0,0.0,False,199,1
MELI,200,2017-02-16,0.005,-0.0009240772325023439,False,199,5
MELI,200,2017-04-19,0.005,-0.0008853647349065757,False,199,5
MELI,200,2017-06-19,0.005,-0.001548973452716978,False,199,2
MELI,200,2017-08-17,0.0,0.0,False,199,5
MELI,200,2017-10-17,0.01,-0.0015058096154707456,False,199,5
MELI,200,2017-12-15,0.0,0.0,False,199,5
MELI,200,2018-02-16,0.0,0.0,False,199,5
MELI,200,2018-04-19,0.01,-0.0016716358419402739,False,199,4
MELI,200,2018-06-19,0.015,0.002930208004409195,False,199,5
MELI,200,2018-08-17,0.07,0.014398083195345688,False,199,3
MELI,200,2018-10-17,0.06,0.011106410845817299,False,199,4
MELI,200,2018-12-18,0.14,0.026693472197584223,False,199,4
MELI,200,2019-02-20,0.005,0.0010095052093331367,False,199,3
MELI,200,2019-04-22,0.0,0.0,False,199,4
MELI,200,2019-06-20,0.0,0.0,False,199,3
MELI,200,2019-08-20,0.03,-0.005621915497436795,False,199,1
MELI,200,2019-10-18,0.0,0.0,False,199,2
MELI,200,2019-12-18,0.01,0.001971339663327689,False,199,1
MELI,200,2020-02-20,0.0,0.0,False,199,4
MELI,200,2020-04-21,0.0,0.0,False,199,5
MELI,200,2020-06-19,0.005,0.0010916256409077537,False,199,5
MELI,200,2020-08-19,0.0,0.0,False,199,5
MELI,200,2020-10-19,0.015,0.003174882044737487,False,199,5
MELI,200,2020-12-17,0.0,0.0,False,199,5
MELI,200,2021-02-19,0.0,0.0,False,199,4
MELI,200,2021-04-21,0.0,0.0,False,199,4
MELI,200,2021-06-21,0.005,0.0006861489265949199,False,199,5
MELI,200,2021-08-19,0.005,0.0004899436099871105,False,199,5
MELI,200,2021-10-19,0.0,0.0,False,199,5
MELI,200,2021-12-17,0.005,-0.0007836045902670117,False,199,5
MELI,200,2022-02-17,0.02,-0.003825051047629672,False,199,4
MELI,200,2022-04-20,0.005,-0.0007040921111703527,False,199,3
MELI,200,2022-06-21,0.04,0.00011168426373820636,False,199,1
MELI,200,2022-08-19,0.02,0.0036015876397397307,False,199,1
MELI,200,2022-10-19,0.0,0.0,False,199,2
MELI,200,2022-12-19,0.01,0.0029247035743214557,False,199,4
MELI,200,2023-02-21,0.0,0.0,False,199,5
MELI,200,2023-04-21,0.005,-0.0008928643834570371,False,199,5
MELI,200,2023-06-22,0.0,0.0,False,199,5
MELI,200,2023-08-22,0.005,-0.0006318791062250122,False,199,3
MELI,200,2023-10-20,0.02,0.004816413887123919,False,199,2
MELI,200,2023-12-20,0.01,-0.001362722706675124,False,199,2
MELI,200,2024-02-22,0.025,0.00539884761364182,False,199,1
MELI,200,2024-04-23,0.005,0.000832342140447933,False,199,5
MELI,200,2024-06-24,0.015,-0.0012477609230044258,False,199,5
MELI,200,2024-08-22,0.015,-0.001149271437616192,False,199,5
MELI,200,2024-10-22,0.005,-0.0012270065355568232,False,199,5
MELI,200,2024-12-20,0.0,0.0,False,199,4
MELI,200,2025-02-25,0.005,-0.0005882146431906324,False,199,5
MELI,200,2025-04-25,0.005,0.0006116056924931995,False,199,5
MELI,200,2025-06-26,0.01,0.002218144798377464,False,199,4
MELI,200,2025-08-26,0.015,-0.00023500026581699696,False,199,5
MELI,200,2025-10-24,0.01,0.0020675519962433087,False,199,5
MELI,200,2025-12-24,0.0,0.0,False,199,5
KO,200,1999-05-10,0.03,-0.0044487057676356545,False,199,2
KO,200,1999-07-09,0.03,-0.004369630011001985,False,199,1
KO,200,1999-09-08,0.0,0.0,False,199,5
KO,200,1999-11-05,0.005,-0.0007159256726701788,False,199,1
KO,200,2000-01-06,0.0,0.0,False,199,2
KO,200,2000-03-08,0.01,-0.0017770452070043207,False,199,2
KO,200,2000-05-08,0.01,0.0014634528725569523,False,199,1
KO,200,2000-07-07,0.02,0.0034987660289449076,False,199,4
KO,200,2000-09-06,0.0,0.0,False,199,4
KO,200,2000-11-03,0.0,0.0,False,199,1
KO,200,2001-01-05,0.0,0.0,False,199,1
KO,200,2001-03-08,0.065,0.011733413658122558,False,199,4
KO,200,2001-05-08,0.02,0.0041487664759831365,False,199,3
KO,200,2001-07-09,0.035,0.006543680390248632,False,199,1
KO,200,2001-09-06,0.065,0.010819156571066883,False,199,5
KO,200,2001-11-09,0.005,0.0007436093029599026,False,199,5
KO,200,2002-01-11,0.025,0.003575285455923318,False,199,4
KO,200,2002-03-14,0.005,-0.000979032864543949,False,199,4
KO,200,2002-05-14,0.03,-0.0052512608697084994,False,199,1
KO,200,2002-07-15,0.095,-0.016909899511252113,False,199,1
KO,200,2002-09-12,0.06,-0.01004779358381922,False,199,1
KO,200,2002-11-11,0.05,-0.009282247077077291,False,199,3
KO,200,2003-01-13,0.01,-0.0019249551549388878,False,199,1
KO,200,2003-03-14,0.0,0.0,False,199,1
KO,200,2003-05-14,0.01,-0.0017579763003243976,False,199,5
KO,200,2003-07-15,0.0,0.0,False,199,4
KO,200,2003-09-12,0.0,0.0,False,199,5
KO,200,2003-11-11,0.005,-0.0011983749537485412,False,199,5
KO,200,2004-01-13,0.015,-0.0035792598629769672,False,199,5
KO,200,2004-03-15,0.05,-0.010703391344121198,False,199,4
KO,200,2004-05-13,0.055,-0.01183435533112064,False,199,4
KO,200,2004-07-15,0.005,-0.0010030087337155296,False,199,3
KO,200,2004-09-14,0.0,0.0,False,199,1
KO,200,2004-11-11,0.0,0.0,False,199,1
KO,200,2005-01-12,0.0,0.0,False,199,1
KO,200,2005-03-15,0.0,0.0,False,199,4
KO,200,2005-05-13,0.01,0.0025132151917023615,False,199,5
KO,200,2005-07-14,0.0,0.0,False,199,5
KO,200,2005-09-13,0.0,0.0,False,199,4
KO,200,2005-11-10,0.0,0.0,False,199,2
KO,200,2006-01-12,0.0,0.0,False,199,1
KO,200,2006-03-15,0.0,0.0,False,199,2
KO,200,2006-05-15,0.02,-0.005104334776696773,False,199,4
KO,200,2006-07-14,0.05,-0.011478319936325435,False,199,3
KO,200,2006-09-13,0.135,-0.03134999631802577,False,199,2
KO,200,2006-11-10,0.235,-0.05020001521829734,False,199,5
KO,200,2007-01-16,0.26,-0.05198839300641295,False,199,3
KO,200,2007-03-16,0.29,-0.052526925401970806,False,199,3
KO,200,2007-05-16,0.215,-0.04037561817244986,False,199,4
KO,200,2007-07-17,0.065,-0.01155399019715998,False,199,4
KO,200,2007-09-14,0.0,0.0,False,199,5
KO,200,2007-11-13,0.005,0.0009801683019222502,False,199,5
KO,200,2008-01-15,0.01,0.001678282379931199,False,199,5
KO,200,2008-03-17,0.1,0.018742407127763535,False,199,5
KO,200,2008-05-15,0.0,0.0,False,199,5
KO,200,2008-07-16,0.025,0.003871565918353772,False,199,5
KO,200,2008-09-15,0.0,0.0,False,199,3
KO,200,2008-11-12,0.08,0.03092121900676017,False,199,5
KO,200,2009-01-14,0.13,-0.009125625120323187,False,199,5
KO,200,2009-03-17,0.15,-0.02034954073565055,False,199,2
KO,200,2009-05-15,0.095,-0.00830144660388974,False,199,2
KO,200,2009-07-16,0.185,-0.031248285015613986,False,199,2
KO,200,2009-09-15,0.005,-0.0009831367570729995,False,199,2
KO,200,2009-11-12,0.0,0.0,False,199,3
KO,200,2010-01-14,0.0,0.0,False,199,4
KO,200,2010-03-17,0.0,0.0,False,199,3
KO,200,2010-05-17,0.01,3.6311993800162286e-05,False,199,2
KO,200,2010-07-16,0.0,0.0,False,199,4
KO,200,2010-09-15,0.0,0.0,False,199,3
KO,200,2010-11-12,0.0,0.0,False,199,5
KO,200,2011-01-13,0.0,0.0,False,199,5
KO,200,2011-03-16,0.0,0.0,False,199,5
KO,200,2011-05-16,0.045,-0.006398750335096341,False,199,2
KO,200,2011-07-15,0.02,-0.0032395057079358637,False,199,1
KO,200,2011-09-14,0.005,-0.0005594050494013274,False,199,1
KO,200,2011-11-11,0.0,0.0,False,199,1
KO,200,2012-01-13,0.01,0.0023723321057217916,False,199,5
KO,200,2012-03-15,0.155,0.04262206252050449,False,199,5
KO,200,2012-05-15,0.45,0.09086917620866403,False,199,3
KO,200,2012-07-16,0.105,0.018946225404697245,False,199,4
KO,200,2012-09-13,0.02,0.003670628517690777,False,199,4
KO,200,2012-11-14,0.0,0.0,False,199,5
KO,200,2013-01-16,0.0,0.0,False,199,4
KO,200,2013-03-19,0.0,0.0,False,199,1
KO,200,2013-05-17,0.04,-0.007686428794495655,False,199,1
KO,200,2013-07-18,0.02,-0.005173478997838095,False,199,4
KO,200,2013-09-17,0.02,-0.002428998636929693,False,199,4
KO,200,2013-11-14,0.03,-0.0043718182345783,False,199,5
KO,200,2014-01-16,0.005,-0.0004516892965820624,False,199,5
KO,200,2014-03-19,0.035,-0.004708115908793447,False,199,4
KO,200,2014-05-19,0.025,0.0017603665963637689,False,199,2
KO,200,2014-07-18,0.0,0.0,False,199,2
KO,200,2014-09-17,0.0,0.0,False,199,3
KO,200,2014-11-14,0.0,0.0,False,199,5
KO,200,2015-01-16,0.015,-0.0012470472359378266,False,199,1
KO,200,2015-03-19,0.095,-0.000390260407771693,False,199,1
KO,200,2015-05-19,0.075,-0.004922672304313419,False,199,5
KO,200,2015-07-20,0.085,0.006089933550850694,False,199,1
KO,200,2015-09-17,0.105,0.01605541582774023,False,199,4
KO,200,2015-11-16,0.02,0.0009398933915766344,False,199,4
KO,200,2016-01-19,0.005,-0.0010957803107253432,False,199,5
KO,200,2016-03-18,0.005,-0.001163668093913535,False,199,3
KO,200,2016-05-18,0.015,-0.002309864762063969,False,199,1
KO,200,2016-07-19,0.0,0.0,False,199,1
KO,200,2016-09-16,0.0,0.0,False,199,4
KO,200,2016-11-15,0.01,0.002129351478966344,False,199,5
KO,200,2017-01-18,0.025,0.003940940617593412,False,199,2
KO,200,2017-03-20,0.01,0.002300433695083669,False,199,3
KO,200,2017-05-18,0.0,0.0,False,199,5
KO,200,2017-07-19,0.005,0.00144303695211469,False,199,5
KO,200,2017-09-18,0.005,0.0007098142780474949,False,199,4
KO,200,2017-11-15,0.0,0.0,False,199,3
KO,200,2018-01-18,0.03,-0.009054706853346136,False,199,5
KO,200,2018-03-20,0.0,0.0,False,199,4
KO,200,2018-05-18,0.005,0.0005241071875252616,False,199,2
KO,200,2018-07-19,0.02,0.0033465338689227108,False,199,2
KO,200,2018-09-18,0.015,0.0026757150763932107,False,199,3
KO,200,2018-11-15,0.07,0.012074358646437473,False,199,1
KO,200,2019-01-18,0.065,0.009835092416636966,False,199,5
KO,200,2019-03-21,0.01,0.0009375316008435347,False,199,1
KO,200,2019-05-21,0.0,0.0,False,199,1
KO,200,2019-07-22,0.02,0.0001366564816097422,False,199,1
KO,200,2019-09-19,0.0,0.0,False,199,5
KO,200,2019-11-18,0.0,0.0,False,199,3
KO,200,2020-01-21,0.0,0.0,False,199,5
KO,200,2020-03-20,0.01,5.4457108773715706e-05,False,199,5
KO,200,2020-05-20,0.03,0.0031861891268486144,False,199,5
KO,200,2020-07-21,0.05,0.006620577769185188,False,199,3
KO,200,2020-09-18,0.035,0.0023780045281109287,False,199,5
KO,200,2020-11-17,0.0,0.0,False,199,5
KO,200,2021-01-20,0.015,-0.001869662331360813,False,199,4
KO,200,2021-03-22,0.125,-0.021819570716870778,False,199,2
KO,200,2021-05-20,0.06,-0.011369457167010169,False,199,1
KO,200,2021-07-21,0.125,-0.02449485937636456,False,199,1
KO,200,2021-09-20,0.01,-0.0017647741852031057,False,199,1
KO,200,2021-11-17,0.015,-0.0028580292907155647,False,199,2
KO,200,2022-01-19,0.015,0.0013013671035328103,False,199,2
KO,200,2022-03-21,0.005,0.0016904739458971562,False,199,2
KO,200,2022-05-19,0.03,0.007928616371314527,False,199,3
KO,200,2022-07-21,0.015,0.0032681657695643497,False,199,4
KO,200,2022-09-20,0.015,0.0010768662498487763,False,199,3
KO,200,2022-11-17,0.0,0.0,False,199,5
KO,200,2023-01-20,0.01,-0.0029306425639256317,False,199,5
KO,200,2023-03-22,0.015,-0.004095039620298035,False,199,3
KO,200,2023-05-22,0.0,0.0,False,199,3
KO,200,2023-07-24,0.025,-0.003583064381545453,False,199,2
KO,200,2023-09-21,0.035,-0.006234237117426456,False,199,2
KO,200,2023-11-20,0.03,-0.0060545112711027325,False,199,2
KO,200,2024-01-23,0.025,-0.003947205808537738,False,199,3
KO,200,2024-03-22,0.005,-0.0008118298189703704,False,199,3
KO,200,2024-05-22,0.005,0.001180849413708892,False,199,3
KO,200,2024-07-24,0.0,0.0,False,199,4
KO,200,2024-09-23,0.01,0.0014642270392002494,False,199,3
KO,200,2024-11-20,0.01,0.002179434388260355,False,199,4
KO,200,2025-01-24,0.05,-0.009222395509291069,False,199,3
KO,200,2025-03-26,0.005,-0.0008655784501367031,False,199,2
KO,200,2025-05-27,0.01,-0.0012674759642352412,False,199,2
KO,200,2025-07-28,0.01,-0.00154340828654381,False,199,4
KO,200,2025-09-25,0.0,0.0,False,199,4
KO,200,2025-11-24,0.005,0.0013841680209572044,False,199,3
WMT,200,1999-05-10,0.01,0.002051071308104935,False,199,5
WMT,200,1999-07-09,0.0,0.0,False,199,5
WMT,200,1999-09-08,0.0,0.0,False,199,2
WMT,200,1999-11-05,0.0,0.0,False,199,4
WMT,200,2000-01-06,0.0,0.0,False,199,2
WMT,200,2000-03-08,0.0,0.0,False,199,4
WMT,200,2000-05-08,0.005,0.0008407305650916003,False,199,3
WMT,200,2000-07-07,0.005,0.0008457653818510123,False,199,2
WMT,200,2000-09-06,0.03,-0.006024922885814966,False,199,1
WMT,200,2000-11-03,0.045,-0.00020872748063578556,False,199,2
WMT,200,2001-01-05,0.065,-0.013237681639702258,False,199,2
WMT,200,2001-03-08,0.255,-0.06199500455363959,False,199,1
WMT,200,2001-05-08,0.025,-0.004684283536029263,False,199,2
WMT,200,2001-07-09,0.01,0.0015017134441130148,False,199,3
WMT,200,2001-09-06,0.005,0.000781075597851668,False,199,5
WMT,200,2001-11-09,0.09,0.015691875481638716,False,199,2
WMT,200,2002-01-11,0.005,0.0011035150702180547,False,199,3
WMT,200,2002-03-14,0.01,-0.00188745337800531,False,199,4
WMT,200,2002-05-14,0.01,0.002221939255895459,False,199,5
WMT,200,2002-07-15,0.01,-0.001410994500398628,False,199,4
WMT,200,2002-09-12,0.0,0.0,False,199,4
WMT,200,2002-11-11,0.09,-0.016717494883173332,False,199,2
WMT,200,2003-01-13,0.105,-0.026395377391316602,False,199,5
WMT,200,2003-03-14,0.0,0.0,False,199,5
WMT,200,2003-05-14,0.28,-0.06015452611404811,False,199,1
WMT,200,2003-07-15,0.145,-0.024633824838733408,False,199,2
WMT,200,2003-09-12,0.095,-0.017147211255495124,False,199,4
WMT,200,2003-11-11,0.04,-0.00664437770217197,False,199,5
WMT,200,2004-01-13,0.035,0.0028516294370618594,False,199,5
WMT,200,2004-03-15,0.15,-0.01847525130725768,False,199,2
WMT,200,2004-05-13,0.005,0.0010557647080844134,False,199,1
WMT,200,2004-07-15,0.08,-0.012837297860536502,False,199,2
WMT,200,2004-09-14,0.075,0.010004301547711779,False,199,2
WMT,200,2004-11-11,0.03,-0.006181767315007088,False,199,4
WMT,200,2005-01-12,0.06,0.011275424073392744,False,199,1
WMT,200,2005-03-15,0.015,0.003327572047192983,False,199,1
WMT,200,2005-05-13,0.03,0.005292424312321904,False,199,5
WMT,200,2005-07-14,0.06,0.011648963541918802,False,199,2
WMT,200,2005-09-13,0.005,-0.0007391376332434704,False,199,4
WMT,200,2005-11-10,0.03,-0.006448758918322852,False,199,2
WMT,200,2006-01-12,0.02,-0.003859462312865957,False,199,5
WMT,200,2006-03-15,0.025,0.003027350732144611,False,199,1
WMT,200,2006-05-15,0.03,0.0031214298806144293,False,200,1
WMT,200,2006-07-14,0.0,0.0,False,199,1
WMT,200,2006-09-13,0.04,-0.008568416790402324,False,199,1
WMT,200,2006-11-10,0.225,-0.04477280515385965,False,199,5
WMT,200,2007-01-16,0.005,-0.000768884806396111,False,199,5
WMT,200,2007-03-16,0.005,-0.0010081341528025488,False,199,4
WMT,200,2007-05-16,0.005,-0.0009742483496135884,False,199,4
WMT,200,2007-07-17,0.0,0.0,False,199,2
WMT,200,2007-09-14,0.005,0.0004954840784807975,False,199,5
WMT,200,2007-11-13,0.02,0.0034357117898446087,False,199,5
WMT,200,2008-01-15,0.035,0.009661840189060949,False,199,5
WMT,200,2008-03-17,0.0,0.0,False,199,3
WMT,200,2008-05-15,0.0,0.0,False,199,2
WMT,200,2008-07-16,0.0,0.0,False,199,4
WMT,200,2008-09-15,0.005,-0.0007498552627754659,False,199,2
WMT,200,2008-11-12,0.09,0.013693812880657028,False,199,5
WMT,200,2009-01-14,0.135,0.03196782387804454,False,199,5
WMT,200,2009-03-17,0.01,0.002077216267697496,False,199,5
WMT,200,2009-05-15,0.005,0.0010160836980048105,False,199,5
WMT,200,2009-07-16,0.0,0.0,False,199,5
WMT,200,2009-09-15,0.0,0.0,False,199,1
WMT,200,2009-11-12,0.005,-0.0010592129254422774,False,199,1
WMT,200,2010-01-14,0.01,-0.0022667873430254363,False,199,1
WMT,200,2010-03-17,0.015,-0.003301203892258068,False,199,2
WMT,200,2010-05-17,0.015,-0.0033100195545920563,False,199,4
WMT,200,2010-07-16,0.0,0.0,False,199,5
WMT,200,2010-09-15,0.075,-0.012640910089341907,False,199,1
WMT,200,2010-11-12,0.01,-0.0017613132338274778,False,199,4
WMT,200,2011-01-13,0.005,-0.000943156600848598,False,199,1
WMT,200,2011-03-16,0.0,0.0,False,199,2
WMT,200,2011-05-16,0.045,0.008521441126945634,False,199,2
WMT,200,2011-07-15,0.015,0.002673701043395243,False,199,5
WMT,200,2011-09-14,0.045,0.006612404448996328,False,199,5
WMT,200,2011-11-11,0.025,0.004351029249619321,False,199,5
WMT,200,2012-01-13,0.01,0.0012558421652213608,False,199,5
WMT,200,2012-03-15,0.01,0.0015897095389820993,False,199,5
WMT,200,2012-05-15,0.0,0.0,False,199,2
WMT,200,2012-07-16,0.015,0.002507805617938087,False,199,2
WMT,200,2012-09-13,0.095,0.017778024234421284,False,199,2
WMT,200,2012-11-14,0.055,0.009785517273513494,False,199,2
WMT,200,2013-01-16,0.01,0.0015717596136183539,False,199,1
WMT,200,2013-03-19,0.02,-0.004542637017468546,False,199,2
WMT,200,2013-05-17,0.05,0.005938803314271891,False,199,3
WMT,200,2013-07-18,0.13,0.017001326367977375,False,199,4
WMT,200,2013-09-17,0.05,-0.008390091426464274,False,199,2
WMT,200,2013-11-14,0.005,-0.0010379063746465314,False,199,1
WMT,200,2014-01-16,0.0,0.0,False,199,5
WMT,200,2014-03-19,0.0,0.0,False,199,2
WMT,200,2014-05-19,0.005,-0.0010585921068810575,False,199,4
WMT,200,2014-07-18,0.005,-0.0007168464065321014,False,199,1
WMT,200,2014-09-17,0.0,0.0,False,199,1
WMT,200,2014-11-14,0.0,0.0,False,199,1
WMT,200,2015-01-16,0.02,0.004811255035428011,False,199,2
WMT,200,2015-03-19,0.01,-0.0014845357726456264,False,199,1
WMT,200,2015-05-19,0.0,0.0,False,199,1
WMT,200,2015-07-20,0.0,0.0,False,199,5
WMT,200,2015-09-17,0.005,0.0010096592974667147,False,199,1
WMT,200,2015-11-16,0.0,0.0,False,199,5
WMT,200,2016-01-19,0.0,0.0,False,199,5
WMT,200,2016-03-18,0.09,-0.022267354411187545,False,199,5
WMT,200,2016-05-18,0.185,-0.040132144103841735,False,199,5
WMT,200,2016-07-19,0.035,-0.008069403471887343,False,199,4
WMT,200,2016-09-16,0.015,-0.003906599162202665,False,199,4
WMT,200,2016-11-15,0.0,0.0,False,199,4
WMT,200,2017-01-18,0.0,0.0,False,199,4
WMT,200,2017-03-20,0.0,0.0,False,199,3
WMT,200,2017-05-18,0.0,0.0,False,199,5
WMT,200,2017-07-19,0.0,0.0,False,199,4
WMT,200,2017-09-18,0.01,-0.004441567255586659,False,199,5
WMT,200,2017-11-15,0.015,-0.002682166668699497,False,199,1
WMT,200,2018-01-18,0.03,-0.00592603278089438,False,199,1
WMT,200,2018-03-20,0.01,-0.0013579476529986913,False,199,5
WMT,200,2018-05-18,0.0,0.0,False,199,5
WMT,200,2018-07-19,0.095,0.015258965092169658,False,199,3
WMT,200,2018-09-18,0.045,0.00729401852867925,False,199,1
WMT,200,2018-11-15,0.035,0.0049802870364087405,False,199,1
WMT,200,2019-01-18,0.01,0.0017248377592193093,False,199,4
WMT,200,2019-03-21,0.0,0.0,False,199,4
WMT,200,2019-05-21,0.0,0.0,False,199,4
WMT,200,2019-07-22,0.015,0.0028906196268588475,False,199,3
WMT,200,2019-09-19,0.025,0.0024516466571351545,False,200,1
WMT,200,2019-11-18,0.0,0.0,False,199,5
WMT,200,2020-01-21,0.005,0.00048447649498217055,False,199,2
WMT,200,2020-03-20,0.01,-0.001953503374842776,False,199,2
WMT,200,2020-05-20,0.01,-0.0014259400716670346,False,199,2
WMT,200,2020-07-21,0.015,-0.0015109511130709677,False,199,2
WMT,200,2020-09-18,0.005,-0.0005630294980233099,False,199,2
WMT,200,2020-11-17,0.0,0.0,False,199,5
WMT,200,2021-01-20,0.005,0.0009489734307168675,False,199,2
WMT,200,2021-03-22,0.03,0.004459851325890829,False,199,2
WMT,200,2021-05-20,0.07,0.01169791485112085,False,199,3
WMT,200,2021-07-21,0.05,0.009116480423825653,False,199,3
WMT,200,2021-09-20,0.01,0.0015137707361827773,False,199,4
WMT,200,2021-11-17,0.005,0.0007813109667346488,False,199,3
WMT,200,2022-01-19,0.045,0.014806073754420423,False,199,4
WMT,200,2022-03-21,0.03,0.007654314074724944,False,199,5
WMT,200,2022-05-19,0.045,0.006021338403896734,False,199,1
WMT,200,2022-07-21,0.02,0.001426285769040912,False,199,3
WMT,200,2022-09-20,0.015,-0.0028533715879330377,False,199,2
WMT,200,2022-11-17,0.025,-0.004870326699702569,False,199,5
WMT,200,2023-01-20,0.06,-0.008736090430537868,False,199,4
WMT,200,2023-03-22,0.0,0.0,False,199,4
WMT,200,2023-05-22,0.0,0.0,False,199,1
WMT,200,2023-07-24,0.01,-0.0011594425574815662,False,199,1
WMT,200,2023-09-21,0.0,0.0,False,199,2
WMT,200,2023-11-20,0.005,0.0009709526464724141,False,199,4
WMT,200,2024-01-23,0.055,0.004683929003393126,False,199,1
WMT,200,2024-03-22,0.0,0.0,False,199,3
WMT,200,2024-05-22,0.04,-0.003946008042252228,False,199,1
WMT,200,2024-07-24,0.02,-0.0030904340371611765,False,199,5
WMT,200,2024-09-23,0.0,0.0,False,199,5
WMT,200,2024-11-20,0.03,-0.0053395922184829815,False,199,5
WMT,200,2025-01-24,0.075,-0.015080212256422863,False,199,5
WMT,200,2025-03-26,0.035,-0.00640408605427501,False,199,3
WMT,200,2025-05-27,0.07,-0.014647803757564491,False,199,5
WMT,200,2025-07-28,0.14,-0.03190712140795135,False,199,1
WMT,200,2025-09-25,0.02,-0.0027284246165119167,False,199,1
WMT,200,2025-11-24,0.015,-0.003240459748587084,False,199,1
MSFT,200,1999-05-10,0.005,-0.002331346708660218,False,199,1
MSFT,200,1999-07-09,0.005,-0.0010851515876380015,False,199,3
MSFT,200,1999-09-08,0.005,0.0010804346837788067,False,200,3
MSFT,200,1999-11-05,0.02,0.00345706210939689,False,199,5
MSFT,200,2000-01-06,0.01,-0.0003531007531608925,False,199,5
MSFT,200,2000-03-08,0.015,0.0005831469485975695,False,200,4
MSFT,200,2000-05-08,0.005,-0.0006665429477058163,False,199,2
MSFT,200,2000-07-07,0.0,0.0,False,199,1
MSFT,200,2000-09-06,0.0,0.0,False,199,3
MSFT,200,2000-11-03,0.0,0.0,False,199,4
MSFT,200,2001-01-05,0.01,-0.0021805702222749386,False,199,4
MSFT,200,2001-03-08,0.01,-0.0030755223810205404,False,199,2
MSFT,200,2001-05-08,0.0,0.0,False,199,4
MSFT,200,2001-07-09,0.0,0.0,False,199,5
MSFT,200,2001-09-06,0.01,-0.0017528948074152068,False,199,2
MSFT,200,2001-11-09,0.23,-0.048628545499060365,False,199,3
MSFT,200,2002-01-11,0.13,-0.02461745122852334,False,199,3
MSFT,200,2002-03-14,0.075,-0.016445153290565492,False,199,5
MSFT,200,2002-05-14,0.07,-0.014357538745232792,False,199,5
MSFT,200,2002-07-15,0.015,-0.00281562893423015,False,199,5
MSFT,200,2002-09-12,0.005,-0.0017655409580134267,False,199,5
MSFT,200,2002-11-11,0.005,-0.0008505884348329487,False,199,5
MSFT,200,2003-01-13,0.0,0.0,False,199,4
MSFT,200,2003-03-14,0.0,0.0,False,199,2
MSFT,200,2003-05-14,0.0,0.0,False,199,5
MSFT,200,2003-07-15,0.0,0.0,False,199,2
MSFT,200,2003-09-12,0.0,0.0,False,199,3
MSFT,200,2003-11-11,0.0,0.0,False,199,2
MSFT,200,2004-01-13,0.005,-0.0006115415331542855,False,199,2
MSFT,200,2004-03-15,0.01,-0.0014002042151347483,False,199,1
MSFT,200,2004-05-13,0.02,-0.0025895875241286727,False,199,1
MSFT,200,2004-07-15,0.03,-0.003770337248182284,False,199,4
MSFT,200,2004-09-14,0.145,0.024344178125926205,False,199,2
MSFT,200,2004-11-11,0.155,0.03080451377553837,False,199,5
MSFT,200,2005-01-12,0.04,0.006654000487243196,False,199,1
MSFT,200,2005-03-15,0.015,0.002826398461202219,False,199,5
MSFT,200,2005-05-13,0.0,0.0,False,199,5
MSFT,200,2005-07-14,0.005,0.0007946281981874809,False,199,5
MSFT,200,2005-09-13,0.035,0.006320675759193135,False,199,5
MSFT,200,2005-11-10,0.07,0.010115678956337743,False,199,2
MSFT,200,2006-01-12,0.075,0.012390690522649857,False,199,2
MSFT,200,2006-03-15,0.005,0.0011255333699866765,False,199,3
MSFT,200,2006-05-15,0.0,0.0,False,199,1
MSFT,200,2006-07-14,0.0,0.0,False,199,3
MSFT,200,2006-09-13,0.07,0.01433600047774747,False,199,3
MSFT,200,2006-11-10,0.0,0.0,False,199,4
MSFT,200,2007-01-16,0.0,0.0,False,199,5
MSFT,200,2007-03-16,0.0,0.0,False,199,5
MSFT,200,2007-05-16,0.005,0.000801826645999274,False,199,4
MSFT,200,2007-07-17,0.005,0.0009020865533540308,False,199,2
MSFT,200,2007-09-14,0.015,0.002163555153245795,False,199,1
MSFT,200,2007-11-13,0.02,0.0024139599687182135,False,199,3
MSFT,200,2008-01-15,0.0,0.0,False,199,5
MSFT,200,2008-03-17,0.0,0.0,False,199,4
MSFT,200,2008-05-15,0.035,-0.007587613860332694,False,199,5
MSFT,200,2008-07-16,0.185,-0.037002169040398214,False,199,5
MSFT,200,2008-09-15,0.035,0.009445157984439982,False,199,2
MSFT,200,2008-11-12,0.265,-0.06173206008169253,False,199,4
MSFT,200,2009-01-14,0.12,-0.03427666436034529,False,199,3
MSFT,200,2009-03-17,0.205,-0.05990793608447888,False,199,4
MSFT,200,2009-05-15,0.34,-0.10917050953889444,False,199,4
MSFT,200,2009-07-16,0.15,-0.04548916324098255,False,199,3
MSFT,200,2009-09-15,0.0,0.0,False,199,5
MSFT,200,2009-11-12,0.005,0.0007194405516437009,False,199,5
MSFT,200,2010-01-14,0.0,0.0,False,199,5
MSFT,200,2010-03-17,0.005,-0.0007426799212438036,False,199,2
MSFT,200,2010-05-17,0.0,0.0,False,199,5
MSFT,200,2010-07-16,0.03,-0.0050040432820417525,False,199,5
MSFT,200,2010-09-15,0.045,0.00478575461336553,False,199,5
MSFT,200,2010-11-12,0.04,0.00812788083214326,False,199,2
MSFT,200,2011-01-13,0.06,0.004571690247036479,False,199,1
MSFT,200,2011-03-16,0.01,-0.001654179297777439,False,199,1
MSFT,200,2011-05-16,0.38,-0.07338425249589037,False,199,2
MSFT,200,2011-07-15,0.235,-0.04943689633090423,False,199,3
MSFT,200,2011-09-14,0.125,-0.025873789990198296,False,199,5
MSFT,200,2011-11-11,0.01,0.00010481526674207334,False,199,5
MSFT,200,2012-01-13,0.005,-0.0008411456336602967,False,199,4
MSFT,200,2012-03-15,0.025,-0.003681889490952227,False,199,5
MSFT,200,2012-05-15,0.005,-0.0005406586142352415,False,199,5
MSFT,200,2012-07-16,0.02,-0.002694951937842134,False,199,4
MSFT,200,2012-09-13,0.01,-0.0015407895482085008,False,199,3
MSFT,200,2012-11-14,0.02,0.006544346132970244,False,199,5
MSFT,200,2013-01-16,0.04,-0.006705550521749381,False,199,1
MSFT,200,2013-03-19,0.19,0.04344216232138125,False,199,3
MSFT,200,2013-05-17,0.015,0.002682989997307902,False,199,2
MSFT,200,2013-07-18,0.015,0.0018944922741091082,False,199,5
MSFT,200,2013-09-17,0.005,0.0007104636605376989,False,199,4
MSFT,200,2013-11-14,0.0,0.0,False,199,5
MSFT,200,2014-01-16,0.23,-0.04427750671151493,False,199,2
MSFT,200,2014-03-19,0.0,0.0,False,199,1
MSFT,200,2014-05-19,0.005,-0.0008016208063110362,False,199,5
MSFT,200,2014-07-18,0.005,0.0010278218606182196,False,199,3
MSFT,200,2014-09-17,0.015,-0.002480665201524937,False,199,4
MSFT,200,2014-11-14,0.02,-0.003630389453185899,False,199,5
MSFT,200,2015-01-16,0.0,0.0,False,199,1
MSFT,200,2015-03-19,0.015,-0.0019929315652678164,False,199,1
MSFT,200,2015-05-19,0.01,-0.0013610665905779184,False,199,3
MSFT,200,2015-07-20,0.0,0.0,False,199,1
MSFT,200,2015-09-17,0.0,0.0,False,199,1
MSFT,200,2015-11-16,0.0,0.0,False,199,2
MSFT,200,2016-01-19,0.0,0.0,False,199,1
MSFT,200,2016-03-18,0.03,0.02300349885115256,False,199,3
MSFT,200,2016-05-18,0.0,0.0,False,199,4
MSFT,200,2016-07-19,0.0,0.0,False,199,5
MSFT,200,2016-09-16,0.005,0.0008311519734935394,False,199,5
MSFT,200,2016-11-15,0.035,0.006142272957331332,False,199,5
MSFT,200,2017-01-18,0.005,0.0009437052466163046,False,199,5
MSFT,200,2017-03-20,0.0,0.0,False,199,4
MSFT,200,2017-05-18,0.0,0.0,False,199,2
MSFT,200,2017-07-19,0.065,-0.010012598623473918,False,199,1
MSFT,200,2017-09-18,0.015,-0.002719517684705926,False,199,4
MSFT,200,2017-11-15,0.005,0.0008565942382065128,False,199,3
MSFT,200,2018-01-18,0.01,-0.002095290578600673,False,199,4
MSFT,200,2018-03-20,0.0,0.0,False,199,4
MSFT,200,2018-05-18,0.0,0.0,False,199,5
MSFT,200,2018-07-19,0.005,0.0012008607734428885,False,199,5
MSFT,200,2018-09-18,0.075,0.01225929595864849,False,199,3
MSFT,200,2018-11-15,0.095,0.017182156391756895,False,199,2
MSFT,200,2019-01-18,0.015,0.002838310477663642,False,199,2
MSFT,200,2019-03-21,0.005,-0.0007009016280680632,False,199,2
MSFT,200,2019-05-21,0.005,0.0008592971213999312,False,199,2
MSFT,200,2019-07-22,0.005,0.0008202695557396749,False,199,2
MSFT,200,2019-09-19,0.0,0.0,False,199,1
MSFT,200,2019-11-18,0.03,-0.005293171196401562,False,199,2
MSFT,200,2020-01-21,0.03,0.0007248885711704728,False,199,3
MSFT,200,2020-03-20,0.11,0.014747575301152345,False,199,4
MSFT,200,2020-05-20,0.065,0.008074014994180883,False,199,2
MSFT,200,2020-07-21,0.065,0.005752035676816055,False,199,2
MSFT,200,2020-09-18,0.02,0.0016975569212121955,False,199,2
MSFT,200,2020-11-17,0.03,0.0032631870739802753,False,199,2
MSFT,200,2021-01-20,0.03,-0.003266382288383538,False,199,3
MSFT,200,2021-03-22,0.005,-0.0012997043240766098,False,199,1
MSFT,200,2021-05-20,0.06,-0.013422678250131968,False,199,5
MSFT,200,2021-07-21,0.255,-0.0562369367842716,False,199,2
MSFT,200,2021-09-20,0.05,-0.009413787176813153,False,199,2
MSFT,200,2021-11-17,0.035,-0.007971546596941966,False,199,2
MSFT,200,2022-01-19,0.025,0.0006431143304549033,False,199,1
MSFT,200,2022-03-21,0.005,0.0006434663613274713,False,199,5
MSFT,200,2022-05-19,0.01,-0.0015379233017199694,False,199,4
MSFT,200,2022-07-21,0.0,0.0,False,199,4
MSFT,200,2022-09-20,0.0,0.0,False,199,3
MSFT,200,2022-11-17,0.0,0.0,False,199,4
MSFT,200,2023-01-20,0.02,0.0038144494068123413,False,199,5
MSFT,200,2023-03-22,0.0,0.0,False,199,5
MSFT,200,2023-05-22,0.005,0.0009566899488513329,False,199,2
MSFT,200,2023-07-24,0.02,-0.004102464630353708,False,199,4
MSFT,200,2023-09-21,0.185,-0.039768121902397896,False,199,3
MSFT,200,2023-11-20,0.105,-0.025431233179787113,False,199,4
MSFT,200,2024-01-23,0.225,-0.05766332110778558,False,199,5
MSFT,200,2024-03-22,0.07,-0.011743138179622413,False,199,2
MSFT,200,2024-05-22,0.0,0.0,False,199,2
MSFT,200,2024-07-24,0.0,0.0,False,199,1
MSFT,200,2024-09-23,0.0,0.0,False,199,1
MSFT,200,2024-11-20,0.0,0.0,False,199,3
MSFT,200,2025-01-24,0.0,0.0,False,199,2
MSFT,200,2025-03-26,0.045,0.009432888116413159,False,199,4
MSFT,200,2025-05-27,0.0,0.0,False,199,3
MSFT,200,2025-07-28,0.02,-0.003483690568462975,False,199,3
MSFT,200,2025-09-25,0.045,-0.009403658175120693,False,199,5
MSFT,200,2025-11-24,0.105,-0.020802138187535114,False,199,1
INTC,200,1999-05-10,0.05,0.009642202182533942,False,199,2
INTC,200,1999-07-09,0.015,0.0035679489515373763,False,199,2
INTC,200,1999-09-08,0.005,-0.0011973689648598156,False,199,2
INTC,200,1999-11-05,0.0,0.0,False,199,1
INTC,200,2000-01-06,0.005,0.0029207856696615514,False,199,2
INTC,200,2000-03-08,0.0,0.0,False,199,2
INTC,200,2000-05-08,0.0,0.0,False,199,4
INTC,200,2000-07-07,0.115,-0.016185628661791258,False,199,4
INTC,200,2000-09-06,0.155,-0.02182153260250529,False,199,3
INTC,200,2000-11-03,0.135,-0.02051646606939482,False,199,5
INTC,200,2001-01-05,0.05,-0.006463882984184975,False,199,5
INTC,200,2001-03-08,0.035,0.00987142147139646,False,199,5
INTC,200,2001-05-08,0.025,0.005838450340972249,False,199,3
INTC,200,2001-07-09,0.09,0.021067435213749004,False,199,4
INTC,200,2001-09-06,0.005,0.000798050764743485,False,199,5
INTC,200,2001-11-09,0.005,0.0012337347576834587,False,199,4
INTC,200,2002-01-11,0.005,0.0006161641830713104,False,199,1
INTC,200,2002-03-14,0.05,-0.009052190283184885,False,199,3
INTC,200,2002-05-14,0.095,-0.016138304188212427,False,199,4
INTC,200,2002-07-15,0.045,-0.006940866071969657,False,199,5
INTC,200,2002-09-12,0.01,-0.0010774184178676297,False,199,5
INTC,200,2002-11-11,0.0,0.0,False,199,5
INTC,200,2003-01-13,0.01,-0.0023243455940829684,False,199,3
INTC,200,2003-03-14,0.01,-0.0013282537151466465,False,199,5
INTC,200,2003-05-14,0.015,-0.0018800686336307995,False,199,2
INTC,200,2003-07-15,0.005,-0.0005641216871985178,False,199,3
INTC,200,2003-09-12,0.0,0.0,False,199,5
INTC,200,2003-11-11,0.015,0.0030016150589063794,False,199,4
INTC,200,2004-01-13,0.055,0.011223432506493183,False,199,3
INTC,200,2004-03-15,0.01,0.0005004866282399,False,199,2
INTC,200,2004-05-13,0.03,-0.0009836856637150371,False,199,2
INTC,200,2004-07-15,0.045,-0.0072962337904467845,False,199,1
INTC,200,2004-09-14,0.19,-0.04194324339886279,False,199,3
INTC,200,2004-11-11,0.16,-0.04054703687419294,False,199,5
INTC,200,2005-01-12,0.005,-0.0009344090250699542,False,199,5
INTC,200,2005-03-15,0.0,0.0,False,199,1
INTC,200,2005-05-13,0.01,-0.0019422791845987997,False,199,5
INTC,200,2005-07-14,0.0,0.0,False,199,2
INTC,200,2005-09-13,0.065,0.017641243075299504,False,199,3
INTC,200,2005-11-10,0.01,0.0019835050362774966,False,199,3
INTC,200,2006-01-12,0.015,0.0033985526226045283,False,199,1
INTC,200,2006-03-15,0.0,0.0,False,199,5
INTC,200,2006-05-15,0.0,0.0,False,199,5
INTC,200,2006-07-14,0.0,0.0,False,199,5
INTC,200,2006-09-13,0.01,-0.003974129041098248,False,199,4
INTC,200,2006-11-10,0.0,0.0,False,199,2
INTC,200,2007-01-16,0.005,-0.0009872819808267946,False,199,2
INTC,200,2007-03-16,0.0,0.0,False,199,5
INTC,200,2007-05-16,0.0,0.0,False,199,5
INTC,200,2007-07-17,0.0,0.0,False,199,5
INTC,200,2007-09-14,0.01,0.0012519932235594083,False,199,4
INTC,200,2007-11-13,0.0,0.0,False,199,3
INTC,200,2008-01-15,0.0,0.0,False,199,4
INTC,200,2008-03-17,0.015,-0.003264514871136403,False,199,5
INTC,200,2008-05-15,0.015,-0.0024888636786764467,False,199,1
INTC,200,2008-07-16,0.19,-0.03065311159788992,False,199,2
INTC,200,2008-09-15,0.06,-0.01059864977224139,False,199,1
INTC,200,2008-11-12,0.1,-0.014411892349358886,False,199,1
INTC,200,2009-01-14,0.125,-0.023000386239062157,False,199,1
INTC,200,2009-03-17,0.11,-0.019388419873087388,False,199,1
INTC,200,2009-05-15,0.035,-0.006800347125291505,False,199,1
INTC,200,2009-07-16,0.085,-0.01497499444156718,False,199,4
INTC,200,2009-09-15,0.01,-0.0018557289562327335,False,199,3
INTC,200,2009-11-12,0.01,0.00029517515733041996,False,199,2
INTC,200,2010-01-14,0.005,0.0006956522098019901,False,199,3
INTC,200,2010-03-17,0.01,0.0016815547160326098,False,199,4
INTC,200,2010-05-17,0.005,-0.000809153037853606,False,199,1
INTC,200,2010-07-16,0.06,0.014767367767034547,False,199,3
INTC,200,2010-09-15,0.005,-0.0010464651988496133,False,199,2
INTC,200,2010-11-12,0.005,-0.0010376607391664695,False,199,3
INTC,200,2011-01-13,0.0,0.0,False,199,1
INTC,200,2011-03-16,0.065,0.013201753682829373,False,199,5
INTC,200,2011-05-16,0.0,0.0,False,199,5
INTC,200,2011-07-15,0.005,-0.001061077011605458,False,199,5
INTC,200,2011-09-14,0.025,0.0046058033441045525,False,199,5
INTC,200,2011-11-11,0.0,0.0,False,199,5
INTC,200,2012-01-13,0.01,-0.0012671979035275393,False,199,3
INTC,200,2012-03-15,0.025,0.004493676469434282,False,199,1
INTC,200,2012-05-15,0.0,0.0,False,199,2
INTC,200,2012-07-16,0.0,0.0,False,199,4
INTC,200,2012-09-13,0.005,0.001074999266446336,False,199,4
INTC,200,2012-11-14,0.075,0.02703087631978458,False,199,5
INTC,200,2013-01-16,0.035,0.014301147201717537,False,199,2
INTC,200,2013-03-19,0.145,0.0316468364006742,False,199,3
INTC,200,2013-05-17,0.045,0.014874403487497362,False,199,1
INTC,200,2013-07-18,0.175,-0.02942819851662677,False,199,2
INTC,200,2013-09-17,0.135,-0.022977463916156703,False,199,4
INTC,200,2013-11-14,0.23,-0.04480213955147461,False,199,1
INTC,200,2014-01-16,0.27,-0.05740386408935321,False,199,5
INTC,200,2014-03-19,0.16,-0.03362019526612827,False,199,3
INTC,200,2014-05-19,0.345,-0.0837337226158665,False,199,1
INTC,200,2014-07-18,0.005,-0.0009251709867399516,False,199,3
INTC,200,2014-09-17,0.0,0.0,False,199,4
INTC,200,2014-11-14,0.025,-0.006185975949827872,False,199,5
INTC,200,2015-01-16,0.055,-0.010838662714240157,False,199,5
INTC,200,2015-03-19,0.01,-0.0018239152468805713,False,199,3
INTC,200,2015-05-19,0.005,-0.0008679756397031718,False,199,4
INTC,200,2015-07-20,0.16,-0.03963123518211522,False,200,2
INTC,200,2015-09-17,0.005,-0.0008811377789842799,False,200,1
INTC,200,2015-11-16,0.0,0.0,False,199,5
INTC,200,2016-01-19,0.01,-0.0015392593184394032,False,199,4
INTC,200,2016-03-18,0.02,0.005305116644073861,False,199,1
INTC,200,2016-05-18,0.015,0.0026108048900833213,False,199,1
INTC,200,2016-07-19,0.0,0.0,False,199,2
INTC,200,2016-09-16,0.0,0.0,False,199,3
INTC,200,2016-11-15,0.015,0.0007915478852322409,False,199,4
INTC,200,2017-01-18,0.025,0.004916726708077043,False,199,2
INTC,200,2017-03-20,0.0,0.0,False,199,5
INTC,200,2017-05-18,0.0,0.0,False,199,4
INTC,200,2017-07-19,0.0,0.0,False,199,4
INTC,200,2017-09-18,0.0,0.0,False,199,4
INTC,200,2017-11-15,0.06,0.011358115916502294,False,199,1
INTC,200,2018-01-18,0.03,0.003991722960180568,False,199,2
INTC,200,2018-03-20,0.015,0.002468939473705309,False,199,5
INTC,200,2018-05-18,0.05,-0.004850021429029678,False,199,4
INTC,200,2018-07-19,0.0,0.0,False,199,5
INTC,200,2018-09-18,0.0,0.0,False,199,1
INTC,200,2018-11-15,0.0,0.0,False,199,4
INTC,200,2019-01-18,0.06,-0.014840589864757048,False,199,5
INTC,200,2019-03-21,0.03,-0.009005585775351623,False,199,5
INTC,200,2019-05-21,0.03,-0.005836247814995716,False,199,5
INTC,200,2019-07-22,0.05,-0.01126445044671777,False,199,2
INTC,200,2019-09-19,0.015,-0.0035598039716750744,False,199,4
INTC,200,2019-11-18,0.06,-0.012202706924381874,False,199,5
INTC,200,2020-01-21,0.02,-0.0036565198972286876,False,199,5
INTC,200,2020-03-20,0.01,-0.0015343101334883654,False,199,5
INTC,200,2020-05-20,0.095,-0.016261786707553346,False,199,4
INTC,200,2020-07-21,0.02,-0.0035287574620683003,False,199,4
INTC,200,2020-09-18,0.055,-0.00917652543648166,False,199,3
INTC,200,2020-11-17,0.075,-0.010727982339955222,False,199,4
INTC,200,2021-01-20,0.02,-0.0036357064004521864,False,199,3
INTC,200,2021-03-22,0.13,-0.025178413949878055,False,199,2
INTC,200,2021-05-20,0.04,-0.010119309187943517,False,199,1
INTC,200,2021-07-21,0.015,-0.0043004955527033515,False,199,2
INTC,200,2021-09-20,0.0,0.0,False,199,1
INTC,200,2021-11-17,0.0,0.0,False,199,1
INTC,200,2022-01-19,0.015,0.0010431504705019294,False,199,4
INTC,200,2022-03-21,0.0,0.0,False,199,1
INTC,200,2022-05-19,0.0,0.0,False,199,5
INTC,200,2022-07-21,0.0,0.0,False,199,1
INTC,200,2022-09-20,0.0,0.0,False,199,4
INTC,200,2022-11-17,0.005,0.0006938170857505713,False,199,5
INTC,200,2023-01-20,0.0,0.0,False,199,5
INTC,200,2023-03-22,0.0,0.0,False,199,2
INTC,200,2023-05-22,0.005,-0.0006605428329391808,False,199,3
INTC,200,2023-07-24,0.015,0.002934830504399412,False,199,3
INTC,200,2023-09-21,0.06,0.013010262941639856,False,199,1
INTC,200,2023-11-20,0.135,0.027589264429492298,False,199,3
INTC,200,2024-01-23,0.08,0.018075724563386544,False,199,3
INTC,200,2024-03-22,0.0,0.0,False,199,5
INTC,200,2024-05-22,0.015,-0.001366818267184468,False,199,5
INTC,200,2024-07-24,0.01,-0.0025647448946615236,False,199,2
INTC,200,2024-09-23,0.05,-0.010188034345306745,False,199,2
INTC,200,2024-11-20,0.005,0.0016668970233343241,False,199,1
INTC,200,2025-01-24,0.0,0.0,False,199,3
INTC,200,2025-03-26,0.025,0.002885094065635837,False,199,2
INTC,200,2025-05-27,0.02,0.0029034710736489644,False,199,5
INTC,200,2025-07-28,0.0,0.0,False,199,4
INTC,200,2025-09-25,0.0,0.0,False,199,5
INTC,200,2025-11-24,0.0,0.0,False,199,4
XLK,400,2001-02-12,0.025,0.0036898487347318465,False,399,4
XLK,400,2001-04-12,0.01,0.0002826030930712199,False,399,3
XLK,400,2001-06-13,0.01,0.0014486826345939641,False,399,4
XLK,400,2001-08-13,0.015,0.0024573950907115743,False,399,4
XLK,400,2001-10-17,0.0,0.0,False,399,2
XLK,400,2001-12-17,0.0,0.0,False,399,3
XLK,400,2002-02-19,0.0,0.0,False,399,3
XLK,400,2002-04-19,0.015,-0.0017303117070478016,False,399,3
XLK,400,2002-06-19,0.005,0.000888746165940094,False,399,3
XLK,400,2002-08-19,0.035,0.006968482711596327,False,399,4
XLK,400,2002-10-17,0.03,-0.0041125470476498635,False,399,1
XLK,400,2002-12-17,0.08,-0.011160306080813663,False,399,1
XLK,400,2003-02-19,0.03,-0.004282409152244943,False,399,1
XLK,400,2003-04-21,0.035,-0.0050210716434578055,False,399,1
XLK,400,2003-06-19,0.06,-0.008960797213937555,False,399,3
XLK,400,2003-08-19,0.045,-0.006797379987290391,False,399,3
XLK,400,2003-10-17,0.02,-0.0032238241984399512,False,399,3
XLK,400,2003-12-17,0.02,-0.0031445162885862343,False,399,4
XLK,400,2004-02-19,0.015,-0.001759448518759557,False,399,3
XLK,400,2004-04-20,0.005,-0.0005499528559470962,False,399,3
XLK,400,2004-06-21,0.0,0.0,False,399,4
XLK,400,2004-08-19,0.05,-0.008752297990094936,False,399,2
XLK,400,2004-10-19,0.025,-0.004791650030770633,False,399,3
XLK,400,2004-12-17,0.04,-0.006578607258389713,False,399,5
XLK,400,2005-02-17,0.015,-0.0023320582572998417,False,399,5
XLK,400,2005-04-20,0.01,0.0021958235216644516,False,399,4
XLK,400,2005-06-20,0.02,-0.003955922619841292,False,399,5
XLK,400,2005-08-18,0.02,-0.0027928001339625197,False,399,5
XLK,400,2005-10-18,0.01,-0.0018845714530061827,False,399,4
XLK,400,2005-12-16,0.07,-0.010238396594620152,False,399,4
XLK,400,2006-02-17,0.045,-0.006333366219875379,False,399,2
XLK,400,2006-04-20,0.125,-0.017225824991933442,False,399,3
XLK,400,2006-06-20,0.025,-0.0032281819945453815,False,399,3
XLK,400,2006-08-18,0.025,-0.003279849966600598,False,399,4
XLK,400,2006-10-18,0.025,-0.0027246144867144133,False,399,4
XLK,400,2006-12-18,0.015,-0.001952144896720507,False,399,4
XLK,400,2007-02-21,0.015,-0.0018053760757318646,False,399,4
XLK,400,2007-04-23,0.0,0.0,False,399,3
XLK,400,2007-06-21,0.0,0.0,False,399,4
XLK,400,2007-08-21,0.0,0.0,False,399,1
XLK,400,2007-10-19,0.01,-0.0017005615106307436,False,399,1
XLK,400,2007-12-19,0.005,-0.0007788439695480482,False,399,3
XLK,400,2008-02-21,0.005,-0.0007163439948443224,False,399,1
XLK,400,2008-04-22,0.0,0.0,False,399,2
XLK,400,2008-06-20,0.02,0.0027462347880353125,False,399,5
XLK,400,2008-08-20,0.005,0.0008799697709541182,False,399,5
XLK,400,2008-10-20,0.005,0.0006986595879346731,False,399,1
XLK,400,2008-12-18,0.005,0.0005708617996905458,False,399,4
XLK,400,2009-02-20,0.015,0.0016713629606664871,False,399,4
XLK,400,2009-04-22,0.015,-0.002453273920171258,False,399,5
XLK,400,2009-06-22,0.06,-0.009592639754644002,False,399,5
XLK,400,2009-08-20,0.06,-0.008574449708560259,False,399,5
XLK,400,2009-10-20,0.09,-0.012108753650526714,False,399,5
XLK,400,2009-12-18,0.095,-0.012296589158262174,False,399,5
XLK,400,2010-02-22,0.005,-0.0006391067019230587,False,399,4
XLK,400,2010-04-22,0.0,0.0,False,399,5
XLK,400,2010-06-22,0.005,0.000599994980368035,False,399,5
XLK,400,2010-08-20,0.03,0.0037315638029836386,False,399,5
XLK,400,2010-10-20,0.04,0.007407527754902974,False,400,2
XLK,400,2010-12-20,0.025,0.005086610038385442,False,400,4
XLK,400,2011-02-18,0.01,0.0019570771095767897,False,399,2
XLK,400,2011-04-20,0.015,0.0021151770346409665,False,400,3
XLK,400,2011-06-21,0.035,0.005966203869039345,False,400,4
XLK,400,2011-08-19,0.015,-0.002120814788148728,False,399,5
XLK,400,2011-10-19,0.02,-0.0033794666259146827,False,399,5
XLK,400,2011-12-19,0.02,-0.0028911391653235995,False,399,3
XLK,400,2012-02-21,0.12,0.018191361590647034,False,399,3
XLK,400,2012-04-20,0.125,0.018367262627455062,False,399,3
XLK,400,2012-06-20,0.02,0.0029534160870486954,False,399,3
XLK,400,2012-08-20,0.04,0.006124971818171017,False,399,3
XLK,400,2012-10-18,0.04,0.006225360116717977,False,399,3
XLK,400,2012-12-20,0.035,-0.005425335489392727,False,399,4
XLK,400,2013-02-22,0.025,-0.0029647119808021917,False,399,3
XLK,400,2013-04-24,0.0,0.0,False,399,5
XLK,400,2013-06-24,0.185,-0.03305690113961252,False,400,5
XLK,400,2013-08-22,0.18,-0.029009604423650887,False,399,1
XLK,400,2013-10-22,0.0,0.0,False,399,3
XLK,400,2013-12-20,0.0,0.0,False,399,5
XLK,400,2014-02-24,0.0,0.0,False,399,4
XLK,400,2014-04-24,0.0,0.0,False,399,1
XLK,400,2014-06-24,0.0,0.0,False,399,1
XLK,400,2014-08-22,0.01,0.0012041137786799945,False,399,1
XLK,400,2014-10-22,0.005,0.0006954479811221175,False,399,2
XLK,400,2014-12-22,0.01,-0.0015795405727352324,False,400,5
XLK,400,2015-02-24,0.025,0.003867398437997443,False,399,4
XLK,400,2015-04-24,0.05,0.007675630323085876,False,399,4
XLK,400,2015-06-24,0.0,0.0,False,400,1
XLK,400,2015-08-24,0.015,0.0022641623480715634,False,399,5
XLK,400,2015-10-22,0.035,0.005051457346425024,False,399,4
XLK,400,2015-12-22,0.005,0.0005733213096147864,False,399,3
XLK,400,2016-02-24,0.015,0.0020927587550245573,False,399,4
XLK,400,2016-04-25,0.0,0.0,False,399,1
XLK,400,2016-06-23,0.005,0.0008072032970266451,False,399,1
XLK,400,2016-08-23,0.005,0.0007762910722881912,False,399,1
XLK,400,2016-10-21,0.005,0.0006359191334851773,False,399,1
XLK,400,2016-12-21,0.0,0.0,False,399,1
XLK,400,2017-02-23,0.005,-0.0006414774163541395,False,399,1
XLK,400,2017-04-25,0.005,-0.0006520119676362522,False,399,5
XLK,400,2017-06-23,0.0,0.0,False,399,5
XLK,400,2017-08-23,0.01,-0.001705443664861885,False,399,5
XLK,400,2017-10-23,0.0,0.0,False,399,1
XLK,400,2017-12-21,0.0,0.0,False,399,2
XLK,400,2018-02-23,0.0,0.0,False,399,5
XLK,400,2018-04-25,0.005,-0.00045251955557679336,False,399,5
XLK,400,2018-06-25,0.0,0.0,False,399,5
XLK,400,2018-08-23,0.0,0.0,False,399,2
XLK,400,2018-10-23,0.0,0.0,False,399,2
XLK,400,2018-12-24,0.0,0.0,False,399,2
XLK,400,2019-02-26,0.0,0.0,False,399,3
XLK,400,2019-04-26,0.0,0.0,False,399,3
XLK,400,2019-06-26,0.005,0.0007059661165884748,False,399,3
XLK,400,2019-08-26,0.005,0.0006086955888345342,False,399,1
XLK,400,2019-10-24,0.005,0.0005559758648084293,False,399,1
XLK,400,2019-12-24,0.01,0.0010702106615224137,False,399,1
XLK,400,2020-02-26,0.005,-0.0006048272497267451,False,399,1
XLK,400,2020-04-27,0.0,0.0,False,399,5
XLK,400,2020-06-25,0.0,0.0,False,399,2
XLK,400,2020-08-25,0.005,-0.0004477768877097423,False,399,1
XLK,400,2020-10-23,0.0,0.0,False,399,1
XLK,400,2020-12-23,0.01,-0.0007054284219751645,False,399,1
XLK,400,2021-02-25,0.005,-0.00044566256202943763,False,399,1
XLK,400,2021-04-27,0.005,-0.0004518891851737284,False,399,2
XLK,400,2021-06-25,0.015,-0.0012587391899162726,False,399,3
XLK,400,2021-08-25,0.045,-0.0032399298809689635,False,399,1
XLK,400,2021-10-25,0.12,-0.013826852120711658,False,399,1
XLK,400,2021-12-23,0.09,-0.011328354340540303,False,399,1
XLK,400,2022-02-24,0.055,-0.0074956699405099685,False,399,1
XLK,400,2022-04-26,0.005,-0.001079886749118486,False,399,4
XLK,400,2022-06-27,0.12,-0.020091486592303757,False,399,5
XLK,400,2022-08-25,0.11,-0.016205787357301094,False,399,5
XLK,400,2022-10-25,0.095,-0.016502090756120844,False,399,5
XLK,400,2022-12-23,0.03,-0.003647747218951056,False,399,1
XLK,400,2023-02-27,0.03,-0.0032159589729429845,False,399,4
XLK,400,2023-04-27,0.02,-0.0013605256309390669,False,399,4
XLK,400,2023-06-28,0.015,-0.000970694011228374,False,399,5
XLK,400,2023-08-28,0.055,0.0066577212754358175,False,399,4
XLK,400,2023-10-26,0.15,0.022030530681376153,False,399,2
XLK,400,2023-12-27,0.085,0.011422768298697388,False,399,2
XLK,400,2024-02-28,0.03,0.004316034174143167,False,399,3
XLK,400,2024-04-29,0.05,0.00552293942443533,False,399,3
XLK,400,2024-06-28,0.045,0.007074051081610879,False,399,4
XLK,400,2024-08-28,0.015,0.0027022526947220998,False,400,3
XLK,400,2024-10-28,0.15,0.023213288763460595,False,399,3
XLK,400,2024-12-27,0.08,0.011567901092685526,False,399,2
XLK,400,2025-03-03,0.1,0.015081391340490661,False,399,2
XLK,400,2025-05-01,0.055,0.005965212696386484,False,399,1
XLK,400,2025-07-02,0.035,0.004181169658672272,False,399,2
XLK,400,2025-09-02,0.015,0.0015704360394087529,False,399,1
XLK,400,2025-10-30,0.01,0.0012330724940944682,False,399,2
XLF,400,2001-02-12,0.02,-0.001969982898843797,False,399,5
XLF,400,2001-04-12,0.015,-0.0007165466212457641,False,399,5
XLF,400,2001-06-13,0.01,0.001028541645320089,False,399,5
XLF,400,2001-08-13,0.005,-0.000546038601734555,False,399,5
XLF,400,2001-10-17,0.025,-0.0030912348658782753,False,399,2
XLF,400,2001-12-17,0.04,-0.0023868971556793993,False,399,1
XLF,400,2002-02-19,0.0,0.0,False,399,1
XLF,400,2002-04-19,0.0,0.0,False,399,1
XLF,400,2002-06-19,0.015,0.003724171525817962,False,399,2
XLF,400,2002-08-19,0.0,0.0,False,399,2
XLF,400,2002-10-17,0.015,0.003402088603982495,False,399,3
XLF,400,2002-12-17,0.0,0.0,False,400,2
XLF,400,2003-02-19,0.005,-0.0010219939369114613,False,400,2
XLF,400,2003-04-21,0.05,-0.006533719093514143,False,399,2
XLF,400,2003-06-19,0.03,-0.005930789256370876,False,400,2
XLF,400,2003-08-19,0.02,-0.005211685977365564,False,400,2
XLF,400,2003-10-17,0.005,-0.0007344257164047796,False,399,1
XLF,400,2003-12-17,0.0,0.0,False,399,1
XLF,400,2004-02-19,0.0,0.0,False,399,1
XLF,400,2004-04-20,0.005,-0.0006228389075697103,False,399,1
XLF,400,2004-06-21,0.005,-0.0008218634372492996,False,399,1
XLF,400,2004-08-19,0.0,0.0,False,399,4
XLF,400,2004-10-19,0.0,0.0,False,399,5
XLF,400,2004-12-17,0.005,0.0005545982472751553,False,399,2
XLF,400,2005-02-17,0.0,0.0,False,399,5
XLF,400,2005-04-20,0.0,0.0,False,399,3
XLF,400,2005-06-20,0.0,0.0,False,399,3
XLF,400,2005-08-18,0.015,-0.002683190582431885,False,399,1
XLF,400,2005-10-18,0.01,0.0023436259548615026,False,399,3
XLF,400,2005-12-16,0.075,0.012065854596872197,False,399,3
XLF,400,2006-02-17,0.03,-0.004275955370891021,False,399,3
XLF,400,2006-04-20,0.015,-0.0020528016983577726,False,399,3
XLF,400,2006-06-20,0.0,0.0,False,399,4
XLF,400,2006-08-18,0.0,0.0,False,399,2
XLF,400,2006-10-18,0.0,0.0,False,399,2
XLF,400,2006-12-18,0.0,0.0,False,399,5
XLF,400,2007-02-21,0.0,0.0,False,399,1
XLF,400,2007-04-23,0.0,0.0,False,399,5
XLF,400,2007-06-21,0.0,0.0,False,399,4
XLF,400,2007-08-21,0.005,-0.000552726484058042,False,399,4
XLF,400,2007-10-19,0.005,-0.0004331553674454194,False,399,2
XLF,400,2007-12-19,0.0,0.0,False,399,5
XLF,400,2008-02-21,0.005,0.0007949607588000465,False,399,5
XLF,400,2008-04-22,0.0,0.0,False,399,1
XLF,400,2008-06-20,0.0,0.0,False,399,3
XLF,400,2008-08-20,0.01,-3.085962248730985e-05,False,399,5
XLF,400,2008-10-20,0.0,0.0,False,399,5
XLF,400,2008-12-18,0.005,0.00048794895354234153,False,399,5
XLF,400,2009-02-20,0.0,0.0,False,399,5
XLF,400,2009-04-22,0.03,-0.004125460842304374,False,399,3
XLF,400,2009-06-22,0.015,-0.0021356625108481793,False,399,5
XLF,400,2009-08-20,0.01,-0.0018670865788858054,False,399,5
XLF,400,2009-10-20,0.01,-0.0017243202296001534,False,399,5
XLF,400,2009-12-18,0.005,-0.0009359782508963578,False,399,5
XLF,400,2010-02-22,0.0,0.0,False,399,3
XLF,400,2010-04-22,0.0,0.0,False,399,4
XLF,400,2010-06-22,0.0,0.0,False,399,4
XLF,400,2010-08-20,0.0,0.0,False,399,3
XLF,400,2010-10-20,0.0,0.0,False,399,3
XLF,400,2010-12-20,0.0,0.0,False,399,2
XLF,400,2011-02-18,0.0,0.0,False,399,1
XLF,400,2011-04-20,0.0,0.0,False,399,3
XLF,400,2011-06-21,0.0,0.0,False,399,1
XLF,400,2011-08-19,0.005,0.0005203377881589776,False,399,2
XLF,400,2011-10-19,0.025,-0.004719301113452953,False,399,1
XLF,400,2011-12-19,0.04,0.005199200039245521,False,399,3
XLF,400,2012-02-21,0.075,0.010304858080127979,False,399,3
XLF,400,2012-04-20,0.07,0.008755894497824119,False,399,3
XLF,400,2012-06-20,0.235,-0.03293769877054892,False,399,2
XLF,400,2012-08-20,0.255,0.03730877386174976,False,399,3
XLF,400,2012-10-18,0.125,0.019513961061002675,False,399,2
XLF,400,2012-12-20,0.145,0.02130114952647179,False,399,2
XLF,400,2013-02-22,0.04,0.005587616604491703,False,399,3
XLF,400,2013-04-24,0.045,-0.0013665022802279159,False,399,2
XLF,400,2013-06-24,0.04,-0.003655470303079462,False,399,4
XLF,400,2013-08-22,0.05,-0.005442420498075144,False,399,1
XLF,400,2013-10-22,0.045,-0.005757748123146739,False,399,4
XLF,400,2013-12-20,0.08,-0.012202714436715993,False,399,5
XLF,400,2014-02-24,0.18,-0.03049230998927694,False,399,2
XLF,400,2014-04-24,0.195,-0.029044305711621074,False,399,3
XLF,400,2014-06-24,0.1,-0.01397818683376998,False,399,3
XLF,400,2014-08-22,0.11,-0.01616196006049063,False,399,2
XLF,400,2014-10-22,0.075,-0.009487907704776484,False,399,2
XLF,400,2014-12-22,0.07,-0.008728746879419984,False,399,1
XLF,400,2015-02-24,0.055,-0.0074686576568151666,False,399,4
XLF,400,2015-04-24,0.065,-0.008958301788204021,False,399,4
XLF,400,2015-06-24,0.165,-0.02447569034289572,False,399,3
XLF,400,2015-08-24,0.14,-0.020722688975623432,False,399,1
XLF,400,2015-10-22,0.07,-0.010255575391774572,False,399,4
XLF,400,2015-12-22,0.0,0.0,False,400,1
XLF,400,2016-02-24,0.075,-0.011419036756512443,False,399,5
XLF,400,2016-04-25,0.045,-0.008002659137467803,False,399,3
XLF,400,2016-06-23,0.075,-0.011703823426295017,False,399,5
XLF,400,2016-08-23,0.03,-0.005520382073355587,False,399,5
XLF,400,2016-10-21,0.005,-0.0008757771693311744,False,399,4
XLF,400,2016-12-21,0.0,0.0,False,399,3
XLF,400,2017-02-23,0.0,0.0,False,399,2
XLF,400,2017-04-25,0.0,0.0,False,399,4
XLF,400,2017-06-23,0.0,0.0,False,399,3
XLF,400,2017-08-23,0.015,0.0015136696521762742,False,399,4
XLF,400,2017-10-23,0.015,0.0017051078882355263,False,399,1
XLF,400,2017-12-21,0.04,0.004137526842779479,False,399,1
XLF,400,2018-02-23,0.025,0.003103387497836827,False,399,4
XLF,400,2018-04-25,0.03,0.005331581154135837,False,399,3
XLF,400,2018-06-25,0.14,0.02329853711209054,False,399,1
XLF,400,2018-08-23,0.115,0.020604624882468118,False,399,1
XLF,400,2018-10-23,0.085,0.01399165166836024,False,399,2
XLF,400,2018-12-24,0.02,0.0028911346881123003,False,399,2
XLF,400,2019-02-26,0.005,0.0011370338050504408,False,399,2
XLF,400,2019-04-26,0.02,0.0034022450635961764,False,399,3
XLF,400,2019-06-26,0.015,0.00209337185188635,False,399,2
XLF,400,2019-08-26,0.0,0.0,False,399,2
XLF,400,2019-10-24,0.005,0.0005347180676669419,False,399,2
XLF,400,2019-12-24,0.005,-0.0006447200609149391,False,399,2
XLF,400,2020-02-26,0.0,0.0,False,399,3
XLF,400,2020-04-27,0.0,0.0,False,399,5
XLF,400,2020-06-25,0.0,0.0,False,399,5
XLF,400,2020-08-25,0.09,-0.011178510308087933,False,399,5
XLF,400,2020-10-23,0.105,-0.010885129578152528,False,399,2
XLF,400,2020-12-23,0.09,-0.009699195081868678,False,399,5
XLF,400,2021-02-25,0.08,-0.008725147875271377,False,399,3
XLF,400,2021-04-27,0.05,-0.005497089057908034,False,399,3
XLF,400,2021-06-25,0.005,-0.0005505139132702958,False,399,3
XLF,400,2021-08-25,0.0,0.0,False,399,3
XLF,400,2021-10-25,0.075,-0.0114155517659559,False,399,5
XLF,400,2021-12-23,0.105,-0.013804797655163655,False,399,5
XLF,400,2022-02-24,0.02,-0.0016594259806730143,False,399,3
XLF,400,2022-04-26,0.015,0.00020091080000642414,False,399,5
XLF,400,2022-06-27,0.025,-0.0007977207652635661,False,399,5
XLF,400,2022-08-25,0.01,0.0014457585422938458,False,399,3
XLF,400,2022-10-25,0.01,-0.0010032821528233806,False,399,1
XLF,400,2022-12-23,0.0,0.0,False,399,4
XLF,400,2023-02-27,0.0,0.0,False,399,1
XLF,400,2023-04-27,0.0,0.0,False,399,1
XLF,400,2023-06-28,0.0,0.0,False,399,4
XLF,400,2023-08-28,0.0,0.0,False,399,1
XLF,400,2023-10-26,0.0,0.0,False,399,1
XLF,400,2023-12-27,0.01,-0.001304907195787442,False,399,1
XLF,400,2024-02-28,0.01,-0.0011297972131390458,False,399,1
XLF,400,2024-04-29,0.02,-0.0026137999992081355,False,399,2
XLF,400,2024-06-28,0.03,-0.004031006936259997,False,399,1
XLF,400,2024-08-28,0.005,-0.0007182054091122187,False,399,5
XLF,400,2024-10-28,0.005,-0.0005764723917944995,False,399,5
XLF,400,2024-12-27,0.0,0.0,False,399,3
XLF,400,2025-03-03,0.01,1.112088046785753e-06,False,399,1
XLF,400,2025-05-01,0.01,0.00023537251017964603,False,399,1
XLF,400,2025-07-02,0.01,0.0009376183982072436,False,400,2
XLF,400,2025-09-02,0.005,0.0007891192355129909,False,400,1
XLF,400,2025-10-30,0.0,0.0,False,400,1
XLV,400,2001-02-12,0.19,-0.030099681932257663,False,399,2
XLV,400,2001-04-12,0.195,-0.02986557491627332,False,399,2
XLV,400,2001-06-13,0.15,-0.02373506999806774,False,399,2
XLV,400,2001-08-13,0.16,-0.027419996246280595,False,399,2
XLV,400,2001-10-17,0.085,-0.013765393570536948,False,399,2
XLV,400,2001-12-17,0.045,-0.0017256289415085468,False,399,2
XLV,400,2002-02-19,0.025,-0.004852993482942278,False,399,5
XLV,400,2002-04-19,0.015,-0.000950114436462793,False,399,4
XLV,400,2002-06-19,0.03,0.00246690314349068,False,399,3
XLV,400,2002-08-19,0.02,0.0034043177154749454,False,399,5
XLV,400,2002-10-17,0.015,0.001997262951772148,False,399,5
XLV,400,2002-12-17,0.01,0.0014980406819175179,False,399,5
XLV,400,2003-02-19,0.02,-0.0028999741094279954,False,399,3
XLV,400,2003-04-21,0.0,0.0,False,399,5
XLV,400,2003-06-19,0.01,-0.0014479923843906917,False,399,2
XLV,400,2003-08-19,0.015,-0.0020849912151318,False,399,5
XLV,400,2003-10-17,0.01,-0.0016487307169748373,False,399,1
XLV,400,2003-12-17,0.04,-0.005444878760737503,False,399,1
XLV,400,2004-02-19,0.005,-0.0006435665017936366,False,399,2
XLV,400,2004-04-20,0.0,0.0,False,399,2
XLV,400,2004-06-21,0.0,0.0,False,399,3
XLV,400,2004-08-19,0.0,0.0,False,399,3
XLV,400,2004-10-19,0.005,0.0006306021801467452,False,399,5
XLV,400,2004-12-17,0.02,0.0024289114758358245,False,399,1
XLV,400,2005-02-17,0.005,0.0008590205546902562,False,400,5
XLV,400,2005-04-20,0.02,0.0008209746219507405,False,399,2
XLV,400,2005-06-20,0.01,0.0014418192179385648,False,399,3
XLV,400,2005-08-18,0.0,0.0,False,399,2
XLV,400,2005-10-18,0.01,-0.0010290294966838582,False,399,3
XLV,400,2005-12-16,0.005,-0.0006597037764278325,False,399,3
XLV,400,2006-02-17,0.06,-0.008023584886912034,False,399,3
XLV,400,2006-04-20,0.08,-0.010298907867539911,False,399,1
XLV,400,2006-06-20,0.13,-0.018142509531064936,False,399,2
XLV,400,2006-08-18,0.085,-0.011268429096222771,False,399,3
XLV,400,2006-10-18,0.075,-0.010091640752092621,False,399,3
XLV,400,2006-12-18,0.135,-0.019123559775883585,False,399,4
XLV,400,2007-02-21,0.115,-0.017033594254031094,False,399,3
XLV,400,2007-04-23,0.08,-0.01081758077907335,False,399,1
XLV,400,2007-06-21,0.045,-0.007703406111139315,False,399,3
XLV,400,2007-08-21,0.01,-0.0014191485219977513,False,399,3
XLV,400,2007-10-19,0.005,-0.0007215473633788532,False,399,4
XLV,400,2007-12-19,0.01,-0.0014575005113765744,False,399,5
XLV,400,2008-02-21,0.005,-0.0006102874093148172,False,399,5
XLV,400,2008-04-22,0.0,0.0,False,399,4
XLV,400,2008-06-20,0.005,0.000541522415662976,False,399,5
XLV,400,2008-08-20,0.005,0.001447531483837486,False,399,5
XLV,400,2008-10-20,0.01,0.0009972173527371157,False,399,3
XLV,400,2008-12-18,0.005,-0.0009200262054427776,False,399,2
XLV,400,2009-02-20,0.0,0.0,False,399,2
XLV,400,2009-04-22,0.075,0.00987917162122416,False,399,3
XLV,400,2009-06-22,0.175,0.025800442432427823,False,399,1
XLV,400,2009-08-20,0.425,0.07152457496066864,False,399,1
XLV,400,2009-10-20,0.32,0.0501190209854009,False,399,1
XLV,400,2009-12-18,0.21,0.03016539986670355,False,399,1
XLV,400,2010-02-22,0.195,0.029999241268374655,False,399,2
XLV,400,2010-04-22,0.085,0.011328068526935426,False,399,2
XLV,400,2010-06-22,0.03,0.002863505894762732,False,399,5
XLV,400,2010-08-20,0.015,0.002564242578238668,False,399,5
XLV,400,2010-10-20,0.005,0.0007616293092363266,False,399,5
XLV,400,2010-12-20,0.005,0.0007271551022464681,False,399,4
XLV,400,2011-02-18,0.0,0.0,False,399,5
XLV,400,2011-04-20,0.0,0.0,False,399,5
XLV,400,2011-06-21,0.005,-0.0009458386651262522,False,399,4
XLV,400,2011-08-19,0.0,0.0,False,399,5
XLV,400,2011-10-19,0.01,-0.00011824925598278607,False,399,3
XLV,400,2011-12-19,0.035,0.003993495278815126,False,399,1
XLV,400,2012-02-21,0.0,0.0,False,399,2
XLV,400,2012-04-20,0.05,0.011524357564750272,False,399,1
XLV,400,2012-06-20,0.07,0.011573282625337118,False,399,4
XLV,400,2012-08-20,0.125,0.01857680448479539,False,399,3
XLV,400,2012-10-18,0.0,0.0,False,399,3
XLV,400,2012-12-20,0.0,0.0,False,399,3
XLV,400,2013-02-22,0.0,0.0,False,399,3
XLV,400,2013-04-24,0.0,0.0,False,399,5
XLV,400,2013-06-24,0.0,0.0,False,399,1
XLV,400,2013-08-22,0.0,0.0,False,399,4
XLV,400,2013-10-22,0.0,0.0,False,399,3
XLV,400,2013-12-20,0.0,0.0,False,399,4
XLV,400,2014-02-24,0.0,0.0,False,399,1
XLV,400,2014-04-24,0.0,0.0,False,399,5
XLV,400,2014-06-24,0.0,0.0,False,399,3
XLV,400,2014-08-22,0.0,0.0,False,399,5
XLV,400,2014-10-22,0.005,0.0005828446555651819,False,399,4
XLV,400,2014-12-22,0.005,-0.0009135783847536439,False,399,2
XLV,400,2015-02-24,0.01,-0.0011744531771953107,False,399,4
XLV,400,2015-04-24,0.01,0.00017959793033457073,False,399,2
XLV,400,2015-06-24,0.02,-0.001182053707308654,False,399,1
XLV,400,2015-08-24,0.02,0.00021448269426750197,False,399,1
XLV,400,2015-10-22,0.02,-0.0012384663569504867,False,399,1
XLV,400,2015-12-22,0.06,-0.008264032901010701,False,399,1
XLV,400,2016-02-24,0.015,-0.0007515419761964115,False,399,1
XLV,400,2016-04-25,0.01,0.0012589193131303106,False,399,4
XLV,400,2016-06-23,0.055,0.008321139193364715,False,399,1
XLV,400,2016-08-23,0.01,-0.00014245433335498977,False,399,2
XLV,400,2016-10-21,0.03,0.004095118912402822,False,399,2
XLV,400,2016-12-21,0.02,0.00310480751299389,False,399,3
XLV,400,2017-02-23,0.01,0.001825034329782823,False,399,3
XLV,400,2017-04-25,0.065,0.00978084709169749,False,399,2
XLV,400,2017-06-23,0.15,0.022856497354332806,False,399,3
XLV,400,2017-08-23,0.01,-0.001693055617937551,False,399,4
XLV,400,2017-10-23,0.06,0.00787400219565373,False,399,2
XLV,400,2017-12-21,0.0,0.0,False,400,5
XLV,400,2018-02-23,0.015,0.00199318958417817,False,399,2
XLV,400,2018-04-25,0.03,0.004030070748780871,False,399,1
XLV,400,2018-06-25,0.0,0.0,False,399,4
XLV,400,2018-08-23,0.005,0.0007919080925978196,False,399,4
XLV,400,2018-10-23,0.005,0.0006914241895296803,False,399,3
XLV,400,2018-12-24,0.0,0.0,False,399,5
XLV,400,2019-02-26,0.0,0.0,False,399,3
XLV,400,2019-04-26,0.0,0.0,False,399,4
XLV,400,2019-06-26,0.005,-0.00046264600489305676,False,399,4
XLV,400,2019-08-26,0.0,0.0,False,399,5
XLV,400,2019-10-24,0.0,0.0,False,399,4
XLV,400,2019-12-24,0.005,0.0005003165623726688,False,399,3
XLV,400,2020-02-26,0.0,0.0,False,399,5
XLV,400,2020-04-27,0.0,0.0,False,399,5
XLV,400,2020-06-25,0.01,-0.00030772403480233993,False,399,2
XLV,400,2020-08-25,0.0,0.0,False,399,5
XLV,400,2020-10-23,0.01,0.0007722513069014428,False,399,2
XLV,400,2020-12-23,0.015,0.0013325822343153348,False,399,2
XLV,400,2021-02-25,0.0,0.0,False,399,3
XLV,400,2021-04-27,0.015,0.001289654428526767,False,399,2
XLV,400,2021-06-25,0.005,0.00041757536560566683,False,399,3
XLV,400,2021-08-25,0.02,0.0015155736652774881,False,399,4
XLV,400,2021-10-25,0.1,0.012477040577899787,False,399,3
XLV,400,2021-12-23,0.115,0.01533983809647302,False,399,4
XLV,400,2022-02-24,0.115,0.016217002842616762,False,399,1
XLV,400,2022-04-26,0.02,0.0026557122255398452,False,399,3
XLV,400,2022-06-27,0.0,0.0,False,399,5
XLV,400,2022-08-25,0.03,-0.004835922665756993,False,399,5
XLV,400,2022-10-25,0.07,-0.010585727818475282,False,399,1
XLV,400,2022-12-23,0.11,-0.016669453842250003,False,399,4
XLV,400,2023-02-27,0.0,0.0,False,399,5
XLV,400,2023-04-27,0.005,-0.0007259066098605529,False,399,5
XLV,400,2023-06-28,0.01,-0.0016091677554112371,False,399,4
XLV,400,2023-08-28,0.07,-0.011504270624521182,False,399,3
XLV,400,2023-10-26,0.025,-0.004352574624028952,False,399,2
XLV,400,2023-12-27,0.0,0.0,False,399,2
XLV,400,2024-02-28,0.01,-0.0010743730747723107,False,399,1
XLV,400,2024-04-29,0.0,0.0,False,399,1
XLV,400,2024-06-28,0.02,-0.003134924869738508,False,399,1
XLV,400,2024-08-28,0.01,-0.001422774147068473,False,399,5
XLV,400,2024-10-28,0.02,0.002542039240924035,False,399,5
XLV,400,2024-12-27,0.005,-0.00067693250951038,False,399,5
XLV,400,2025-03-03,0.015,-0.002085343449762286,False,399,5
XLV,400,2025-05-01,0.01,-0.0010417722566544382,False,399,1
XLV,400,2025-07-02,0.0,0.0,False,399,2
XLV,400,2025-09-02,0.0,0.0,False,399,5
XLV,400,2025-10-30,0.0,0.0,False,399,5
XLE,400,2001-02-12,0.01,-3.9110784596590595e-05,False,399,5
XLE,400,2001-04-12,0.02,0.004183321430096492,False,400,4
XLE,400,2001-06-13,0.03,0.005986923529715792,False,400,4
XLE,400,2001-08-13,0.045,0.010316692029968863,False,399,3
XLE,400,2001-10-17,0.16,0.03610506480548187,False,399,4
XLE,400,2001-12-17,0.095,0.01989979713780031,False,400,3
XLE,400,2002-02-19,0.05,0.011229237273372225,False,400,3
XLE,400,2002-04-19,0.025,0.005056123940168336,False,400,4
XLE,400,2002-06-19,0.01,-0.0009401240335497275,False,399,5
XLE,400,2002-08-19,0.0,0.0,False,399,5
XLE,400,2002-10-17,0.02,0.0015024763533720566,False,399,2
XLE,400,2002-12-17,0.01,3.465043450740897e-05,False,399,2
XLE,400,2003-02-19,0.03,0.0014615526803939275,False,399,2
XLE,400,2003-04-21,0.005,-0.0008336103251891426,False,399,4
XLE,400,2003-06-19,0.015,0.0005243321862750945,False,399,2
XLE,400,2003-08-19,0.015,0.0005178087590133108,False,399,2
XLE,400,2003-10-17,0.025,0.0020288244104453928,False,399,2
XLE,400,2003-12-17,0.035,0.004281728677345076,False,399,2
XLE,400,2004-02-19,0.005,0.0007533570940360919,False,399,4
XLE,400,2004-04-20,0.0,0.0,False,399,2
XLE,400,2004-06-21,0.015,0.0016392282710379954,False,399,1
XLE,400,2004-08-19,0.015,0.00225189422491854,False,399,3
XLE,400,2004-10-19,0.15,-0.022248159002419287,False,399,2
XLE,400,2004-12-17,0.08,-0.010096568518716738,False,399,1
XLE,400,2005-02-17,0.005,0.0008029104007530177,False,399,5
XLE,400,2005-04-20,0.005,-0.000504829655692339,False,399,3
XLE,400,2005-06-20,0.005,-0.0005340351682937941,False,399,5
XLE,400,2005-08-18,0.0,0.0,False,399,4
XLE,400,2005-10-18,0.0,0.0,False,399,3
XLE,400,2005-12-16,0.005,0.0008981241272581946,False,399,4
XLE,400,2006-02-17,0.025,-0.0033443369560089645,False,399,5
XLE,400,2006-04-20,0.01,-0.0013847385423421557,False,399,3
XLE,400,2006-06-20,0.04,-0.005349679487349796,False,399,3
XLE,400,2006-08-18,0.02,-0.003054243426453324,False,399,5
XLE,400,2006-10-18,0.035,-0.0047880072821921355,False,399,4
XLE,400,2006-12-18,0.02,-0.0028919964392034657,False,399,3
XLE,400,2007-02-21,0.005,-0.0006193738840072036,False,399,4
XLE,400,2007-04-23,0.0,0.0,False,399,4
XLE,400,2007-06-21,0.005,-0.0006489107158156929,False,399,1
XLE,400,2007-08-21,0.01,0.0011196787261712464,False,399,1
XLE,400,2007-10-19,0.01,0.0015231528319089177,False,399,2
XLE,400,2007-12-19,0.0,0.0,False,399,2
XLE,400,2008-02-21,0.0,0.0,False,399,1
XLE,400,2008-04-22,0.005,0.000626945506104146,False,399,2
XLE,400,2008-06-20,0.0,0.0,False,399,2
XLE,400,2008-08-20,0.005,-0.0008164758687304164,False,399,3
XLE,400,2008-10-20,0.005,0.0008311471976954475,False,399,1
XLE,400,2008-12-18,0.0,0.0,False,399,1
XLE,400,2009-02-20,0.0,0.0,False,399,1
XLE,400,2009-04-22,0.14,-0.016619115737682086,False,399,1
XLE,400,2009-06-22,0.12,-0.012653537497190058,False,399,1
XLE,400,2009-08-20,0.1,-0.010559408466777918,False,399,1
XLE,400,2009-10-20,0.065,-0.007924338275054905,False,399,2
XLE,400,2009-12-18,0.065,-0.006065714510026679,False,399,1
XLE,400,2010-02-22,0.1,-0.011865017478392857,False,399,1
XLE,400,2010-04-22,0.115,-0.013906801535661548,False,399,2
XLE,400,2010-06-22,0.085,-0.011207357577244986,False,399,4
XLE,400,2010-08-20,0.04,-0.006424067106137873,False,399,2
XLE,400,2010-10-20,0.0,0.0,False,399,5
XLE,400,2010-12-20,0.005,-0.0006245946902318617,False,399,1
XLE,400,2011-02-18,0.0,0.0,False,399,1
XLE,400,2011-04-20,0.0,0.0,False,399,5
XLE,400,2011-06-21,0.02,0.0015693095433840388,False,399,5
XLE,400,2011-08-19,0.005,0.0006681401644992849,False,399,5
XLE,400,2011-10-19,0.0,0.0,False,399,5
XLE,400,2011-12-19,0.0,0.0,False,399,5
XLE,400,2012-02-21,0.005,-0.0006638155325286642,False,399,5
XLE,400,2012-04-20,0.0,0.0,False,399,5
XLE,400,2012-06-20,0.0,0.0,False,399,5
XLE,400,2012-08-20,0.005,-0.00046578397149770525,False,399,5
XLE,400,2012-10-18,0.0,0.0,False,399,2
XLE,400,2012-12-20,0.01,0.0013761162553774095,False,399,3
XLE,400,2013-02-22,0.0,0.0,False,399,5
XLE,400,2013-04-24,0.0,0.0,False,399,1
XLE,400,2013-06-24,0.0,0.0,False,399,4
XLE,400,2013-08-22,0.0,0.0,False,399,5
XLE,400,2013-10-22,0.0,0.0,False,399,4
XLE,400,2013-12-20,0.03,-0.00340368843041559,False,399,4
XLE,400,2014-02-24,0.1,-0.011409136584414632,False,399,4
XLE,400,2014-04-24,0.05,-0.005723158916201628,False,399,3
XLE,400,2014-06-24,0.025,-0.0030345888600212274,False,399,3
XLE,400,2014-08-22,0.01,-0.001214412332824301,False,399,3
XLE,400,2014-10-22,0.02,-0.0020459346439524627,False,399,3
XLE,400,2014-12-22,0.035,-0.00425546015650335,False,399,1
XLE,400,2015-02-24,0.005,-0.0006285164775932933,False,399,1
XLE,400,2015-04-24,0.005,-0.0005452446051220992,False,399,1
XLE,400,2015-06-24,0.0,0.0,False,399,2
XLE,400,2015-08-24,0.005,0.0005096760518465231,False,399,4
XLE,400,2015-10-22,0.005,0.0005574505786631654,False,399,2
XLE,400,2015-12-22,0.01,0.0010959198290967625,False,399,2
XLE,400,2016-02-24,0.06,0.009949276435275234,False,399,5
XLE,400,2016-04-25,0.195,0.032810399227407784,False,399,4
XLE,400,2016-06-23,0.33,0.0514431531034614,False,399,4
XLE,400,2016-08-23,0.195,0.03045242182323912,False,399,4
XLE,400,2016-10-21,0.14,0.021315542472956903,False,399,3
XLE,400,2016-12-21,0.12,0.015568775230371795,False,399,2
XLE,400,2017-02-23,0.005,-0.0007576643386382267,False,399,1
XLE,400,2017-04-25,0.04,0.004793692623700589,False,399,4
XLE,400,2017-06-23,0.0,0.0,False,399,2
XLE,400,2017-08-23,0.01,-0.0015966613376996413,False,399,4
XLE,400,2017-10-23,0.04,-0.006044143552173891,False,399,5
XLE,400,2017-12-21,0.09,-0.01307545672982762,False,399,5
XLE,400,2018-02-23,0.02,-0.003548483864838321,False,399,5
XLE,400,2018-04-25,0.02,-0.002947652265070717,False,399,5
XLE,400,2018-06-25,0.085,-0.014440945954390862,False,399,5
XLE,400,2018-08-23,0.055,-0.00969686407052913,False,399,4
XLE,400,2018-10-23,0.025,-0.0033146913966723202,False,399,5
XLE,400,2018-12-24,0.005,-0.0013503101231469314,False,399,3
XLE,400,2019-02-26,0.0,0.0,False,399,3
XLE,400,2019-04-26,0.0,0.0,False,399,4
XLE,400,2019-06-26,0.005,-0.0007462741613853784,False,399,5
XLE,400,2019-08-26,0.005,-0.0009392651639062973,False,399,5
XLE,400,2019-10-24,0.02,-0.003318430744376575,False,399,1
XLE,400,2019-12-24,0.0,0.0,False,399,4
XLE,400,2020-02-26,0.01,-0.0013711305913917276,False,399,2
XLE,400,2020-04-27,0.0,0.0,False,399,1
XLE,400,2020-06-25,0.01,-0.0005503281009829702,False,399,1
XLE,400,2020-08-25,0.0,0.0,False,399,1
XLE,400,2020-10-23,0.14,-0.02425866754980395,False,399,1
XLE,400,2020-12-23,0.0,0.0,False,399,1
XLE,400,2021-02-25,0.0,0.0,False,399,2
XLE,400,2021-04-27,0.0,0.0,False,399,2
XLE,400,2021-06-25,0.0,0.0,False,399,2
XLE,400,2021-08-25,0.0,0.0,False,399,2
XLE,400,2021-10-25,0.0,0.0,False,399,5
XLE,400,2021-12-23,0.01,-0.0013866621750792387,False,399,3
XLE,400,2022-02-24,0.01,-0.0011399493206189302,False,399,3
XLE,400,2022-04-26,0.0,0.0,False,399,3
XLE,400,2022-06-27,0.005,-0.0007388617856115362,False,399,2
XLE,400,2022-08-25,0.025,-0.003375022612473563,False,399,3
XLE,400,2022-10-25,0.055,-0.00812695056409409,False,399,1
XLE,400,2022-12-23,0.065,-0.008888956182234963,False,399,4
XLE,400,2023-02-27,0.02,-0.002902350399988854,False,399,1
XLE,400,2023-04-27,0.045,-0.005774728852116974,False,400,1
XLE,400,2023-06-28,0.085,-0.010386198676147212,False,399,3
XLE,400,2023-08-28,0.005,-0.000879983876108963,False,399,3
XLE,400,2023-10-26,0.01,0.0010408738859401783,False,399,5
XLE,400,2023-12-27,0.0,0.0,False,399,3
XLE,400,2024-02-28,0.005,0.000489643878425694,False,399,2
XLE,400,2024-04-29,0.035,0.004354503378072394,False,399,1
XLE,400,2024-06-28,0.0,0.0,False,399,5
XLE,400,2024-08-28,0.005,0.0005035231278728908,False,399,5
XLE,400,2024-10-28,0.015,-0.002045109012092791,False,399,4
XLE,400,2024-12-27,0.01,-0.0015276380832488607,False,399,1
XLE,400,2025-03-03,0.02,-0.002564381314914668,False,399,1
XLE,400,2025-05-01,0.015,-0.0017180465081663237,False,399,1
XLE,400,2025-07-02,0.01,-0.0015026640373330246,False,399,5
XLE,400,2025-09-02,0.0,0.0,False,399,5
XLE,400,2025-10-30,0.0,0.0,False,399,4
XLI,400,2001-02-12,0.095,0.014253411290267146,False,399,1
XLI,400,2001-04-12,0.045,0.0058930533253262,False,399,1
XLI,400,2001-06-13,0.06,0.008290520211153793,False,399,2
XLI,400,2001-08-13,0.09,0.01264253243026633,False,399,2
XLI,400,2001-10-17,0.01,-0.0013359923587293908,False,400,1
XLI,400,2001-12-17,0.005,-0.0006518143328821157,False,400,5
XLI,400,2002-02-19,0.02,-0.0011148110506097833,False,400,4
XLI,400,2002-04-19,0.0,0.0,False,400,4
XLI,400,2002-06-19,0.005,0.0005807026686374735,False,400,4
XLI,400,2002-08-19,0.01,0.0017287607837968499,False,400,3
XLI,400,2002-10-17,0.01,-0.0008450420448423489,False,400,3
XLI,400,2002-12-17,0.01,1.1957119123788134e-05,False,399,3
XLI,400,2003-02-19,0.005,-0.0009155780734751977,False,399,3
XLI,400,2003-04-21,0.005,-0.0006456173808317173,False,399,4
XLI,400,2003-06-19,0.065,-0.010568245191686478,False,399,4
XLI,400,2003-08-19,0.05,-0.008494584938652842,False,399,2
XLI,400,2003-10-17,0.035,-0.005463203305018549,False,399,4
XLI,400,2003-12-17,0.025,-0.0033220848890501,False,399,4
XLI,400,2004-02-19,0.055,-0.00814178278193885,False,399,1
XLI,400,2004-04-20,0.005,-0.0007892677924022423,False,399,4
XLI,400,2004-06-21,0.01,-0.0015986512769072543,False,399,3
XLI,400,2004-08-19,0.0,0.0,False,399,3
XLI,400,2004-10-19,0.025,-0.0035506825039958207,False,399,3
XLI,400,2004-12-17,0.005,-0.0007511959241398914,False,399,4
XLI,400,2005-02-17,0.005,0.0006332556222308466,False,399,4
XLI,400,2005-04-20,0.005,0.0005113144058563233,False,399,4
XLI,400,2005-06-20,0.005,0.0005754806375155216,False,400,3
XLI,400,2005-08-18,0.01,0.0015526773123962332,False,399,5
XLI,400,2005-10-18,0.015,0.002379364186553847,False,399,5
XLI,400,2005-12-16,0.025,0.0037343647271844273,False,399,1
XLI,400,2006-02-17,0.01,0.0011345104516012402,False,399,5
XLI,400,2006-04-20,0.01,0.001260254051149562,False,399,5
XLI,400,2006-06-20,0.005,0.0005916497347992479,False,399,5
XLI,400,2006-08-18,0.02,-0.0014811420865390435,False,399,2
XLI,400,2006-10-18,0.01,-0.0015555248483665146,False,399,2
XLI,400,2006-12-18,0.01,-0.0015399036732942665,False,399,5
XLI,400,2007-02-21,0.0,0.0,False,399,5
XLI,400,2007-04-23,0.0,0.0,False,399,5
XLI,400,2007-06-21,0.01,-0.0022564231689097634,False,399,5
XLI,400,2007-08-21,0.005,-0.0007654231932897584,False,399,4
XLI,400,2007-10-19,0.005,-0.0007271698521919409,False,399,3
XLI,400,2007-12-19,0.005,-0.0006310394198213616,False,399,3
XLI,400,2008-02-21,0.005,-0.0010197554556228192,False,399,4
XLI,400,2008-04-22,0.0,0.0,False,399,4
XLI,400,2008-06-20,0.005,-0.0007251287404412123,False,399,5
XLI,400,2008-08-20,0.095,-0.014534677764032708,False,399,5
XLI,400,2008-10-20,0.03,-0.003585805068546918,False,399,2
XLI,400,2008-12-18,0.01,-0.001089427708064597,False,399,5
XLI,400,2009-02-20,0.01,-0.0011569174847283136,False,399,5
XLI,400,2009-04-22,0.01,-0.001633629264455725,False,399,3
XLI,400,2009-06-22,0.015,-0.0005382054237576402,False,399,5
XLI,400,2009-08-20,0.035,-0.004833293067073798,False,399,2
XLI,400,2009-10-20,0.11,-0.016778726041560006,False,399,2
XLI,400,2009-12-18,0.1,-0.015519564358935005,False,399,2
XLI,400,2010-02-22,0.03,-0.004314080585404302,False,399,2
XLI,400,2010-04-22,0.03,-0.004035830926027087,False,399,2
XLI,400,2010-06-22,0.06,-0.007702283131630163,False,399,1
XLI,400,2010-08-20,0.005,-0.000561973572760039,False,399,5
XLI,400,2010-10-20,0.0,0.0,False,399,5
XLI,400,2010-12-20,0.015,0.0023716729734155253,False,399,5
XLI,400,2011-02-18,0.015,0.002681472086337251,False,399,5
XLI,400,2011-04-20,0.005,0.0012115715239241283,False,399,4
XLI,400,2011-06-21,0.0,0.0,False,399,5
XLI,400,2011-08-19,0.01,0.0018216046177876304,False,399,5
XLI,400,2011-10-19,0.01,0.002331391561268177,False,399,2
XLI,400,2011-12-19,0.005,0.0011279338267942084,False,399,4
XLI,400,2012-02-21,0.005,0.0009943549333812508,False,399,4
XLI,400,2012-04-20,0.005,0.0009869820749235918,False,399,2
XLI,400,2012-06-20,0.005,0.0007688992330147911,False,399,5
XLI,400,2012-08-20,0.005,-0.0008329002735349016,False,399,3
XLI,400,2012-10-18,0.015,0.002116278421470374,False,399,1
XLI,400,2012-12-20,0.0,0.0,False,399,5
XLI,400,2013-02-22,0.0,0.0,False,399,5
XLI,400,2013-04-24,0.005,-0.0005704673733881299,False,399,5
XLI,400,2013-06-24,0.02,-0.002535532820063678,False,399,1
XLI,400,2013-08-22,0.02,-0.002582072870872535,False,399,2
XLI,400,2013-10-22,0.025,-0.0030819110443976116,False,399,2
XLI,400,2013-12-20,0.04,-0.005274377101377439,False,399,4
XLI,400,2014-02-24,0.055,-0.007599479067044358,False,399,4
XLI,400,2014-04-24,0.07,-0.008791159863568631,False,399,2
XLI,400,2014-06-24,0.0,0.0,False,399,4
XLI,400,2014-08-22,0.01,0.0011142408942662774,False,400,2
XLI,400,2014-10-22,0.04,0.003639434577937954,False,399,1
XLI,400,2014-12-22,0.01,0.001234524403651934,False,400,3
XLI,400,2015-02-24,0.025,0.000655896390473307,False,399,5
XLI,400,2015-04-24,0.105,0.017333036729826737,False,399,3
XLI,400,2015-06-24,0.335,0.04877728437435741,False,399,4
XLI,400,2015-08-24,0.14,0.018014473287568084,False,399,4
XLI,400,2015-10-22,0.04,0.004294065224595292,False,399,3
XLI,400,2015-12-22,0.055,0.005973029523226678,False,399,3
XLI,400,2016-02-24,0.025,0.0024373562979657765,False,399,3
XLI,400,2016-04-25,0.015,0.0012784718651783805,False,399,3
XLI,400,2016-06-23,0.0,0.0,False,399,2
XLI,400,2016-08-23,0.01,0.0012892882001208409,False,399,3
XLI,400,2016-10-21,0.0,0.0,False,399,3
XLI,400,2016-12-21,0.015,0.0005194933939697623,False,399,2
XLI,400,2017-02-23,0.015,-0.0009164712121955046,False,399,5
XLI,400,2017-04-25,0.01,-0.0009052415467152003,False,400,2
XLI,400,2017-06-23,0.0,0.0,False,399,2
XLI,400,2017-08-23,0.0,0.0,False,399,1
XLI,400,2017-10-23,0.0,0.0,False,400,1
XLI,400,2017-12-21,0.0,0.0,False,399,5
XLI,400,2018-02-23,0.0,0.0,False,399,5
XLI,400,2018-04-25,0.0,0.0,False,399,5
XLI,400,2018-06-25,0.0,0.0,False,399,5
XLI,400,2018-08-23,0.005,-0.000572316429467258,False,399,1
XLI,400,2018-10-23,0.0,0.0,False,399,5
XLI,400,2018-12-24,0.0,0.0,False,399,5
XLI,400,2019-02-26,0.005,-0.0004446606395731367,False,399,3
XLI,400,2019-04-26,0.0,0.0,False,399,4
XLI,400,2019-06-26,0.0,0.0,False,400,1
XLI,400,2019-08-26,0.0,0.0,False,399,1
XLI,400,2019-10-24,0.08,0.010549460757018165,False,399,3
XLI,400,2019-12-24,0.025,0.0031779031799348766,False,399,5
XLI,400,2020-02-26,0.015,0.0018696991677264992,False,399,5
XLI,400,2020-04-27,0.005,0.0005233278182903439,False,399,3
XLI,400,2020-06-25,0.005,0.00048687072038875167,False,399,5
XLI,400,2020-08-25,0.0,0.0,False,399,5
XLI,400,2020-10-23,0.0,0.0,False,399,5
XLI,400,2020-12-23,0.0,0.0,False,399,1
XLI,400,2021-02-25,0.0,0.0,False,399,1
XLI,400,2021-04-27,0.005,-0.0004438509785567932,False,399,2
XLI,400,2021-06-25,0.0,0.0,False,399,1
XLI,400,2021-08-25,0.015,-0.0014758363982122324,False,399,1
XLI,400,2021-10-25,0.01,-0.001374973088540966,False,399,3
XLI,400,2021-12-23,0.01,-0.0001933775656867899,False,399,4
XLI,400,2022-02-24,0.03,0.0018900069855450874,False,399,2
XLI,400,2022-04-26,0.03,0.0033818926864393095,False,399,3
XLI,400,2022-06-27,0.005,0.0005052261788697896,False,399,5
XLI,400,2022-08-25,0.02,0.0009793229278949607,False,399,5
XLI,400,2022-10-25,0.01,-0.00012433913435874855,False,399,5
XLI,400,2022-12-23,0.005,-0.0006078215246464545,False,399,5
XLI,400,2023-02-27,0.0,0.0,False,399,5
XLI,400,2023-04-27,0.005,-0.0009677185359093831,False,399,5
XLI,400,2023-06-28,0.03,-0.004946556057587793,False,399,5
XLI,400,2023-08-28,0.075,-0.011365955110131623,False,399,4
XLI,400,2023-10-26,0.075,-0.011172936884990778,False,399,4
XLI,400,2023-12-27,0.015,-0.0022018121405605502,False,399,5
XLI,400,2024-02-28,0.07,-0.010719698439056045,False,399,5
XLI,400,2024-04-29,0.01,-0.0002694426959539631,False,399,1
XLI,400,2024-06-28,0.02,0.002541360290779056,False,399,5
XLI,400,2024-08-28,0.04,0.005197126745400931,False,399,2
XLI,400,2024-10-28,0.065,0.00893547444535998,False,399,1
XLI,400,2024-12-27,0.05,0.006622161026048416,False,399,1
XLI,400,2025-03-03,0.02,0.002449367614333403,False,399,1
XLI,400,2025-05-01,0.12,0.017026249028138176,False,399,1
XLI,400,2025-07-02,0.07,0.010254602702134168,False,399,3
XLI,400,2025-09-02,0.005,0.0007726101261396236,False,399,4
XLI,400,2025-10-30,0.01,-0.0011480212353083554,False,399,4
XLB,400,2001-02-12,0.035,0.005073679441809669,False,399,5
XLB,400,2001-04-12,0.05,0.00658677641121222,False,399,1
XLB,400,2001-06-13,0.075,0.010300097444790556,False,400,4
XLB,400,2001-08-13,0.005,0.0006633119267882694,False,399,3
XLB,400,2001-10-17,0.02,0.002607476657552077,False,399,3
XLB,400,2001-12-17,0.045,0.005859399296483857,False,399,2
XLB,400,2002-02-19,0.015,0.0017636354550826278,False,399,5
XLB,400,2002-04-19,0.0,0.0,False,399,2
XLB,400,2002-06-19,0.005,-0.0006924963451535191,False,399,5
XLB,400,2002-08-19,0.015,-0.0018293396742760169,False,399,5
XLB,400,2002-10-17,0.06,-0.008874146232698315,False,399,5
XLB,400,2002-12-17,0.105,-0.01681520828876832,False,399,4
XLB,400,2003-02-19,0.095,-0.018342434418804548,False,399,5
XLB,400,2003-04-21,0.115,-0.022036043346830052,False,399,5
XLB,400,2003-06-19,0.145,-0.02562771785011724,False,399,5
XLB,400,2003-08-19,0.12,-0.019396425381271298,False,399,4
XLB,400,2003-10-17,0.005,0.00047617549643790924,False,399,1
XLB,400,2003-12-17,0.015,0.0015139522296908632,False,399,1
XLB,400,2004-02-19,0.0,0.0,False,399,1
XLB,400,2004-04-20,0.005,0.0009401604309581409,False,399,1
XLB,400,2004-06-21,0.015,-0.0014810632213102582,False,400,1
XLB,400,2004-08-19,0.0,0.0,False,399,4
XLB,400,2004-10-19,0.005,0.0007921379947938994,False,399,3
XLB,400,2004-12-17,0.16,0.02574138549601805,False,399,2
XLB,400,2005-02-17,0.255,0.040887132206106624,False,399,2
XLB,400,2005-04-20,0.095,0.014354408046132696,False,399,1
XLB,400,2005-06-20,0.145,0.023476471867477557,False,399,2
XLB,400,2005-08-18,0.125,0.019043765547720047,False,399,2
XLB,400,2005-10-18,0.15,0.023744084838562565,False,399,1
XLB,400,2005-12-16,0.125,0.0195703913587086,False,399,3
XLB,400,2006-02-17,0.105,0.017115872037463297,False,399,3
XLB,400,2006-04-20,0.005,0.0009182375924256971,False,399,3
XLB,400,2006-06-20,0.01,-0.00011697892024527354,False,399,4
XLB,400,2006-08-18,0.0,0.0,False,399,4
XLB,400,2006-10-18,0.01,0.0002036264737627877,False,399,1
XLB,400,2006-12-18,0.005,-0.0006863335692706737,False,399,1
XLB,400,2007-02-21,0.0,0.0,False,399,1
XLB,400,2007-04-23,0.005,-0.0006810357348002074,False,399,1
XLB,400,2007-06-21,0.01,-0.0013618038575207102,False,399,1
XLB,400,2007-08-21,0.0,0.0,False,399,1
XLB,400,2007-10-19,0.0,0.0,False,399,5
XLB,400,2007-12-19,0.0,0.0,False,399,5
XLB,400,2008-02-21,0.0,0.0,False,399,1
XLB,400,2008-04-22,0.0,0.0,False,399,5
XLB,400,2008-06-20,0.0,0.0,False,399,1
XLB,400,2008-08-20,0.0,0.0,False,399,3
XLB,400,2008-10-20,0.08,-0.012242038133315208,False,399,4
XLB,400,2008-12-18,0.0,0.0,False,399,2
XLB,400,2009-02-20,0.065,-0.009394851363051628,False,399,3
XLB,400,2009-04-22,0.05,-0.007974587759513712,False,399,4
XLB,400,2009-06-22,0.23,-0.03466506696519423,False,399,3
XLB,400,2009-08-20,0.245,-0.036419561821574346,False,399,3
XLB,400,2009-10-20,0.32,-0.04736096318737488,False,399,1
XLB,400,2009-12-18,0.18,-0.026013325299631143,False,399,2
XLB,400,2010-02-22,0.165,-0.022968022329517872,False,399,1
XLB,400,2010-04-22,0.145,-0.019459421460010066,False,399,4
XLB,400,2010-06-22,0.205,-0.03101847785682609,False,399,3
XLB,400,2010-08-20,0.02,-0.002852013692354815,False,399,1
XLB,400,2010-10-20,0.0,0.0,False,399,1
XLB,400,2010-12-20,0.005,-0.0006358716958934575,False,399,2
XLB,400,2011-02-18,0.0,0.0,False,399,3
XLB,400,2011-04-20,0.01,2.634609798096349e-05,False,399,3
XLB,400,2011-06-21,0.005,-0.0009018016698268634,False,399,5
XLB,400,2011-08-19,0.01,-0.0004242118386558659,False,399,5
XLB,400,2011-10-19,0.005,0.0006177630639304202,False,399,5
XLB,400,2011-12-19,0.005,0.0005742337797064995,False,399,5
XLB,400,2012-02-21,0.0,0.0,False,399,5
XLB,400,2012-04-20,0.0,0.0,False,399,4
XLB,400,2012-06-20,0.005,0.0005218861002488478,False,399,5
XLB,400,2012-08-20,0.0,0.0,False,399,4
XLB,400,2012-10-18,0.0,0.0,False,399,5
XLB,400,2012-12-20,0.0,0.0,False,399,5
XLB,400,2013-02-22,0.005,-0.0007867466706051371,False,399,5
XLB,400,2013-04-24,0.05,-0.00605732206914863,False,399,4
XLB,400,2013-06-24,0.095,-0.015355775478894627,False,399,1
XLB,400,2013-08-22,0.105,-0.014619655210466044,False,399,2
XLB,400,2013-10-22,0.01,-0.0014284375363327845,False,399,1
XLB,400,2013-12-20,0.01,-0.001584470495357431,False,399,2
XLB,400,2014-02-24,0.005,-0.0009296340004341545,False,399,2
XLB,400,2014-04-24,0.015,-0.0022527636927079085,False,399,4
XLB,400,2014-06-24,0.005,-0.0007641498368698609,False,399,5
XLB,400,2014-08-22,0.025,-0.0030826365457019183,False,399,5
XLB,400,2014-10-22,0.005,0.0005957221777505383,False,399,5
XLB,400,2014-12-22,0.02,0.002389731099895003,False,399,5
XLB,400,2015-02-24,0.01,0.0018549321275975266,False,399,5
XLB,400,2015-04-24,0.02,0.003409226630720029,False,399,5
XLB,400,2015-06-24,0.02,0.003102830794815216,False,399,5
XLB,400,2015-08-24,0.02,-0.001161298635262885,False,399,3
XLB,400,2015-10-22,0.015,0.002794279309304345,False,399,5
XLB,400,2015-12-22,0.035,0.004620692396154191,False,399,3
XLB,400,2016-02-24,0.005,0.0004567971376351977,False,399,5
XLB,400,2016-04-25,0.005,0.0008679812596986583,False,399,5
XLB,400,2016-06-23,0.0,0.0,False,399,4
XLB,400,2016-08-23,0.0,0.0,False,399,2
XLB,400,2016-10-21,0.01,-0.0017467289859496415,False,399,2
XLB,400,2016-12-21,0.0,0.0,False,399,4
XLB,400,2017-02-23,0.02,-0.0027050995758933077,False,399,4
XLB,400,2017-04-25,0.025,-0.003897563423368581,False,399,4
XLB,400,2017-06-23,0.235,0.03085426963724445,False,399,1
XLB,400,2017-08-23,0.085,-0.01409796945583502,False,399,3
XLB,400,2017-10-23,0.155,-0.02117424570423455,False,399,1
XLB,400,2017-12-21,0.065,-0.008986001803889435,False,399,1
XLB,400,2018-02-23,0.045,-0.005177169863225247,False,399,2
XLB,400,2018-04-25,0.01,0.0005255499061656258,False,399,3
XLB,400,2018-06-25,0.01,0.0003869777923007933,False,399,4
XLB,400,2018-08-23,0.0,0.0,False,399,5
XLB,400,2018-10-23,0.0,0.0,False,399,5
XLB,400,2018-12-24,0.01,0.0012451208240948936,False,399,3
XLB,400,2019-02-26,0.045,0.006795165102273171,False,399,4
XLB,400,2019-04-26,0.085,0.013214109001342728,False,399,2
XLB,400,2019-06-26,0.04,0.006621876956460961,False,399,4
XLB,400,2019-08-26,0.055,0.0079139495759656,False,399,4
XLB,400,2019-10-24,0.02,0.0026211760149744113,False,399,4
XLB,400,2019-12-24,0.015,0.002475516905206079,False,399,2
XLB,400,2020-02-26,0.03,0.004284462942320102,False,399,4
XLB,400,2020-04-27,0.015,0.0021156713540005164,False,399,3
XLB,400,2020-06-25,0.0,0.0,False,399,2
XLB,400,2020-08-25,0.0,0.0,False,399,2
XLB,400,2020-10-23,0.0,0.0,False,399,2
XLB,400,2020-12-23,0.02,-0.0027574844843080925,False,399,2
XLB,400,2021-02-25,0.01,-0.0010771596380891786,False,399,5
XLB,400,2021-04-27,0.15,-0.02026100945486358,False,399,1
XLB,400,2021-06-25,0.245,-0.03325219017655309,False,399,2
XLB,400,2021-08-25,0.335,-0.04475852173773048,False,399,2
XLB,400,2021-10-25,0.455,-0.06387257885569349,False,399,3
XLB,400,2021-12-23,0.37,-0.0537737223145977,False,399,1
XLB,400,2022-02-24,0.5,-0.08254552612982229,True,399,2
XLB,400,2022-04-26,0.63,-0.10654071728723541,True,399,2
XLB,400,2022-06-27,0.09,-0.014112419657536734,False,399,3
XLB,400,2022-08-25,0.105,-0.015167672232236395,False,399,3
XLB,400,2022-10-25,0.02,-0.0013382756337618751,False,399,1
XLB,400,2022-12-23,0.015,-0.000695419901221092,False,399,1
XLB,400,2023-02-27,0.025,-0.002137077271176892,False,399,1
XLB,400,2023-04-27,0.025,-0.0033984451383433055,False,399,1
XLB,400,2023-06-28,0.025,-0.0036803989933194003,False,399,2
XLB,400,2023-08-28,0.02,-0.0017261691593845863,False,399,2
XLB,400,2023-10-26,0.0,0.0,False,399,1
XLB,400,2023-12-27,0.005,-0.000621420911813788,False,399,1
XLB,400,2024-02-28,0.08,-0.013826797035809232,False,399,2
XLB,400,2024-04-29,0.03,-0.004909535976174974,False,399,1
XLB,400,2024-06-28,0.005,0.0006633842752940688,False,399,1
XLB,400,2024-08-28,0.12,0.016719391583756543,False,399,1
XLB,400,2024-10-28,0.115,0.01602010901838938,False,399,2
XLB,400,2024-12-27,0.195,0.028323437386487002,False,399,4
XLB,400,2025-03-03,0.12,0.01793745175839359,False,399,5
XLB,400,2025-05-01,0.055,0.007792825210789254,False,399,5
XLB,400,2025-07-02,0.01,0.0012224836583867615,False,399,3
XLB,400,2025-09-02,0.0,0.0,False,399,4
XLB,400,2025-10-30,0.015,0.002310771926984076,False,399,3
XLU,400,2001-02-12,0.0,0.0,False,399,5
XLU,400,2001-04-12,0.015,0.001910264674984456,False,399,4
XLU,400,2001-06-13,0.01,0.00129024777259069,False,399,1
XLU,400,2001-08-13,0.02,0.002966918927337787,False,399,4
XLU,400,2001-10-17,0.025,0.004098443341640241,False,399,1
XLU,400,2001-12-17,0.035,0.005981138426717176,False,399,3
XLU,400,2002-02-19,0.05,0.007394155777158923,False,399,2
XLU,400,2002-04-19,0.0,0.0,False,399,2
XLU,400,2002-06-19,0.025,0.00336996175157646,False,399,1
XLU,400,2002-08-19,0.09,0.011309206272223829,False,399,3
XLU,400,2002-10-17,0.005,0.0013141694117261406,False,399,3
XLU,400,2002-12-17,0.0,0.0,False,399,3
XLU,400,2003-02-19,0.0,0.0,False,399,3
XLU,400,2003-04-21,0.0,0.0,False,399,3
XLU,400,2003-06-19,0.02,0.0036246340263061615,False,399,3
XLU,400,2003-08-19,0.015,0.0030765273926285307,False,399,3
XLU,400,2003-10-17,0.01,-0.00018245282872745856,False,399,3
XLU,400,2003-12-17,0.04,0.0004990157296792844,False,399,4
XLU,400,2004-02-19,0.035,0.0010563843505113205,False,399,3
XLU,400,2004-04-20,0.025,0.0023076053833151326,False,399,4
XLU,400,2004-06-21,0.005,0.000640860908055164,False,399,2
XLU,400,2004-08-19,0.03,0.0035979302893137887,False,399,4
XLU,400,2004-10-19,0.06,0.008347889216750422,False,399,1
XLU,400,2004-12-17,0.035,0.0048902808202367695,False,399,1
XLU,400,2005-02-17,0.015,0.0011606332537189349,False,399,3
XLU,400,2005-04-20,0.005,-0.0006558033981450602,False,399,4
XLU,400,2005-06-20,0.02,-0.001696900869782385,False,399,4
XLU,400,2005-08-18,0.0,0.0,False,399,2
XLU,400,2005-10-18,0.005,-0.0013453814780290923,False,399,4
XLU,400,2005-12-16,0.005,-0.0012608024783323307,False,399,5
XLU,400,2006-02-17,0.02,-0.003012408286503435,False,399,3
XLU,400,2006-04-20,0.005,-0.0006520680245976886,False,399,5
XLU,400,2006-06-20,0.0,0.0,False,399,5
XLU,400,2006-08-18,0.01,0.0014974722365086956,False,399,5
XLU,400,2006-10-18,0.015,-0.0027553351784735704,False,399,3
XLU,400,2006-12-18,0.015,-0.0016049425351790409,False,399,5
XLU,400,2007-02-21,0.02,-0.0012996449949356237,False,399,1
XLU,400,2007-04-23,0.06,-0.006372336716207022,False,399,1
XLU,400,2007-06-21,0.045,-0.004850245884061835,False,399,4
XLU,400,2007-08-21,0.005,-0.00045568811030872336,False,399,3
XLU,400,2007-10-19,0.0,0.0,False,399,2
XLU,400,2007-12-19,0.015,-0.0015906599854355091,False,400,2
XLU,400,2008-02-21,0.005,-0.0005571005035235122,False,399,2
XLU,400,2008-04-22,0.01,0.00014264431542586496,False,399,1
XLU,400,2008-06-20,0.02,0.0016101516908462793,False,399,1
XLU,400,2008-08-20,0.005,0.0010920236971911235,False,400,1
XLU,400,2008-10-20,0.015,-0.001971986426114124,False,399,2
XLU,400,2008-12-18,0.055,-0.007484849130703643,False,399,4
XLU,400,2009-02-20,0.025,-0.003502598041801064,False,399,2
XLU,400,2009-04-22,0.0,0.0,False,399,5
XLU,400,2009-06-22,0.025,-0.003334457961383078,False,399,5
XLU,400,2009-08-20,0.05,-0.00682736212692179,False,399,5
XLU,400,2009-10-20,0.055,-0.007508226348039596,False,399,5
XLU,400,2009-12-18,0.085,-0.01280628623498281,False,399,4
XLU,400,2010-02-22,0.055,-0.006851636544898427,False,399,4
XLU,400,2010-04-22,0.065,-0.00725821973654194,False,399,3
XLU,400,2010-06-22,0.07,-0.008995136849174235,False,399,3
XLU,400,2010-08-20,0.04,-0.004973050864131144,False,399,3
XLU,400,2010-10-20,0.03,-0.0041915006151438455,False,399,4
XLU,400,2010-12-20,0.0,0.0,False,399,5
XLU,400,2011-02-18,0.0,0.0,False,399,4
XLU,400,2011-04-20,0.005,-0.0005435012358924498,False,399,4
XLU,400,2011-06-21,0.005,-0.0006442461647938407,False,399,5
XLU,400,2011-08-19,0.0,0.0,False,399,5
XLU,400,2011-10-19,0.025,0.004775710269667137,False,399,5
XLU,400,2011-12-19,0.0,0.0,False,399,5
XLU,400,2012-02-21,0.03,0.004854427176172219,False,399,5
XLU,400,2012-04-20,0.01,0.002508307473747346,False,399,1
XLU,400,2012-06-20,0.035,0.0070575718007991495,False,399,5
XLU,400,2012-08-20,0.005,0.0009162877677644214,False,399,2
XLU,400,2012-10-18,0.025,0.003621282689808963,False,399,2
XLU,400,2012-12-20,0.015,0.001980369549765957,False,399,2
XLU,400,2013-02-22,0.0,0.0,False,399,3
XLU,400,2013-04-24,0.0,0.0,False,399,2
XLU,400,2013-06-24,0.0,0.0,False,399,3
XLU,400,2013-08-22,0.005,0.0006758119616968193,False,399,4
XLU,400,2013-10-22,0.0,0.0,False,399,1
XLU,400,2013-12-20,0.0,0.0,False,399,1
XLU,400,2014-02-24,0.0,0.0,False,399,5
XLU,400,2014-04-24,0.0,0.0,False,399,1
XLU,400,2014-06-24,0.0,0.0,False,399,2
XLU,400,2014-08-22,0.0,0.0,False,399,5
XLU,400,2014-10-22,0.03,0.004460713934022978,False,399,1
XLU,400,2014-12-22,0.035,0.0017104577521682679,False,399,1
XLU,400,2015-02-24,0.01,0.0012775409678200472,False,399,5
XLU,400,2015-04-24,0.005,-0.000697692180377538,False,399,5
XLU,400,2015-06-24,0.005,-0.0007131308112143835,False,399,3
XLU,400,2015-08-24,0.005,-0.0006266414655056798,False,399,3
XLU,400,2015-10-22,0.005,-0.0008076986561032448,False,399,4
XLU,400,2015-12-22,0.03,-0.0040187125440845906,False,399,5
XLU,400,2016-02-24,0.04,-0.005042541095328392,False,399,2
XLU,400,2016-04-25,0.21,-0.0291980871506088,False,399,1
XLU,400,2016-06-23,0.09,-0.011905888521029823,False,399,1
XLU,400,2016-08-23,0.155,-0.019070381504082773,False,399,1
XLU,400,2016-10-21,0.04,-0.005104074507168879,False,399,2
XLU,400,2016-12-21,0.12,-0.016138740074866757,False,399,2
XLU,400,2017-02-23,0.065,-0.008664379904858431,False,399,2
XLU,400,2017-04-25,0.03,-0.003728141605577664,False,399,4
XLU,400,2017-06-23,0.015,-0.001554334491311046,False,399,4
XLU,400,2017-08-23,0.01,-0.0013394581293233719,False,399,4
XLU,400,2017-10-23,0.0,0.0,False,399,2
XLU,400,2017-12-21,0.005,0.00044302279960436737,False,399,2
XLU,400,2018-02-23,0.01,-0.0016104702167305499,False,399,2
XLU,400,2018-04-25,0.06,-0.00845104169634814,False,399,1
XLU,400,2018-06-25,0.005,-0.0007756680495693782,False,399,1
XLU,400,2018-08-23,0.005,-0.0008189987209711218,False,399,2
XLU,400,2018-10-23,0.025,-0.003906784367110217,False,399,1
XLU,400,2018-12-24,0.01,-0.0015599339444532978,False,399,4
XLU,400,2019-02-26,0.015,-0.002512890491899106,False,399,5
XLU,400,2019-04-26,0.035,-0.0051060725942198085,False,399,5
XLU,400,2019-06-26,0.105,-0.013753067877552965,False,399,3
XLU,400,2019-08-26,0.05,-0.006594578538926283,False,399,3
XLU,400,2019-10-24,0.105,-0.013978387768598888,False,399,2
XLU,400,2019-12-24,0.055,-0.0071720673913141485,False,399,3
XLU,400,2020-02-26,0.02,-0.002257491630644587,False,399,5
XLU,400,2020-04-27,0.005,-0.00026366460365216443,False,399,4
XLU,400,2020-06-25,0.005,-0.00027970128225249783,False,399,4
XLU,400,2020-08-25,0.0,0.0,False,400,4
XLU,400,2020-10-23,0.0,0.0,False,399,3
XLU,400,2020-12-23,0.0,0.0,False,399,5
XLU,400,2021-02-25,0.0,0.0,False,399,5
XLU,400,2021-04-27,0.0,0.0,False,399,5
XLU,400,2021-06-25,0.015,-0.0010325903400421634,False,399,5
XLU,400,2021-08-25,0.01,-0.0008867532197634476,False,399,3
XLU,400,2021-10-25,0.085,-0.009000060462963007,False,399,5
XLU,400,2021-12-23,0.07,-0.00923495097414949,False,399,3
XLU,400,2022-02-24,0.09,-0.011773568515726347,False,399,3
XLU,400,2022-04-26,0.17,-0.027242178543454752,False,399,2
XLU,400,2022-06-27,0.095,-0.01438509814752696,False,399,1
XLU,400,2022-08-25,0.035,-0.004943730848025077,False,399,1
XLU,400,2022-10-25,0.015,0.001752287624084935,False,399,3
XLU,400,2022-12-23,0.005,-0.0005739235669860404,False,399,5
XLU,400,2023-02-27,0.015,-0.001989527057162264,False,399,4
XLU,400,2023-04-27,0.035,0.0017269767006607838,False,399,2
XLU,400,2023-06-28,0.0,0.0,False,399,2
XLU,400,2023-08-28,0.005,0.0007203356368201166,False,399,5
XLU,400,2023-10-26,0.015,0.002050355819156808,False,399,4
XLU,400,2023-12-27,0.01,0.0012692069088159523,False,399,4
XLU,400,2024-02-28,0.0,0.0,False,399,4
XLU,400,2024-04-29,0.005,-0.0008727037081095278,False,399,1
XLU,400,2024-06-28,0.005,0.0007765392274281578,False,400,5
XLU,400,2024-08-28,0.0,0.0,False,400,4
XLU,400,2024-10-28,0.04,0.006577184601990071,False,400,5
XLU,400,2024-12-27,0.0,0.0,False,399,1
XLU,400,2025-03-03,0.005,-0.0007609686563585217,False,399,1
XLU,400,2025-05-01,0.01,-0.0010695385340483807,False,399,2
XLU,400,2025-07-02,0.025,-0.003922822187018453,False,399,3
XLU,400,2025-09-02,0.0,0.0,False,399,3
XLU,400,2025-10-30,0.0,0.0,False,399,4
XLP,400,2001-02-12,0.0,0.0,False,399,1
XLP,400,2001-04-12,0.0,0.0,False,399,1
XLP,400,2001-06-13,0.0,0.0,False,399,4
XLP,400,2001-08-13,0.01,0.001255814405727359,False,399,4
XLP,400,2001-10-17,0.005,0.0007003130760928266,False,399,4
XLP,400,2001-12-17,0.005,-0.0007796909244535555,False,399,1
XLP,400,2002-02-19,0.0,0.0,False,399,3
XLP,400,2002-04-19,0.005,0.0004473948476984989,False,399,2
XLP,400,2002-06-19,0.0,0.0,False,399,1
XLP,400,2002-08-19,0.005,-0.0006076189658163441,False,399,3
XLP,400,2002-10-17,0.005,-0.000675491283945012,False,399,3
XLP,400,2002-12-17,0.0,0.0,False,399,3
XLP,400,2003-02-19,0.0,0.0,False,399,4
XLP,400,2003-04-21,0.065,-0.009592222382860824,False,399,2
XLP,400,2003-06-19,0.005,-0.000721802245343504,False,399,2
XLP,400,2003-08-19,0.01,-0.0001514411931176892,False,399,2
XLP,400,2003-10-17,0.015,-0.0023565290251511177,False,399,3
XLP,400,2003-12-17,0.005,-0.0005936704634821538,False,399,5
XLP,400,2004-02-19,0.015,-0.0018510048253282214,False,399,5
XLP,400,2004-04-20,0.02,-0.00246785836224597,False,399,4
XLP,400,2004-06-21,0.005,-0.0005369481036387951,False,399,3
XLP,400,2004-08-19,0.005,0.00045909229816211173,False,399,3
XLP,400,2004-10-19,0.005,0.0006705537717845918,False,399,3
XLP,400,2004-12-17,0.005,0.0005051363419855902,False,399,2
XLP,400,2005-02-17,0.015,0.002055884217332009,False,399,1
XLP,400,2005-04-20,0.025,0.00307973601339655,False,399,5
XLP,400,2005-06-20,0.03,0.004349395518094131,False,399,1
XLP,400,2005-08-18,0.0,0.0,False,399,4
XLP,400,2005-10-18,0.035,0.0055306710088719535,False,399,4
XLP,400,2005-12-16,0.015,0.001897656845122445,False,399,3
XLP,400,2006-02-17,0.0,0.0,False,399,1
XLP,400,2006-04-20,0.0,0.0,False,399,5
XLP,400,2006-06-20,0.0,0.0,False,399,5
XLP,400,2006-08-18,0.0,0.0,False,399,3
XLP,400,2006-10-18,0.05,-0.006613496568145773,False,399,3
XLP,400,2006-12-18,0.035,-0.005536359282750269,False,399,5
XLP,400,2007-02-21,0.055,-0.007827449935994595,False,399,4
XLP,400,2007-04-23,0.065,-0.010090494896718672,False,399,3
XLP,400,2007-06-21,0.02,-0.0031074527282470175,False,399,3
XLP,400,2007-08-21,0.01,-0.0013891364020849934,False,399,1
XLP,400,2007-10-19,0.015,-0.0023859086589429006,False,399,3
XLP,400,2007-12-19,0.035,0.0020061755781548966,False,399,1
XLP,400,2008-02-21,0.065,0.012119249559210128,False,399,4
XLP,400,2008-04-22,0.12,0.022056539815742647,False,399,3
XLP,400,2008-06-20,0.26,0.04542249447734758,False,399,1
XLP,400,2008-08-20,0.115,0.01869612208366888,False,399,4
XLP,400,2008-10-20,0.125,0.018729342106996096,False,399,3
XLP,400,2008-12-18,0.035,0.004586923516422539,False,399,3
XLP,400,2009-02-20,0.015,0.0014366682595523081,False,399,2
XLP,400,2009-04-22,0.02,0.0022110031283968322,False,399,5
XLP,400,2009-06-22,0.01,0.001124942833990053,False,399,5
XLP,400,2009-08-20,0.005,0.0005534298383057007,False,399,5
XLP,400,2009-10-20,0.0,0.0,False,399,5
XLP,400,2009-12-18,0.0,0.0,False,399,2
XLP,400,2010-02-22,0.015,-0.002270554257039916,False,399,5
XLP,400,2010-04-22,0.025,-0.0032769394422253757,False,399,5
XLP,400,2010-06-22,0.06,-0.011021584911886602,False,399,5
XLP,400,2010-08-20,0.01,-0.0017973560209201462,False,399,2
XLP,400,2010-10-20,0.03,-0.0049711717188946,False,399,1
XLP,400,2010-12-20,0.01,-0.0012151538615084755,False,399,3
XLP,400,2011-02-18,0.02,-0.002739899470608185,False,399,3
XLP,400,2011-04-20,0.03,-0.004536305830797973,False,399,3
XLP,400,2011-06-21,0.02,0.001655333718333883,False,399,3
XLP,400,2011-08-19,0.02,0.0026080258793426915,False,399,2
XLP,400,2011-10-19,0.025,0.0034057857968099424,False,399,1
XLP,400,2011-12-19,0.01,0.0016744423895326283,False,399,1
XLP,400,2012-02-21,0.0,0.0,False,399,2
XLP,400,2012-04-20,0.0,0.0,False,399,2
XLP,400,2012-06-20,0.0,0.0,False,399,5
XLP,400,2012-08-20,0.01,-0.0014584968088971093,False,399,5
XLP,400,2012-10-18,0.0,0.0,False,399,5
XLP,400,2012-12-20,0.0,0.0,False,399,5
XLP,400,2013-02-22,0.0,0.0,False,399,2
XLP,400,2013-04-24,0.005,-0.0005353485980984729,False,399,1
XLP,400,2013-06-24,0.055,-0.005874575516553778,False,399,3
XLP,400,2013-08-22,0.04,-0.004354002925826655,False,399,3
XLP,400,2013-10-22,0.05,-0.004372726780266222,False,399,1
XLP,400,2013-12-20,0.025,-0.0029093850782886143,False,399,1
XLP,400,2014-02-24,0.105,-0.01344895790969083,False,399,2
XLP,400,2014-04-24,0.13,-0.016993165466333573,False,399,1
XLP,400,2014-06-24,0.1,-0.012630144564012043,False,400,1
XLP,400,2014-08-22,0.075,0.009570952270641224,False,399,3
XLP,400,2014-10-22,0.035,-0.005452468737157798,False,399,2
XLP,400,2014-12-22,0.21,0.0305269033005912,False,399,4
XLP,400,2015-02-24,0.08,0.013302943344629727,False,399,1
XLP,400,2015-04-24,0.015,0.0008728696620544503,False,399,2
XLP,400,2015-06-24,0.03,-0.0038209789683356678,False,399,4
XLP,400,2015-08-24,0.02,-0.002389273439484916,False,399,3
XLP,400,2015-10-22,0.005,-0.0006620197144493184,False,399,2
XLP,400,2015-12-22,0.0,0.0,False,399,2
XLP,400,2016-02-24,0.0,0.0,False,399,2
XLP,400,2016-04-25,0.0,0.0,False,399,2
XLP,400,2016-06-23,0.01,-0.001388206582674128,False,399,3
XLP,400,2016-08-23,0.0,0.0,False,399,1
XLP,400,2016-10-21,0.02,0.003061953504667275,False,399,1
XLP,400,2016-12-21,0.045,0.007613577190671561,False,399,2
XLP,400,2017-02-23,0.015,-0.0021222351628807077,False,399,2
XLP,400,2017-04-25,0.005,0.0009479018214156834,False,399,3
XLP,400,2017-06-23,0.09,0.013090288517529813,False,399,2
XLP,400,2017-08-23,0.085,0.01207403016137166,False,399,4
XLP,400,2017-10-23,0.045,0.007160540348370757,False,399,3
XLP,400,2017-12-21,0.07,0.01155428363895909,False,399,4
XLP,400,2018-02-23,0.055,0.00782734928196037,False,399,4
XLP,400,2018-04-25,0.06,0.007544579629947111,False,399,2
XLP,400,2018-06-25,0.05,0.006284625497656615,False,399,2
XLP,400,2018-08-23,0.045,0.005737876520102802,False,399,3
XLP,400,2018-10-23,0.045,0.00664523438220495,False,399,4
XLP,400,2018-12-24,0.005,0.0008583587227837789,False,399,4
XLP,400,2019-02-26,0.02,0.0023207062644362993,False,399,3
XLP,400,2019-04-26,0.015,-0.0009742308406423112,False,399,2
XLP,400,2019-06-26,0.02,-0.0016602587374389655,False,399,3
XLP,400,2019-08-26,0.03,-0.0032295288685368823,False,399,1
XLP,400,2019-10-24,0.025,-0.003937597278111118,False,399,5
XLP,400,2019-12-24,0.02,-0.0032278973203412626,False,399,4
XLP,400,2020-02-26,0.085,-0.01513707933521483,False,400,5
XLP,400,2020-04-27,0.01,0.00027432051681916785,False,399,2
XLP,400,2020-06-25,0.025,-0.0005860187358605828,False,399,2
XLP,400,2020-08-25,0.015,0.00020178854573763076,False,399,2
XLP,400,2020-10-23,0.015,0.000910864145114296,False,399,2
XLP,400,2020-12-23,0.045,0.006314273493761357,False,399,2
XLP,400,2021-02-25,0.01,0.00017900642126149398,False,399,3
XLP,400,2021-04-27,0.01,-0.0007227910032255065,False,399,5
XLP,400,2021-06-25,0.01,-0.0009148126941380155,False,399,5
XLP,400,2021-08-25,0.0,0.0,False,399,5
XLP,400,2021-10-25,0.03,0.0029215362667066726,False,399,4
XLP,400,2021-12-23,0.07,0.006539999302100743,False,399,2
XLP,400,2022-02-24,0.085,0.009265518558035663,False,399,1
XLP,400,2022-04-26,0.07,0.007983932182544156,False,399,1
XLP,400,2022-06-27,0.07,0.00967889513764874,False,399,3
XLP,400,2022-08-25,0.035,0.0039584327516856395,False,399,4
XLP,400,2022-10-25,0.155,0.023718169458205932,False,399,1
XLP,400,2022-12-23,0.175,0.025459931801267856,False,399,1
XLP,400,2023-02-27,0.125,0.020291445180851644,False,399,1
XLP,400,2023-04-27,0.0,0.0,False,399,2
XLP,400,2023-06-28,0.05,0.007858031901592564,False,399,5
XLP,400,2023-08-28,0.065,0.009872050261188819,False,399,5
XLP,400,2023-10-26,0.1,0.014954740716807613,False,399,5
XLP,400,2023-12-27,0.01,0.0016715892604523541,False,399,3
XLP,400,2024-02-28,0.005,0.000690428629204262,False,399,1
XLP,400,2024-04-29,0.01,0.0013842467445591227,False,399,1
XLP,400,2024-06-28,0.015,0.0003434176302538401,False,399,4
XLP,400,2024-08-28,0.015,0.0019315228228879951,False,400,4
XLP,400,2024-10-28,0.005,0.0010475838682434697,False,400,3
XLP,400,2024-12-27,0.0,0.0,False,399,5
XLP,400,2025-03-03,0.005,-0.0006326820758336201,False,399,5
XLP,400,2025-05-01,0.01,-0.0013139321358213323,False,399,5
XLP,400,2025-07-02,0.0,0.0,False,399,1
XLP,400,2025-09-02,0.005,0.0008236476053377448,False,399,4
XLP,400,2025-10-30,0.005,-0.0006579761423178263,False,399,4
XLY,400,2001-02-12,0.005,-0.0006836618266473968,False,399,5
XLY,400,2001-04-12,0.0,0.0,False,399,5
XLY,400,2001-06-13,0.0,0.0,False,399,4
XLY,400,2001-08-13,0.075,0.012087669173964356,False,399,1
XLY,400,2001-10-17,0.425,0.079666705926643,False,399,5
XLY,400,2001-12-17,0.275,0.05036845683615037,False,399,4
XLY,400,2002-02-19,0.295,0.05449092869146043,False,399,1
XLY,400,2002-04-19,0.285,0.05439317250195346,False,399,5
XLY,400,2002-06-19,0.27,0.04595782977455578,False,399,1
XLY,400,2002-08-19,0.24,0.039105545073259994,False,399,1
XLY,400,2002-10-17,0.095,0.014707174683549677,False,399,3
XLY,400,2002-12-17,0.14,0.022700017294177536,False,399,4
XLY,400,2003-02-19,0.17,0.027112190350145452,False,399,4
XLY,400,2003-04-21,0.085,-0.012609297088386841,False,399,3
XLY,400,2003-06-19,0.03,-0.0037497065273332025,False,399,3
XLY,400,2003-08-19,0.015,-0.001062052957006539,False,399,2
XLY,400,2003-10-17,0.0,0.0,False,399,2
XLY,400,2003-12-17,0.0,0.0,False,399,2
XLY,400,2004-02-19,0.0,0.0,False,399,2
XLY,400,2004-04-20,0.015,-0.002260607919820865,False,399,1
XLY,400,2004-06-21,0.0,0.0,False,399,1
XLY,400,2004-08-19,0.005,-0.0006803366048622765,False,399,2
XLY,400,2004-10-19,0.01,0.0011441661208278422,False,399,3
XLY,400,2004-12-17,0.005,0.0006181573390427158,False,399,5
XLY,400,2005-02-17,0.015,0.008123045243217684,False,400,1
XLY,400,2005-04-20,0.165,0.04571449631955381,False,400,1
XLY,400,2005-06-20,0.245,0.03889842445071286,False,399,3
XLY,400,2005-08-18,0.28,0.04405223138215999,False,399,2
XLY,400,2005-10-18,0.01,0.00021914355145682304,False,399,2
XLY,400,2005-12-16,0.0,0.0,False,399,3
XLY,400,2006-02-17,0.01,-0.0017386682493867917,False,399,5
XLY,400,2006-04-20,0.005,-0.0005760637126600032,False,399,2
XLY,400,2006-06-20,0.025,-0.0031198894299092972,False,399,2
XLY,400,2006-08-18,0.08,-0.010684679132336571,False,399,1
XLY,400,2006-10-18,0.155,-0.025597977395244255,False,399,5
XLY,400,2006-12-18,0.175,-0.027359822694790408,False,399,3
XLY,400,2007-02-21,0.0,0.0,False,399,1
XLY,400,2007-04-23,0.005,-0.0010107461483945305,False,399,3
XLY,400,2007-06-21,0.025,-0.0019028348343219958,False,399,1
XLY,400,2007-08-21,0.1,-0.015319171705148283,False,399,4
XLY,400,2007-10-19,0.3,-0.05305298797878679,False,399,1
XLY,400,2007-12-19,0.335,-0.056857272577933694,False,399,1
XLY,400,2008-02-21,0.22,-0.03452102329342825,False,399,2
XLY,400,2008-04-22,0.195,-0.026975895971894506,False,399,4
XLY,400,2008-06-20,0.205,-0.030702066631527164,False,399,3
XLY,400,2008-08-20,0.275,-0.041016886357703675,False,399,5
XLY,400,2008-10-20,0.33,-0.042331548368072985,False,399,3
XLY,400,2008-12-18,0.275,-0.03143427885783628,False,399,3
XLY,400,2009-02-20,0.05,-0.006047031199512815,False,399,1
XLY,400,2009-04-22,0.015,-0.001647291112355966,False,399,1
XLY,400,2009-06-22,0.0,0.0,False,399,1
XLY,400,2009-08-20,0.02,-0.0037520903953717,False,399,5
XLY,400,2009-10-20,0.0,0.0,False,399,1
XLY,400,2009-12-18,0.005,-0.0005633865777154863,False,399,1
XLY,400,2010-02-22,0.01,0.0012623198023403986,False,399,1
XLY,400,2010-04-22,0.0,0.0,False,399,1
XLY,400,2010-06-22,0.0,0.0,False,399,1
XLY,400,2010-08-20,0.015,-0.001905839541003514,False,399,1
XLY,400,2010-10-20,0.015,-0.00222586307529051,False,399,3
XLY,400,2010-12-20,0.015,-0.002561561446045111,False,399,2
XLY,400,2011-02-18,0.03,-0.0054034371203227,False,399,2
XLY,400,2011-04-20,0.035,-0.006209844275147735,False,399,3
XLY,400,2011-06-21,0.01,-0.001765260697667183,False,399,3
XLY,400,2011-08-19,0.005,-0.0006335852707432592,False,399,1
XLY,400,2011-10-19,0.0,0.0,False,399,4
XLY,400,2011-12-19,0.005,-0.000731169909275416,False,399,1
XLY,400,2012-02-21,0.01,-5.8150413531834824e-05,False,399,1
XLY,400,2012-04-20,0.01,-5.5251020822891375e-05,False,399,1
XLY,400,2012-06-20,0.02,0.00280276847499936,False,399,1
XLY,400,2012-08-20,0.06,0.008584105581626821,False,399,1
XLY,400,2012-10-18,0.025,0.0046355366822015895,False,399,1
XLY,400,2012-12-20,0.04,0.005130383188487673,False,399,4
XLY,400,2013-02-22,0.005,0.0005300675810999574,False,399,4
XLY,400,2013-04-24,0.01,0.0009284857024121979,False,399,3
XLY,400,2013-06-24,0.03,0.004303447003651814,False,399,1
XLY,400,2013-08-22,0.09,0.013924250195193359,False,399,3
XLY,400,2013-10-22,0.11,0.019867303652831913,False,399,1
XLY,400,2013-12-20,0.015,0.0023335704142382336,False,399,1
XLY,400,2014-02-24,0.025,0.0024148567904355663,False,399,2
XLY,400,2014-04-24,0.015,0.0019966252793842004,False,399,2
XLY,400,2014-06-24,0.01,0.001442416930095419,False,399,2
XLY,400,2014-08-22,0.01,-7.60989020713259e-05,False,399,1
XLY,400,2014-10-22,0.005,0.0006559665601975007,False,399,2
XLY,400,2014-12-22,0.005,-0.0006622758676065446,False,399,2
XLY,400,2015-02-24,0.015,-0.00048243694912298267,False,399,2
XLY,400,2015-04-24,0.005,-0.0006094699699241812,False,399,5
XLY,400,2015-06-24,0.0,0.0,False,399,3
XLY,400,2015-08-24,0.0,0.0,False,399,4
XLY,400,2015-10-22,0.0,0.0,False,400,2
XLY,400,2015-12-22,0.005,0.0008895755160820429,False,399,2
XLY,400,2016-02-24,0.01,0.0014205879417860895,False,399,3
XLY,400,2016-04-25,0.0,0.0,False,399,3
XLY,400,2016-06-23,0.015,0.0020467411554294474,False,399,3
XLY,400,2016-08-23,0.015,0.0018692994058978518,False,399,4
XLY,400,2016-10-21,0.0,0.0,False,399,3
XLY,400,2016-12-21,0.01,0.001359299941025406,False,399,4
XLY,400,2017-02-23,0.045,0.005932497223791356,False,399,5
XLY,400,2017-04-25,0.03,0.004087006948311478,False,399,3
XLY,400,2017-06-23,0.015,0.002686214131913388,False,399,1
XLY,400,2017-08-23,0.005,-0.0006174173335810087,False,400,5
XLY,400,2017-10-23,0.005,-0.0006338932494889913,False,400,5
XLY,400,2017-12-21,0.01,-0.0014047524553086322,False,400,5
XLY,400,2018-02-23,0.005,-0.0006192390246727494,False,399,5
XLY,400,2018-04-25,0.03,-0.004201010595967745,False,399,3
XLY,400,2018-06-25,0.02,-0.002876727185716892,False,399,5
XLY,400,2018-08-23,0.02,-0.0030754615856279518,False,399,5
XLY,400,2018-10-23,0.015,-0.001685788771740576,False,399,3
XLY,400,2018-12-24,0.055,-0.006401352473059727,False,399,5
XLY,400,2019-02-26,0.01,-0.0012644414862720515,False,399,5
XLY,400,2019-04-26,0.025,-0.003225206807756924,False,399,4
XLY,400,2019-06-26,0.01,-0.0014269483524126645,False,399,4
XLY,400,2019-08-26,0.015,0.001658532369168205,False,399,3
XLY,400,2019-10-24,0.115,0.01629215296674949,False,399,5
XLY,400,2019-12-24,0.055,0.008457961332641253,False,399,3
XLY,400,2020-02-26,0.02,0.002672251663621392,False,399,2
XLY,400,2020-04-27,0.015,0.001321877947529546,False,399,2
XLY,400,2020-06-25,0.015,-0.00033897647544252704,False,399,2
XLY,400,2020-08-25,0.01,0.0007264421842522118,False,399,2
XLY,400,2020-10-23,0.01,0.0007699784506517863,False,399,2
XLY,400,2020-12-23,0.0,0.0,False,399,2
XLY,400,2021-02-25,0.04,-0.00658074349067604,False,399,2
XLY,400,2021-04-27,0.085,-0.012732421793836745,False,399,2
XLY,400,2021-06-25,0.1,-0.015564534146004592,False,400,1
XLY,400,2021-08-25,0.005,-0.0012520613745626485,False,400,1
XLY,400,2021-10-25,0.01,-0.0012844411763824881,False,399,2
XLY,400,2021-12-23,0.01,-0.0017748301637018427,False,399,1
XLY,400,2022-02-24,0.005,-0.0010822576891224797,False,399,5
XLY,400,2022-04-26,0.005,0.0008534220624368649,False,399,3
XLY,400,2022-06-27,0.02,0.0026304070123419447,False,399,3
XLY,400,2022-08-25,0.03,0.004323086350333193,False,399,1
XLY,400,2022-10-25,0.045,0.006596424874013218,False,399,1
XLY,400,2022-12-23,0.01,0.0015498081936882267,False,399,1
XLY,400,2023-02-27,0.03,0.0046352398456129575,False,399,1
XLY,400,2023-04-27,0.015,0.002338507814025317,False,399,4
XLY,400,2023-06-28,0.03,0.0032780022630819238,False,399,1
XLY,400,2023-08-28,0.01,0.001464477136925251,False,399,1
XLY,400,2023-10-26,0.0,0.0,False,399,1
XLY,400,2023-12-27,0.01,-0.0013919057770957755,False,399,1
XLY,400,2024-02-28,0.02,-0.0029661673164309023,False,399,1
XLY,400,2024-04-29,0.065,-0.009182187451092717,False,399,1
XLY,400,2024-06-28,0.01,-2.169603511034769e-05,False,399,3
XLY,400,2024-08-28,0.0,0.0,False,399,5
XLY,400,2024-10-28,0.0,0.0,False,399,4
XLY,400,2024-12-27,0.0,0.0,False,399,5
XLY,400,2025-03-03,0.0,0.0,False,399,2
XLY,400,2025-05-01,0.0,0.0,False,399,5
XLY,400,2025-07-02,0.02,0.002247330457921028,False,399,2
XLY,400,2025-09-02,0.0,0.0,False,399,2
XLY,400,2025-10-30,0.015,0.0015723713839717961,False,399,2
SPY,400,2000-02-23,0.0,0.0,False,399,5
SPY,400,2000-04-24,0.0,0.0,False,399,4
SPY,400,2000-06-22,0.0,0.0,False,399,4
SPY,400,2000-08-22,0.005,-0.0006338795401823963,False,399,5
SPY,400,2000-10-20,0.03,-0.004314071197532866,False,399,2
SPY,400,2000-12-20,0.03,-0.0035188476251012744,False,399,3
SPY,400,2001-02-22,0.005,0.0006676594364128343,False,399,3
SPY,400,2001-04-24,0.0,0.0,False,399,4
SPY,400,2001-06-22,0.015,-0.0019170209940480038,False,399,4
SPY,400,2001-08-22,0.015,-0.0020588474384715958,False,399,4
SPY,400,2001-10-26,0.0,0.0,False,399,5
SPY,400,2001-12-27,0.005,0.0007937987724415873,False,399,4
SPY,400,2002-02-28,0.075,-0.012152817632273914,False,399,3
SPY,400,2002-04-30,0.17,-0.025944286979503694,False,399,3
SPY,400,2002-06-28,0.42,-0.0670195066547461,False,399,3
SPY,400,2002-08-28,0.17,-0.025469305551678846,False,399,4
SPY,400,2002-10-28,0.175,-0.024346594397454662,False,399,4
SPY,400,2002-12-27,0.05,-0.008131181921301196,False,399,5
SPY,400,2003-02-28,0.13,-0.017909306558235315,False,399,3
SPY,400,2003-04-30,0.055,-0.005820473851506712,False,399,3
SPY,400,2003-06-30,0.09,-0.011645282548306723,False,399,3
SPY,400,2003-08-28,0.07,-0.008201896313968594,False,399,3
SPY,400,2003-10-28,0.03,-0.0030048006867393067,False,399,3
SPY,400,2003-12-29,0.02,-0.0007453298278282095,False,399,3
SPY,400,2004-03-01,0.055,-0.004622406090340242,False,399,1
SPY,400,2004-04-29,0.035,-0.00023900713722904726,False,399,4
SPY,400,2004-06-30,0.07,-0.008185858768958009,False,399,4
SPY,400,2004-08-30,0.01,0.0014417084419679383,False,399,5
SPY,400,2004-10-28,0.01,5.195130960431421e-05,False,399,4
SPY,400,2004-12-29,0.005,0.0007321859222811891,False,399,2
SPY,400,2005-03-01,0.01,0.0016964379546602513,False,399,4
SPY,400,2005-04-29,0.0,0.0,False,399,4
SPY,400,2005-06-29,0.0,0.0,False,399,3
SPY,400,2005-08-29,0.0,0.0,False,399,3
SPY,400,2005-10-27,0.0,0.0,False,399,4
SPY,400,2005-12-28,0.01,0.0014652605653121932,False,399,4
SPY,400,2006-03-01,0.0,0.0,False,399,5
SPY,400,2006-05-01,0.035,0.004561713878666429,False,399,5
SPY,400,2006-06-29,0.005,0.000733304786295262,False,399,1
SPY,400,2006-08-29,0.0,0.0,False,399,4
SPY,400,2006-10-27,0.0,0.0,False,399,5
SPY,400,2006-12-28,0.06,0.007781203784739454,False,399,3
SPY,400,2007-03-02,0.075,0.010134478120844347,False,399,3
SPY,400,2007-05-02,0.025,0.002991379662081818,False,399,3
SPY,400,2007-07-02,0.025,0.003189394865583663,False,399,4
SPY,400,2007-08-30,0.015,0.0015379954913213075,False,399,5
SPY,400,2007-10-30,0.0,0.0,False,399,3
SPY,400,2007-12-31,0.0,0.0,False,399,5
SPY,400,2008-03-03,0.005,0.0005360197755117949,False,399,3
SPY,400,2008-05-01,0.005,0.0006795154356979796,False,399,4
SPY,400,2008-07-01,0.015,-0.0016906560850855428,False,399,4
SPY,400,2008-08-29,0.01,-0.0013196292674723204,False,399,4
SPY,400,2008-10-29,0.005,-0.0004046621365154815,False,399,2
SPY,400,2008-12-30,0.01,-0.0023004443302122013,False,399,5
SPY,400,2009-03-03,0.005,-0.0007975975133905979,False,399,2
SPY,400,2009-05-01,0.005,-0.0005125106454434605,False,399,2
SPY,400,2009-07-01,0.0,0.0,False,399,5
SPY,400,2009-08-31,0.005,-0.0008118384998979989,False,399,2
SPY,400,2009-10-29,0.0,0.0,False,399,2
SPY,400,2009-12-30,0.045,-0.006996933818481798,False,399,3
SPY,400,2010-03-03,0.0,0.0,False,399,2
SPY,400,2010-05-03,0.0,0.0,False,399,3
SPY,400,2010-07-01,0.005,-0.0005763522771691848,False,399,5
SPY,400,2010-08-31,0.0,0.0,False,399,4
SPY,400,2010-10-29,0.03,-0.0008251192707534735,False,399,3
SPY,400,2010-12-30,0.02,-0.0030656739444004173,False,399,4
SPY,400,2011-03-02,0.005,0.000687757702595666,False,399,1
SPY,400,2011-05-02,0.01,-0.001667342388645364,False,399,1
SPY,400,2011-06-30,0.005,-0.000757222709335734,False,399,1
SPY,400,2011-08-30,0.01,0.0005967325487204512,False,399,5
SPY,400,2011-10-28,0.07,-0.011174242033695108,False,399,5
SPY,400,2011-12-29,0.04,-0.007034785034903152,False,399,5
SPY,400,2012-03-01,0.02,-0.0010109838808177347,False,399,4
SPY,400,2012-05-01,0.0,0.0,False,399,5
SPY,400,2012-06-29,0.005,0.0004770820347215653,False,399,4
SPY,400,2012-08-29,0.01,0.0012591867783274425,False,399,4
SPY,400,2012-10-31,0.035,0.0043684641201988,False,399,4
SPY,400,2013-01-02,0.025,0.002972871363195169,False,399,4
SPY,400,2013-03-05,0.02,0.002486335781516533,False,399,4
SPY,400,2013-05-03,0.035,0.00517146454233989,False,399,5
SPY,400,2013-07-03,0.02,0.002698443011134859,False,399,1
SPY,400,2013-09-03,0.0,0.0,False,399,1
SPY,400,2013-10-31,0.005,0.0005763922972530685,False,399,5
SPY,400,2014-01-02,0.015,0.00235069856951405,False,399,5
SPY,400,2014-03-05,0.0,0.0,False,399,4
SPY,400,2014-05-05,0.0,0.0,False,399,1
SPY,400,2014-07-03,0.01,0.0011518561327168728,False,399,3
SPY,400,2014-09-03,0.01,0.0011911305959448853,False,399,3
SPY,400,2014-10-31,0.0,0.0,False,400,1
SPY,400,2015-01-02,0.0,0.0,False,399,3
SPY,400,2015-03-05,0.0,0.0,False,399,1
SPY,400,2015-05-05,0.0,0.0,False,399,1
SPY,400,2015-07-06,0.0,0.0,False,399,1
SPY,400,2015-09-02,0.005,0.0006155451851200893,False,399,5
SPY,400,2015-11-02,0.005,0.0007371859110021499,False,399,2
SPY,400,2016-01-04,0.0,0.0,False,399,4
SPY,400,2016-03-04,0.01,0.0015783585383347858,False,399,2
SPY,400,2016-05-04,0.0,0.0,False,399,2
SPY,400,2016-07-05,0.01,0.0013528054090469694,False,399,3
SPY,400,2016-09-01,0.02,0.0028737901003540105,False,399,5
SPY,400,2016-11-01,0.02,0.003168885937963618,False,399,5
SPY,400,2017-01-03,0.015,0.0023779539938603364,False,399,5
SPY,400,2017-03-06,0.0,0.0,False,399,4
SPY,400,2017-05-04,0.005,0.000672809482367837,False,399,5
SPY,400,2017-07-05,0.0,0.0,False,399,5
SPY,400,2017-09-01,0.0,0.0,False,400,5
SPY,400,2017-11-01,0.005,0.0008673529073133854,False,399,5
SPY,400,2018-01-03,0.005,-0.0006003275741821132,False,399,4
SPY,400,2018-03-06,0.005,-0.00037538480234180994,False,399,5
SPY,400,2018-05-04,0.0,0.0,False,399,5
SPY,400,2018-07-05,0.0,0.0,False,399,5
SPY,400,2018-09-04,0.015,0.0029551353473550677,False,399,4
SPY,400,2018-11-01,0.005,0.0005832751935397115,False,399,5
SPY,400,2019-01-04,0.035,0.005239418843203755,False,399,5
SPY,400,2019-03-07,0.02,0.002612250271181697,False,399,5
SPY,400,2019-05-07,0.02,0.002508638330933798,False,399,4
SPY,400,2019-07-08,0.03,0.004142959875013581,False,399,4
SPY,400,2019-09-05,0.11,0.015298377259412995,False,399,4
SPY,400,2019-11-04,0.07,0.009636398208311624,False,399,4
SPY,400,2020-01-06,0.05,0.007419323395864259,False,399,4
SPY,400,2020-03-06,0.035,0.00448417824115637,False,399,5
SPY,400,2020-05-06,0.07,0.007649852944856168,False,399,2
SPY,400,2020-07-07,0.01,0.0010102839849810898,False,399,2
SPY,400,2020-09-03,0.02,0.0019632813389956023,False,399,4
SPY,400,2020-11-03,0.0,0.0,False,399,4
SPY,400,2021-01-05,0.005,-0.0008858466817564123,False,399,1
SPY,400,2021-03-08,0.0,0.0,False,399,5
SPY,400,2021-05-06,0.0,0.0,False,399,3
SPY,400,2021-07-07,0.0,0.0,False,399,3
SPY,400,2021-09-03,0.005,-0.00034432292578721456,False,399,4
SPY,400,2021-11-03,0.0,0.0,False,400,1
SPY,400,2022-01-04,0.0,0.0,False,399,1
SPY,400,2022-03-07,0.0,0.0,False,399,2
SPY,400,2022-05-05,0.0,0.0,False,399,3
SPY,400,2022-07-07,0.0,0.0,False,399,5
SPY,400,2022-09-06,0.0,0.0,False,399,5
SPY,400,2022-11-03,0.01,-0.0016353746034543182,False,399,5
SPY,400,2023-01-05,0.0,0.0,False,399,5
SPY,400,2023-03-08,0.005,-0.0008774056001556383,False,399,3
SPY,400,2023-05-08,0.0,0.0,False,399,3
SPY,400,2023-07-10,0.01,-0.0015933455032909733,False,399,3
SPY,400,2023-09-07,0.015,-0.0021425906195609097,False,399,2
SPY,400,2023-11-06,0.0,0.0,False,399,2
SPY,400,2024-01-08,0.0,0.0,False,399,5
SPY,400,2024-03-08,0.0,0.0,False,399,3
SPY,400,2024-05-08,0.005,-0.0005686982015319817,False,399,2
SPY,400,2024-07-10,0.01,-0.001166107548901163,False,399,2
SPY,400,2024-09-09,0.015,-0.001915640536177058,False,399,3
SPY,400,2024-11-06,0.015,-0.0024115139309308464,False,399,3
SPY,400,2025-01-08,0.03,-0.004792343137115238,False,399,3
SPY,400,2025-03-12,0.01,-0.0013619754002197647,False,399,1
SPY,400,2025-05-12,0.105,-0.01596207967414496,False,399,3
SPY,400,2025-07-14,0.03,-0.005066383138127355,False,399,2
SPY,400,2025-09-11,0.0,0.0,False,399,5
SPY,400,2025-11-10,0.03,0.003419044711371662,False,399,2
QQQ,400,2001-04-27,0.115,0.016489639513316345,False,399,2
QQQ,400,2001-06-27,0.085,0.013339342971346145,False,399,5
QQQ,400,2001-08-27,0.06,0.009393012810914932,False,399,5
QQQ,400,2001-10-31,0.0,0.0,False,399,5
QQQ,400,2002-01-02,0.005,0.0007313558913071425,False,399,5
QQQ,400,2002-03-05,0.0,0.0,False,399,3
QQQ,400,2002-05-03,0.015,-0.0002471186822846777,False,399,3
QQQ,400,2002-07-03,0.05,-0.006706158214716171,False,399,3
QQQ,400,2002-09-03,0.03,-0.003888478434601148,False,399,4
QQQ,400,2002-10-31,0.075,-0.008745953365905968,False,399,5
QQQ,400,2003-01-02,0.035,-0.004668564843567842,False,399,1
QQQ,400,2003-03-05,0.015,-0.0017975131929922668,False,399,5
QQQ,400,2003-05-05,0.04,-0.005174069149527568,False,399,5
QQQ,400,2003-07-03,0.075,-0.00954577626604642,False,399,4
QQQ,400,2003-09-03,0.07,-0.008932535079775171,False,399,4
QQQ,400,2003-10-31,0.09,-0.012224273440498791,False,399,4
QQQ,400,2004-01-02,0.16,0.02417986605595455,False,399,3
QQQ,400,2004-03-04,0.0,0.0,False,399,5
QQQ,400,2004-05-04,0.0,0.0,False,399,1
QQQ,400,2004-07-06,0.01,-0.0012316022569682384,False,399,1
QQQ,400,2004-09-02,0.005,0.0005936478428642968,False,399,4
QQQ,400,2004-11-02,0.01,-9.461854233379072e-05,False,400,1
QQQ,400,2005-01-03,0.015,0.0008553316736244061,False,399,1
QQQ,400,2005-03-04,0.005,0.0008377652350463821,False,399,2
QQQ,400,2005-05-04,0.03,-0.0036176631401306637,False,399,3
QQQ,400,2005-07-05,0.115,-0.014162376019898946,False,399,3
QQQ,400,2005-09-01,0.03,-0.003314778894845168,False,399,5
QQQ,400,2005-11-01,0.12,-0.014738865060978516,False,399,2
QQQ,400,2006-01-03,0.055,-0.006858636263841102,False,399,4
QQQ,400,2006-03-06,0.245,-0.03550020955928962,False,399,1
QQQ,400,2006-05-04,0.135,-0.019278637080566697,False,399,3
QQQ,400,2006-07-05,0.19,-0.028392604512498885,False,399,3
QQQ,400,2006-09-01,0.285,-0.04587468540543841,False,399,2
QQQ,400,2006-11-01,0.025,-0.004482973163205324,False,399,4
QQQ,400,2007-01-04,0.03,-0.005344337757137574,False,399,4
QQQ,400,2007-03-07,0.04,-0.006085143938394647,False,399,2
QQQ,400,2007-05-07,0.025,-0.0037760038851929333,False,399,2
QQQ,400,2007-07-06,0.03,-0.005234849947503669,False,399,2
QQQ,400,2007-09-05,0.005,0.0005939524686929117,False,399,3
QQQ,400,2007-11-02,0.005,0.000696879073266838,False,399,4
QQQ,400,2008-01-04,0.0,0.0,False,399,5
QQQ,400,2008-03-06,0.0,0.0,False,400,5
QQQ,400,2008-05-06,0.0,0.0,False,399,5
QQQ,400,2008-07-07,0.0,0.0,False,399,3
QQQ,400,2008-09-04,0.0,0.0,False,399,2
QQQ,400,2008-11-03,0.0,0.0,False,399,2
QQQ,400,2009-01-05,0.0,0.0,False,399,2
QQQ,400,2009-03-06,0.0,0.0,False,399,2
QQQ,400,2009-05-06,0.0,0.0,False,399,3
QQQ,400,2009-07-07,0.0,0.0,False,399,5
QQQ,400,2009-09-03,0.0,0.0,False,399,5
QQQ,400,2009-11-03,0.005,-0.0009539862626616373,False,399,5
QQQ,400,2010-01-05,0.005,-0.0011504247684546237,False,399,5
QQQ,400,2010-03-08,0.005,-0.0006154767127198332,False,399,3
QQQ,400,2010-05-06,0.0,0.0,False,399,2
QQQ,400,2010-07-07,0.0,0.0,False,399,4
QQQ,400,2010-09-03,0.0,0.0,False,399,2
QQQ,400,2010-11-03,0.0,0.0,False,400,4
QQQ,400,2011-01-04,0.0,0.0,False,399,2
QQQ,400,2011-03-07,0.02,-0.0035610134221444444,False,399,2
QQQ,400,2011-05-05,0.005,-0.000897295566857579,False,399,2
QQQ,400,2011-07-06,0.015,-0.0020796702780251962,False,399,2
QQQ,400,2011-09-02,0.005,-0.0007593897249638778,False,399,4
QQQ,400,2011-11-02,0.02,-0.002789835870502777,False,399,5
QQQ,400,2012-01-04,0.005,0.0004833237919637003,False,399,5
QQQ,400,2012-03-06,0.005,-0.0005186124735624333,False,399,2
QQQ,400,2012-05-04,0.015,-0.0021488353853247474,False,399,1
QQQ,400,2012-07-05,0.0,0.0,False,399,1
QQQ,400,2012-09-04,0.005,0.0007376543353069939,False,399,1
QQQ,400,2012-11-05,0.0,0.0,False,399,5
QQQ,400,2013-01-07,0.005,-0.0004981205694835592,False,399,2
QQQ,400,2013-03-08,0.005,-0.0006799254722617153,False,399,1
QQQ,400,2013-05-08,0.015,-0.002112915377335523,False,399,2
QQQ,400,2013-07-09,0.045,-0.006900892915255626,False,399,3
QQQ,400,2013-09-06,0.035,-0.004934886056281097,False,399,4
QQQ,400,2013-11-05,0.02,-0.003176464551595799,False,399,1
QQQ,400,2014-01-07,0.015,-0.0022452899499910105,False,399,2
QQQ,400,2014-03-10,0.005,0.0010345304042402603,False,400,1
QQQ,400,2014-05-08,0.01,0.0013063019432903982,False,399,4
QQQ,400,2014-07-09,0.08,0.011663930033583118,False,399,1
QQQ,400,2014-09-08,0.09,0.012772046262222446,False,399,1
QQQ,400,2014-11-05,0.16,0.022380680219738998,False,399,1
QQQ,400,2015-01-07,0.065,0.008693422894487402,False,399,5
QQQ,400,2015-03-10,0.0,0.0,False,400,2
QQQ,400,2015-05-08,0.0,0.0,False,400,3
QQQ,400,2015-07-09,0.0,0.0,False,400,4
QQQ,400,2015-09-08,0.005,0.0004610886635480284,False,399,5
QQQ,400,2015-11-05,0.005,0.0003328494278556803,False,400,4
QQQ,400,2016-01-07,0.0,0.0,False,399,4
QQQ,400,2016-03-09,0.0,0.0,False,399,5
QQQ,400,2016-05-09,0.005,0.000671212329802568,False,400,3
QQQ,400,2016-07-08,0.0,0.0,False,400,3
QQQ,400,2016-09-07,0.005,0.0004595015945654285,False,399,5
QQQ,400,2016-11-04,0.0,0.0,False,399,5
QQQ,400,2017-01-06,0.0,0.0,False,399,5
QQQ,400,2017-03-09,0.0,0.0,False,399,5
QQQ,400,2017-05-09,0.0,0.0,False,399,5
QQQ,400,2017-07-10,0.0,0.0,False,399,5
QQQ,400,2017-09-07,0.0,0.0,False,399,3
QQQ,400,2017-11-06,0.0,0.0,False,399,3
QQQ,400,2018-01-08,0.0,0.0,False,399,4
QQQ,400,2018-03-09,0.0,0.0,False,399,3
QQQ,400,2018-05-09,0.0,0.0,False,399,1
QQQ,400,2018-07-10,0.0,0.0,False,399,1
QQQ,400,2018-09-07,0.0,0.0,False,399,2
QQQ,400,2018-11-06,0.0,0.0,False,399,1
QQQ,400,2019-01-09,0.015,0.0021713127355310995,False,399,2
QQQ,400,2019-03-12,0.03,0.005039198602345305,False,399,2
QQQ,400,2019-05-10,0.07,0.00992952219435155,False,399,2
QQQ,400,2019-07-11,0.065,0.009833580585341915,False,399,2
QQQ,400,2019-09-10,0.085,0.013892380368245189,False,399,2
QQQ,400,2019-11-07,0.0,0.0,False,399,5
QQQ,400,2020-01-09,0.0,0.0,False,399,1
QQQ,400,2020-03-11,0.0,0.0,False,399,1
QQQ,400,2020-05-11,0.0,0.0,False,399,3
QQQ,400,2020-07-10,0.0,0.0,False,399,4
QQQ,400,2020-09-09,0.0,0.0,False,399,4
QQQ,400,2020-11-06,0.0,0.0,False,399,3
QQQ,400,2021-01-08,0.0,0.0,False,399,3
QQQ,400,2021-03-11,0.0,0.0,False,399,4
QQQ,400,2021-05-11,0.0,0.0,False,399,3
QQQ,400,2021-07-12,0.005,0.000441114982530449,False,399,3
QQQ,400,2021-09-09,0.005,0.0005149346814981754,False,399,4
QQQ,400,2021-11-08,0.0,0.0,False,399,2
QQQ,400,2022-01-07,0.005,0.0006541639981901813,False,399,2
QQQ,400,2022-03-10,0.0,0.0,False,399,1
QQQ,400,2022-05-10,0.015,-0.0004459142484914109,False,399,1
QQQ,400,2022-07-12,0.0,0.0,False,399,5
QQQ,400,2022-09-09,0.015,-0.0009625033938057152,False,399,1
QQQ,400,2022-11-08,0.0,0.0,False,399,5
QQQ,400,2023-01-10,0.015,0.002832765772122742,False,399,2
QQQ,400,2023-03-13,0.01,0.0001855862483029081,False,399,2
QQQ,400,2023-05-11,0.0,0.0,False,399,4
QQQ,400,2023-07-13,0.01,-0.001005504932002191,False,399,5
QQQ,400,2023-09-12,0.01,0.0015163622050197842,False,399,2
QQQ,400,2023-11-09,0.01,0.001422143075510316,False,399,3
QQQ,400,2024-01-11,0.015,0.001965803233713423,False,399,1
QQQ,400,2024-03-13,0.39,0.0668808837121434,False,399,1
QQQ,400,2024-05-13,0.045,0.007399279315139431,False,399,2
QQQ,400,2024-07-15,0.1,0.013967574707524251,False,399,2
QQQ,400,2024-09-12,0.055,0.00959142908720111,False,400,5
QQQ,400,2024-11-11,0.01,0.0018870264139370474,False,400,4
QQQ,400,2025-01-14,0.02,0.004919688439840735,False,399,5
QQQ,400,2025-03-17,0.065,0.009430831878481262,False,399,2
QQQ,400,2025-05-15,0.04,0.004537467219515864,False,399,3
QQQ,400,2025-07-17,0.005,0.0005023710387925792,False,399,2
QQQ,400,2025-09-16,0.0,0.0,False,399,4
QQQ,400,2025-11-13,0.005,0.0004557207693483061,False,399,2
IWM,400,2002-07-24,0.055,-0.007979046730876169,False,399,3
IWM,400,2002-09-23,0.23,-0.03472346620277225,False,399,3
IWM,400,2002-11-20,0.165,-0.022919767385986823,False,399,3
IWM,400,2003-01-23,0.115,-0.017065251973005912,False,399,3
IWM,400,2003-03-25,0.11,-0.01579773557780864,False,399,3
IWM,400,2003-05-23,0.1,-0.016604497437612026,False,399,3
IWM,400,2003-07-24,0.08,-0.01061272811616579,False,399,2
IWM,400,2003-09-23,0.07,-0.011136254571815319,False,399,1
IWM,400,2003-11-20,0.07,-0.010075306583313418,False,399,1
IWM,400,2004-01-23,0.025,-0.003604665673482084,False,399,3
IWM,400,2004-03-24,0.0,0.0,False,399,3
IWM,400,2004-05-24,0.015,-0.0020386952336637868,False,399,5
IWM,400,2004-07-26,0.01,0.001660447848077307,False,399,5
IWM,400,2004-09-23,0.01,0.00014489644098687992,False,399,4
IWM,400,2004-11-22,0.0,0.0,False,399,4
IWM,400,2005-01-24,0.005,-0.0005266290999211413,False,399,5
IWM,400,2005-03-24,0.02,0.00027816083595164315,False,399,4
IWM,400,2005-05-24,0.0,0.0,False,399,4
IWM,400,2005-07-25,0.0,0.0,False,399,1
IWM,400,2005-09-22,0.005,0.0011602208374158823,False,399,2
IWM,400,2005-11-21,0.05,0.007752212133543343,False,399,1
IWM,400,2006-01-24,0.0,0.0,False,399,5
IWM,400,2006-03-24,0.005,0.000839120061401424,False,399,5
IWM,400,2006-05-24,0.0,0.0,False,399,3
IWM,400,2006-07-25,0.0,0.0,False,399,2
IWM,400,2006-09-22,0.0,0.0,False,399,1
IWM,400,2006-11-21,0.0,0.0,False,399,1
IWM,400,2007-01-25,0.0,0.0,False,399,1
IWM,400,2007-03-27,0.0,0.0,False,399,1
IWM,400,2007-05-25,0.0,0.0,False,399,5
IWM,400,2007-07-26,0.0,0.0,False,399,5
IWM,400,2007-09-25,0.0,0.0,False,399,5
IWM,400,2007-11-23,0.0,0.0,False,399,3
IWM,400,2008-01-25,0.015,-0.0022464763358551825,False,399,3
IWM,400,2008-03-27,0.075,-0.010311991115243509,False,399,5
IWM,400,2008-05-27,0.02,-0.002894800657032286,False,399,5
IWM,400,2008-07-25,0.13,-0.01789264218743831,False,399,3
IWM,400,2008-09-24,0.04,-0.006700587269406382,False,399,5
IWM,400,2008-11-21,0.17,-0.02363923987699064,False,399,5
IWM,400,2009-01-26,0.13,-0.020836676976860008,False,399,5
IWM,400,2009-03-26,0.14,-0.02129282984997196,False,399,5
IWM,400,2009-05-27,0.09,-0.012844960091854554,False,399,5
IWM,400,2009-07-27,0.06,-0.00869751085394934,False,399,5
IWM,400,2009-09-24,0.035,-0.004837597239262676,False,399,5
IWM,400,2009-11-23,0.07,-0.009570368838270657,False,399,3
IWM,400,2010-01-26,0.065,-0.009695987448761479,False,399,3
IWM,400,2010-03-26,0.005,-0.0010241332737170082,False,399,3
IWM,400,2010-05-26,0.0,0.0,False,399,1
IWM,400,2010-07-27,0.0,0.0,False,399,1
IWM,400,2010-09-24,0.0,0.0,False,399,1
IWM,400,2010-11-23,0.0,0.0,False,399,1
IWM,400,2011-01-25,0.0,0.0,False,399,5
IWM,400,2011-03-25,0.005,0.0007016926696753874,False,399,5
IWM,400,2011-05-25,0.0,0.0,False,399,1
IWM,400,2011-07-26,0.01,0.00125865086923536,False,399,1
IWM,400,2011-09-23,0.015,0.002443425141765268,False,399,5
IWM,400,2011-11-22,0.0,0.0,False,399,5
IWM,400,2012-01-25,0.005,0.000542054369497533,False,399,5
IWM,400,2012-03-26,0.02,0.0023806275379808927,False,399,4
IWM,400,2012-05-24,0.0,0.0,False,399,3
IWM,400,2012-07-25,0.0,0.0,False,399,3
IWM,400,2012-09-24,0.0,0.0,False,399,5
IWM,400,2012-11-26,0.0,0.0,False,399,5
IWM,400,2013-01-28,0.0,0.0,False,399,5
IWM,400,2013-03-28,0.005,0.0006886337437259163,False,399,4
IWM,400,2013-05-29,0.035,0.004121018472342902,False,399,3
IWM,400,2013-07-29,0.005,-0.0005190066850775267,False,400,5
IWM,400,2013-09-26,0.005,0.0005955162677576188,False,399,4
IWM,400,2013-11-25,0.01,-0.0014439169099776138,False,400,1
IWM,400,2014-01-28,0.045,0.005463420479292978,False,399,2
IWM,400,2014-03-28,0.12,0.01537238550424632,False,399,3
IWM,400,2014-05-29,0.005,0.0006089800439756138,False,400,5
IWM,400,2014-07-29,0.11,0.013838279053837775,False,399,1
IWM,400,2014-09-26,0.13,0.01736235410852053,False,399,1
IWM,400,2014-11-25,0.105,0.014047324947195003,False,399,2
IWM,400,2015-01-28,0.17,0.02404952884352001,False,399,3
IWM,400,2015-03-30,0.12,0.017750632927545324,False,399,3
IWM,400,2015-05-29,0.165,0.02331144066049789,False,399,3
IWM,400,2015-07-29,0.115,0.014864723534152535,False,399,3
IWM,400,2015-09-28,0.01,-0.00031423796727931175,False,399,3
IWM,400,2015-11-25,0.02,0.002281255991744898,False,399,4
IWM,400,2016-01-28,0.01,0.0015071777539440593,False,399,1
IWM,400,2016-03-30,0.0,0.0,False,399,3
IWM,400,2016-05-27,0.0,0.0,False,399,5
IWM,400,2016-07-28,0.0,0.0,False,399,5
IWM,400,2016-09-27,0.0,0.0,False,399,4
IWM,400,2016-11-25,0.005,-0.0004885248611525694,False,399,5
IWM,400,2017-01-27,0.015,-0.00017641898740502072,False,399,4
IWM,400,2017-03-29,0.0,0.0,False,399,5
IWM,400,2017-05-30,0.015,-0.0020431760617645256,False,399,5
IWM,400,2017-07-28,0.02,-0.0025755393400854615,False,399,4
IWM,400,2017-09-27,0.025,-0.00306456295749993,False,399,1
IWM,400,2017-11-27,0.02,-0.002597261380684696,False,399,2
IWM,400,2018-01-29,0.025,-0.0035475956522176204,False,399,1
IWM,400,2018-03-29,0.095,-0.012198810450487327,False,399,1
IWM,400,2018-05-30,0.04,-0.00515803878511956,False,399,1
IWM,400,2018-07-30,0.105,-0.015118898815734451,False,399,1
IWM,400,2018-09-27,0.365,-0.05330247658210339,False,399,1
IWM,400,2018-11-27,0.365,-0.04958894997061083,False,399,1
IWM,400,2019-01-30,0.26,-0.03485000590968419,False,399,3
IWM,400,2019-04-01,0.31,-0.04108194457351793,False,399,1
IWM,400,2019-05-31,0.36,-0.04901398065462057,False,399,3
IWM,400,2019-07-31,0.415,-0.06054116301858927,False,399,4
IWM,400,2019-09-30,0.135,-0.01659158412898523,False,399,4
IWM,400,2019-11-27,0.09,-0.012187647074199844,False,399,4
IWM,400,2020-01-30,0.005,-0.0005744183054696774,False,399,5
IWM,400,2020-03-31,0.03,0.0026765764835037804,False,399,2
IWM,400,2020-06-01,0.0,0.0,False,399,2
IWM,400,2020-07-30,0.0,0.0,False,399,5
IWM,400,2020-09-29,0.0,0.0,False,399,4
IWM,400,2020-11-27,0.005,0.0004048671243565501,False,399,5
IWM,400,2021-01-29,0.0,0.0,False,399,4
IWM,400,2021-03-31,0.0,0.0,False,399,2
IWM,400,2021-06-01,0.0,0.0,False,399,4
IWM,400,2021-07-30,0.0,0.0,False,399,4
IWM,400,2021-09-29,0.0,0.0,False,399,2
IWM,400,2021-11-29,0.005,-0.00042169599667019476,False,399,5
IWM,400,2022-01-28,0.0,0.0,False,399,3
IWM,400,2022-03-30,0.005,0.0008590461326176114,False,399,5
IWM,400,2022-05-31,0.0,0.0,False,399,2
IWM,400,2022-08-01,0.0,0.0,False,399,3
IWM,400,2022-09-29,0.0,0.0,False,399,3
IWM,400,2022-11-29,0.0,0.0,False,399,4
IWM,400,2023-01-31,0.005,0.0012832673568435864,False,399,4
IWM,400,2023-03-31,0.005,-0.0011108264854291282,False,399,3
IWM,400,2023-06-01,0.025,-0.001351124946913081,False,399,1
IWM,400,2023-08-02,0.02,-0.002226424922006461,False,399,1
IWM,400,2023-10-02,0.02,-0.0011134514518009054,False,399,4
IWM,400,2023-11-30,0.01,-0.0013902352797250373,False,399,3
IWM,400,2024-02-01,0.075,-0.010496558418297514,False,399,3
IWM,400,2024-04-03,0.075,-0.010391120656744019,False,399,1
IWM,400,2024-06-03,0.04,-0.005819263156538278,False,399,1
IWM,400,2024-08-02,0.045,-0.006166474487610763,False,399,4
IWM,400,2024-10-02,0.035,-0.005133744387914237,False,399,4
IWM,400,2024-12-02,0.045,-0.005667712975723556,False,399,1
IWM,400,2025-02-04,0.24,-0.039001495740983314,False,399,1
IWM,400,2025-04-04,0.025,-0.003610305485596837,False,399,1
IWM,400,2025-06-05,0.065,-0.009555267018023344,False,399,1
IWM,400,2025-08-06,0.035,-0.0049639625592837675,False,399,1
IWM,400,2025-10-06,0.04,-0.005429191235189599,False,399,1
IWM,400,2025-12-04,0.06,-0.009004227202887783,False,399,2
TSLA,400,2012-08-16,0.02,-0.0008853968292962852,False,399,4
TSLA,400,2012-10-16,0.015,-0.0023189355854207503,False,399,3
TSLA,400,2012-12-18,0.015,-0.002065510922953648,False,399,4
TSLA,400,2013-02-20,0.02,-0.0016281351614162638,False,399,3
TSLA,400,2013-04-22,0.0,0.0,False,399,4
TSLA,400,2013-06-20,0.0,0.0,False,399,3
TSLA,400,2013-08-20,0.005,0.00046029013274646836,False,399,3
TSLA,400,2013-10-18,0.005,0.000685856086419859,False,399,3
TSLA,400,2013-12-18,0.0,0.0,False,399,3
TSLA,400,2014-02-20,0.0,0.0,False,399,4
TSLA,400,2014-04-22,0.01,0.0011236910487679717,False,399,4
TSLA,400,2014-06-20,0.0,0.0,False,399,4
TSLA,400,2014-08-20,0.0,0.0,False,399,4
TSLA,400,2014-10-20,0.0,0.0,False,400,3
TSLA,400,2014-12-18,0.01,0.001407210590313422,False,399,5
TSLA,400,2015-02-20,0.055,-0.007829161313599689,False,399,1
TSLA,400,2015-04-22,0.0,0.0,False,399,3
TSLA,400,2015-06-22,0.01,0.0012134278027293255,False,399,5
TSLA,400,2015-08-20,0.0,0.0,False,399,3
TSLA,400,2015-10-20,0.0,0.0,False,399,5
TSLA,400,2015-12-18,0.0,0.0,False,399,3
TSLA,400,2016-02-22,0.0,0.0,False,399,1
TSLA,400,2016-04-21,0.005,0.0006303278515676483,False,399,3
TSLA,400,2016-06-21,0.01,0.0011731330534406382,False,399,3
TSLA,400,2016-08-19,0.065,-0.00892262553859505,False,399,1
TSLA,400,2016-10-19,0.105,-0.014729500906993088,False,399,2
TSLA,400,2016-12-19,0.29,-0.04464154048748028,False,399,3
TSLA,400,2017-02-21,0.475,-0.07346782256743979,False,399,1
TSLA,400,2017-04-21,0.605,-0.09205954578858341,True,399,1
TSLA,400,2017-06-21,0.685,-0.11243285215039006,True,399,1
TSLA,400,2017-08-21,0.545,-0.08586335229980278,True,399,2
TSLA,400,2017-10-19,0.48,-0.0754536933855864,False,399,2
TSLA,400,2017-12-19,0.225,-0.03455519301487612,False,399,5
TSLA,400,2018-02-21,0.41,-0.06581921021031237,False,399,1
TSLA,400,2018-04-23,0.38,-0.05340413512284407,False,399,2
TSLA,400,2018-06-21,0.29,-0.04049048686125696,False,399,1
TSLA,400,2018-08-21,0.015,-0.005108108185942332,False,399,3
TSLA,400,2018-10-19,0.015,-0.00012023888881028906,False,399,5
TSLA,400,2018-12-20,0.075,-0.008888637467936935,False,399,1
TSLA,400,2019-02-22,0.015,-0.001832726406483195,False,399,4
TSLA,400,2019-04-24,0.0,0.0,False,399,4
TSLA,400,2019-06-24,0.01,-0.0013097227185129964,False,399,2
TSLA,400,2019-08-22,0.0,0.0,False,399,3
TSLA,400,2019-10-22,0.0,0.0,False,399,1
TSLA,400,2019-12-20,0.0,0.0,False,399,1
TSLA,400,2020-02-24,0.005,0.000671260261064749,False,399,3
TSLA,400,2020-04-23,0.0,0.0,False,399,2
TSLA,400,2020-06-23,0.01,-0.0014600395992483068,False,399,3
TSLA,400,2020-08-21,0.01,-0.0010843875964453291,False,399,5
TSLA,400,2020-10-21,0.065,0.007776849437862963,False,399,4
TSLA,400,2020-12-21,0.025,-0.0038060598291255305,False,399,5
TSLA,400,2021-02-23,0.01,-0.001580505846223777,False,399,5
TSLA,400,2021-04-23,0.0,0.0,False,399,2
TSLA,400,2021-06-23,0.005,0.0006049429218714337,False,399,1
TSLA,400,2021-08-23,0.005,-0.0007323782867993376,False,399,4
TSLA,400,2021-10-21,0.0,0.0,False,399,1
TSLA,400,2021-12-21,0.115,-0.015983683165444393,False,399,1
TSLA,400,2022-02-22,0.2,-0.028074920159846584,False,399,1
TSLA,400,2022-04-22,0.22,-0.03280475700133252,False,399,1
TSLA,400,2022-06-23,0.24,-0.033573301028471295,False,399,4
TSLA,400,2022-08-23,0.295,-0.044549439600133474,False,399,4
TSLA,400,2022-10-21,0.335,-0.049988332607944275,False,399,4
TSLA,400,2022-12-21,0.57,-0.10272793720379299,True,399,4
TSLA,400,2023-02-23,0.585,-0.1080286379295721,True,399,4
TSLA,400,2023-04-25,0.39,-0.06988431695997771,False,399,3
TSLA,400,2023-06-26,0.095,-0.01453867647516152,False,399,5
TSLA,400,2023-08-24,0.025,-0.004319127771944518,False,399,1
TSLA,400,2023-10-24,0.03,-0.005135001960709217,False,399,3
TSLA,400,2023-12-22,0.04,-0.0050135272657628885,False,399,3
TSLA,400,2024-02-26,0.02,-0.0015364010678683396,False,399,5
TSLA,400,2024-04-25,0.02,-0.00022950779021195376,False,399,4
TSLA,400,2024-06-26,0.055,0.006441147504554618,False,399,2
TSLA,400,2024-08-26,0.025,0.003135093185976165,False,399,2
TSLA,400,2024-10-24,0.0,0.0,False,399,3
TSLA,400,2024-12-24,0.015,-0.0023530124697361604,False,399,1
TSLA,400,2025-02-27,0.0,0.0,False,399,5
TSLA,400,2025-04-29,0.0,0.0,False,399,5
TSLA,400,2025-06-30,0.055,-0.00851088526458461,False,399,2
TSLA,400,2025-08-28,0.025,0.0036786098262496032,False,399,2
TSLA,400,2025-10-28,0.04,0.006253527546636694,False,399,2
TSLA,400,2025-12-29,0.025,0.004398100919498534,False,399,1
NVDA,400,2001-03-13,0.0,0.0,False,399,4
NVDA,400,2001-05-11,0.015,-0.0014137511908614484,False,399,4
NVDA,400,2001-07-12,0.01,0.0015971831911400214,False,399,5
NVDA,400,2001-09-17,0.015,0.0013669123097080657,False,399,4
NVDA,400,2001-11-14,0.025,-0.0032047756507573495,False,399,4
NVDA,400,2002-01-16,0.06,-0.005054875442112005,False,399,1
NVDA,400,2002-03-19,0.05,-0.006540753209136138,False,399,3
NVDA,400,2002-05-17,0.125,-0.01668350066833827,False,399,2
NVDA,400,2002-07-18,0.43,-0.05962590252616128,False,399,1
NVDA,400,2002-09-17,0.355,-0.053776655908225994,False,399,2
NVDA,400,2002-11-14,0.455,-0.07087752391393037,False,399,2
NVDA,400,2003-01-16,0.39,-0.06183739669196609,False,399,1
NVDA,400,2003-03-19,0.48,-0.07748766458280758,False,399,2
NVDA,400,2003-05-19,0.455,-0.07492288954733417,False,399,2
NVDA,400,2003-07-18,0.4,-0.06374311985201457,False,399,3
NVDA,400,2003-09-17,0.185,-0.028844707920473202,False,399,5
NVDA,400,2003-11-14,0.32,-0.05162396258366404,False,399,5
NVDA,400,2004-01-16,0.02,-0.002689827224768464,False,399,5
NVDA,400,2004-03-18,0.055,-0.007784258455189177,False,399,3
NVDA,400,2004-05-18,0.0,0.0,False,399,5
NVDA,400,2004-07-20,0.0,0.0,False,399,5
NVDA,400,2004-09-17,0.0,0.0,False,399,5
NVDA,400,2004-11-16,0.05,-0.006339337431173836,False,399,3
NVDA,400,2005-01-18,0.03,-0.004065136590450627,False,399,3
NVDA,400,2005-03-18,0.08,0.013056309374536381,False,399,2
NVDA,400,2005-05-18,0.01,0.0011464771174979184,False,399,1
NVDA,400,2005-07-19,0.01,0.001070675161889578,False,399,3
NVDA,400,2005-09-16,0.005,0.0005599120628676218,False,399,2
NVDA,400,2005-11-15,0.0,0.0,False,399,4
NVDA,400,2006-01-18,0.045,-0.00553076320416767,False,399,3
NVDA,400,2006-03-20,0.025,-0.005224058415234893,False,400,4
NVDA,400,2006-05-18,0.12,0.017786797868625335,False,399,3
NVDA,400,2006-07-19,0.07,0.008988575106457312,False,399,4
NVDA,400,2006-09-18,0.015,0.00156067950025369,False,399,5
NVDA,400,2006-11-15,0.01,0.0010076924553249762,False,399,4
NVDA,400,2007-01-19,0.005,0.00038837618535173527,False,399,4
NVDA,400,2007-03-21,0.22,0.03314726592172712,False,399,1
NVDA,400,2007-05-21,0.005,-0.0007084587473396928,False,399,5
NVDA,400,2007-07-20,0.01,-0.0012154715427882953,False,399,3
NVDA,400,2007-09-19,0.015,-0.0022152780643331445,False,399,5
NVDA,400,2007-11-16,0.005,-0.0006303864269030988,False,399,3
NVDA,400,2008-01-18,0.04,-0.006758063731109907,False,399,4
NVDA,400,2008-03-20,0.025,-0.004726187161074584,False,399,5
NVDA,400,2008-05-20,0.025,-0.003760057533756221,False,399,5
NVDA,400,2008-07-21,0.125,-0.019288234454404255,False,399,3
NVDA,400,2008-09-18,0.17,-0.02746484119733558,False,399,2
NVDA,400,2008-11-17,0.075,-0.010833071517948241,False,399,3
NVDA,400,2009-01-20,0.045,-0.006982559253708705,False,399,2
NVDA,400,2009-03-20,0.005,-0.0008660342249833025,False,399,4
NVDA,400,2009-05-20,0.38,-0.05212711740114408,False,399,3
NVDA,400,2009-07-21,0.185,-0.024580397386637597,False,399,2
NVDA,400,2009-09-18,0.11,-0.014255772443666302,False,399,3
NVDA,400,2009-11-17,0.08,-0.010481941507648146,False,399,3
NVDA,400,2010-01-20,0.04,-0.004664688550015206,False,399,3
NVDA,400,2010-03-22,0.02,-0.0027308004252065954,False,399,3
NVDA,400,2010-05-20,0.085,-0.011099608785717618,False,399,2
NVDA,400,2010-07-21,0.045,-0.003525267863182464,False,399,2
NVDA,400,2010-09-20,0.11,0.016828139175416167,False,399,1
NVDA,400,2010-11-17,0.295,0.04695221152928801,False,399,1
NVDA,400,2011-01-19,0.21,0.030169304227702875,False,399,5
NVDA,400,2011-03-21,0.185,0.02731461475274169,False,399,3
NVDA,400,2011-05-19,0.105,0.015612076327236596,False,399,2
NVDA,400,2011-07-20,0.08,0.01272021398626724,False,399,5
NVDA,400,2011-09-19,0.165,0.024619372423337865,False,399,1
NVDA,400,2011-11-16,0.29,0.04268415370212531,False,399,1
NVDA,400,2012-01-19,0.085,0.011543079158097548,False,399,2
NVDA,400,2012-03-20,0.035,0.004687075443712522,False,399,2
NVDA,400,2012-05-18,0.005,0.0006192187822781192,False,399,3
NVDA,400,2012-07-19,0.005,0.0005907750042178694,False,399,2
NVDA,400,2012-09-18,0.02,0.0025330361215461093,False,399,1
NVDA,400,2012-11-19,0.015,0.0017671138256720718,False,399,1
NVDA,400,2013-01-22,0.03,0.0036865839405608204,False,399,2
NVDA,400,2013-03-22,0.005,0.00100569781634842,False,399,2
NVDA,400,2013-05-22,0.0,0.0,False,399,5
NVDA,400,2013-07-23,0.0,0.0,False,399,3
NVDA,400,2013-09-20,0.0,0.0,False,399,2
NVDA,400,2013-11-19,0.0,0.0,False,399,1
NVDA,400,2014-01-22,0.005,-0.0005837246265122559,False,399,2
NVDA,400,2014-03-24,0.005,-0.0010380266477994391,False,399,1
NVDA,400,2014-05-22,0.035,-0.004563180084935181,False,399,2
NVDA,400,2014-07-23,0.075,-0.009808784414408137,False,399,1
NVDA,400,2014-09-22,0.015,-0.002013099260054467,False,399,3
NVDA,400,2014-11-19,0.035,-0.004805063395576747,False,399,1
NVDA,400,2015-01-22,0.01,-0.0011347344775197396,False,399,1
NVDA,400,2015-03-24,0.0,0.0,False,399,1
NVDA,400,2015-05-22,0.0,0.0,False,399,4
NVDA,400,2015-07-23,0.005,-0.0007284804511260482,False,399,4
NVDA,400,2015-09-22,0.0,0.0,False,399,5
NVDA,400,2015-11-19,0.0,0.0,False,399,5
NVDA,400,2016-01-22,0.0,0.0,False,399,5
NVDA,400,2016-03-23,0.0,0.0,False,399,5
NVDA,400,2016-05-23,0.0,0.0,False,399,5
NVDA,400,2016-07-22,0.0,0.0,False,399,5
NVDA,400,2016-09-21,0.0,0.0,False,399,5
NVDA,400,2016-11-18,0.0,0.0,False,399,5
NVDA,400,2017-01-23,0.0,0.0,False,399,5
NVDA,400,2017-03-23,0.01,-0.001364031842817725,False,399,4
NVDA,400,2017-05-23,0.0,0.0,False,399,3
NVDA,400,2017-07-24,0.03,0.0016273398477222995,False,399,5
NVDA,400,2017-09-21,0.005,-0.0005700349534088104,False,400,3
NVDA,400,2017-11-20,0.02,-0.002377154802836706,False,399,1
NVDA,400,2018-01-23,0.0,0.0,False,399,1
NVDA,400,2018-03-23,0.0,0.0,False,399,1
NVDA,400,2018-05-23,0.0,0.0,False,399,1
NVDA,400,2018-07-24,0.025,0.004078784255745269,False,399,1
NVDA,400,2018-09-21,0.04,0.0057269792792295415,False,399,2
NVDA,400,2018-11-20,0.035,0.004678640057651205,False,399,2
NVDA,400,2019-01-24,0.03,0.003475092329530263,False,399,5
NVDA,400,2019-03-26,0.055,0.007147531846170806,False,399,3
NVDA,400,2019-05-24,0.005,0.0003460141173762249,False,399,1
NVDA,400,2019-07-25,0.005,-0.0008344107804272812,False,399,2
NVDA,400,2019-09-24,0.0,0.0,False,399,5
NVDA,400,2019-11-21,0.02,0.0012396106694465517,False,399,2
NVDA,400,2020-01-24,0.005,0.0007705485235624018,False,399,2
NVDA,400,2020-03-25,0.005,-0.0004389662363956463,False,399,1
NVDA,400,2020-05-26,0.075,-0.008799779190564773,False,399,3
NVDA,400,2020-07-24,0.025,-0.003147990982897685,False,399,2
NVDA,400,2020-09-23,0.025,-0.0023588837408436165,False,399,2
NVDA,400,2020-11-20,0.11,-0.01553775227305576,False,399,2
NVDA,400,2021-01-25,0.02,-0.0016326094123772373,False,399,5
NVDA,400,2021-03-25,0.015,-0.002239936956044051,False,399,3
NVDA,400,2021-05-25,0.01,-0.0017041541835531241,False,399,5
NVDA,400,2021-07-26,0.03,-0.0016363567290663993,False,399,5
NVDA,400,2021-09-23,0.0,0.0,False,399,5
NVDA,400,2021-11-22,0.0,0.0,False,400,1
NVDA,400,2022-01-24,0.01,0.0011609644022200466,False,399,1
NVDA,400,2022-03-24,0.005,-0.000822137531285283,False,399,5
NVDA,400,2022-05-24,0.005,-0.0006756509004951261,False,399,5
NVDA,400,2022-07-26,0.005,-0.0009967637825593159,False,399,5
NVDA,400,2022-09-23,0.005,0.0005417306932941759,False,399,3
NVDA,400,2022-11-22,0.0,0.0,False,399,1
NVDA,400,2023-01-25,0.0,0.0,False,399,1
NVDA,400,2023-03-27,0.005,0.001613349828598074,False,399,1
NVDA,400,2023-05-25,0.035,0.00410943664780295,False,399,1
NVDA,400,2023-07-27,0.045,0.008681013695392972,False,399,2
NVDA,400,2023-09-26,0.09,0.016942021587962368,False,399,1
NVDA,400,2023-11-24,0.01,0.0016232381862467224,False,399,3
NVDA,400,2024-01-26,0.0,0.0,False,399,2
NVDA,400,2024-03-27,0.0,0.0,False,399,1
NVDA,400,2024-05-28,0.0,0.0,False,399,2
NVDA,400,2024-07-29,0.0,0.0,False,399,1
NVDA,400,2024-09-26,0.005,-0.0010109488903635299,False,399,1
NVDA,400,2024-11-25,0.005,-0.000921806552143434,False,399,2
NVDA,400,2025-01-29,0.0,0.0,False,399,2
NVDA,400,2025-03-31,0.0,0.0,False,399,5
NVDA,400,2025-05-30,0.0,0.0,False,399,1
NVDA,400,2025-07-31,0.035,-0.004174673750539032,False,399,5
NVDA,400,2025-09-30,0.01,-0.0015698589476419334,False,399,2
NVDA,400,2025-11-28,0.015,-0.0017870658042099335,False,399,5
NFLX,400,2004-07-15,0.0,0.0,False,399,4
NFLX,400,2004-09-14,0.005,0.00048128526964629284,False,399,2
NFLX,400,2004-11-11,0.0,0.0,False,399,1
NFLX,400,2005-01-12,0.0,0.0,False,399,3
NFLX,400,2005-03-15,0.005,0.00044682866296737856,False,399,1
NFLX,400,2005-05-13,0.0,0.0,False,399,1
NFLX,400,2005-07-14,0.01,0.0009218646670207387,False,399,1
NFLX,400,2005-09-13,0.005,0.0004799621168929994,False,399,1
NFLX,400,2005-11-10,0.0,0.0,False,399,4
NFLX,400,2006-01-12,0.005,-0.0010817749546740644,False,399,1
NFLX,400,2006-03-15,0.0,0.0,False,399,1
NFLX,400,2006-05-15,0.01,-0.0016626856584588678,False,399,1
NFLX,400,2006-07-14,0.0,0.0,False,399,1
NFLX,400,2006-09-13,0.0,0.0,False,399,2
NFLX,400,2006-11-10,0.0,0.0,False,399,1
NFLX,400,2007-01-16,0.0,0.0,False,399,3
NFLX,400,2007-03-16,0.0,0.0,False,400,4
NFLX,400,2007-05-16,0.0,0.0,False,400,5
NFLX,400,2007-07-17,0.0,0.0,False,400,4
NFLX,400,2007-09-14,0.0,0.0,False,399,5
NFLX,400,2007-11-13,0.0,0.0,False,400,5
NFLX,400,2008-01-15,0.0,0.0,False,399,2
NFLX,400,2008-03-17,0.0,0.0,False,400,4
NFLX,400,2008-05-15,0.0,0.0,False,399,4
NFLX,400,2008-07-16,0.01,0.0011928083955079704,False,400,5
NFLX,400,2008-09-15,0.0,0.0,False,399,4
NFLX,400,2008-11-12,0.005,0.0007076691009322816,False,399,3
NFLX,400,2009-01-14,0.07,0.009334210186493379,False,399,1
NFLX,400,2009-03-17,0.01,0.0014102755093437257,False,399,1
NFLX,400,2009-05-15,0.05,0.007018002529133693,False,399,5
NFLX,400,2009-07-16,0.105,0.014844619943500434,False,399,5
NFLX,400,2009-09-15,0.095,0.013245379277181963,False,399,5
NFLX,400,2009-11-12,0.01,0.0015486818045936023,False,399,5
NFLX,400,2010-01-14,0.145,0.021681674858491908,False,399,5
NFLX,400,2010-03-17,0.085,0.012118882946236111,False,399,3
NFLX,400,2010-05-17,0.03,0.003333349832523055,False,399,3
NFLX,400,2010-07-16,0.21,0.029697511224563725,False,399,2
NFLX,400,2010-09-15,0.13,0.019141902568373708,False,399,3
NFLX,400,2010-11-12,0.02,0.003646180349623651,False,399,3
NFLX,400,2011-01-13,0.045,0.006329019524893076,False,399,2
NFLX,400,2011-03-16,0.03,0.004295643476634695,False,399,3
NFLX,400,2011-05-16,0.02,0.0031157605949678454,False,399,4
NFLX,400,2011-07-15,0.015,0.0021766623298615363,False,399,3
NFLX,400,2011-09-14,0.0,0.0,False,399,5
NFLX,400,2011-11-11,0.005,0.0008749359551868203,False,399,3
NFLX,400,2012-01-13,0.01,0.0014610518052512794,False,399,2
NFLX,400,2012-03-15,0.01,0.0015097356412193841,False,399,4
NFLX,400,2012-05-15,0.02,0.0024950500493887227,False,399,4
NFLX,400,2012-07-16,0.01,0.0011752506432386562,False,399,4
NFLX,400,2012-09-13,0.005,0.0006703054284824769,False,399,2
NFLX,400,2012-11-14,0.005,0.0006199331583484042,False,399,2
NFLX,400,2013-01-16,0.0,0.0,False,399,2
NFLX,400,2013-03-19,0.005,0.0005639828421247757,False,399,2
NFLX,400,2013-05-17,0.005,-0.0005988821644039627,False,399,1
NFLX,400,2013-07-18,0.015,-0.0020019546054668293,False,399,3
NFLX,400,2013-09-17,0.0,0.0,False,399,2
NFLX,400,2013-11-14,0.0,0.0,False,399,2
NFLX,400,2014-01-16,0.01,-0.0010530694498851589,False,399,2
NFLX,400,2014-03-19,0.005,-0.0006809872076872365,False,399,5
NFLX,400,2014-05-19,0.005,-0.0005597230765050893,False,399,2
NFLX,400,2014-07-18,0.035,-0.00553127752210834,False,399,2
NFLX,400,2014-09-17,0.0,0.0,False,399,3
NFLX,400,2014-11-14,0.02,-0.0032832778839301225,False,399,3
NFLX,400,2015-01-16,0.01,-0.001630708707740946,False,399,5
NFLX,400,2015-03-19,0.025,-0.002856185181516517,False,400,2
NFLX,400,2015-05-19,0.01,-0.0012071433060553594,False,399,5
NFLX,400,2015-07-20,0.01,-0.001427585429415779,False,399,5
NFLX,400,2015-09-17,0.02,-0.0022991086684927406,False,399,2
NFLX,400,2015-11-16,0.005,-0.00036568009495293365,False,399,5
NFLX,400,2016-01-19,0.03,-0.0038745313276550247,False,399,4
NFLX,400,2016-03-18,0.01,-0.0012243516516244164,False,399,4
NFLX,400,2016-05-18,0.005,-0.0009101231707616568,False,399,5
NFLX,400,2016-07-19,0.015,-0.0006669550730355482,False,399,5
NFLX,400,2016-09-16,0.0,0.0,False,399,5
NFLX,400,2016-11-15,0.005,-0.0007992473251946762,False,399,1
NFLX,400,2017-01-18,0.0,0.0,False,399,4
NFLX,400,2017-03-20,0.0,0.0,False,399,4
NFLX,400,2017-05-18,0.005,0.0007794510387023215,False,399,3
NFLX,400,2017-07-19,0.04,-0.004081495858944415,False,399,3
NFLX,400,2017-09-18,0.01,0.0014684879934528305,False,400,5
NFLX,400,2017-11-15,0.0,0.0,False,399,1
NFLX,400,2018-01-18,0.02,0.002449016665492606,False,399,1
NFLX,400,2018-03-20,0.005,0.0010208253819112816,False,399,5
NFLX,400,2018-05-18,0.01,0.0012766660329782342,False,399,2
NFLX,400,2018-07-19,0.0,0.0,False,399,2
NFLX,400,2018-09-18,0.005,0.0007642959819207821,False,399,2
NFLX,400,2018-11-15,0.0,0.0,False,399,3
NFLX,400,2019-01-18,0.015,0.00206743338164696,False,399,2
NFLX,400,2019-03-21,0.005,0.0007263939918451171,False,399,5
NFLX,400,2019-05-21,0.0,0.0,False,399,5
NFLX,400,2019-07-22,0.005,0.0006623377997590891,False,399,5
NFLX,400,2019-09-19,0.01,0.001580858116445219,False,399,5
NFLX,400,2019-11-18,0.0,0.0,False,399,5
NFLX,400,2020-01-21,0.01,0.0014094226042445526,False,399,5
NFLX,400,2020-03-20,0.0,0.0,False,399,2
NFLX,400,2020-05-20,0.075,0.007715947904417925,False,400,1
NFLX,400,2020-07-21,0.055,0.007314390349608802,False,399,4
NFLX,400,2020-09-18,0.145,0.019017871290392455,False,399,5
NFLX,400,2020-11-17,0.185,0.0261708799992101,False,399,1
NFLX,400,2021-01-20,0.195,0.02674644402907608,False,399,4
NFLX,400,2021-03-22,0.11,0.014957517183668752,False,399,4
NFLX,400,2021-05-20,0.1,0.014859430992381911,False,399,4
NFLX,400,2021-07-21,0.06,0.008120479739041404,False,399,4
NFLX,400,2021-09-20,0.045,0.00726577223381748,False,399,4
NFLX,400,2021-11-17,0.015,0.0021537137763687967,False,399,5
NFLX,400,2022-01-19,0.005,0.0006277413662921208,False,399,3
NFLX,400,2022-03-21,0.005,0.0004465777808025482,False,399,4
NFLX,400,2022-05-19,0.005,-0.00044096457294400356,False,399,1
NFLX,400,2022-07-21,0.01,-0.0009377576081187468,False,399,1
NFLX,400,2022-09-20,0.005,-0.0004502207320421118,False,399,1
NFLX,400,2022-11-17,0.015,0.002756106895433641,False,399,1
NFLX,400,2023-01-20,0.01,-0.0010851285178086084,False,399,1
NFLX,400,2023-03-22,0.025,-0.0013877278242244797,False,399,1
NFLX,400,2023-05-22,0.005,-0.0006673830917598245,False,399,1
NFLX,400,2023-07-24,0.0,0.0,False,399,1
NFLX,400,2023-09-21,0.005,0.000708453234731653,False,399,3
NFLX,400,2023-11-20,0.005,0.0007992085826267927,False,399,2
NFLX,400,2024-01-23,0.0,0.0,False,399,5
NFLX,400,2024-03-22,0.0,0.0,False,399,2
NFLX,400,2024-05-22,0.01,0.0012900333143836904,False,399,4
NFLX,400,2024-07-24,0.02,0.0014288585594732011,False,399,2
NFLX,400,2024-09-23,0.025,0.002731271996412339,False,399,4
NFLX,400,2024-11-20,0.03,0.0034925068663406423,False,400,2
NFLX,400,2025-01-24,0.0,0.0,False,399,1
NFLX,400,2025-03-26,0.0,0.0,False,399,1
NFLX,400,2025-05-27,0.005,-0.0005871716765491704,False,399,3
NFLX,400,2025-07-28,0.0,0.0,False,399,5
NFLX,400,2025-09-25,0.0,0.0,False,399,4
NFLX,400,2025-11-24,0.0,0.0,False,399,5
MELI,400,2009-09-30,0.0,0.0,False,399,4
MELI,400,2009-11-30,0.01,-1.662914442293467e-05,False,399,5
MELI,400,2010-02-01,0.0,0.0,False,399,5
MELI,400,2010-04-01,0.0,0.0,False,399,5
MELI,400,2010-06-02,0.0,0.0,False,399,5
MELI,400,2010-08-02,0.01,0.0012147291535130717,False,399,5
MELI,400,2010-09-30,0.0,0.0,False,399,4
MELI,400,2010-11-30,0.035,0.0020043979498704707,False,399,4
MELI,400,2011-01-31,0.01,0.0012508543308563924,False,399,5
MELI,400,2011-03-31,0.02,0.003012849538592207,False,399,4
MELI,400,2011-06-01,0.025,0.0036867245940092872,False,399,5
MELI,400,2011-08-01,0.08,0.009331364543471526,False,399,1
MELI,400,2011-09-29,0.11,0.012261307247855626,False,399,3
MELI,400,2011-11-29,0.02,0.0009424054900658749,False,399,1
MELI,400,2012-01-31,0.015,0.0027494635743999067,False,399,1
MELI,400,2012-03-30,0.19,-0.024216507099843975,False,399,1
MELI,400,2012-05-31,0.17,-0.021517707299958024,False,399,1
MELI,400,2012-07-31,0.03,-0.0035504408652714437,False,399,4
MELI,400,2012-09-28,0.03,-0.0032865523410111077,False,399,3
MELI,400,2012-11-30,0.0,0.0,False,399,2
MELI,400,2013-02-01,0.0,0.0,False,399,3
MELI,400,2013-04-04,0.015,0.001896475336553065,False,399,1
MELI,400,2013-06-04,0.0,0.0,False,399,5
MELI,400,2013-08-02,0.035,0.00530173330769222,False,399,4
MELI,400,2013-10-02,0.215,0.033604926282808485,False,399,4
MELI,400,2013-12-02,0.24,0.03430004156620878,False,399,2
MELI,400,2014-02-03,0.05,0.005471647930867664,False,399,2
MELI,400,2014-04-03,0.05,0.006158616962453731,False,399,1
MELI,400,2014-06-04,0.01,0.0014021663825938614,False,399,3
MELI,400,2014-08-04,0.01,0.001283244210855581,False,399,3
MELI,400,2014-10-02,0.04,0.0056509944745980365,False,399,1
MELI,400,2014-12-02,0.01,0.00132358902244403,False,399,1
MELI,400,2015-02-03,0.0,0.0,False,399,2
MELI,400,2015-04-06,0.025,-0.0037626530314248657,False,400,5
MELI,400,2015-06-04,0.0,0.0,False,399,1
MELI,400,2015-08-04,0.0,0.0,False,399,4
MELI,400,2015-10-02,0.0,0.0,False,399,4
MELI,400,2015-12-02,0.0,0.0,False,399,4
MELI,400,2016-02-03,0.01,0.0010950442842594535,False,400,3
MELI,400,2016-04-05,0.0,0.0,False,399,2
MELI,400,2016-06-03,0.0,0.0,False,399,3
MELI,400,2016-08-03,0.0,0.0,False,399,1
MELI,400,2016-10-03,0.005,-0.0006966541680173707,False,399,1
MELI,400,2016-12-01,0.0,0.0,False,399,3
MELI,400,2017-02-02,0.0,0.0,False,399,3
MELI,400,2017-04-04,0.01,-0.0014009652209494327,False,399,2
MELI,400,2017-06-05,0.0,0.0,False,399,2
MELI,400,2017-08-03,0.0,0.0,False,399,5
MELI,400,2017-10-03,0.0,0.0,False,399,1
MELI,400,2017-12-01,0.0,0.0,False,399,5
MELI,400,2018-02-02,0.0,0.0,False,399,4
MELI,400,2018-04-05,0.0,0.0,False,399,5
MELI,400,2018-06-05,0.0,0.0,False,399,5
MELI,400,2018-08-03,0.015,0.0027523909924433852,False,399,5
MELI,400,2018-10-03,0.025,0.004486519627163799,False,399,3
MELI,400,2018-12-03,0.03,0.004976975517747656,False,399,3
MELI,400,2019-02-05,0.05,0.008801446808198108,False,399,5
MELI,400,2019-04-05,0.115,0.015630249029050095,False,399,5
MELI,400,2019-06-06,0.015,0.0018025063733013197,False,399,1
MELI,400,2019-08-06,0.005,0.0007214383380996132,False,399,1
MELI,400,2019-10-04,0.04,0.005504027564018773,False,399,1
MELI,400,2019-12-04,0.025,0.003765198972493008,False,399,1
MELI,400,2020-02-05,0.005,0.000642351206085856,False,399,1
MELI,400,2020-04-06,0.005,0.0008008715770472965,False,399,1
MELI,400,2020-06-05,0.015,-0.0017652114302877536,False,399,5
MELI,400,2020-08-05,0.0,0.0,False,400,4
MELI,400,2020-10-05,0.005,0.0009768066622614818,False,399,1
MELI,400,2020-12-03,0.005,0.0006145914751792932,False,399,5
MELI,400,2021-02-04,0.005,0.0007731223695106814,False,399,5
MELI,400,2021-04-07,0.0,0.0,False,399,4
MELI,400,2021-06-07,0.005,0.0005065727293644045,False,399,5
MELI,400,2021-08-05,0.02,0.002025926462417531,False,399,5
MELI,400,2021-10-05,0.0,0.0,False,399,4
MELI,400,2021-12-03,0.0,0.0,False,399,5
MELI,400,2022-02-03,0.0,0.0,False,399,4
MELI,400,2022-04-05,0.0,0.0,False,399,2
MELI,400,2022-06-06,0.005,0.0005686149482093218,False,399,2
MELI,400,2022-08-05,0.0,0.0,False,399,4
MELI,400,2022-10-05,0.0,0.0,False,399,2
MELI,400,2022-12-05,0.0,0.0,False,399,2
MELI,400,2023-02-06,0.0,0.0,False,399,4
MELI,400,2023-04-06,0.0,0.0,False,399,1
MELI,400,2023-06-07,0.01,-0.0011456763729251385,False,399,1
MELI,400,2023-08-08,0.0,0.0,False,399,2
MELI,400,2023-10-06,0.0,0.0,False,399,3
MELI,400,2023-12-06,0.01,0.0016374142127529145,False,399,4
MELI,400,2024-02-07,0.015,-0.0017872182172068022,False,399,3
MELI,400,2024-04-09,0.015,-0.0017110478387305816,False,399,5
MELI,400,2024-06-07,0.005,-0.000708158585848177,False,399,4
MELI,400,2024-08-08,0.005,-0.0006403205106898598,False,399,3
MELI,400,2024-10-08,0.04,-0.0052085876184200805,False,399,5
MELI,400,2024-12-06,0.0,0.0,False,399,1
MELI,400,2025-02-10,0.02,-0.00274307421360149,False,399,3
MELI,400,2025-04-10,0.0,0.0,False,399,4
MELI,400,2025-06-11,0.0,0.0,False,399,4
MELI,400,2025-08-12,0.0,0.0,False,399,4
MELI,400,2025-10-10,0.025,-0.0028036613805474896,False,399,1
MELI,400,2025-12-10,0.015,-0.0018414806422795632,False,399,2
KO,400,2000-02-23,0.025,-0.0017881640085260031,False,399,1
KO,400,2000-04-24,0.04,-0.004630351478353173,False,399,1
KO,400,2000-06-22,0.0,0.0,False,399,1
KO,400,2000-08-22,0.0,0.0,False,399,4
KO,400,2000-10-20,0.015,0.0023234071471601066,False,399,1
KO,400,2000-12-20,0.0,0.0,False,399,4
KO,400,2001-02-22,0.025,0.003402694035910017,False,399,2
KO,400,2001-04-24,0.025,0.0037746474030698617,False,399,2
KO,400,2001-06-22,0.02,0.003464920964598364,False,399,3
KO,400,2001-08-22,0.035,0.005732643456845362,False,399,1
KO,400,2001-10-26,0.01,0.001252991934130272,False,399,3
KO,400,2001-12-27,0.01,0.0011656930158715497,False,399,2
KO,400,2002-02-28,0.02,0.003031417821330325,False,399,1
KO,400,2002-04-30,0.035,0.004050161602322049,False,399,2
KO,400,2002-06-28,0.045,0.006141297007963695,False,399,1
KO,400,2002-08-28,0.0,0.0,False,399,5
KO,400,2002-10-28,0.0,0.0,False,399,3
KO,400,2002-12-27,0.005,-0.0006853101180924896,False,399,4
KO,400,2003-02-28,0.0,0.0,False,399,5
KO,400,2003-04-30,0.005,-0.0006645613642171739,False,399,5
KO,400,2003-06-30,0.03,-0.004524745614641993,False,399,5
KO,400,2003-08-28,0.01,-0.0012621788849609605,False,399,4
KO,400,2003-10-28,0.0,0.0,False,399,4
KO,400,2003-12-29,0.005,-0.0005798596653360498,False,399,5
KO,400,2004-03-01,0.0,0.0,False,399,5
KO,400,2004-04-29,0.0,0.0,False,399,5
KO,400,2004-06-30,0.0,0.0,False,399,5
KO,400,2004-08-30,0.005,-0.0007325973039976556,False,399,5
KO,400,2004-10-28,0.0,0.0,False,399,4
KO,400,2004-12-29,0.005,-0.0005525405089447507,False,399,5
KO,400,2005-03-01,0.005,-0.000701692677595202,False,399,5
KO,400,2005-04-29,0.0,0.0,False,399,4
KO,400,2005-06-29,0.0,0.0,False,399,4
KO,400,2005-08-29,0.0,0.0,False,399,4
KO,400,2005-10-27,0.0,0.0,False,399,4
KO,400,2005-12-28,0.005,0.0009377202941941353,False,399,4
KO,400,2006-03-01,0.005,0.0008106914750377768,False,399,2
KO,400,2006-05-01,0.0,0.0,False,399,5
KO,400,2006-06-29,0.01,-0.0002233410709309308,False,399,2
KO,400,2006-08-29,0.005,-0.0005271251660608697,False,399,1
KO,400,2006-10-27,0.1,-0.016209077708409503,False,399,1
KO,400,2006-12-28,0.01,-0.001503731899506616,False,399,4
KO,400,2007-03-02,0.31,-0.04810299864739084,False,399,1
KO,400,2007-05-02,0.425,-0.07074021753566702,False,399,1
KO,400,2007-07-02,0.26,-0.04005932984699087,False,399,1
KO,400,2007-08-30,0.26,-0.039451088028252486,False,399,1
KO,400,2007-10-30,0.065,-0.009192836553806429,False,399,2
KO,400,2007-12-31,0.02,-0.002454312515748978,False,399,4
KO,400,2008-03-03,0.015,-0.001583564199188257,False,399,4
KO,400,2008-05-01,0.0,0.0,False,399,4
KO,400,2008-07-01,0.015,0.0019296847557114657,False,399,5
KO,400,2008-08-29,0.015,0.0015501427623322128,False,399,3
KO,400,2008-10-29,0.085,0.01097998283923563,False,399,2
KO,400,2008-12-30,0.005,0.0006894895300443237,False,399,2
KO,400,2009-03-03,0.005,0.0007795546570736404,False,399,3
KO,400,2009-05-01,0.035,-0.0054799150191463305,False,399,4
KO,400,2009-07-01,0.04,-0.005246246517455324,False,399,1
KO,400,2009-08-31,0.065,-0.008588394118500596,False,399,1
KO,400,2009-10-29,0.1,-0.013991381666715796,False,399,4
KO,400,2009-12-30,0.04,-0.005705241166292341,False,399,2
KO,400,2010-03-03,0.035,-0.004476048367181186,False,399,2
KO,400,2010-05-03,0.065,-0.008105011548586904,False,399,2
KO,400,2010-07-01,0.005,-0.0011199905311331916,False,399,1
KO,400,2010-08-31,0.0,0.0,False,399,1
KO,400,2010-10-29,0.0,0.0,False,399,4
KO,400,2010-12-30,0.0,0.0,False,399,4
KO,400,2011-03-02,0.0,0.0,False,399,3
KO,400,2011-05-02,0.0,0.0,False,399,5
KO,400,2011-06-30,0.0,0.0,False,399,5
KO,400,2011-08-30,0.0,0.0,False,399,5
KO,400,2011-10-28,0.0,0.0,False,399,5
KO,400,2011-12-29,0.0,0.0,False,399,5
KO,400,2012-03-01,0.005,0.001210544201717036,False,399,5
KO,400,2012-05-01,0.0,0.0,False,399,4
KO,400,2012-06-29,0.005,0.0007801347908088324,False,399,4
KO,400,2012-08-29,0.01,0.0017147603812738537,False,399,4
KO,400,2012-10-31,0.0,0.0,False,399,5
KO,400,2013-01-02,0.01,0.0017594682050511528,False,399,2
KO,400,2013-03-05,0.015,0.0002531547676320106,False,399,1
KO,400,2013-05-03,0.015,0.0004908263149089976,False,399,4
KO,400,2013-07-03,0.005,0.0005856596539818459,False,399,3
KO,400,2013-09-03,0.01,-0.001259564981595824,False,399,2
KO,400,2013-10-31,0.005,-0.0005858337736182647,False,399,2
KO,400,2014-01-02,0.01,-0.0013639161350248409,False,399,2
KO,400,2014-03-05,0.06,-0.007108071015092335,False,399,5
KO,400,2014-05-05,0.04,-0.004692533567227742,False,399,5
KO,400,2014-07-03,0.025,-0.002784424166441019,False,399,4
KO,400,2014-09-03,0.005,-0.0006707563301387581,False,399,4
KO,400,2014-10-31,0.005,-0.000494876757139004,False,399,5
KO,400,2015-01-02,0.055,-0.006908808206381185,False,399,1
KO,400,2015-03-05,0.01,0.0013376062817706236,False,400,3
KO,400,2015-05-05,0.005,0.0006550329400257368,False,399,2
KO,400,2015-07-06,0.0,0.0,False,399,2
KO,400,2015-09-02,0.03,0.001324409219432469,False,399,1
KO,400,2015-11-02,0.02,-8.662527180682959e-05,False,399,3
KO,400,2016-01-04,0.0,0.0,False,399,2
KO,400,2016-03-04,0.02,3.768408794642963e-05,False,399,1
KO,400,2016-05-04,0.02,-0.0027441224807118773,False,399,2
KO,400,2016-07-05,0.005,0.0007456595862421127,False,399,3
KO,400,2016-09-01,0.0,0.0,False,399,5
KO,400,2016-11-01,0.035,-0.008989420403350455,False,400,2
KO,400,2017-01-03,0.0,0.0,False,399,3
KO,400,2017-03-06,0.005,0.0007771666188894331,False,399,5
KO,400,2017-05-04,0.0,0.0,False,399,5
KO,400,2017-07-05,0.0,0.0,False,399,2
KO,400,2017-09-01,0.0,0.0,False,399,2
KO,400,2017-11-01,0.0,0.0,False,399,2
KO,400,2018-01-03,0.0,0.0,False,399,3
KO,400,2018-03-06,0.005,0.0008138958248563816,False,399,3
KO,400,2018-05-04,0.005,0.0005904065260710833,False,399,1
KO,400,2018-07-05,0.035,0.004614751193502733,False,399,1
KO,400,2018-09-04,0.025,0.003243714489158009,False,399,4
KO,400,2018-11-01,0.02,0.0030781877460229253,False,399,2
KO,400,2019-01-04,0.03,0.0036069150217790617,False,399,1
KO,400,2019-03-07,0.01,0.001294827113719993,False,399,2
KO,400,2019-05-07,0.01,0.0012382923559234335,False,399,1
KO,400,2019-07-08,0.02,0.002034900668613934,False,399,1
KO,400,2019-09-05,0.01,0.0010544996255621342,False,399,1
KO,400,2019-11-04,0.005,0.0005173725238802162,False,399,2
KO,400,2020-01-06,0.005,0.0005599165401571509,False,399,2
KO,400,2020-03-06,0.015,0.0019558950158824378,False,399,4
KO,400,2020-05-06,0.005,0.00048626407888663874,False,399,4
KO,400,2020-07-07,0.01,0.0012420104109176786,False,399,5
KO,400,2020-09-03,0.01,0.0010451976987761722,False,399,5
KO,400,2020-11-03,0.005,0.00047588513807529355,False,399,5
KO,400,2021-01-05,0.005,0.000641320103765725,False,399,4
KO,400,2021-03-08,0.01,-0.0010374798452024853,False,399,4
KO,400,2021-05-06,0.0,0.0,False,399,5
KO,400,2021-07-07,0.0,0.0,False,399,4
KO,400,2021-09-03,0.0,0.0,False,399,4
KO,400,2021-11-03,0.055,-0.006296670062526731,False,399,4
KO,400,2022-01-04,0.06,-0.007987258636417433,False,399,1
KO,400,2022-03-07,0.065,-0.008528339634780927,False,399,1
KO,400,2022-05-05,0.065,-0.009038228995597341,False,399,2
KO,400,2022-07-07,0.015,-0.0005088696421092757,False,399,3
KO,400,2022-09-06,0.0,0.0,False,399,2
KO,400,2022-11-03,0.0,0.0,False,399,5
KO,400,2023-01-05,0.005,0.0033344846054594447,False,400,1
KO,400,2023-03-08,0.015,-0.0020844870688653647,False,400,1
KO,400,2023-05-08,0.0,0.0,False,399,4
KO,400,2023-07-10,0.005,-0.0007805594724494607,False,399,2
KO,400,2023-09-07,0.0,0.0,False,399,2
KO,400,2023-11-06,0.015,0.0019370162607075753,False,399,1
KO,400,2024-01-08,0.015,0.0018859005188924041,False,400,5
KO,400,2024-03-08,0.005,-0.0005773920915617401,False,399,4
KO,400,2024-05-08,0.01,-0.0012601862091545532,False,399,3
KO,400,2024-07-10,0.01,-0.0018500830635462646,False,399,4
KO,400,2024-09-09,0.01,-0.0012678154002753106,False,399,5
KO,400,2024-11-06,0.005,0.0015220684453659432,False,400,5
KO,400,2025-01-08,0.005,-0.0006714111996033382,False,399,5
KO,400,2025-03-12,0.01,-0.001179353511989476,False,399,5
KO,400,2025-05-12,0.01,-0.001541055307157183,False,399,4
KO,400,2025-07-14,0.015,-0.0021622613164328256,False,399,4
KO,400,2025-09-11,0.005,-0.0007803610852457007,False,399,4
KO,400,2025-11-10,0.0,0.0,False,399,3
WMT,400,2000-02-23,0.0,0.0,False,399,1
WMT,400,2000-04-24,0.005,0.0006993480263686598,False,399,1
WMT,400,2000-06-22,0.0,0.0,False,399,1
WMT,400,2000-08-22,0.0,0.0,False,399,1
WMT,400,2000-10-20,0.005,-0.000659960405832306,False,399,2
WMT,400,2000-12-20,0.01,-0.00015644218597238405,False,399,2
WMT,400,2001-02-22,0.005,-0.000636359348936094,False,399,2
WMT,400,2001-04-24,0.015,-0.003259277629299544,False,399,3
WMT,400,2001-06-22,0.0,0.0,False,399,1
WMT,400,2001-08-22,0.02,-0.0018315412611573183,False,399,2
WMT,400,2001-10-26,0.0,0.0,False,399,4
WMT,400,2001-12-27,0.01,-0.0020395998758863144,False,399,5
WMT,400,2002-02-28,0.0,0.0,False,399,5
WMT,400,2002-04-30,0.01,-0.0009762048107683291,False,399,3
WMT,400,2002-06-28,0.005,0.0007203770386222573,False,399,4
WMT,400,2002-08-28,0.005,0.0009335366877143644,False,399,3
WMT,400,2002-10-28,0.0,0.0,False,399,4
WMT,400,2002-12-27,0.025,-0.004570075283909954,False,399,4
WMT,400,2003-02-28,0.015,-0.002741279718702186,False,399,4
WMT,400,2003-04-30,0.0,0.0,False,399,1
WMT,400,2003-06-30,0.0,0.0,False,399,5
WMT,400,2003-08-28,0.075,-0.010822949578478982,False,399,5
WMT,400,2003-10-28,0.035,-0.006143633723299383,False,399,5
WMT,400,2003-12-29,0.005,-0.0005357327410574059,False,399,5
WMT,400,2004-03-01,0.01,-0.0008457543193425568,False,399,2
WMT,400,2004-04-29,0.015,-0.0019240455796550656,False,399,5
WMT,400,2004-06-30,0.015,-0.0004903902978074523,False,399,5
WMT,400,2004-08-30,0.025,-0.0037834562262889578,False,399,5
WMT,400,2004-10-28,0.01,-0.0014675548656825287,False,399,1
WMT,400,2004-12-29,0.04,0.005780195132274195,False,399,2
WMT,400,2005-03-01,0.045,0.007121919403546985,False,399,3
WMT,400,2005-04-29,0.0,0.0,False,399,2
WMT,400,2005-06-29,0.005,0.0008867545128785146,False,399,4
WMT,400,2005-08-29,0.005,0.0006837893170428655,False,399,5
WMT,400,2005-10-27,0.0,0.0,False,399,5
WMT,400,2005-12-28,0.01,0.001430155407489252,False,399,4
WMT,400,2006-03-01,0.02,0.003861272845179552,False,399,4
WMT,400,2006-05-01,0.04,0.006690357741844769,False,399,3
WMT,400,2006-06-29,0.005,-0.0006358385710863847,False,399,1
WMT,400,2006-08-29,0.005,-0.0006724144659928971,False,399,5
WMT,400,2006-10-27,0.045,-0.00661934691428679,False,399,5
WMT,400,2006-12-28,0.005,-0.0005799379883716371,False,400,5
WMT,400,2007-03-02,0.045,-0.005925651944196726,False,399,4
WMT,400,2007-05-02,0.025,-0.003481871035577251,False,399,3
WMT,400,2007-07-02,0.025,-0.0031891411108029392,False,399,3
WMT,400,2007-08-30,0.035,-0.00461831455064862,False,399,1
WMT,400,2007-10-30,0.0,0.0,False,399,2
WMT,400,2007-12-31,0.005,-0.00047798375805235474,False,399,2
WMT,400,2008-03-03,0.0,0.0,False,399,4
WMT,400,2008-05-01,0.0,0.0,False,399,1
WMT,400,2008-07-01,0.0,0.0,False,399,2
WMT,400,2008-08-29,0.0,0.0,False,400,4
WMT,400,2008-10-29,0.01,0.0014137043952681203,False,399,2
WMT,400,2008-12-30,0.085,0.013459916002558492,False,399,5
WMT,400,2009-03-03,0.06,0.010602706723787193,False,399,5
WMT,400,2009-05-01,0.02,0.003730924644418211,False,399,5
WMT,400,2009-07-01,0.015,0.0031525943399000112,False,399,5
WMT,400,2009-08-31,0.01,0.001976517468791752,False,399,5
WMT,400,2009-10-29,0.005,0.0005582656737419306,False,399,5
WMT,400,2009-12-30,0.0,0.0,False,399,5
WMT,400,2010-03-03,0.0,0.0,False,399,5
WMT,400,2010-05-03,0.0,0.0,False,399,5
WMT,400,2010-07-01,0.0,0.0,False,399,4
WMT,400,2010-08-31,0.005,-0.0006538406018688246,False,399,4
WMT,400,2010-10-29,0.005,-0.0006312584621749251,False,399,1
WMT,400,2010-12-30,0.0,0.0,False,399,2
WMT,400,2011-03-02,0.0,0.0,False,399,5
WMT,400,2011-05-02,0.0,0.0,False,399,4
WMT,400,2011-06-30,0.005,-0.0007180663929602768,False,399,2
WMT,400,2011-08-30,0.01,0.00118277083597086,False,399,3
WMT,400,2011-10-28,0.0,0.0,False,399,5
WMT,400,2011-12-29,0.005,0.0006143372925404803,False,399,5
WMT,400,2012-03-01,0.015,0.0017744669294713006,False,399,1
WMT,400,2012-05-01,0.01,0.0012596301889247414,False,399,3
WMT,400,2012-06-29,0.005,0.0004911071514764049,False,399,1
WMT,400,2012-08-29,0.025,0.0035349068336355148,False,399,1
WMT,400,2012-10-31,0.03,0.0035790606621055325,False,399,2
WMT,400,2013-01-02,0.105,0.01502609112275493,False,399,2
WMT,400,2013-03-05,0.015,-0.0003924882753668953,False,400,1
WMT,400,2013-05-03,0.115,0.017093446635879864,False,399,3
WMT,400,2013-07-03,0.19,0.0280019381158754,False,399,2
WMT,400,2013-09-03,0.145,0.020633246199178598,False,399,4
WMT,400,2013-10-31,0.13,0.018427427517244133,False,399,5
WMT,400,2014-01-02,0.095,0.01261246948855772,False,399,1
WMT,400,2014-03-05,0.03,0.0021738098655272073,False,399,4
WMT,400,2014-05-05,0.015,-0.0007325207886116367,False,399,3
WMT,400,2014-07-03,0.03,-0.003892034544776802,False,399,1
WMT,400,2014-09-03,0.0,0.0,False,399,1
WMT,400,2014-10-31,0.005,-0.000696818387150083,False,399,1
WMT,400,2015-01-02,0.02,-0.002192667529594972,False,399,3
WMT,400,2015-03-05,0.005,-0.0005797110322179347,False,399,3
WMT,400,2015-05-05,0.0,0.0,False,399,1
WMT,400,2015-07-06,0.0,0.0,False,399,2
WMT,400,2015-09-02,0.0,0.0,False,399,2
WMT,400,2015-11-02,0.0,0.0,False,399,5
WMT,400,2016-01-04,0.0,0.0,False,399,1
WMT,400,2016-03-04,0.03,-0.004212728607615069,False,399,1
WMT,400,2016-05-04,0.025,-0.0032800530123574733,False,399,2
WMT,400,2016-07-05,0.045,-0.006427154346862114,False,399,3
WMT,400,2016-09-01,0.0,0.0,False,400,2
WMT,400,2016-11-01,0.0,0.0,False,399,2
WMT,400,2017-01-03,0.02,-0.0031863436315805026,False,399,4
WMT,400,2017-03-06,0.02,-0.0033200539679793485,False,399,2
WMT,400,2017-05-04,0.01,-0.0018597022040215793,False,399,2
WMT,400,2017-07-05,0.0,0.0,False,399,2
WMT,400,2017-09-01,0.0,0.0,False,399,2
WMT,400,2017-11-01,0.0,0.0,False,399,2
WMT,400,2018-01-03,0.0,0.0,False,399,2
WMT,400,2018-03-06,0.01,-0.0013656724187408788,False,399,3
WMT,400,2018-05-04,0.005,-0.0005676745524842853,False,399,5
WMT,400,2018-07-05,0.07,0.007515107903155407,False,399,2
WMT,400,2018-09-04,0.04,0.004593468695530254,False,399,5
WMT,400,2018-11-01,0.025,0.0031362978388963536,False,399,5
WMT,400,2019-01-04,0.0,0.0,False,399,5
WMT,400,2019-03-07,0.015,0.0019694425643839155,False,399,5
WMT,400,2019-05-07,0.04,0.00452605656705953,False,399,5
WMT,400,2019-07-08,0.07,0.009465331871374327,False,399,3
WMT,400,2019-09-05,0.105,0.015178754132239437,False,399,5
WMT,400,2019-11-04,0.1,0.015202973581010666,False,399,1
WMT,400,2020-01-06,0.0,0.0,False,400,3
WMT,400,2020-03-06,0.025,0.0071355131185276525,False,400,3
WMT,400,2020-05-06,0.0,0.0,False,399,3
WMT,400,2020-07-07,0.02,0.0018585279052184356,False,400,3
WMT,400,2020-09-03,0.0,0.0,False,399,4
WMT,400,2020-11-03,0.005,-0.0004544744151326443,False,399,5
WMT,400,2021-01-05,0.0,0.0,False,399,4
WMT,400,2021-03-08,0.0,0.0,False,399,2
WMT,400,2021-05-06,0.0,0.0,False,399,1
WMT,400,2021-07-07,0.0,0.0,False,399,4
WMT,400,2021-09-03,0.01,0.0008055880049708386,False,399,4
WMT,400,2021-11-03,0.01,0.0010067055139121033,False,399,2
WMT,400,2022-01-04,0.025,0.003493050760216677,False,399,3
WMT,400,2022-03-07,0.04,0.005696106180977686,False,399,4
WMT,400,2022-05-05,0.05,0.007264523997882688,False,399,3
WMT,400,2022-07-07,0.015,-0.001981863476622255,False,399,5
WMT,400,2022-09-06,0.005,-0.00062187573698161,False,399,5
WMT,400,2022-11-03,0.0,0.0,False,399,1
WMT,400,2023-01-05,0.01,-0.00128125417099973,False,399,3
WMT,400,2023-03-08,0.0,0.0,False,399,1
WMT,400,2023-05-08,0.0,0.0,False,399,5
WMT,400,2023-07-10,0.005,-0.0010642433890221128,False,399,1
WMT,400,2023-09-07,0.0,0.0,False,399,3
WMT,400,2023-11-06,0.01,0.00038139504246243085,False,399,1
WMT,400,2024-01-08,0.0,0.0,False,399,5
WMT,400,2024-03-08,0.0,0.0,False,399,1
WMT,400,2024-05-08,0.0,0.0,False,399,4
WMT,400,2024-07-10,0.0,0.0,False,399,5
WMT,400,2024-09-09,0.005,0.0006748446699742704,False,399,5
WMT,400,2024-11-06,0.005,-0.000377663327354196,False,399,5
WMT,400,2025-01-08,0.0,0.0,False,400,4
WMT,400,2025-03-12,0.0,0.0,False,399,4
WMT,400,2025-05-12,0.03,-0.0045457182985130925,False,399,3
WMT,400,2025-07-14,0.09,-0.012520793709602497,False,399,3
WMT,400,2025-09-11,0.025,-0.003789173137871278,False,399,2
WMT,400,2025-11-10,0.03,-0.005148656341637161,False,399,3
MSFT,400,2000-02-23,0.005,0.0005825460856420882,False,400,1
MSFT,400,2000-04-24,0.0,0.0,False,399,2
MSFT,400,2000-06-22,0.005,0.00043219443364619936,False,399,4
MSFT,400,2000-08-22,0.03,0.003531924282941242,False,399,1
MSFT,400,2000-10-20,0.0,0.0,False,399,4
MSFT,400,2000-12-20,0.015,0.003018232134034454,False,399,3
MSFT,400,2001-02-22,0.005,-0.0014108722116411559,False,399,2
MSFT,400,2001-04-24,0.0,0.0,False,399,2
MSFT,400,2001-06-22,0.02,-0.0032398295676689427,False,399,4
MSFT,400,2001-08-22,0.0,0.0,False,400,5
MSFT,400,2001-10-26,0.005,-0.00086567078252914,False,399,4
MSFT,400,2001-12-27,0.0,0.0,False,400,5
MSFT,400,2002-02-28,0.045,-0.008163421022011626,False,399,4
MSFT,400,2002-04-30,0.0,0.0,False,400,4
MSFT,400,2002-06-28,0.0,0.0,False,400,5
MSFT,400,2002-08-28,0.03,0.004523545001577408,False,399,3
MSFT,400,2002-10-28,0.1,0.0178197203806066,False,399,3
MSFT,400,2002-12-27,0.05,-0.007255436299943817,False,399,3
MSFT,400,2003-02-28,0.025,-0.0035649419867989124,False,399,3
MSFT,400,2003-04-30,0.0,0.0,False,399,5
MSFT,400,2003-06-30,0.0,0.0,False,399,5
MSFT,400,2003-08-28,0.0,0.0,False,399,5
MSFT,400,2003-10-28,0.0,0.0,False,399,3
MSFT,400,2003-12-29,0.0,0.0,False,399,5
MSFT,400,2004-03-01,0.0,0.0,False,399,3
MSFT,400,2004-04-29,0.0,0.0,False,399,3
MSFT,400,2004-06-30,0.0,0.0,False,399,2
MSFT,400,2004-08-30,0.0,0.0,False,399,2
MSFT,400,2004-10-28,0.105,0.015654306379032885,False,399,1
MSFT,400,2004-12-29,0.02,-0.002634636801570922,False,399,2
MSFT,400,2005-03-01,0.235,0.03483873478260669,False,399,5
MSFT,400,2005-04-29,0.14,0.02073930964028484,False,399,1
MSFT,400,2005-06-29,0.09,0.013716033895826745,False,399,4
MSFT,400,2005-08-29,0.025,-0.0036187428157085314,False,399,1
MSFT,400,2005-10-27,0.005,0.0005967663872392488,False,399,2
MSFT,400,2005-12-28,0.0,0.0,False,399,1
MSFT,400,2006-03-01,0.005,-0.0007477534112034368,False,399,1
MSFT,400,2006-05-01,0.01,0.0010335976974597777,False,399,2
MSFT,400,2006-06-29,0.0,0.0,False,399,3
MSFT,400,2006-08-29,0.0,0.0,False,399,2
MSFT,400,2006-10-27,0.01,0.0010672080612902208,False,399,1
MSFT,400,2006-12-28,0.0,0.0,False,399,5
MSFT,400,2007-03-02,0.0,0.0,False,399,5
MSFT,400,2007-05-02,0.0,0.0,False,399,5
MSFT,400,2007-07-02,0.005,0.0005076940413233588,False,399,5
MSFT,400,2007-08-30,0.0,0.0,False,399,2
MSFT,400,2007-10-30,0.005,0.0005229359349142759,False,399,3
MSFT,400,2007-12-31,0.0,0.0,False,399,3
MSFT,400,2008-03-03,0.0,0.0,False,399,4
MSFT,400,2008-05-01,0.0,0.0,False,399,5
MSFT,400,2008-07-01,0.005,-0.0008470943400475544,False,399,5
MSFT,400,2008-08-29,0.0,0.0,False,399,3
MSFT,400,2008-10-29,0.01,-0.0017105723540292628,False,399,4
MSFT,400,2008-12-30,0.01,-0.0011737046385982234,False,399,5
MSFT,400,2009-03-03,0.0,0.0,False,399,4
MSFT,400,2009-05-01,0.0,0.0,False,399,2
MSFT,400,2009-07-01,0.0,0.0,False,399,2
MSFT,400,2009-08-31,0.08,-0.013608760476691207,False,399,5
MSFT,400,2009-10-29,0.015,-0.0021270079023307485,False,399,5
MSFT,400,2009-12-30,0.0,0.0,False,399,1
MSFT,400,2010-03-03,0.0,0.0,False,399,1
MSFT,400,2010-05-03,0.0,0.0,False,399,3
MSFT,400,2010-07-01,0.01,-0.0011992726306560622,False,399,1
MSFT,400,2010-08-31,0.0,0.0,False,399,4
MSFT,400,2010-10-29,0.0,0.0,False,400,5
MSFT,400,2010-12-30,0.0,0.0,False,399,3
MSFT,400,2011-03-02,0.005,-0.0007565234875565974,False,400,4
MSFT,400,2011-05-02,0.01,-0.0012926065140968638,False,399,5
MSFT,400,2011-06-30,0.015,-0.0019255651852279365,False,399,5
MSFT,400,2011-08-30,0.14,-0.019692177494394073,False,399,5
MSFT,400,2011-10-28,0.035,-0.004963122154214355,False,399,5
MSFT,400,2011-12-29,0.01,-0.0011474472777784693,False,399,5
MSFT,400,2012-03-01,0.07,-0.010503423573935777,False,399,5
MSFT,400,2012-05-01,0.035,-0.005533890406663399,False,399,5
MSFT,400,2012-06-29,0.015,-0.0015859188632377792,False,399,4
MSFT,400,2012-08-29,0.0,0.0,False,399,5
MSFT,400,2012-10-31,0.0,0.0,False,399,5
MSFT,400,2013-01-02,0.005,0.0009328332163097568,False,399,2
MSFT,400,2013-03-05,0.0,0.0,False,399,5
MSFT,400,2013-05-03,0.015,0.0005937055935014849,False,399,5
MSFT,400,2013-07-03,0.02,0.0019028787805454512,False,399,3
MSFT,400,2013-09-03,0.015,0.0023588695673753867,False,399,3
MSFT,400,2013-10-31,0.205,-0.02880575719404716,False,399,5
MSFT,400,2014-01-02,0.03,0.004917757110633155,False,399,3
MSFT,400,2014-03-05,0.015,0.0024457582807069773,False,399,3
MSFT,400,2014-05-05,0.0,0.0,False,399,2
MSFT,400,2014-07-03,0.0,0.0,False,399,3
MSFT,400,2014-09-03,0.0,0.0,False,399,2
MSFT,400,2014-10-31,0.02,-0.0031182802547341415,False,400,5
MSFT,400,2015-01-02,0.0,0.0,False,399,1
MSFT,400,2015-03-05,0.005,-0.00042683157386170644,False,399,2
MSFT,400,2015-05-05,0.02,-0.002256733175265684,False,399,1
MSFT,400,2015-07-06,0.01,-0.0013005184525219794,False,399,1
MSFT,400,2015-09-02,0.03,-0.003874065265492202,False,399,1
MSFT,400,2015-11-02,0.01,-0.0010593289248446939,False,399,1
MSFT,400,2016-01-04,0.005,-0.0005097499205375546,False,399,1
MSFT,400,2016-03-04,0.005,-0.0005486877577219846,False,399,1
MSFT,400,2016-05-04,0.0,0.0,False,399,2
MSFT,400,2016-07-05,0.0,0.0,False,399,4
MSFT,400,2016-09-01,0.0,0.0,False,399,4
MSFT,400,2016-11-01,0.0,0.0,False,399,1
MSFT,400,2017-01-03,0.0,0.0,False,399,5
MSFT,400,2017-03-06,0.0,0.0,False,399,4
MSFT,400,2017-05-04,0.0,0.0,False,399,5
MSFT,400,2017-07-05,0.005,-0.0004942229257245478,False,399,5
MSFT,400,2017-09-01,0.0,0.0,False,399,1
MSFT,400,2017-11-01,0.0,0.0,False,400,3
MSFT,400,2018-01-03,0.0,0.0,False,400,3
MSFT,400,2018-03-06,0.0,0.0,False,399,1
MSFT,400,2018-05-04,0.0,0.0,False,399,3
MSFT,400,2018-07-05,0.0,0.0,False,399,2
MSFT,400,2018-09-04,0.005,0.000528792502771471,False,399,2
MSFT,400,2018-11-01,0.01,-8.865917210240937e-05,False,399,2
MSFT,400,2019-01-04,0.08,0.011002338995429305,False,399,2
MSFT,400,2019-03-07,0.03,0.002942497286269786,False,399,2
MSFT,400,2019-05-07,0.02,0.0023844411189699473,False,399,2
MSFT,400,2019-07-08,0.03,0.004010630223211848,False,399,2
MSFT,400,2019-09-05,0.025,0.003319368598317125,False,399,3
MSFT,400,2019-11-04,0.03,-0.0037957905053731134,False,399,1
MSFT,400,2020-01-06,0.005,-0.0005233160650213576,False,399,2
MSFT,400,2020-03-06,0.0,0.0,False,399,2
MSFT,400,2020-05-06,0.15,0.020820027764402255,False,399,2
MSFT,400,2020-07-07,0.0,0.0,False,399,2
MSFT,400,2020-09-03,0.01,0.0018530475775848198,False,399,4
MSFT,400,2020-11-03,0.175,0.022028023290077005,False,399,2
MSFT,400,2021-01-05,0.055,0.005939584233410508,False,399,2
MSFT,400,2021-03-08,0.04,0.0010849422756897956,False,399,2
MSFT,400,2021-05-06,0.015,-0.0001318423679320118,False,399,3
MSFT,400,2021-07-07,0.05,-0.0024857873150746614,False,399,2
MSFT,400,2021-09-03,0.115,-0.01415454977029826,False,399,2
MSFT,400,2021-11-03,0.095,-0.013034655994840192,False,399,1
MSFT,400,2022-01-04,0.015,-0.0010272615458336342,False,399,1
MSFT,400,2022-03-07,0.05,-0.007406760220615772,False,399,4
MSFT,400,2022-05-05,0.12,-0.016859252990172588,False,399,3
MSFT,400,2022-07-07,0.1,-0.014781334755756857,False,399,3
MSFT,400,2022-09-06,0.04,-0.005586668871033351,False,399,5
MSFT,400,2022-11-03,0.0,0.0,False,399,5
MSFT,400,2023-01-05,0.0,0.0,False,399,5
MSFT,400,2023-03-08,0.0,0.0,False,399,5
MSFT,400,2023-05-08,0.01,-0.001401621888889274,False,399,5
MSFT,400,2023-07-10,0.0,0.0,False,399,5
MSFT,400,2023-09-07,0.015,-0.002079645130823881,False,399,3
MSFT,400,2023-11-06,0.01,-0.0013193577127395622,False,399,3
MSFT,400,2024-01-08,0.015,-0.0019571961963873725,False,399,3
MSFT,400,2024-03-08,0.03,-0.004406738367107434,False,399,3
MSFT,400,2024-05-08,0.02,-0.0031065865623083745,False,399,4
MSFT,400,2024-07-10,0.12,-0.018364107093577716,False,399,2
MSFT,400,2024-09-09,0.035,-0.0064228378353209025,False,399,5
MSFT,400,2024-11-06,0.02,-0.004593790168406307,False,399,2
MSFT,400,2025-01-08,0.01,-0.0012229389004412778,False,399,4
MSFT,400,2025-03-12,0.005,0.000528642977848199,False,400,1
MSFT,400,2025-05-12,0.005,0.0007390567769852759,False,399,5
MSFT,400,2025-07-14,0.005,0.0008729112066294248,False,399,5
MSFT,400,2025-09-11,0.0,0.0,False,399,5
MSFT,400,2025-11-10,0.01,-0.0011022832314844142,False,399,5
INTC,400,2000-02-23,0.025,-0.003347397743037256,False,399,2
INTC,400,2000-04-24,0.0,0.0,False,399,4
INTC,400,2000-06-22,0.015,-0.000609360301571629,False,399,3
INTC,400,2000-08-22,0.085,-0.009810942859372378,False,399,2
INTC,400,2000-10-20,0.03,-0.0034099442717670514,False,399,5
INTC,400,2000-12-20,0.04,-0.004394553647805516,False,399,5
INTC,400,2001-02-22,0.01,0.00015141279395489046,False,399,5
INTC,400,2001-04-24,0.03,-0.0034180648185979058,False,399,5
INTC,400,2001-06-22,0.015,0.0015916376089513884,False,399,5
INTC,400,2001-08-22,0.0,0.0,False,399,3
INTC,400,2001-10-26,0.005,-0.0005643001591564656,False,399,4
INTC,400,2001-12-27,0.01,0.0021682482605234975,False,399,3
INTC,400,2002-02-28,0.005,-0.0005902478612222701,False,399,3
INTC,400,2002-04-30,0.0,0.0,False,399,3
INTC,400,2002-06-28,0.0,0.0,False,399,3
INTC,400,2002-08-28,0.0,0.0,False,399,4
INTC,400,2002-10-28,0.0,0.0,False,399,3
INTC,400,2002-12-27,0.025,-0.0034694823258649464,False,399,2
INTC,400,2003-02-28,0.03,-0.0036667483949479364,False,399,3
INTC,400,2003-04-30,0.015,-0.0017529182406938954,False,399,5
INTC,400,2003-06-30,0.0,0.0,False,399,5
INTC,400,2003-08-28,0.0,0.0,False,399,4
INTC,400,2003-10-28,0.005,-0.00040212479510026456,False,399,4
INTC,400,2003-12-29,0.005,0.0006364502737425908,False,399,5
INTC,400,2004-03-01,0.01,-0.0007821072803375203,False,399,3
INTC,400,2004-04-29,0.02,-0.003091841313615713,False,399,5
INTC,400,2004-06-30,0.01,-0.0013697521120374539,False,399,5
INTC,400,2004-08-30,0.01,-0.00130791154086596,False,399,5
INTC,400,2004-10-28,0.055,-0.007606363245675315,False,399,3
INTC,400,2004-12-29,0.015,-0.0020710453251840144,False,399,3
INTC,400,2005-03-01,0.005,-0.0008624863447307358,False,399,5
INTC,400,2005-04-29,0.055,-0.008846953100532639,False,399,3
INTC,400,2005-06-29,0.04,-0.006008388611181402,False,399,5
INTC,400,2005-08-29,0.035,-0.005104168819563382,False,399,3
INTC,400,2005-10-27,0.005,-0.0005109282906438172,False,399,4
INTC,400,2005-12-28,0.005,-0.0005041554186242976,False,399,1
INTC,400,2006-03-01,0.0,0.0,False,399,5
INTC,400,2006-05-01,0.0,0.0,False,399,5
INTC,400,2006-06-29,0.01,0.0017002619945797354,False,399,5
INTC,400,2006-08-29,0.025,0.004391573984560769,False,399,5
INTC,400,2006-10-27,0.055,0.009303029146901233,False,399,5
INTC,400,2006-12-28,0.005,0.0005755653191221782,False,399,5
INTC,400,2007-03-02,0.0,0.0,False,399,5
INTC,400,2007-05-02,0.0,0.0,False,399,5
INTC,400,2007-07-02,0.0,0.0,False,399,5
INTC,400,2007-08-30,0.0,0.0,False,399,2
INTC,400,2007-10-30,0.0,0.0,False,399,5
INTC,400,2007-12-31,0.0,0.0,False,399,5
INTC,400,2008-03-03,0.005,0.0005709629044859174,False,399,4
INTC,400,2008-05-01,0.0,0.0,False,399,1
INTC,400,2008-07-01,0.005,-0.0008483101256149716,False,399,1
INTC,400,2008-08-29,0.025,-0.0039751867188060315,False,399,4
INTC,400,2008-10-29,0.035,-0.00451222321434918,False,399,1
INTC,400,2008-12-30,0.155,-0.023550161776531606,False,399,1
INTC,400,2009-03-03,0.285,-0.042199100738330476,False,399,1
INTC,400,2009-05-01,0.225,-0.03140722778283203,False,399,1
INTC,400,2009-07-01,0.26,-0.03762492617816914,False,399,1
INTC,400,2009-08-31,0.19,-0.02808919827425739,False,399,4
INTC,400,2009-10-29,0.095,-0.013279304267314192,False,399,4
INTC,400,2009-12-30,0.055,-0.008023809424359277,False,399,2
INTC,400,2010-03-03,0.04,-0.0056822511446347245,False,399,2
INTC,400,2010-05-03,0.04,0.00745671346762791,False,399,1
INTC,400,2010-07-01,0.005,-0.000642408380316178,False,399,3
INTC,400,2010-08-31,0.025,0.0006064783397145801,False,399,4
INTC,400,2010-10-29,0.0,0.0,False,399,3
INTC,400,2010-12-30,0.005,0.0006483430393159438,False,399,3
INTC,400,2011-03-02,0.0,0.0,False,399,2
INTC,400,2011-05-02,0.0,0.0,False,399,3
INTC,400,2011-06-30,0.0,0.0,False,399,5
INTC,400,2011-08-30,0.01,0.00031717246766937225,False,399,5
INTC,400,2011-10-28,0.0,0.0,False,399,5
INTC,400,2011-12-29,0.0,0.0,False,399,5
INTC,400,2012-03-01,0.005,0.0006394765053005574,False,399,5
INTC,400,2012-05-01,0.0,0.0,False,399,5
INTC,400,2012-06-29,0.0,0.0,False,399,4
INTC,400,2012-08-29,0.0,0.0,False,399,3
INTC,400,2012-10-31,0.0,0.0,False,399,3
INTC,400,2013-01-02,0.045,0.007386531079618248,False,399,4
INTC,400,2013-03-05,0.0,0.0,False,399,2
INTC,400,2013-05-03,0.01,0.0013420268645782526,False,399,1
INTC,400,2013-07-03,0.025,7.899885212045682e-05,False,399,2
INTC,400,2013-09-03,0.035,-0.002995085136117893,False,399,1
INTC,400,2013-10-31,0.075,-0.010059140497830304,False,399,3
INTC,400,2014-01-02,0.165,-0.01983097519092836,False,399,1
INTC,400,2014-03-05,0.19,-0.025696414674751766,False,399,1
INTC,400,2014-05-05,0.455,-0.07236758631967716,False,399,1
INTC,400,2014-07-03,0.415,-0.06556719424376638,False,399,3
INTC,400,2014-09-03,0.255,-0.041164396747411354,False,399,2
INTC,400,2014-10-31,0.145,-0.022301355411035662,False,399,3
INTC,400,2015-01-02,0.245,-0.03934323588971457,False,399,1
INTC,400,2015-03-05,0.15,-0.024581500854305813,False,399,2
INTC,400,2015-05-05,0.07,-0.01086793637185511,False,399,1
INTC,400,2015-07-06,0.04,-0.005085260034377168,False,399,4
INTC,400,2015-09-02,0.02,-0.0025830991587497674,False,399,3
INTC,400,2015-11-02,0.04,-0.00557579703793128,False,399,5
INTC,400,2016-01-04,0.025,-0.0040760325832590975,False,399,5
INTC,400,2016-03-04,0.0,0.0,False,399,5
INTC,400,2016-05-04,0.1,-0.01564816818492187,False,400,1
INTC,400,2016-07-05,0.045,-0.007760179927245791,False,399,4
INTC,400,2016-09-01,0.015,-0.002259350979640661,False,399,1
INTC,400,2016-11-01,0.03,-0.004613548736980875,False,400,5
INTC,400,2017-01-03,0.1,-0.015571493987516333,False,399,5
INTC,400,2017-03-06,0.125,-0.017532736515905215,False,399,1
INTC,400,2017-05-04,0.0,0.0,False,399,1
INTC,400,2017-07-05,0.015,0.0016933345295636149,False,399,4
INTC,400,2017-09-01,0.005,0.000820448642975282,False,399,2
INTC,400,2017-11-01,0.04,0.005495693235159373,False,399,2
INTC,400,2018-01-03,0.025,0.003276354113139013,False,399,4
INTC,400,2018-03-06,0.01,0.0009887150023313604,False,399,5
INTC,400,2018-05-04,0.195,-0.03493360398091761,False,399,2
INTC,400,2018-07-05,0.125,-0.019874306619449382,False,399,3
INTC,400,2018-09-04,0.02,-0.0028969063060997535,False,399,2
INTC,400,2018-11-01,0.055,-0.007504606544331453,False,399,3
INTC,400,2019-01-04,0.02,-0.0028416615271363165,False,399,4
INTC,400,2019-03-07,0.01,-0.0015093954919228486,False,399,5
INTC,400,2019-05-07,0.0,0.0,False,399,5
INTC,400,2019-07-08,0.0,0.0,False,399,2
INTC,400,2019-09-05,0.0,0.0,False,399,1
INTC,400,2019-11-04,0.0,0.0,False,399,4
INTC,400,2020-01-06,0.005,-0.0008677470482328951,False,399,1
INTC,400,2020-03-06,0.0,0.0,False,399,5
INTC,400,2020-05-06,0.07,-0.011350727351068901,False,399,5
INTC,400,2020-07-07,0.025,-0.004391697904391102,False,399,5
INTC,400,2020-09-03,0.1,-0.013926398982196225,False,399,5
INTC,400,2020-11-03,0.21,-0.028984845255761303,False,399,4
INTC,400,2021-01-05,0.235,-0.03257807450782225,False,399,5
INTC,400,2021-03-08,0.405,-0.05768616433315444,False,399,4
INTC,400,2021-05-06,0.35,-0.05267702158718187,False,399,3
INTC,400,2021-07-07,0.29,-0.04241774634581418,False,399,3
INTC,400,2021-09-03,0.185,-0.024759240940829007,False,399,3
INTC,400,2021-11-03,0.01,-0.0015243637091236545,False,399,2
INTC,400,2022-01-04,0.02,-0.003281815232719451,False,399,1
INTC,400,2022-03-07,0.025,-0.004441103510582807,False,399,1
INTC,400,2022-05-05,0.0,0.0,False,399,1
INTC,400,2022-07-07,0.0,0.0,False,399,1
INTC,400,2022-09-06,0.0,0.0,False,399,2
INTC,400,2022-11-03,0.0,0.0,False,399,1
INTC,400,2023-01-05,0.0,0.0,False,399,1
INTC,400,2023-03-08,0.01,0.0022750050405113786,False,399,4
INTC,400,2023-05-08,0.0,0.0,False,399,4
INTC,400,2023-07-10,0.0,0.0,False,399,4
INTC,400,2023-09-07,0.0,0.0,False,399,1
INTC,400,2023-11-06,0.01,0.0005055022617531922,False,399,1
INTC,400,2024-01-08,0.015,0.0020568442255693683,False,399,1
INTC,400,2024-03-08,0.0,0.0,False,399,3
INTC,400,2024-05-08,0.005,-0.0005733633747336494,False,399,2
INTC,400,2024-07-10,0.0,0.0,False,399,1
INTC,400,2024-09-09,0.005,0.0005201574440395338,False,399,4
INTC,400,2024-11-06,0.005,0.0006581434419545046,False,399,5
INTC,400,2025-01-08,0.0,0.0,False,399,4
INTC,400,2025-03-12,0.0,0.0,False,399,5
INTC,400,2025-05-12,0.0,0.0,False,399,3
INTC,400,2025-07-14,0.0,0.0,False,399,4
INTC,400,2025-09-11,0.0,0.0,False,399,3
INTC,400,2025-11-10,0.0,0.0,False,399,3
