date,pe_sp600,pe_sp500,diff
1995-10-27,0.9730323797777757,0.9869969384072151,-0.01396455862943946
1995-10-30,0.9730323797777757,0.986899635648228,-0.013867255870452344
1995-10-31,0.9729173404083752,0.9862242437261746,-0.013306903317799379
1995-11-01,0.9734910878643431,0.9862242437261746,-0.012733155861831436
1995-11-02,0.973364507736054,0.9862242437261746,-0.01285973599012058
1995-11-03,0.973364507736054,0.9862242437261746,-0.01285973599012058
1995-11-06,0.973491087864343,0.9862242437261746,-0.012733155861831547
1995-11-07,0.9734910878643431,0.9862242437261746,-0.012733155861831436
1995-11-08,0.9731980154147286,0.9862242437261746,-0.013026228311445953
1995-11-09,0.9726573211596867,0.9862242437261746,-0.013566922566487838
1995-11-10,0.9726573211596867,0.9867649379812165,-0.014107616821529723
1995-11-13,0.9723829514967571,0.9873717386381101,-0.014988787141352988
1995-11-14,0.9721292710414754,0.9877798504571248,-0.0156505794156494
1995-11-15,0.9702447023064631,0.9886929600275518,-0.018448257721088712
1995-11-16,0.9708700551836614,0.9893909921850702,-0.018520937001408777
1995-11-17,0.9711420064810983,0.9898787411030692,-0.018736734621970896
1995-11-20,0.9713624752960587,0.9896250606477872,-0.018262585351728533
1995-11-21,0.9712651725370717,0.9896250606477872,-0.01835988811071554
1995-11-22,0.9709660977797191,0.9891373117297882,-0.018171213950069154
1995-11-24,0.9708917203415599,0.989593724389617,-0.018702004048057108
1995-11-27,0.9714538625321679,0.9905117993876557,-0.019057936855487734
1995-11-28,0.9722876292368242,0.9903090671831088,-0.018021437946284635
1995-11-29,0.9728283234918661,0.9904497671578584,-0.017621443665992276
1995-11-30,0.9728283234918661,0.9896160004532024,-0.016787676961336317
1995-12-01,0.9728985644650264,0.9900241122722171,-0.017125547807190666
1995-12-04,0.9734293545630144,0.990024112272217,-0.0165947577092026
1995-12-05,0.9729729419031858,0.9901506924005061,-0.017177750497320288
1995-12-06,0.972256871462637,0.9908941188600949,-0.01863724739745798
1995-12-07,0.972256871462637,0.9909844591051623,-0.018727587642525356
1995-12-08,0.9727132841224659,0.991142833887765,-0.01842954976529909
1995-12-11,0.9734729843379017,0.9913012086703678,-0.017828224332466003
1995-12-12,0.9733464042096128,0.9906258167483142,-0.017279412538701355
1995-12-13,0.9736543628311467,0.9908930968513529,-0.017238734020206148
1995-12-14,0.9746692753070552,0.9910337968261027,-0.016364521519047548
1995-12-15,0.9744276558093657,0.9908754220435002,-0.016447766234134464
1995-12-18,0.9734443052657782,0.9907488419152111,-0.017304536649432878
1995-12-19,0.9726170357939244,0.9909904614129003,-0.018373425618975814
1995-12-20,0.9726170357939244,0.9907877292083532,-0.018170693414428785
1995-12-21,0.973422606657897,0.9902470349533116,-0.01682442829541453
1995-12-22,0.9743891003948707,0.9902470349533116,-0.015857934558440867
1995-12-26,0.9734057498512831,0.9900265661383512,-0.01662081628706802
1995-12-27,0.9725719831466267,0.9896009112527095,-0.017028928106082808
1995-12-28,0.9725719831466267,0.9891084911403124,-0.016536507993685667
1995-12-29,0.972179236865621,0.9894015635899268,-0.017222326724305792
1996-01-02,0.9720208620830183,0.9884769913590857,-0.016456129276067433
1996-01-03,0.9721792368656209,0.9878015994370324,-0.015622362571411474
1996-01-04,0.9718047376790673,0.9875479189817504,-0.01574318130268315
1996-01-05,0.9709709709744111,0.9875479189817504,-0.01657694800733933
1996-01-08,0.969578822351796,0.9881193710109798,-0.018540548659183753
1996-01-09,0.9693583535368355,0.9884184457683323,-0.01906009223149674
1996-01-10,0.9691837049983859,0.9875797136360642,-0.01839600863767832
1996-01-11,0.9687580501127443,0.9872806388787118,-0.018522588765967463
1996-01-12,0.9692228895443654,0.9878656905556978,-0.01864280101133242
1996-01-15,0.9696211884109666,0.9885118142562996,-0.018890625845333076
1996-01-16,0.9696211884109666,0.9882445341532607,-0.018623345742294184
1996-01-17,0.9688156175469939,0.9885118142562996,-0.01969619670930578
1996-01-18,0.9678007050710854,0.9888513348101547,-0.02105062973906935
1996-01-19,0.9684075057279793,0.9894974585107565,-0.021089952782777255
1996-01-22,0.9685340858562682,0.9893228099723066,-0.020788724116038382
1996-01-23,0.9694521608543069,0.9887920198743185,-0.019339859020011674
1996-01-24,0.9706304135404297,0.9884097004018794,-0.017779286861449695
1996-01-25,0.9710964638505476,0.9880701798480246,-0.01697371599747699
1996-01-26,0.9719148650171947,0.9882513256192766,-0.016336460602081937
1996-01-29,0.9729537349988024,0.9886769805049183,-0.015723245506115813
1996-01-30,0.9733360544712415,0.9889947520788657,-0.015658697607624172
1996-01-31,0.9741698211758979,0.9886956773215132,-0.014525856145615301
1996-02-01,0.9749132476354868,0.9886956773215132,-0.013782429686026387
1996-02-02,0.9747499074252723,0.9880495536209113,-0.013299646195638948
1996-02-05,0.9750692050808762,0.9878290848059511,-0.012759879725074863
1996-02-06,0.9747701303235236,0.9877025046776622,-0.012932374354138632
1996-02-07,0.9756088624557914,0.9881902535956611,-0.01258139113986978
1996-02-08,0.9769317335532338,0.9881902535956611,-0.011258520042427334
1996-02-09,0.9782250533352056,0.9881902535956611,-0.009965200260455553
1996-02-12,0.9787174734476028,0.9891083285936999,-0.010390855146097056
1996-02-13,0.9766092543844391,0.9897541580610882,-0.013144903676649111
1996-02-14,0.9762622054411897,0.9893287974086602,-0.013066591967470509
1996-02-15,0.9762622054411897,0.989974921109262,-0.013712715668072306
1996-02-16,0.9767424259697943,0.989635400555407,-0.012892974585612671
1996-02-20,0.9776669982006354,0.9896354005554072,-0.011968402354771812
1996-02-21,0.9780140471438847,0.9899824494986564,-0.011968402354771701
1996-02-22,0.9782345159588449,0.9899824494986563,-0.011747933539811406
1996-02-23,0.978234515958845,0.9896050687556595,-0.011370552796814426
1996-02-26,0.9769116448614026,0.9890040376845111,-0.012092392823108478
1996-02-27,0.9758617537527956,0.9890040376845113,-0.013142283931715681
1996-02-28,0.9753740048347964,0.9884529166209025,-0.013078911786106096
1996-02-29,0.9759750359059448,0.9870630634250263,-0.011088027519081445
1996-03-01,0.9762681083555593,0.9871781027944264,-0.010909994438867088
1996-03-04,0.9759750359059448,0.986860331220479,-0.010885295314534194
1996-03-05,0.9752531958796506,0.9876787323871264,-0.012425536507475798
1996-03-06,0.974913675325796,0.9883705534254846,-0.013456878099688652
1996-03-07,0.97452092904479,0.9884971335537738,-0.013976204508983736
1996-03-08,0.9745209290447903,0.9884971335537738,-0.013976204508983514
1996-03-11,0.9745209290447903,0.9884971335537738,-0.013976204508983514
1996-03-12,0.9755358415206985,0.9884971335537736,-0.012961292033075056
1996-03-13,0.9757169872919507,0.9884971335537736,-0.012780146261822889
1996-03-14,0.9750697912105807,0.9886237136820627,-0.013553922471482016
1996-03-15,0.9737764714286091,0.987552229329033,-0.013775757900423846
1996-03-18,0.9730330449690202,0.9870115350739911,-0.013978490104970875
1996-03-19,0.9723576530469665,0.9868849549457019,-0.014527301898735412
1996-03-20,0.9712159277207765,0.9861023439401339,-0.014886416219357379
1996-03-21,0.9703821610161201,0.9854562202395318,-0.015074059223411762
1996-03-22,0.9710982314566687,0.9851631477899173,-0.014064916333248578
1996-03-25,0.9719319981613251,0.9857699484468112,-0.013837950285486067
1996-03-26,0.9733241467839402,0.9857699484468112,-0.012445801662871014
1996-03-27,0.9735446155989004,0.9856549090774109,-0.012110293478510559
1996-03-28,0.9734391861533405,0.9864886757820673,-0.013049489628726874
1996-03-29,0.9741826126129293,0.9875601601350971,-0.013377547522167799
1996-04-01,0.9730577440933531,0.9872928800320582,-0.014235135938705068
1996-04-02,0.9727399725194059,0.9868672251464166,-0.014127252627010645
1996-04-03,0.9722119224011945,0.9872928800320582,-0.0150809576308637
1996-04-04,0.9717195022887973,0.9875344995297476,-0.015814997240950257
1996-04-08,0.9715448537503475,0.9876495388991476,-0.016104685148800146
1996-04-09,0.9723906754425061,0.9879673104730953,-0.015576635030589148
1996-04-10,0.9732998665763634,0.9881256852556979,-0.014825818679334524
1996-04-11,0.9736981654429647,0.9877000303700564,-0.014001864927091656
1996-04-12,0.9737725428811239,0.9877000303700564,-0.013927487488932466
1996-04-15,0.9737725428811239,0.9877000303700564,-0.013927487488932466
1996-04-16,0.9744186665817259,0.9869276207743791,-0.012508954192653188
1996-04-17,0.9749064154997247,0.9858145189791817,-0.010908103479457032
1996-04-18,0.9746647960020357,0.9852738247241398,-0.010609028722104119
1996-04-19,0.9752362480312647,0.984934304170285,-0.009698056139020306
1996-04-22,0.9764241383676766,0.9846670240672462,-0.008242885699569547
1996-04-23,0.9783087071026887,0.9839235976076571,-0.0056148905049684394
1996-04-24,0.9785464247510622,0.9839235976076571,-0.005377172856594892
1996-04-25,0.9787210732895122,0.9839235976076571,-0.005202524318144941
1996-04-26,0.9791467281751537,0.9839235976076571,-0.004776869432503439
1996-04-29,0.97890901052678,0.9844543877056452,-0.005545377178865163
1996-04-30,0.9778097897574892,0.9853002093978038,-0.007490419640314605
1996-05-01,0.9778097897574892,0.9861274788696578,-0.00831768911216857
1996-05-02,0.9771343978354355,0.9857451593972186,-0.008610761561783087
1996-05-03,0.9771343978354355,0.9862858536522603,-0.00915145581682475
1996-05-06,0.9780806686741581,0.9864265536270103,-0.008345884952852156
1996-05-07,0.9771625936761194,0.9857807241596219,-0.008618130483502573
1996-05-08,0.9759360806904573,0.9859834563641691,-0.010047375673711723
1996-05-09,0.9754558601618526,0.986514246462157,-0.011058386300304424
1996-05-10,0.9751163396079975,0.9872968574677256,-0.012180517859728068
1996-05-13,0.9755417002604256,0.986979085893778,-0.011437385633352393
1996-05-14,0.9762170921824791,0.98644829579579,-0.010231203613310869
1996-05-15,0.9755980919417929,0.9859834563641691,-0.010385364422376142
1996-05-16,0.9751727312893649,0.9853766557072755,-0.010203924417910626
1996-05-17,0.9750193219343737,0.9859074458052633,-0.010888123870889665
1996-05-20,0.975511742046771,0.9863722852368845,-0.010860543190113425
1996-05-21,0.9760464339940748,0.9857264557694961,-0.009680021775421377
1996-05-22,0.9760464339940748,0.985621026323936,-0.009574592329861242
1996-05-23,0.9765975550576834,0.985238706851497,-0.008641151793813528
1996-05-24,0.9771486761212921,0.9848991862976422,-0.007750510176350089
1996-05-28,0.977530995593731,0.9838603163160343,-0.0063293207223033
1996-05-29,0.9765476450501435,0.9842426357884736,-0.007694990738330132
1996-05-30,0.9769250257931404,0.9840842610058709,-0.00715923521273043
1996-05-31,0.9774206274187287,0.9836182106957531,-0.006197583277024354
1996-06-03,0.9779514175167169,0.9835031713263526,-0.005551753809635684
1996-06-04,0.9783595293357317,0.9838502202696021,-0.005490690933870446
1996-06-05,0.9780664568861172,0.9846774897414561,-0.0066110328553389275
1996-06-06,0.9784135058293664,0.9854209162010449,-0.007007410371678513
1996-06-07,0.9768790342221705,0.9861933257967223,-0.00931429157455177
1996-06-10,0.9748410561321671,0.9861933257967223,-0.011352269664555159
1996-06-11,0.9745994366344777,0.9861933257967223,-0.011593889162244575
1996-06-12,0.9752062372913712,0.9855865251398286,-0.010380287848457348
1996-06-13,0.9756505889936079,0.9851608702541872,-0.00951028126057929
1996-06-14,0.9777588080567715,0.9856564718797755,-0.007897663823003942
1996-06-17,0.9784806480830655,0.9854360030648152,-0.006955354981749706
1996-06-18,0.9788276970263148,0.9854360030648152,-0.006608306038500378
1996-06-19,0.9805463774607145,0.9857640609582562,-0.005217683497541703
1996-06-20,0.9809544892797295,0.9853197092560196,-0.004365219976290136
1996-06-21,0.9803476886228356,0.9857999297846243,-0.005452241161788662
1996-06-24,0.9797015649222339,0.9857999297846243,-0.006098364862390349
1996-06-25,0.978602344152943,0.9869878201210361,-0.008385475968093137
1996-06-26,0.9771213813669166,0.9866055006485971,-0.00948411928168047
1996-06-27,0.9759334910305051,0.9871769526778262,-0.011243461647321151
1996-06-28,0.9748946210488972,0.9872742554368131,-0.012379634387915894
1996-07-01,0.9738557510672896,0.987379684882373,-0.013523933815083433
1996-07-02,0.9736141315696004,0.986794633205387,-0.013180501635786546
1996-07-03,0.9736931634864322,0.9870362527030763,-0.013343089216644066
1996-07-05,0.9732367508266032,0.986815783888116,-0.013579033061512757
1996-07-08,0.9728286390075886,0.9862089832312223,-0.013380344223633656
1996-07-09,0.9735883392230248,0.9860506084486196,-0.012462269225594791
1996-07-10,0.9739163971164657,0.986476263334261,-0.012559866217795257
1996-07-11,0.9738109676709058,0.9876124360748557,-0.013801468403949912
1996-07-12,0.9736575583159147,0.9883104682323739,-0.014652909916459178
1996-07-15,0.9735425189465142,0.9878661165301375,-0.014323597583623227
1996-07-16,0.974835838728486,0.9881077360278269,-0.013271897299340862
1996-07-17,0.9745367639711333,0.9883493555255163,-0.01381259155438297
1996-07-18,0.9740020720238296,0.9890927819851052,-0.015090709961275595
1996-07-19,0.9740020720238296,0.9900108569831438,-0.016008784959314237
1996-07-22,0.9740020720238298,0.9893128248256257,-0.015310752801795835
1996-07-23,0.9734010409526812,0.9895155570301729,-0.016114516077491703
1996-07-24,0.9731633233043077,0.9895155570301729,-0.01635223372586525
1996-07-25,0.973561622170909,0.9894182542711858,-0.01585663210027677
1996-07-26,0.9734773138775266,0.9899060031891848,-0.016428689311658196
1996-07-29,0.9719120427981179,0.990491054866171,-0.018579012068053014
1996-07-30,0.9704310800120919,0.9902237747631321,-0.019792694751040174
1996-07-31,0.9719963510915004,0.9900653999805296,-0.01806904888902916
1996-08-01,0.973561622170909,0.9900653999805296,-0.016503777809620535
1996-08-02,0.9747881351565714,0.9895142789169209,-0.01472614376034953
1996-08-05,0.9740963141182127,0.9897558984146103,-0.015659584296397577
1996-08-06,0.9751351840998204,0.9896408590452098,-0.014505674945389457
1996-08-07,0.9758270051381788,0.9896408590452098,-0.013813853907031048
1996-08-08,0.9770148954745904,0.9900665139308514,-0.013051618456261016
1996-08-09,0.9759999829986821,0.9900665139308514,-0.014066530932169363
1996-08-12,0.9753245910766284,0.9900665139308514,-0.014741922854223044
1996-08-13,0.9756176635262429,0.9899399338025623,-0.014322270276319382
1996-08-14,0.976148453624231,0.9901815533002517,-0.014033099676020733
1996-08-15,0.9764415260738455,0.9902965926696521,-0.013855066595806598
1996-08-16,0.9760487797928397,0.9904020221152122,-0.014353242322372561
1996-08-19,0.9757017308495903,0.9908822426438167,-0.015180511794226415
1996-08-20,0.9753243501065934,0.991700643810464,-0.016376293703870615
1996-08-21,0.974678520639205,0.9919937162600785,-0.01731519562087347
1996-08-22,0.9739866996008468,0.9917264361570397,-0.017739736556192875
1996-08-23,0.9736396506575974,0.9916113967876394,-0.017971746130042043
1996-08-26,0.9726007806759898,0.9915059673420795,-0.018905186666089757
1996-08-27,0.9708118592684297,0.9918530162853288,-0.021041157016899126
1996-08-28,0.9704037474494149,0.9920113910679316,-0.021607643618516637
1996-08-29,0.9701046726920626,0.9929359632987724,-0.022831290606709853
1996-08-30,0.9712408454326572,0.9932869465130413,-0.022046101080384073
1996-09-03,0.9727753170398531,0.9929046270406023,-0.020129310000749245
1996-09-04,0.9734671380782117,0.9930453270153519,-0.01957818893714014
1996-09-05,0.9739595581906088,0.9934709819009937,-0.019511423710384945
1996-09-06,0.9746053876579971,0.9928641812441,-0.01825879358610294
1996-09-09,0.9747637624405998,0.9925171323008506,-0.01775336986025078
1996-09-10,0.9748541026856672,0.9923144000963036,-0.017460297410636372
1996-09-11,0.9748541026856672,0.9924890486347534,-0.01763494594908621
1996-09-12,0.9748541026856672,0.9920633937491119,-0.01720929106344471
1996-09-13,0.9758690151615755,0.992551142667111,-0.016682127505535438
1996-09-16,0.9756813721575213,0.992551142667111,-0.01686977050958971
1996-09-17,0.9761067328099491,0.992376494128661,-0.01626976131871194
1996-09-18,0.9761067328099491,0.992376494128661,-0.01626976131871194
1996-09-19,0.9762700730201636,0.992534868911264,-0.016264795891100414
1996-09-20,0.975970998262811,0.9920471199932646,-0.016076121730453585
1996-09-23,0.9758559588934106,0.9917540475436502,-0.01589808865023956
1996-09-24,0.9768948288750182,0.9912976348838215,-0.014402806008803282
1996-09-25,0.9779336988566258,0.9921363670160893,-0.014202668159463472
1996-09-26,0.9789486113325344,0.9919956670413393,-0.013047055708804933
1996-09-27,0.9795947350331362,0.9919956670413393,-0.012400932008203136
1996-09-30,0.980074955561741,0.9915513153391032,-0.011476359777362277
1996-10-01,0.979969526116181,0.9908594943007446,-0.010889968184563559
1996-10-02,0.9802111456138705,0.9904338394151032,-0.010222693801232752
1996-10-03,0.9807961972908565,0.9905392688606633,-0.009743071569806805
1996-10-04,0.9809368972656063,0.9904242294912629,-0.009487332225656564
1996-10-07,0.9810272375106738,0.9912426306579103,-0.010215393147236518
1996-10-08,0.9809368972656063,0.9920763973625666,-0.011139500096960298
1996-10-09,0.9809368972656063,0.9924537781055636,-0.011516880839957278
1996-10-10,0.9814293173780035,0.9927210582086023,-0.011291740830598807
1996-10-11,0.9814293173780035,0.9914945452229403,-0.010065227844936797
1996-10-14,0.981136244928389,0.9913361704403374,-0.010199925511948371
1996-10-15,0.9814293173780035,0.9916034505433763,-0.010174133165372745
1996-10-16,0.9810039567255755,0.9916034505433763,-0.010599493817800787
1996-10-17,0.9805162078075763,0.9916034505433763,-0.011087242735799974
1996-10-18,0.9811230084644701,0.9917184899127767,-0.010595481448306576
1996-10-21,0.9814407800384174,0.992011562362391,-0.010570782323973571
1996-10-22,0.9815311202834847,0.9914768704150873,-0.009945750131602593
1996-10-23,0.9818241927330992,0.992011562362391,-0.010187369629291787
1996-10-24,0.9821172651827137,0.9922142945669382,-0.01009702938422452
1996-10-25,0.9822756399653163,0.9925966140393774,-0.010320974074061073
1996-10-28,0.9821172651827137,0.9924700339110883,-0.01035276872837465
1996-10-29,0.9820269249376464,0.9928170828543375,-0.010790157916691023
1996-10-30,0.9817338524880319,0.9933517748016414,-0.011617922313609474
1996-10-31,0.9819715701364055,0.9934668141710414,-0.011495244034635976
1996-11-01,0.9834525329224317,0.9929790652530425,-0.009526532330610737
1996-11-04,0.9842862996270879,0.9929790652530425,-0.008692765625954557
1996-11-05,0.983639103545718,0.9928383652782925,-0.00919926173257446
1996-11-06,0.9844728702503742,0.9929437947238526,-0.008470924473478414
1996-11-07,0.9847265507056562,0.9925967457806035,-0.00787019507494735
1996-11-08,0.9847265507056562,0.9925967457806033,-0.007870195074947128
1996-11-11,0.9847265507056562,0.9924560458058536,-0.007729495100197381
1996-11-12,0.9846362104605887,0.9916222791011972,-0.006986068640608467
1996-11-13,0.9842280986415739,0.9916222791011972,-0.007394180459623256
1996-11-14,0.9842280986415739,0.9912141672821826,-0.006986068640608689
1996-11-15,0.9839290238842214,0.9902678964434601,-0.006338872559238706
1996-11-18,0.9837706491016186,0.9899283758896054,-0.006157726787986761
1996-11-19,0.9844167728022204,0.990195655992644,-0.005778883190423634
1996-11-20,0.9844167728022204,0.9904629360956827,-0.006046163293462303
1996-11-21,0.9844167728022204,0.9908099850389321,-0.006393212236711743
1996-11-22,0.9847345443761679,0.9913446769862359,-0.006610132610067931
1996-11-25,0.9851119251191649,0.9907256767455496,-0.0056137516263846665
1996-11-26,0.9849091929146176,0.9909003252839995,-0.0059911323693818685
1996-11-27,0.9844648412123813,0.9905532763407502,-0.006088435128368874
1996-11-29,0.9854797536882897,0.9899464756838566,-0.004466721995566969
1996-12-02,0.9854797536882899,0.9899464756838564,-0.004466721995566525
1996-12-03,0.9854797536882897,0.9900615150532568,-0.00458176136496713
1996-12-04,0.9857213731859791,0.9899464756838564,-0.004225102497877331
1996-12-05,0.9867362856618876,0.990264247257804,-0.0035279615959163957
1996-12-06,0.9865616371234377,0.9899464756838564,-0.0033848385604187126
1996-12-09,0.9861793176509985,0.9900615150532568,-0.0038821974022582584
1996-12-10,0.9863200176257483,0.9910077858919794,-0.004687768266231074
1996-12-11,0.9867643693279847,0.9907661663942899,-0.004001797066305213
1996-12-12,0.9863562575089699,0.9908927465225791,-0.004536489013609146
1996-12-13,0.9857848054797409,0.9898198955555675,-0.004035090075826586
1996-12-16,0.9849510387750845,0.9900743453559315,-0.005123306580847031
1996-12-17,0.9855224908043138,0.9899477652276426,-0.004425274423328851
1996-12-18,0.985612831049381,0.9883824941482338,-0.002769663098852737
1996-12-19,0.9858004740534354,0.9878947452302348,-0.0020942711767993893
1996-12-20,0.9858847823468179,0.9879920479892219,-0.0021072656424040437
1996-12-23,0.985682050142271,0.9874069963122357,-0.0017249461699647695
1996-12-24,0.9855917098972033,0.9881666965276716,-0.00257498663046829
1996-12-26,0.9859740293696427,0.9879920479892219,-0.002018018619579176
1996-12-27,0.9873646519106014,0.9879920479892219,-0.0006273960786205013
1996-12-30,0.9874700813561615,0.9877893157846749,-0.0003192344285133375
1996-12-31,0.9870257296539249,0.9876627356563857,-0.0006370060024608604
1997-01-02,0.9867841101562357,0.9877681651019459,-0.0009840549457101888
1997-01-03,0.9869717531602903,0.9882125168041822,-0.0012407636438919178
1997-01-06,0.9864915326316854,0.9882125168041822,-0.0017209841724967756
1997-01-07,0.9871376563322872,0.9890180876681548,-0.0018804313358675717
1997-01-08,0.9872960311148902,0.9884669666045464,-0.0011709354896561885
1997-01-09,0.9878367253699321,0.9883403864762574,-0.0005036611063253815
1997-01-10,0.9881544969438794,0.9891587876429045,-0.0010042906990251899
1997-01-13,0.9885368164163184,0.9897099087065131,-0.0011730922901946883
1997-01-14,0.9879961221612765,0.9898364888348021,-0.0018403666735256063
1997-01-15,0.9882165909762369,0.9901542604087495,-0.001937669432512612
1997-01-16,0.9880138587716899,0.9906420093267487,-0.002628150555058828
1997-01-17,0.9871865892998357,0.9905154291984596,-0.00332883989862387
1997-01-20,0.9865404655992339,0.9901976576245122,-0.0036571920252782553
1997-01-21,0.9869332118802399,0.9901976576245122,-0.003264445744272315
1997-01-22,0.9869332118802396,0.9901976576245122,-0.003264445744272537
1997-01-23,0.9867455688761854,0.989977188809552,-0.003231619933366625
1997-01-24,0.9863374570571707,0.9893310651089501,-0.002993608051779395
1997-01-27,0.9852382362878798,0.9894364945545101,-0.004198258266630339
1997-01-28,0.9851231969184793,0.9891187229805627,-0.003995526062083421
1997-01-29,0.9849824969437296,0.988443331058509,-0.0034608341147793764
1997-01-30,0.9853220174975845,0.9873441102892183,-0.0020220927916337894
1997-01-31,0.9853220174975845,0.9861175973035561,-0.000795579805971558
1997-02-03,0.984630196459226,0.9856298483855571,-0.0009996519263311132
1997-02-04,0.9836152839833178,0.9857705483603069,-0.0021552643769890967
1997-02-05,0.9835309756899351,0.9856298483855571,-0.002098872695622034
1997-02-06,0.9837056242283851,0.9856298483855571,-0.001924224157171972
1997-02-07,0.9835028920238379,0.9858503172005174,-0.0023474251766795184
1997-02-10,0.9835028920238379,0.9855783659030806,-0.002075473879242673
1997-02-11,0.9831633714699831,0.9858199854007699,-0.0026566139307867553
1997-02-12,0.9841782839458916,0.9858199854007699,-0.001641701454878297
1997-02-13,0.9841782839458916,0.9857049460313695,-0.0015266620854779145
1997-02-14,0.984087943700824,0.9859768973288066,-0.0018889536279825814
1997-02-18,0.9827771224217796,0.9862488486262433,-0.0034717262044636765
1997-02-19,0.982861430715162,0.9866311680986823,-0.0037697373835203773
1997-02-20,0.9827771224217796,0.9867365975442425,-0.003959475122462863
1997-02-21,0.9822056703925505,0.9868631776725314,-0.0046575072799809325
1997-02-24,0.9825047451499032,0.9867788693791489,-0.004274124229245779
1997-02-25,0.9826923881539574,0.9864318204358996,-0.003739432281942179
1997-02-26,0.9830101597279048,0.9866064689743494,-0.0035963092464446067
1997-02-27,0.9825847990754767,0.9868269377893097,-0.004242138713833055
1997-02-28,0.9817792282115041,0.987144709363257,-0.005365481151752949
1997-03-03,0.9809736573475315,0.9867673286202603,-0.005793671272728784
1997-03-04,0.9815083492948354,0.9860919366982066,-0.00458358740337117
1997-03-05,0.981190577720888,0.9860919366982066,-0.004901358977318582
1997-03-06,0.9809489582231988,0.9860919366982066,-0.005142978475007776
1997-03-07,0.9796260871257564,0.9860919366982068,-0.006465849572450444
1997-03-10,0.9799656076796113,0.9860919366982066,-0.006126329018595333
1997-03-11,0.979965607679611,0.9860919366982066,-0.0061263290185955555
1997-03-12,0.9794309157323073,0.9856041877802076,-0.006173272047900302
1997-03-13,0.9788119154916212,0.9853625682825184,-0.006550652790897282
1997-03-14,0.9789865640300712,0.9858503172005174,-0.006863753170446185
1997-03-17,0.9799699145736585,0.9864571178574113,-0.0064872032837528515
1997-03-18,0.9801510603449107,0.9877679391364556,-0.007616878791544823
1997-03-19,0.9805767152305523,0.9877679391364556,-0.00719122390590321
1997-03-20,0.9809162357844071,0.9876413590081666,-0.0067251232237595104
1997-03-21,0.9804360152558024,0.9868026268758988,-0.006366611620096441
1997-03-24,0.9805333180147895,0.9860302172802216,-0.005496899265432065
1997-03-25,0.9800530974861849,0.9852705170647854,-0.005217419578600557
1997-03-26,0.979785817383146,0.9846854653877993,-0.0048996480046533675
1997-03-27,0.979785817383146,0.9843459448339443,-0.004560127450798368
1997-03-31,0.979785817383146,0.9833070748523367,-0.0035212574691907417
1997-04-01,0.979785817383146,0.9835486943500259,-0.0037628769668799356
1997-04-02,0.979403497910707,0.9841554950069196,-0.004751997096212546
1997-04-03,0.9798837184393117,0.9850889355429675,-0.005205217103655846
1997-04-04,0.9792375947387097,0.9844428118423655,-0.005205217103655735
1997-04-07,0.9791402919797226,0.983509371306318,-0.00436907932659536
1997-04-08,0.9792375947387097,0.9845482412879256,-0.005310646549215869
1997-04-09,0.9787419931131213,0.985194070755314,-0.006452077642192688
1997-04-10,0.9782073011658176,0.9855714514983107,-0.007364150332493158
1997-04-11,0.9775883009251314,0.9859185004415602,-0.008330199516428771
1997-04-14,0.9770032492481452,0.9863008199139991,-0.009297570665853905
1997-04-15,0.9761759797762912,0.9852015991447083,-0.00902561936841706
1997-04-16,0.9751610673003829,0.9845554754441063,-0.009394408143723387
1997-04-17,0.9743273005957265,0.9847301239825563,-0.010402823386829851
1997-04-18,0.9741396575916721,0.984615084613156,-0.010475427021483963
1997-04-21,0.9751230081352593,0.9849328561871032,-0.009809848051843928
1997-04-22,0.9766039709212857,0.984241035148745,-0.007637064227459245
1997-04-23,0.9777031916905766,0.9837749848386271,-0.006071793148050508
1997-04-24,0.9792684627699852,0.9843817854955208,-0.005113322725535552
1997-04-25,0.9786494625292991,0.9844872149410808,-0.005837752411781749
1997-04-28,0.977889762313863,0.9843606348127919,-0.006470872498928859
1997-04-29,0.9764991397729044,0.9839832540697951,-0.007484114296890776
1997-04-30,0.9753999190036132,0.9834908339573979,-0.008090914953784667
1997-05-01,0.9753999190036132,0.9837627852548345,-0.00836286625122129
1997-05-02,0.9761723285992907,0.9836362051265456,-0.007463876527254887
1997-05-05,0.9753450591274365,0.982457952440423,-0.007112893312986479
1997-05-06,0.9745853589120006,0.9813587316711322,-0.006773372759131591
1997-05-07,0.9745853589120006,0.9816124121264137,-0.007027053214413104
1997-05-08,0.9734071062258779,0.9819897928694107,-0.008582686643532789
1997-05-09,0.972663679766289,0.9829143651002518,-0.010250685333962783
1997-05-12,0.9737629005355798,0.9836362051265456,-0.009873304590965803
1997-05-13,0.9747600074504504,0.9840185245989848,-0.009258517148534318
1997-05-14,0.9761506299914093,0.9843959053419817,-0.0082452753505724
1997-05-15,0.9767696302320955,0.9848040171609965,-0.008034386928901016
1997-05-16,0.9774676623896136,0.9845367370579576,-0.007069074668344055
1997-05-19,0.976916541326005,0.9843960370832079,-0.007479495757202859
1997-05-20,0.9767049408162515,0.9840489881399587,-0.007344047323707192
1997-05-21,0.9765302922778015,0.983373596217905,-0.006843303940103462
1997-05-22,0.9777568052634636,0.9831708640133578,-0.005414058749894202
1997-05-23,0.9780558800208161,0.9832762934589179,-0.005220413438101756
1997-05-27,0.9778021995655344,0.9839224171595199,-0.006120217593985511
1997-05-28,0.9778812314823663,0.9829559234225462,-0.005074691940179954
1997-05-29,0.9778021995655344,0.9829559234225462,-0.005153723857011849
1997-05-30,0.9777231676487026,0.9833069066368151,-0.0055837389881124855
1997-06-02,0.9776258648897155,0.9835741867398539,-0.005948321850138383
1997-06-03,0.9779436364636628,0.9849663353624689,-0.0070226988988061345
1997-06-04,0.9786416686211808,0.9841607644984962,-0.005519095877315361
1997-06-05,0.9788621374361413,0.9840023897158936,-0.005140252279752344
1997-06-06,0.9774722842402648,0.9836250089728966,-0.006152724732631842
1997-06-09,0.977094903497268,0.9836250089728966,-0.0065301054756286
1997-06-10,0.9763224939015905,0.9827912422682402,-0.006468748366649679
1997-06-11,0.9758300737891934,0.9823034933502413,-0.006473419561047855
1997-06-12,0.9760973538922321,0.9815816533239472,-0.005484299431715134
1997-06-13,0.9760973538922321,0.9808382268643585,-0.004740872972126442
1997-06-16,0.9769157550588794,0.9808382268643585,-0.003922471805479111
1997-06-17,0.9773085013398854,0.9812156076073553,-0.003907106267469818
1997-06-18,0.9774235407092855,0.9813129103663424,-0.0038893696570568848
1997-06-19,0.9779642349643274,0.9815848616637793,-0.0036206266994519565
1997-06-20,0.9788773445347546,0.9819319106070286,-0.0030545660722739454
1997-06-23,0.9782922928577685,0.9816599593095917,-0.0033676664518231814
1997-06-24,0.9780386124024868,0.9813129103663424,-0.003274297963855588
1997-06-25,0.9787366445600049,0.9811317645950902,-0.002395120035085352
1997-06-26,0.9798358653292958,0.9813862143954544,-0.001550349066158585
1997-06-27,0.9804073173585247,0.9811445948977652,-0.0007372775392404662
1997-06-30,0.9810263175992111,0.9805595432207788,0.00046677437843234415
1997-07-01,0.9815187377116081,0.9808990637746338,0.0006196739369743742
1997-07-02,0.981677112494211,0.9805216830316368,0.0011554294625741868
1997-07-03,0.9820544932372077,0.9805216830316368,0.0015328102055709447
1997-07-07,0.9830694057131163,0.9805216830316368,0.002547722681479514
1997-07-08,0.9839081378453841,0.9805216830316366,0.0033864548137475525
1997-07-09,0.9839081378453841,0.9805216830316368,0.0033864548137473305
1997-07-10,0.9839081378453841,0.9805216830316368,0.0033864548137473305
1997-07-11,0.9839081378453841,0.9815945339986482,0.0023136038467359565
1997-07-14,0.9847419045500405,0.9824283007033044,0.0023136038467360676
1997-07-15,0.9850091846530794,0.9819839490010682,0.0030252356520111823
1997-07-16,0.9856845765751329,0.9817302685457865,0.003954308029346376
1997-07-17,0.9858873087796799,0.9819718880434759,0.0039154207362039894
1997-07-18,0.9866470089951158,0.9819718880434757,0.004675120951640133
1997-07-21,0.9867524384406758,0.9824283007033044,0.004324137737371392
1997-07-22,0.9871967901429124,0.9821746202480227,0.005022169894889683
1997-07-23,0.9869551706452229,0.981639928300719,0.005315242344503868
1997-07-24,0.9874898625925268,0.9820326745817248,0.005457188010801972
1997-07-25,0.9872871303879798,0.982414994054164,0.00487213633381578
1997-07-28,0.9867524384406758,0.9822273510501095,0.00452508739056634
1997-07-29,0.986611738465926,0.9820246188455626,0.0045871196203634
1997-07-30,0.9869940579383653,0.9811115092751354,0.005882548663229903
1997-07-31,0.9869940579383653,0.9800122885058444,0.0069817694325208235
1997-08-01,0.9865859461193505,0.9784470174264358,0.00813892869291466
1997-08-04,0.9858262459039145,0.9778008937258338,0.008025352178080758
1997-08-05,0.9862343577229291,0.9781479426690833,0.008086415053845775
1997-08-06,0.9864090062613792,0.9784470174264358,0.007961988834943368
1997-08-07,0.9861159338117647,0.9788397637074414,0.007276170104323243
1997-08-08,0.9855812418644609,0.9780010315751736,0.007580210289287348
1997-08-11,0.985203861121464,0.9762911113786114,0.00891274974285261
1997-08-12,0.9840159707850522,0.9761327365960084,0.007883234189043797
1997-08-13,0.9841425509133411,0.9764722571498635,0.007670293763477609
1997-08-14,0.9844603224872887,0.9768496378928603,0.007610684594428374
1997-08-15,0.984753394936903,0.9773903321479022,0.007363062789000785
1997-08-18,0.9845950201543002,0.9775487069305048,0.007046313223795453
1997-08-19,0.98437455133934,0.9764069816043147,0.007967569735025326
1997-08-20,0.98437455133934,0.9750961603252701,0.009278391014069909
1997-08-21,0.98437455133934,0.9747187795822732,0.009655771757066889
1997-08-22,0.9839181386795113,0.9750961603252699,0.008821978354241367
1997-08-25,0.9840331780489115,0.9769807290602822,0.007052448988629334
1997-08-26,0.9840331780489115,0.9775214233153241,0.006511754733587449
1997-08-27,0.9841597581772005,0.9766876566106679,0.007472101566532552
1997-08-28,0.9847665588340944,0.9777025690865763,0.007063989747518096
1997-08-29,0.9858394098011055,0.9783779610086297,0.007461448792475789
1997-09-02,0.9853950580988694,0.9792117277132861,0.006183330385583274
1997-09-03,0.9847882574419757,0.9795196863348202,0.005268571107155506
1997-09-04,0.9843439057397394,0.9804377613328589,0.0039061444068805296
1997-09-05,0.9843439057397392,0.9794914904941364,0.004852415245602759
1997-09-08,0.9843439057397392,0.9796180706224253,0.004725835117313837
1997-09-09,0.9843439057397392,0.9796180706224253,0.004725835117313837
1997-09-10,0.9843439057397392,0.9796180706224253,0.004725835117313837
1997-09-11,0.9842595974463568,0.9812623736186661,0.0029972238276907426
1997-09-12,0.9851776724443956,0.9815296537217048,0.0036480187226908267
1997-09-15,0.9856340851042242,0.981355005183255,0.004279079920969209
1997-09-16,0.9863775115638131,0.9824264895362848,0.003951022027528395
1997-09-17,0.9863775115638131,0.9831018814583384,0.003275630105474714
1997-09-18,0.9863775115638134,0.9838615816737744,0.002515929890039015
1997-09-19,0.9863775115638131,0.9851549014557462,0.0012226101080669016
1997-09-22,0.9863775115638131,0.985295601430496,0.0010819101333171544
1997-09-23,0.986157042748853,0.9854539762130987,0.0007030665357542487
1997-09-24,0.9853232760441966,0.9855330081299305,-0.00020973208573393798
1997-09-25,0.9847042758035104,0.9852913886322411,-0.0005871128287306959
1997-09-26,0.9840288838814569,0.9851506886574913,-0.0011218047760344074
1997-09-29,0.9832104827148095,0.9848111681036364,-0.0016006853888269612
1997-09-30,0.9817295199287834,0.9839774013989803,-0.002247881470196833
1997-10-01,0.982535090792756,0.9837101212959414,-0.001175030503185348
1997-10-02,0.9825350907927558,0.9848462940365363,-0.002311203243780535
1997-10-03,0.9825350907927558,0.9849869940112859,-0.0024519032185300604
1997-10-06,0.9821094359071142,0.9849869940112859,-0.0028775581041716736
1997-10-07,0.9816170157947172,0.9849869940112859,-0.003369978216568703
1997-10-08,0.9815379838778853,0.9860862147805769,-0.00454823090269163
1997-10-09,0.9813746436676708,0.9866373358441853,-0.0052626921765145385
1997-10-10,0.9822133757999388,0.9873591758704794,-0.0051458000705405516
1997-10-13,0.9824670562552206,0.9876264559735183,-0.005159399718297708
1997-10-14,0.9817690240977025,0.9867877238412502,-0.005018699743547739
1997-10-15,0.9809966145020252,0.9867877238412502,-0.005791109339224998
1997-10-16,0.9805983156354239,0.9867877238412502,-0.006189408205826363
1997-10-17,0.9792089039729617,0.9870293433389397,-0.007820439365977983
1997-10-20,0.9800361734448159,0.9861955766342833,-0.006159403189467394
1997-10-21,0.979610518559174,0.9855497471668949,-0.005939228607720892
1997-10-22,0.9796105185591744,0.9844505263976042,-0.004840007838429861
1997-10-23,0.9796105185591744,0.9836117942653362,-0.004001275706161822
1997-10-24,0.97944717834896,0.9832294747928971,-0.0037822964439371276
1997-10-27,0.9795737584772489,0.9828038199072556,-0.003230061430006703
1997-10-28,0.9797144584519987,0.9826226741360035,-0.002908215684004789
1997-10-29,0.9788871889801447,0.9827633741107532,-0.0038761851306085005
1997-10-30,0.9785048695077058,0.982904074085503,-0.004399204577797189
1997-10-31,0.977829477585652,0.9823633798304613,-0.004533902244809318
1997-11-03,0.9782375894046669,0.9821397295023097,-0.003902140097642781
1997-11-04,0.9784792089023561,0.9808289082232651,-0.0023496993209090045
1997-11-05,0.9796574615884789,0.9816473093899124,-0.0019898478014335197
1997-11-06,0.9796574615884789,0.9822187614191418,-0.0025612998306628887
1997-11-07,0.9796574615884789,0.9817623487593129,-0.0021048871708340133
1997-11-10,0.9796574615884789,0.9822579503849014,-0.0026004887964224954
1997-11-11,0.9790724099114928,0.9827926423322049,-0.0037202324207120663
1997-11-12,0.9780574974355842,0.9834387660328068,-0.005381268597222544
1997-11-13,0.9771394224375455,0.9841141579548602,-0.006974735517314756
1997-11-14,0.9765987281825036,0.9831308074112728,-0.006532079228769194
1997-11-17,0.9767571029651064,0.9836715016663148,-0.006914398701208357
1997-11-18,0.9767571029651064,0.9842565533433008,-0.007499450378194328
1997-11-19,0.9776816751959475,0.9855794244407434,-0.007897749244795915
1997-11-20,0.9781073300815891,0.9860718445531405,-0.007964514471551332
1997-11-21,0.9781916383749714,0.9849726237838494,-0.00678098540887806
1997-11-24,0.9766263672955628,0.9843267943164613,-0.007700427020898459
1997-11-25,0.9760073670548767,0.9845295265210082,-0.008522159466131551
1997-11-26,0.9749924545789681,0.9847968066240471,-0.009804352045079012
1997-11-28,0.9748340797963654,0.9851438555672964,-0.010309775770931062
1997-12-01,0.9746933798216156,0.9850172754390074,-0.010323895617391776
1997-12-02,0.9746933798216156,0.9856362756796937,-0.010942895858078061
1997-12-03,0.9746933798216156,0.9854955757049437,-0.010802195883328092
1997-12-04,0.9746933798216156,0.9851132562325046,-0.010419876410888929
1997-12-05,0.9756114548196545,0.9852539562072545,-0.009642501387600033
1997-12-08,0.9758834061170913,0.9853946561820045,-0.009511250064913157
1997-12-09,0.9756161260140526,0.9857417051252535,-0.010125579111200933
1997-12-10,0.9756161260140526,0.9852539562072545,-0.009637830193201968
1997-12-11,0.9739519031552466,0.9844266867354006,-0.010474783580153968
1997-12-12,0.9749907731368541,0.9851990963310778,-0.010208323194223712
1997-12-15,0.9750811133819216,0.9841276119780481,-0.009046498596126495
1997-12-16,0.9750811133819218,0.9836832602758117,-0.008602146893889828
1997-12-17,0.9755188232550654,0.9843290897432,-0.008810266488134544
1997-12-18,0.975434514961683,0.9845707092408892,-0.0091361942792062
1997-12-19,0.9746007482570268,0.9848987671343301,-0.010298018877303305
1997-12-22,0.9739817480163405,0.9851918395839446,-0.011210091567604108
1997-12-23,0.9735015274877359,0.9858898717414627,-0.012388344253726813
1997-12-24,0.9738838469601748,0.9857632916131738,-0.01187944465299895
1997-12-26,0.9743095018458164,0.9862076433154102,-0.011898141469593781
1997-12-29,0.9734911006791691,0.9867483375704521,-0.013257236891282997
1997-12-30,0.9719839126871537,0.9873333892474382,-0.015349476560284514
1997-12-31,0.9709110617201422,0.987206809119149,-0.016295747399006855
1998-01-02,0.9695204391791835,0.988034078591003,-0.018513639411819494
1998-01-05,0.9687607389637474,0.9885142991196078,-0.019753560155860383
1998-01-06,0.9672064721486092,0.9879736048645661,-0.02076713271595687
1998-01-07,0.9678254723892955,0.9873885531875799,-0.019563080798284394
1998-01-08,0.9684444726299817,0.9879292474426216,-0.019484774812639882
1998-01-09,0.9674295601540732,0.9868903774610139,-0.019460817306940714
1998-01-12,0.9673452518606908,0.9867753380916137,-0.019430086230922905
1998-01-13,0.9677226326036877,0.9860029284959362,-0.018280295892248444
1998-01-14,0.9674295601540734,0.9860029284959362,-0.01857336834186274
1998-01-15,0.9676968402571121,0.9853048963384183,-0.017608056081306223
1998-01-16,0.9675221917186623,0.9847642020833764,-0.017242010364714178
1998-01-20,0.9678995724616591,0.984268600457788,-0.016369027996128827
1998-01-21,0.9677729923333702,0.9844713326623351,-0.01669834032896489
1998-01-22,0.9677729923333702,0.9835582230919079,-0.01578523075853766
1998-01-23,0.9663831391374937,0.9830704741739089,-0.016687335036415174
1998-01-26,0.9686127978746852,0.981862208282699,-0.013249410408013751
1998-01-27,0.9686127978746852,0.981862208282699,-0.013249410408013751
1998-01-28,0.9687101006336724,0.981862208282699,-0.013152107649026634
1998-01-29,0.9686257923402901,0.9827753178531261,-0.014149525512835992
1998-01-30,0.9690002915268436,0.9831223667963754,-0.014122075269531797
1998-02-02,0.969070532500004,0.9818290470144037,-0.012758514514399688
1998-02-03,0.969398590393445,0.9819874217970064,-0.012588831403561374
1998-02-04,0.9706919101754167,0.9821140019252953,-0.011422091749878627
1998-02-05,0.9708184903037056,0.9823344707402557,-0.01151598043655011
1998-02-06,0.9703741386014694,0.9815910442806666,-0.011216905679197198
1998-02-09,0.9702207292464781,0.9817317442554165,-0.011511015008938474
1998-02-10,0.9704926805439149,0.982176095957653,-0.011683415413738074
1998-02-11,0.9697329803284791,0.9827167902126946,-0.012983809884215547
1998-02-12,0.9696486720350965,0.9829372590276552,-0.013288586992558638
1998-02-13,0.9691139800877927,0.9829372590276552,-0.01382327893986246
1998-02-17,0.9695583317900293,0.9839343659425256,-0.014376034152496331
1998-02-18,0.9707848447756914,0.984175985440215,-0.013391140664523626
1998-02-19,0.9725851052173211,0.9847381276308229,-0.012153022413501802
1998-02-20,0.9733448054327573,0.9852258765488222,-0.011881071116064956
1998-02-23,0.9746556267118018,0.985493156651861,-0.010837529940059154
1998-02-24,0.9755801989426429,0.985493156651861,-0.009912957709218073
1998-02-25,0.9757613447138951,0.9850850448328462,-0.009323700118951117
1998-02-26,0.9754682722642806,0.9860683953764338,-0.010600123112153192
1998-02-27,0.9749758521518833,0.9862888641913939,-0.011313012039510628
1998-03-02,0.9750661923969507,0.9860215840883553,-0.010955391691404581
1998-03-03,0.9766314634763593,0.9857543039853162,-0.009122840508956842
1998-03-04,0.9770758151785958,0.9868271549523276,-0.009751339773731882
1998-03-05,0.9752868937710356,0.9858300480374572,-0.010543154266421606
1998-03-06,0.9757671142996404,0.9854526672944605,-0.009685552994820101
1998-03-09,0.9775560357072004,0.9861506994519783,-0.008594663744777908
1998-03-10,0.9790202663412363,0.9861506994519783,-0.007130433110742018
1998-03-11,0.9807389467756359,0.9867696996926645,-0.006030752917028592
1998-03-12,0.9797926759369135,0.9865280801949752,-0.006735404258061628
1998-03-13,0.9786565031963186,0.9866431195643756,-0.007986616368056976
1998-03-16,0.9771755404102925,0.9862657388213788,-0.00909019841108627
1998-03-17,0.9767498855246509,0.9859262182675238,-0.009176332742872884
1998-03-18,0.9774252774467044,0.9852043782412298,-0.007779100794525373
1998-03-19,0.9782590441513608,0.9843859770745824,-0.00612693292322164
1998-03-20,0.9776522434944672,0.9849927777314761,-0.007340534237008867
1998-03-23,0.9780965951967036,0.9852043782412298,-0.007107783044526195
1998-03-24,0.9779219466582538,0.9855866977136689,-0.007664751055415087
1998-03-25,0.9780852868684682,0.9866859184829597,-0.008600631614491538
1998-03-26,0.9794751400643444,0.9873049187236459,-0.007829778659301456
1998-03-27,0.9796956088793048,0.986922599251207,-0.007226990371902109
1998-03-30,0.9787710366484638,0.9870376386206071,-0.00826660197214335
1998-03-31,0.9795983061203177,0.9870376386206071,-0.007439332500289386
1998-04-01,0.9797859491243721,0.9870376386206071,-0.007251689496235003
1998-04-02,0.9797859491243721,0.9874632935062488,-0.007677344381876727
1998-04-03,0.9795322686690904,0.9878889483918903,-0.008356679722799965
1998-04-06,0.978886439201702,0.9873965282794931,-0.00851008907779105
1998-04-07,0.9784881403351009,0.9875115676488933,-0.009023427313792354
1998-04-08,0.9794062153331395,0.9872442875458546,-0.007838072212715042
1998-04-09,0.9794062153331393,0.987890117013243,-0.008483901680103711
1998-04-13,0.9796089475376866,0.9878901170132428,-0.008281169475556238
1998-04-14,0.979955996480936,0.9877750776438425,-0.007819081162906527
1998-04-15,0.9814369592669621,0.9876600382744423,-0.006223079007480203
1998-04-16,0.9806096897951081,0.9876600382744423,-0.0070503484793341675
1998-04-17,0.9800749978478044,0.9867419632764036,-0.006666965428599236
1998-04-20,0.981640268927213,0.9867419632764036,-0.005101694349190611
1998-04-21,0.982362108953507,0.9863949143331543,-0.004032805379647342
1998-04-22,0.9831893784253609,0.987001714990048,-0.0038123365646870466
1998-04-23,0.9833770214294153,0.9872736662874848,-0.003896644858069509
1998-04-24,0.9831742892248683,0.9872736662874848,-0.004099377062616538
1998-04-27,0.9833947580398287,0.9871470861591959,-0.0037523281193672098
1998-04-28,0.9836938327971811,0.9872261180760279,-0.0035322852788467474
1998-04-29,0.9831531385421393,0.9866546660467986,-0.003501527504659374
1998-04-30,0.9833736073570998,0.9880445192426751,-0.004670911885575335
1998-05-01,0.9834790368026595,0.9880445192426751,-0.004565482440015645
1998-05-04,0.9838773356692608,0.988044519242675,-0.004167183573414168
1998-05-05,0.9834790368026595,0.9878028997449857,-0.004323862942326229
1998-05-06,0.9831859643530452,0.987156776044384,-0.003970811691338838
1998-05-07,0.9824641243267511,0.9867311211587424,-0.0042669968319912766
1998-05-08,0.9821246037728961,0.9861904269037007,-0.004065823130804613
1998-05-11,0.982675724836505,0.9851515569220929,-0.0024758320855878813
1998-05-12,0.982856870607757,0.9842269846912518,-0.0013701140834948555
1998-05-13,0.9833975648627988,0.9842269846912518,-0.0008294198284529708
1998-05-14,0.9831559453651096,0.984353564819541,-0.001197619454431309
1998-05-15,0.9831559453651094,0.9841508326149939,-0.0009948872498845018
1998-05-18,0.9827785646221127,0.9837685131425545,-0.0009899485204418745
1998-05-19,0.9817636521462041,0.9841458938855515,-0.0023822417393474238
1998-05-20,0.9820567245958186,0.9852451146548424,-0.0031883900590238268
1998-05-21,0.9827785646221127,0.9844178451829885,-0.001639280560875811
1998-05-22,0.9826731351765525,0.9851096662213469,-0.0024365310447943545
1998-05-26,0.9828967855047039,0.9854274377952943,-0.0025306522905903517
1998-05-27,0.9825458022904353,0.9862612044999505,-0.0037154022095151618
1998-05-28,0.9822527298408208,0.984871351304074,-0.0026186214632532012
1998-05-29,0.9822527298408207,0.9854564029810603,-0.0032036731402396157
1998-06-01,0.982112029866071,0.9854564029810602,-0.003344373114989141
1998-06-02,0.9810405455130413,0.9856375487523124,-0.004597003239271036
1998-06-03,0.9819739860490889,0.9858912292075942,-0.003917243158505279
1998-06-04,0.9825807867059825,0.986537352908196,-0.003956566202213518
1998-06-05,0.9831115768039705,0.9859659008789668,-0.002854324074996306
1998-06-08,0.9841830611570006,0.9862075203766563,-0.002024459219655661
1998-06-09,0.9842734014020679,0.9869293604029503,-0.0026559590008824463
1998-06-10,0.9837019493728387,0.9870443997723504,-0.003342450399511643
1998-06-11,0.9830561199054504,0.9864253995316642,-0.003369279626213806
1998-06-12,0.9830561199054505,0.9862377565276098,-0.0031816366221593118
1998-06-15,0.9832588521099973,0.9867784507826516,-0.0035195986726542783
1998-06-16,0.9832588521099975,0.987453842704705,-0.004194990594707515
1998-06-17,0.9823254115739498,0.9857351622703056,-0.00340975069635574
1998-06-18,0.9828968636031787,0.9854678821672669,-0.0025710185640881456
1998-06-19,0.9832791830756181,0.9852142017119851,-0.0019350186363670252
1998-06-22,0.9824736122116453,0.9850735017372352,-0.0025998895255898713
1998-06-23,0.9818668115547518,0.9845779001116467,-0.002711088556894947
1998-06-24,0.9814844920823126,0.9838560600853526,-0.0023715680030400588
1998-06-25,0.9814844920823126,0.9842383795577917,-0.002753887475479111
1998-06-26,0.980883461011164,0.9835165395314979,-0.002633078520333898
1998-06-29,0.9803323399475558,0.9848394106289401,-0.00450707068138434
1998-06-30,0.9800650598445169,0.9844312988099255,-0.004366238965408664
1998-07-01,0.9799500204751165,0.9842905988351757,-0.0043405783600591885
1998-07-02,0.9795677010026775,0.9846729183076147,-0.005105217304937182
1998-07-06,0.9783021325083512,0.9844524494926544,-0.006150316984303239
1998-07-07,0.9769115099673925,0.9844524494926544,-0.007540939525261914
1998-07-08,0.9774965616443787,0.9846729183076149,-0.0071763566632362386
1998-07-09,0.9779767821729833,0.9846729183076147,-0.006696136134631381
1998-07-10,0.9765846335503683,0.9848933871225751,-0.00830875357220684
1998-07-13,0.9766900629959282,0.9853187477750031,-0.008628684779074858
1998-07-14,0.9765846335503681,0.9863336602509115,-0.00974902670054345
1998-07-15,0.976883708307721,0.9870316924084296,-0.010147984100708607
1998-07-16,0.9776271347673097,0.9867900729107404,-0.009162938143430721
1998-07-17,0.9772448152948707,0.9870437533660221,-0.009798938071151397
1998-07-20,0.9768194546424426,0.9871844533407719,-0.010364998698329297
1998-07-21,0.9761033842018939,0.9872898827863318,-0.011186498584437876
1998-07-22,0.9761033842018939,0.9874164629146207,-0.011313078712726798
1998-07-23,0.976036843636874,0.987908883027018,-0.011872039390143918
1998-07-24,0.976577537891916,0.9879088830270181,-0.011331345135102033
1998-07-27,0.9764721084463561,0.987908883027018,-0.011436774580661835
1998-07-28,0.9764721084463561,0.987908883027018,-0.011436774580661835
1998-07-29,0.976849489189353,0.9887426497316744,-0.011893160542321368
1998-07-30,0.9773802792873408,0.988501030233985,-0.011120750946644109
1998-07-31,0.9773802792873411,0.9867007697923551,-0.009320490505014045
1998-08-03,0.9776218987850303,0.9863612492385003,-0.008739350453470074
1998-08-04,0.9774191665804832,0.9863612492385001,-0.008942082658016881
1998-08-05,0.9784690576890904,0.9864585519974872,-0.007989494308396794
1998-08-06,0.9788200409033591,0.9875834205170638,-0.00876337961370477
1998-08-07,0.9785995720883988,0.9874427205423139,-0.008843148453915095
1998-08-10,0.9785995720883988,0.9873372910967538,-0.008737719008355072
1998-08-11,0.9782221913454019,0.9864127188659128,-0.00819052752051086
1998-08-12,0.9782221913454019,0.9867057913155275,-0.0084835999701256
1998-08-13,0.9783628913201519,0.9871935402335265,-0.008830648913374595
1998-08-14,0.9783628913201519,0.9876859603459237,-0.009323069025771846
1998-08-17,0.9786301714231908,0.9871982114279245,-0.008568040004733768
1998-08-18,0.9785151320537903,0.9878454075092943,-0.009330275455504022
1998-08-19,0.9787870833512272,0.9877303681398942,-0.008943284788667016
1998-08-20,0.9786463833764775,0.9876400278948265,-0.008993644518349053
1998-08-21,0.9788275291477296,0.9872626471518298,-0.008435118004100128
1998-08-24,0.9788275291477296,0.9872626471518298,-0.008435118004100128
1998-08-25,0.9782424774707436,0.9879544681901881,-0.009711990719444508
1998-08-26,0.9781158973424544,0.9879544681901881,-0.009838570847733652
1998-08-27,0.9770660062338472,0.9874980555303594,-0.010432049296512202
1998-08-28,0.9769687034748601,0.9870724006447178,-0.010103697169857706
1998-08-31,0.9788532722098724,0.9869573612753175,-0.00810408906544513
1998-09-01,0.9794383238868587,0.9868519318297574,-0.007413607942898692
1998-09-02,0.9794383238868587,0.9874587324866511,-0.008020408599792361
1998-09-03,0.9794383238868587,0.9864198625050434,-0.006981538618184735
1998-09-04,0.9797285147800298,0.9860918046116025,-0.006363289831572749
1998-09-08,0.9807118653236173,0.9855067529346164,-0.00479488761099911
1998-09-09,0.9800657416230153,0.9856333330629056,-0.005567591439890274
1998-09-10,0.9803835131969628,0.9847087608320645,-0.00432524763510167
1998-09-11,0.9803835131969628,0.9841576397684558,-0.0037741265714930083
1998-09-14,0.9789913645743475,0.9843160145510585,-0.0053246499767110045
1998-09-15,0.9771698176561707,0.9838716628488222,-0.00670184519265149
1998-09-16,0.9759915649700479,0.9833760612232338,-0.007384496253185935
1998-09-17,0.9751577982653916,0.9815205992506539,-0.006362800985262318
1998-09-18,0.9755048472086411,0.9812789797529647,-0.005774132544323685
1998-09-21,0.97577212731168,0.9824151524935595,-0.006643025181879536
1998-09-22,0.9765445369073572,0.9829558467486014,-0.006411309841244162
1998-09-23,0.9768915858506063,0.9830965467233511,-0.0062049608727448025
1998-09-24,0.9767942830916192,0.9825114950463649,-0.005717211954745727
1998-09-25,0.9766792437222189,0.9827787751494038,-0.00609953142718489
1998-09-28,0.97655266359393,0.9832589956780085,-0.006706332084078448
1998-09-29,0.9767110383765327,0.9833740350474086,-0.006662996670875887
1998-09-30,0.9763639894332834,0.9833740350474086,-0.007010045614125215
1998-10-01,0.9758715693208861,0.9829917155749697,-0.007120146254083526
1998-10-02,0.9764430213501154,0.9835264075222734,-0.007083386172157979
1998-10-05,0.9783275900851277,0.9844509797531145,-0.006123389667986756
1998-10-06,0.9807205890325337,0.9843102797783645,-0.0035896907458308203
1998-10-07,0.9818198098018245,0.9841952404089644,-0.002375430607139961
1998-10-08,0.9822279216208393,0.9829296719146381,-0.0007017502937988196
1998-10-09,0.9830616883254955,0.9832474434885856,-0.00018575516309016216
1998-10-12,0.9831589910844826,0.9838935671891873,-0.0007345761047047317
1998-10-13,0.9832644205300427,0.9838935671891873,-0.0006291466591445971
1998-10-14,0.9828080078702137,0.9844557093797953,-0.0016477015095816006
1998-10-15,0.9826496330876112,0.9846584415843423,-0.0020088084967311293
1998-10-16,0.9828912525853006,0.9847638710299026,-0.001872618444601959
1998-10-19,0.9822451288846986,0.9845611388253555,-0.002316009940656838
1998-10-20,0.9824478610892459,0.9840962993937343,-0.0016484383044884643
1998-10-21,0.9827988443035145,0.9840962993937343,-0.0012974550902198345
1998-10-22,0.982889184548582,0.9839908699481744,-0.0011016853995924336
1998-10-23,0.9824810727295672,0.9839908699481744,-0.0015097972186072228
1998-10-26,0.9821300895152983,0.9838324951655717,-0.0017024056502733531
1998-10-27,0.981942446511244,0.9841502667395192,-0.002207820228275259
1998-10-28,0.9817397143066969,0.9851167604764928,-0.0033770461697958387
1998-10-29,0.9821653691923383,0.9851167604764927,-0.0029513912841543366
1998-10-30,0.9813380997204844,0.9853840405795314,-0.004045940859047081
1998-11-02,0.9819842234210862,0.9851167604764927,-0.0031325370554065035
1998-11-03,0.9834651862071123,0.9851167604764928,-0.0016515742693804514
1998-11-04,0.9851751064036749,0.9856045093944918,-0.00042940299081695166
1998-11-05,0.9856007612893163,0.9855072066355047,9.355465381155614e-05
1998-11-06,0.9859478102325657,0.9858249782094521,0.00012283202311358377
1998-11-09,0.9854131182852619,0.9858249782094519,-0.0004118599241900167
1998-11-10,0.9850660693420128,0.9857195487638921,-0.0006534794218793216
1998-11-11,0.9844470691013266,0.9857195487638921,-0.0012724796625654955
1998-11-12,0.985634959437738,0.9851788545088502,0.00045610492888781273
1998-11-13,0.9862200111147243,0.9849761223043032,0.0012438888104211454
1998-11-16,0.9867077600327234,0.9851344970869059,0.0015732629458174996
1998-11-17,0.9868343401610126,0.9844126570606119,0.0024216831004006956
1998-11-18,0.9868343401610126,0.984794976533051,0.0020393636279615324
1998-11-19,0.9866936401862626,0.985622246004905,0.001071394181357599
1998-11-20,0.9873916723437808,0.98528272545105,0.0021089468927307786
1998-11-23,0.9871243922407419,0.9849836506936978,0.0021407415470441338
1998-11-24,0.9865529402115129,0.9849836506936975,0.0015692895178153199
1998-11-25,0.9872447612498713,0.9854280023959339,0.0018167588539373947
1998-11-27,0.9874652300648316,0.9859686966509758,0.001496533413855805
1998-11-30,0.9873598006192713,0.9857270771532866,0.0016327234659847534
1998-12-01,0.9869774811468324,0.9856120377838863,0.0013654433629460838
1998-12-02,0.9871181811215823,0.9861527320389281,0.0009654490826542794
1998-12-03,0.9872588810963321,0.9854093055793391,0.0018495755169929406
1998-12-04,0.987746630014331,0.9844847333484981,0.003261896665832986
1998-12-07,0.9877466300143313,0.9851308570490999,0.002615772965231411
1998-12-08,0.9879342730183857,0.9845961651017963,0.0033381079165893945
1998-12-09,0.9872588810963321,0.9843756962868357,0.002883184809496342
1998-12-10,0.9869869297988951,0.9845022764151247,0.002484653383770463
1998-12-11,0.9861481976666273,0.9843615764403751,0.001786621226252172
1998-12-14,0.9856174075686392,0.9835431752737277,0.002074232294911549
1998-12-15,0.9853501274656006,0.9843257862792962,0.001024341186304345
1998-12-16,0.9858065401254291,0.9849719099798979,0.0008346301455312011
1998-12-17,0.9856481653428265,0.9850773394254578,0.000570825917368678
1998-12-18,0.984956344304468,0.9849719099798978,-1.556567542981835e-05
1998-12-21,0.9858897848405157,0.9846248610366485,0.001264923803867224
1998-12-22,0.9856693160255554,0.9840841667816068,0.0015851492439485915
1998-12-23,0.9855286160508057,0.9838425472839174,0.0016860687668882601
1998-12-24,0.9851029611651642,0.9837018473091675,0.0014011138559966163
1998-12-28,0.9841695206291164,0.9837018473091677,0.00046767331994879147
1998-12-29,0.9843899894440766,0.9841275021948092,0.00026248724926747347
1998-12-30,0.9848824095564739,0.9843479710097695,0.0005344385467044299
1998-12-31,0.9856548191521514,0.9832751200427581,0.002379699109393285
1999-01-04,0.9864732203187986,0.9836574395151971,0.002815780803601453
1999-01-05,0.9870446723480278,0.9840397589876363,0.003004913360391548
1999-01-06,0.9870446723480276,0.9827741904933102,0.004270481854717456
1999-01-07,0.9877364933863861,0.9829769226978574,0.004759570688528725
1999-01-08,0.9882167139149909,0.982735303200168,0.0054814107148228874
1999-01-11,0.9883432940432798,0.9825148343852076,0.005828459658072216
1999-01-12,0.9888310429612788,0.9825148343852076,0.006316208576071181
1999-01-13,0.9880713427458429,0.9825148343852076,0.0055565083606352594
1999-01-14,0.9872326106135748,0.9825148343852075,0.004717776228367332
1999-01-15,0.9872326106135748,0.9837027247216193,0.0035298858919554643
1999-01-19,0.9870121417986147,0.9840850441940584,0.002927097604556339
1999-01-20,0.9863660180980127,0.9827742229150139,0.0035917951829987915
1999-01-21,0.9857201886306244,0.9815659570238039,0.004154231606820491
1999-01-22,0.985478569132935,0.9813243375261146,0.00415423160682038
1999-01-25,0.9850529142472936,0.980678213825513,0.004374700421780564
1999-01-26,0.9850529142472938,0.9812972140661992,0.0037557001810946122
1999-01-27,0.9853924348011486,0.9820798250717673,0.0033126097293812995
1999-01-28,0.9852112890298963,0.9820798250717673,0.0031314639581290216
1999-01-29,0.9858574127304981,0.9820798250717673,0.003777587658730819
1999-02-01,0.9866846822023523,0.9820798250717673,0.004604857130585005
1999-02-02,0.9873305116697404,0.9820798250717673,0.00525068659797312
1999-02-03,0.9879373123266343,0.9830132656078151,0.004924046718819186
1999-02-04,0.987756166555382,0.9827459855047762,0.0050101810506058
1999-02-05,0.9874166460015271,0.9830930344480254,0.004323611553501694
1999-02-08,0.9869288970835283,0.9832196145763146,0.003709282507213696
1999-02-09,0.9863882028284862,0.9832196145763146,0.003168588252171589
1999-02-10,0.9870072030691726,0.9831223118173275,0.0038848912518451018
1999-02-11,0.9878459352014404,0.9834213865746799,0.0044245486267604495
1999-02-12,0.9883866294564823,0.9835268160202398,0.004859813436242422
1999-02-16,0.9882600493281931,0.9837684355179293,0.004491613810263861
1999-02-17,0.9878036366683645,0.9836418553896403,0.00416178127872413
1999-02-18,0.9872629424133226,0.9844602565562878,0.0028026858570348034
1999-02-19,0.9874440881845747,0.9829059897411497,0.004538098443425009
1999-02-22,0.9879847824396164,0.9835127903980433,0.004471992041573114
1999-02-23,0.9878793529940566,0.9831304709256042,0.004748882068452365
1999-02-24,0.9872725523371629,0.9834235433752185,0.0038490089619444
1999-02-25,0.9871092121269486,0.983919145000807,0.0031900671261415603
1999-02-26,0.9867011003079339,0.9831007438341595,0.0036003564737744354
1999-03-01,0.9868276804362229,0.98321578320356,0.003611897232662975
1999-03-02,0.9876664125684907,0.9831103537579998,0.004556058810490926
1999-03-03,0.9870596119115969,0.982575661810696,0.0044839501009008575
1999-03-04,0.9873991324654519,0.9824172870280934,0.0049818454373584675
1999-03-05,0.9873991324654519,0.9823022476586931,0.005096884806758739
1999-03-08,0.9871575129677624,0.9820606281610039,0.005096884806758517
1999-03-09,0.9867011003079339,0.982263360365551,0.0044377399423829456
1999-03-10,0.9867011003079339,0.9825914182589919,0.0041096820489420205
1999-03-11,0.9867011003079338,0.9821036693409928,0.004597430966940985
1999-03-12,0.9875283697797878,0.9815186176640067,0.006009752115781031
1999-03-15,0.9879540246654294,0.9808996174233203,0.00705440724210904
1999-03-16,0.9884417735834283,0.9808996174233203,0.0075421561601080045
1999-03-17,0.9879010793283867,0.9821143636846035,0.005786715643783191
1999-03-18,0.9875236985853897,0.9823816437876424,0.00514205479774732
1999-03-19,0.9866105890149627,0.9828740639000396,0.0037365251149230616
1999-03-22,0.9862282695425234,0.9830006440283285,0.003227625514194865
1999-03-23,0.985582440075135,0.9826535950850794,0.0029288449900555236
1999-03-24,0.9864955496455622,0.9823816437876424,0.0041139058579198196
1999-03-25,0.9870362439006041,0.9822409438128926,0.0047953000877114516
1999-03-26,0.9871946186832067,0.9822409438128926,0.004953674870314062
1999-03-29,0.9873096580526071,0.9810626911267698,0.006246966925837261
1999-03-30,0.9874246974220073,0.9802442899601224,0.0071804074618849745
1999-03-31,0.9884961817750373,0.9800238211451622,0.008472360629875109
1999-04-01,0.9884961817750373,0.9810626911267698,0.007433490648267482
1999-04-05,0.9892558819904732,0.9816341431559988,0.0076217388344743675
1999-04-06,0.9886097582898715,0.9816341431559988,0.006975615133872681
1999-04-07,0.9880690640348296,0.9820164626284379,0.006052601406391744
1999-04-08,0.9874229403342276,0.9810830220923904,0.006339918241837217
1999-04-09,0.9876902204372665,0.9804076301703367,0.007282590266929789
1999-04-12,0.9879575005403054,0.9801085554129843,0.00784894512732115
1999-04-13,0.9874168062852635,0.9780665396798471,0.00935026660541638
1999-04-14,0.9874168062852635,0.9775787907618481,0.009838015523415455
1999-04-15,0.9870344868128244,0.9779183113157028,0.009116175497121515
1999-04-16,0.9870344868128246,0.977377617060661,0.009656869752163622
1999-04-19,0.9870344868128246,0.9770845446110464,0.00994994220177814
1999-04-20,0.9868140179978641,0.9768468269626731,0.009967191035190948
1999-04-21,0.9875120501553823,0.9768468269626731,0.010665223192709239
1999-04-22,0.9882100823129002,0.9781576482417177,0.010052434071182503
1999-04-23,0.9879896134979401,0.979553540274253,0.008436073223687113
1999-04-26,0.9879896134979401,0.9794562375152659,0.00853337598267423
1999-04-27,0.9883291340517949,0.9799969317703078,0.008332202281487122
1999-04-28,0.9883291340517949,0.9817971922119376,0.00653194183985728
1999-04-29,0.9883291340517949,0.9815041197623231,0.006825014289471798
1999-04-30,0.9883291340517949,0.9817971922119376,0.00653194183985728
1999-05-03,0.9892472090498335,0.9819999244164846,0.007247284633348894
1999-05-04,0.9895191603472706,0.9819999244164846,0.007519235930785961
1999-05-05,0.9893925802189817,0.9819999244164846,0.007392655802497039
1999-05-06,0.9889669253333401,0.981448803352876,0.0075181219804640875
1999-05-07,0.9889669253333401,0.981448803352876,0.0075181219804640875
1999-05-10,0.9896130490339419,0.9814488033528762,0.008164245681065663
1999-05-11,0.9898335178489022,0.9824876733344838,0.0073458445144183315
1999-05-12,0.9901325926062546,0.9829754222524828,0.007157170353771836
1999-05-13,0.9909663593109108,0.9830727250114697,0.007893634299441121
1999-05-14,0.9912654340682635,0.9827256760682207,0.008539758000042807
1999-05-17,0.9909476624943161,0.9825229438636734,0.008424718630642647
1999-05-18,0.990600613551067,0.9830576358109772,0.007542977740089829
1999-05-19,0.9912760054731204,0.9837794758372712,0.007496529635849236
1999-05-20,0.9911353054983705,0.9841265247805205,0.007008780717849938
1999-05-21,0.991453077072318,0.9858452052149204,0.005607871857397639
1999-05-24,0.991453077072318,0.9856424730103733,0.005810604061944669
1999-05-25,0.9909606569599207,0.9855521327653058,0.005408524194614905
1999-05-26,0.9914484058779199,0.9856787128935948,0.00576969298432517
1999-05-27,0.9913511031189328,0.9853856404439804,0.00596546267495246
1999-05-28,0.9912360637495323,0.9851479227956068,0.006088140953925514
1999-06-01,0.9909429912999183,0.9857937522629951,0.005149239036923103
1999-06-02,0.9911306343039724,0.9862194071486368,0.004911227155335651
1999-06-03,0.9902919021717046,0.9863248365941967,0.003967065577507922
1999-06-04,0.9908769538486909,0.9862097972247964,0.004667156623894497
1999-06-07,0.9900431871440346,0.9871432377608442,0.002899949383190381
1999-06-08,0.9902848066417239,0.9879616389274913,0.002323167714232577
1999-06-09,0.9903902360872838,0.9868624181582004,0.00352781792908341
1999-06-10,0.9901875038827368,0.9867358380299115,0.003451665852825303
1999-06-11,0.9895121119606832,0.9875745701621793,0.0019375417985039167
1999-06-14,0.988678345256027,0.9872275212189302,0.0014508240370968428
1999-06-15,0.988338824702172,0.9871220917733702,0.001216732928801867
1999-06-16,0.9891725914068282,0.9866777400711337,0.0024948513356944924
1999-06-17,0.9892876307762287,0.986677740071134,0.002609890705094764
1999-06-18,0.9891610506479396,0.9870172606249887,0.002143790022950842
1999-06-21,0.9892876307762285,0.9858390079388659,0.0034486228373625805
1999-06-22,0.9897132856618701,0.9851171679125719,0.004596117749298245
1999-06-23,0.9898283250312704,0.985688619941801,0.00413970508946937
1999-06-24,0.9891824955638823,0.9856886199418008,0.003493875622081477
1999-06-25,0.9889152154608434,0.9854349394865193,0.0034802759743240985
1999-06-28,0.9887568406782404,0.9862736716187871,0.0024831690594533384
1999-06-29,0.9887568406782404,0.9858655597997725,0.0028912808784679056
1999-06-30,0.9893418923552267,0.9851058595843365,0.004236032770890241
1999-07-01,0.9893418923552267,0.9850085568253494,0.004333335529877358
1999-07-02,0.9895002671378295,0.9853859375683461,0.0041143295694833215
1999-07-06,0.9883585418116394,0.9848981886503471,0.00346035316129234
1999-07-07,0.9877963996210313,0.9845511397070978,0.0032452599139334293
1999-07-08,0.9877963996210313,0.9845511397070978,0.0032452599139334293
1999-07-09,0.988331091568335,0.9845511397070978,0.0037799518612371408
1999-07-12,0.9882160521989347,0.9845511397070981,0.003664912491836647
1999-07-13,0.9874942121726408,0.9844104397323481,0.003083772440292676
1999-07-14,0.9874942121726406,0.9850172403892418,0.0024769717833987848
1999-07-15,0.988276823178209,0.985364289332491,0.0029125338457179906
1999-07-16,0.9895996942756514,0.9862888615633321,0.003310832712319356
1999-07-19,0.9905128038460784,0.9862888615633321,0.004223942282746362
1999-07-20,0.9905128038460784,0.985545435103743,0.004967368742335387
1999-07-21,0.9900250549280795,0.9865603475796516,0.0034647073484278534
1999-07-22,0.9900250549280795,0.9864337674513627,0.0035912874767167757
1999-07-23,0.9900250549280795,0.9867010475544014,0.003324007373678106
1999-07-26,0.9891069799300407,0.9869215163693617,0.0021854635606790573
1999-07-27,0.9887674593761858,0.9872205911267141,0.0015468682494717
1999-07-28,0.9882327674288821,0.9879640175863033,0.0002687498425788526
1999-07-29,0.9882327674288821,0.9885047118413449,-0.0002719444124628101
1999-07-30,0.988992467644318,0.9881537286270763,0.0008387390172417408
1999-08-02,0.9893319881981729,0.9882510313860632,0.0010809568121097346
1999-08-03,0.9892169488287725,0.9882510313860634,0.0009659174427091299
1999-08-04,0.9882835082927249,0.9886333508585023,-0.000349842565777414
1999-08-05,0.988016228189686,0.9895579230893434,-0.0015416948996573865
1999-08-06,0.9875284792716871,0.9896633525349035,-0.0021348732632163747
1999-08-09,0.9877489480866473,0.9891831320062988,-0.001434183919651555
1999-08-10,0.9874094275327925,0.9890777025607389,-0.0016682750279464198
1999-08-11,0.9874094275327925,0.9887599309867915,-0.001350503453999008
1999-08-12,0.9869170074203952,0.9878264904507437,-0.0009094830303484347
1999-08-13,0.9857291170839837,0.9874869698968888,-0.0017578528129050808
1999-08-16,0.9854300423266308,0.9871399209536394,-0.0017098786270086652
1999-08-17,0.9855450816960313,0.9872549603230399,-0.0017098786270086652
1999-08-18,0.9849260814553451,0.9869371887490924,-0.0020111072937473162
1999-08-19,0.9849260814553451,0.9857492984126808,-0.0008232169573356707
1999-08-20,0.9854185015677424,0.984613125672086,0.000805375895656324
1999-08-23,0.986606391904154,0.9837743935398182,0.002831998364335786
1999-08-24,0.9876034988190246,0.9836478134115293,0.003955685407495357
1999-08-25,0.9879858182914636,0.9844865455437971,0.003499272747666482
1999-08-26,0.9872877861339456,0.9844865455437971,0.0028012405901485238
1999-08-27,0.9863746765635184,0.984583848302784,0.0017908282607344006
1999-08-30,0.9866677490131329,0.9831028855167578,0.0035648634963750814
1999-08-31,0.9868882178280933,0.9823594590571691,0.0045287587709241794
1999-09-01,0.9878216583641408,0.9822187590824192,0.0056028992817216405
1999-09-02,0.987482137810286,0.9807115710904036,0.006770566719882409
1999-09-03,0.987482137810286,0.9796966586144953,0.0077854791957907565
1999-09-07,0.9880889384671797,0.9792523069122588,0.00883663155492087
1999-09-08,0.9878684696522194,0.9785304668859648,0.009338002766254627
1999-09-09,0.9879738990977794,0.9767302064443352,0.01124369265344427
1999-09-10,0.9888011685696334,0.975477576320053,0.013323592249580352
1999-09-13,0.9893418628246753,0.9747341498604641,0.01460771296421115
1999-09-14,0.9898342829370725,0.9742539293318594,0.015580353605213149
1999-09-15,0.9895670028340336,0.9753531501011503,0.014213852732883336
1999-09-16,0.9892274822801788,0.9771534105427802,0.012074071737398606
1999-09-17,0.9890691074975761,0.9777992400101685,0.011269867487407659
1999-09-20,0.9896759081544698,0.9781502232244373,0.011525684930032476
1999-09-21,0.9892935886820307,0.9784679947983848,0.010825593883645901
1999-09-22,0.9890731198670704,0.9792952642702385,0.009777855596831864
1999-09-23,0.9890731198670704,0.9802198365010798,0.00885328336599056
1999-09-24,0.9884269961664686,0.9805668854443289,0.007860110722139657
1999-09-27,0.988726070923821,0.9806934655726183,0.00803260535120276
1999-09-28,0.9889137139278755,0.9813688574946717,0.007544856433203795
1999-09-29,0.9890720887104782,0.9813688574946717,0.007703231215806516
1999-09-30,0.9890720887104782,0.9821744283586442,0.006897660351834034
1999-10-01,0.9895598376284772,0.9836816163506598,0.0058782212778174525
1999-10-04,0.9890720887104782,0.9842163082979635,0.004855780412514776
1999-10-05,0.9894544081829172,0.9845153830553159,0.004939025127601249
1999-10-06,0.9890720887104782,0.98375568283988,0.005316405870598229
1999-10-07,0.9895164404127146,0.9835973080572771,0.005919132355437506
1999-10-08,0.9896430205410036,0.9829054870189189,0.0067375335220847266
1999-10-11,0.9896430205410036,0.9831082192234659,0.006534801317537697
1999-10-12,0.989343945783651,0.9826825643378243,0.006661381445826731
1999-10-13,0.9896909947269004,0.9832232585928662,0.006467736134034174
1999-10-14,0.9892466430246639,0.9835223333502189,0.005724309674445038
1999-10-15,0.9895747009181051,0.9832232585928662,0.006351442325238876
1999-10-18,0.9902727330756231,0.9828722753785973,0.007400457697025797
1999-10-19,0.9910324332910591,0.9821504353523035,0.008881997938755548
1999-10-20,0.9910324332910591,0.9817994521380349,0.009232981153024178
1999-10-21,0.9909058531627699,0.9816940226924745,0.00921183047029539
1999-10-22,0.9913502048650066,0.9818090620618748,0.009541142803131786
1999-10-25,0.9912236247367174,0.9812743701145713,0.009949254622146131
1999-10-26,0.990779273034481,0.9815159896122605,0.009263283422220492
1999-10-27,0.9910723454840955,0.9811764690584055,0.009895876425690009
1999-10-28,0.9917941855103894,0.9810614296890052,0.010732755821384221
1999-10-29,0.991573716695429,0.9820763421649139,0.009497374530515135
1999-11-01,0.9917764488999763,0.9819613027955136,0.009815146104462658
1999-11-02,0.9911010569779226,0.980922432813906,0.010178624164016603
1999-11-03,0.9908019822205701,0.9806046612399583,0.01019732098061188
1999-11-04,0.9914481059211719,0.979832251644281,0.011615854276890936
1999-11-05,0.9911010569779228,0.980478375344883,0.01062268163303981
1999-11-08,0.9907236762349256,0.9802579065299226,0.010465769705003014
1999-11-09,0.9910707251781751,0.9805569812872751,0.010513743890899985
1999-11-10,0.9910707251781751,0.9803025314869112,0.010768193691263916
1999-11-11,0.9910707251781751,0.9820212119213108,0.009049513256864317
1999-11-12,0.9909123503955723,0.9820212119213108,0.008891138474261595
1999-11-15,0.9903776584482686,0.9818946317930218,0.008483026655246806
1999-11-16,0.9905042385765576,0.9815665738995809,0.008937664676976653
1999-11-17,0.9907247073915177,0.9820229865594097,0.008701720832108073
1999-11-18,0.9902444868629132,0.9824003673024064,0.00784411956050679
1999-11-19,0.9901294474935128,0.9826208361173671,0.0075086113761457796
1999-11-22,0.9903710669912021,0.9824801361426171,0.007890930848585054
1999-11-23,0.9904861063606024,0.9822924931385626,0.00819361322203982
1999-11-24,0.9904861063606024,0.9816914620674141,0.008794644293188325
1999-11-26,0.9903595262323135,0.9832259336746102,0.007133592557703294
1999-11-29,0.9901783804610613,0.9843621064152049,0.005816274045856384
1999-11-30,0.9904199999587506,0.9838109853515965,0.006609014607154129
1999-12-01,0.9901783804610613,0.9838109853515965,0.006367395109464824
1999-12-02,0.9910121471657177,0.9827721153699887,0.008240031795729075
1999-12-03,0.9910121471657177,0.98120684429058,0.0098053028751377
1999-12-06,0.9913895279087145,0.9812068442905802,0.010182683618134236
1999-12-07,0.9913895279087145,0.981741536237884,0.009647991670830525
1999-12-08,0.9908548359614108,0.9819831557355733,0.008871680225837508
1999-12-09,0.9906343671464504,0.9819831557355733,0.008651211410877102
1999-12-10,0.9906343671464504,0.9820575331737325,0.008576833972717912
1999-12-13,0.9913777936060395,0.9824045821169818,0.00897321148905772
1999-12-14,0.9910307446627901,0.9822780019886929,0.008752742674097203
1999-12-15,0.9905383245503928,0.9828848026455864,0.007653521904806393
1999-12-16,0.9901126696647513,0.9834359237091951,0.006676745955556229
1999-12-17,0.9902710444473541,0.9847292434911666,0.005541800956187504
1999-12-20,0.9906484251903511,0.9854272756486849,0.005221149541666192
1999-12-21,0.9904900504077483,0.9859679699037266,0.004522080504021697
1999-12-22,0.9899389293441397,0.9861491156749789,0.0037898136691608686
1999-12-23,0.9898334998985796,0.9862641550443791,0.0035693448542004624
1999-12-27,0.9899389293441397,0.9862641550443791,0.003674774299760597
1999-12-28,0.98979822936939,0.9862641550443791,0.0035340743250108497
1999-12-29,0.9897009266104029,0.9862641550443791,0.003436771566023733
1999-12-30,0.989574346482114,0.9871028871766472,0.002471459305466772
1999-12-31,0.989574346482114,0.9878625873920831,0.001711759090030851
2000-01-03,0.9892272975388644,0.9876421185771229,0.0015851789617414846
2000-01-04,0.9898123492158508,0.9869202785508286,0.002892070665022173
2000-01-05,0.9885015279368062,0.9871407473657889,0.0013607805710172949
2000-01-06,0.9884042251778191,0.9876814416208308,0.0007227835569882934
2000-01-07,0.9884042251778191,0.9875664022514308,0.000837822926388343
2000-01-10,0.9879961133588046,0.9879487217238697,4.739163493483467e-05
2000-01-11,0.9878906839132444,0.9877459895193226,0.00014469439392184036
2000-01-12,0.9885660758352979,0.9873636700468836,0.0012024057884142403
2000-01-13,0.9876198049965754,0.9873636700468834,0.00025613494969201067
2000-01-14,0.9872727560533263,0.9873636700468836,-9.091399355731777e-05
2000-01-18,0.9867850071353272,0.9870705975972691,-0.00028559046194187587
2000-01-19,0.9858387362966048,0.9858827072608572,-4.397096425245994e-05
2000-01-20,0.9866443071605774,0.9860703502649119,0.0005739568956655283
2000-01-21,0.9871320560785763,0.9858287307672224,0.001303325311353909
2000-01-24,0.9871320560785763,0.9860033793056724,0.0011286767729039582
2000-01-25,0.9872727560533261,0.985510959193275,0.001761796860051068
2000-01-26,0.986890436580887,0.98411881057066,0.0027716260102270684
2000-01-27,0.986890436580887,0.9839781105959102,0.0029123259849768157
2000-01-28,0.9876501367963231,0.9834434186486065,0.004206718147716559
2000-01-31,0.9878706056112833,0.9829870059887775,0.00488359962250573
2000-02-01,0.9881122251089727,0.9833693254612169,0.0047428996477557606
2000-02-02,0.9879094929044256,0.984761474083832,0.0031480188205936788
2000-02-03,0.9879094929044254,0.984761474083832,0.0031480188205934567
2000-02-04,0.9876890240894652,0.9852178867436608,0.0024711373458043973
2000-02-07,0.9876890240894652,0.9854206189482076,0.00226840514125759
2000-02-08,0.9869293238740294,0.9862261898121802,0.0007031340618491866
2000-02-09,0.986484972171793,0.9864678093098697,1.71628619233255e-05
2000-02-10,0.9861026526993538,0.9862261898121802,-0.00012353711282642177
2000-02-11,0.9858095802497393,0.9857337696997832,7.581054995609016e-05
2000-02-14,0.9859361603780284,0.9855133008848228,0.00042285949320564065
2000-02-15,0.9863289066590344,0.9862051219231812,0.00012378473585317185
2000-02-16,0.9860616265559953,0.9865874413956203,-0.000525814839624994
2000-02-17,0.9859350464277064,0.9871942420525139,-0.0012591956248075853
2000-02-18,0.9866104383497598,0.9867378293926852,-0.00012739104292536219
2000-02-22,0.9867370184780492,0.9860397972351671,0.0006972212428820734
2000-02-23,0.9863546990056098,0.9860397972351671,0.0003149017704426882
2000-02-24,0.9863546990056098,0.9860397972351671,0.0003149017704426882
2000-02-25,0.9876480187875816,0.9866112492643963,0.0010367695231853213
2000-02-28,0.9879875393414366,0.9871963009413826,0.0007912384000540174
2000-02-29,0.9881902715459836,0.9870989981823953,0.0010912733635882743
2000-03-01,0.9879875393414366,0.9870989981823954,0.0008885411590411341
2000-03-02,0.9879875393414366,0.9870989981823953,0.0008885411590412451
2000-03-03,0.9872895071839184,0.9872255783106845,6.392887323392049e-05
2000-03-06,0.9871083614126664,0.9862921377746366,0.0008162236380298005
2000-03-07,0.9871083614126662,0.9859098183021976,0.0011985431104686306
2000-03-08,0.9860368770596363,0.9864022384145948,-0.00036536135495857103
2000-03-09,0.9854961828045944,0.9858675464672909,-0.0003713636626965222
2000-03-10,0.9857634629076333,0.9862756582863058,-0.0005121953786725308
2000-03-13,0.9856227629328833,0.9859286093430564,-0.0003058464101730607
2000-03-14,0.9848793364732946,0.9863109288154956,-0.0014315923422010268
2000-03-15,0.9840366859044569,0.9866579777587448,-0.0026212918542878327
2000-03-16,0.984133988663444,0.9867370096755769,-0.0026030210121328334
2000-03-17,0.9831190761875356,0.9870300821251913,-0.003911005937655698
2000-03-20,0.9829314331834812,0.987204730663641,-0.00427329748015981
2000-03-21,0.981881542074874,0.987204730663641,-0.005323188588767014
2000-03-22,0.9815344931316247,0.9876490823658772,-0.006114589234252565
2000-03-23,0.980983372068016,0.9876490823658775,-0.006665710297861449
2000-03-24,0.9815180640153197,0.9873954019105957,-0.0058773378952760025
2000-03-27,0.9807746375557309,0.9871926697060487,-0.006418032150317776
2000-03-28,0.9799408708510748,0.9877273616533522,-0.007786490802277335
2000-03-29,0.9791811706356388,0.9877273616533524,-0.00854619101771359
2000-03-30,0.9794802453929913,0.9878424010227527,-0.008362155629761392
2000-03-31,0.9800209396480332,0.9872573493457666,-0.007236409697733426
2000-04-03,0.9796814190941782,0.9871307692174776,-0.007449350123299392
2000-04-04,0.9802161110414819,0.988203620184489,-0.007987509143007165
2000-04-05,0.9803568110162318,0.988775072213718,-0.008418261197486121
2000-04-06,0.9817462226786937,0.9899112449543128,-0.008165022275619105
2000-04-07,0.9821905743809302,0.9896907761393524,-0.0075002017584222536
2000-04-10,0.9823056137503304,0.9902758278163387,-0.007970214066008285
2000-04-11,0.9829810056723841,0.9904342025989413,-0.007453196926557215
2000-04-12,0.9836728267107424,0.9901805221436596,-0.006507695432917182
2000-04-13,0.9832905072383032,0.9906682710616588,-0.007377763823355532
2000-04-14,0.983200166993236,0.9898958614659813,-0.006695694472745317
2000-04-17,0.9828178475207967,0.9898958614659813,-0.007078013945184591
2000-04-18,0.9832161463873981,0.9897808220965812,-0.0065646757091831764
2000-04-19,0.9835339179613453,0.9903319431601897,-0.006798025198844426
2000-04-20,0.9831515984889062,0.99055241197515,-0.0074008134862437736
2000-04-24,0.9826951858290774,0.9908196920781889,-0.00812450624911143
2000-04-25,0.9838734385152,0.9905206173208364,-0.006647178805636367
2000-04-26,0.9836922927439481,0.9906260467663961,-0.006933754022448002
2000-04-27,0.9847311627255559,0.9902003918807547,-0.005469229155198763
2000-04-28,0.9837977221895079,0.9903269720090436,-0.006529249819535732
2000-05-01,0.9828642816534604,0.9902003918807547,-0.007336110227294301
2000-05-02,0.9828642816534604,0.9899799230657943,-0.007115641412333895
2000-05-03,0.9832113305967098,0.9893948713888082,-0.006183540792098374
2000-05-04,0.9832113305967096,0.9893948713888082,-0.006183540792098596
2000-05-05,0.9839547570562985,0.988907122470809,-0.004952365414510496
2000-05-08,0.9843801177087268,0.9882153014324508,-0.003835183723724045
2000-05-09,0.9849148096560305,0.9876806094851469,-0.0027657998291164
2000-05-10,0.9852138844133828,0.9876806094851469,-0.002466725071764153
2000-05-11,0.9852138844133831,0.987139915230105,-0.0019260308167219353
2000-05-12,0.9845677607127812,0.9867928662868559,-0.002225105574074737
2000-05-15,0.9847793612225348,0.9864937915295033,-0.0017144303069684952
2000-05-16,0.9857128017585826,0.9870344857845451,-0.001321684025962555
2000-05-17,0.9857128017585824,0.9867928662868559,-0.0010800645282734722
2000-05-18,0.9857128017585824,0.9867928662868559,-0.0010800645282734722
2000-05-19,0.9857128017585826,0.9852583946796598,0.00045440707892274723
2000-05-22,0.9859332705735427,0.9842434822037512,0.0016897883697915006
2000-05-23,0.9865400712304364,0.984918874125805,0.0016211971046313778
2000-05-24,0.9866551105998368,0.9846515940227663,0.002003516577070541
2000-05-25,0.9864967358172338,0.9847922939975159,0.0017044418197179612
2000-05-26,0.9876749885033569,0.9843120734689113,0.003362915034445635
2000-05-30,0.9871238674397482,0.985245514004959,0.0018783534347892594
2000-05-31,0.9870088280703478,0.985245514004959,0.0017633140653888768
2000-06-01,0.9876549517709498,0.9853605533743592,0.0022943983965905135
2000-06-02,0.9874344829559896,0.9855189281569621,0.0019155547990274968
2000-06-05,0.9872761081733866,0.9849782339019202,0.002297874271466438
2000-06-06,0.9867883592553877,0.9851048140302091,0.001683545225178551
2000-06-07,0.9856101065692651,0.9841713734941615,0.0014387330751035599
2000-06-08,0.9854224635652106,0.9842979536224504,0.0011245099427601435
2000-06-09,0.9853170341196505,0.9841713734941615,0.0011456606254890422
2000-06-12,0.9849396533766536,0.9831214823855543,0.001818170991099266
2000-06-13,0.9851812728743428,0.98282840993594,0.0023528629384027555
2000-06-14,0.9861783797892133,0.9820849834763509,0.0040933963128624296
2000-06-15,0.9861783797892135,0.982752555112519,0.0034258246766945
2000-06-16,0.9864456598922522,0.9817026640039118,0.004742995888340373
2000-06-19,0.9868230406352492,0.9819928548970829,0.004830185738166293
2000-06-20,0.9867440087184175,0.9824852750094801,0.004258733708937368
2000-06-21,0.9870112888214562,0.9824852750094801,0.004526013811976037
2000-06-22,0.98761808947835,0.9814353839008731,0.006182705577476799
2000-06-23,0.9874773895036,0.9812770091182702,0.006200380385329773
2000-06-26,0.9869971689749953,0.9810654086085167,0.005931760366478689
2000-06-27,0.9872176377899554,0.9810654086085167,0.006152229181438762
2000-06-28,0.9874052807940099,0.9815302480401376,0.005875032753872356
2000-06-29,0.9870772229005692,0.9803219821489276,0.006755240751641578
2000-06-30,0.9874853347195838,0.9792227613796367,0.008262573339947066
2000-07-03,0.9870409830173474,0.9790022925646766,0.008038690452670805
2000-07-05,0.9871675631456365,0.9800411625462843,0.007126400599352212
2000-07-06,0.9869259436479472,0.9808749292509404,0.0060510143970067265
2000-07-07,0.9872437152218948,0.9814156235059823,0.005828091715912476
2000-07-10,0.9866586635449085,0.9816360923209426,0.005022571223965877
2000-07-11,0.9867559663038954,0.9816360923209426,0.005119873982952772
2000-07-12,0.9866586635449083,0.98245449348759,0.004204170057318324
2000-07-13,0.98616306191932,0.9822128739899005,0.00395018792941948
2000-07-14,0.9862603646783071,0.9816414219606716,0.004618942717635521
2000-07-17,0.9857256727310034,0.9814209531457112,0.004304719585292216
2000-07-18,0.9853000178453618,0.9813306129006439,0.003969404944717869
2000-07-19,0.9842611478637541,0.9809378666196382,0.00332328124411585
2000-07-20,0.9853000178453618,0.9810785665943877,0.004221451250974062
2000-07-21,0.9842501267367546,0.9811758693533749,0.0030742573833797415
2000-07-24,0.9833255545059134,0.9805568691126889,0.0027686853932245015
2000-07-25,0.9820147332268689,0.9801312142270471,0.0018835189998218649
2000-07-26,0.9815890783412275,0.9789950414864526,0.002594036854774995
2000-07-27,0.9815890783412275,0.9785693866008109,0.003019691740416608
2000-07-28,0.9812420293979782,0.9774562848056136,0.0037857445923645816
2000-07-31,0.9825528506770228,0.9769254947076256,0.00562735596939723
2000-08-01,0.9828201307800616,0.9764811430053891,0.0063389877746724554
2000-08-02,0.9834662544806634,0.9775200129869968,0.005946241493666626
2000-08-03,0.985067266652879,0.978250795309755,0.00681647134312402
2000-08-04,0.985067266652879,0.9784885129581288,0.00657875369475025
2000-08-07,0.985067266652879,0.9783478129833788,0.006719453669500219
2000-08-08,0.984864534448332,0.9778131210360749,0.007051413412257124
2000-08-09,0.9855806048888807,0.9768160141212044,0.008764590767676217
2000-08-10,0.9865051771197215,0.9770576336188939,0.00944754350082766
2000-08-11,0.9856779076478678,0.9776197758095019,0.0080581318383659
2000-08-14,0.9861656565658669,0.9771320268915029,0.009033629674363941
2000-08-15,0.9871805690417754,0.9757414043505438,0.01143916469123163
2000-08-16,0.9864887480034168,0.975401883796689,0.011086864206727776
2000-08-17,0.9860806361844022,0.9767925063376479,0.009288129846754312
2000-08-18,0.9858929931803478,0.9772181612232895,0.008674831957058315
2000-08-21,0.9859984226259075,0.9778191922944377,0.008179230331469833
2000-08-22,0.9856210418829108,0.9783703133580464,0.007250728524864414
2000-08-23,0.9858415106978711,0.9791427229537236,0.00669878774414745
2000-08-24,0.9854591912254319,0.9801398298685943,0.0053193613568376374
2000-08-25,0.9845129203867095,0.9806275787865935,0.003885341600115999
2000-08-28,0.9845129203867095,0.9807330082321534,0.0037799121545560865
2000-08-29,0.9845129203867095,0.9807330082321535,0.0037799121545559755
2000-08-30,0.9839061197298158,0.9796615238791234,0.0042445958506923676
2000-08-31,0.9835665991759609,0.9794587916745764,0.004107807501384508
2000-09-01,0.9835665991759611,0.9778935205951677,0.005673078580793467
2000-09-05,0.9835665991759611,0.9772016995568094,0.006364899619151765
2000-09-06,0.9841012911232648,0.9763832983901622,0.0077179927331025855
2000-09-07,0.9842163304926651,0.9766210160385356,0.0075953144541295314
2000-09-08,0.9848353307333513,0.9760495640093066,0.00878576672404463
2000-09-11,0.9845937112356619,0.9763426364589212,0.008251074776740697
2000-09-12,0.9842163304926651,0.977064476485215,0.007151854007450109
2000-09-13,0.984470780293029,0.9771795158546153,0.007291264438413769
2000-09-14,0.9852891814596765,0.9771051384164561,0.008184043043220401
2000-09-15,0.9856362304029258,0.9772201777858563,0.008416052617069458
2000-09-18,0.9860615910553537,0.9777125978982536,0.008348993157100137
2000-09-19,0.9859561616097937,0.9771779059509497,0.008778255658844047
2000-09-20,0.9858411222403937,0.9761945554073624,0.009646566833031223
2000-09-21,0.9864479228972872,0.9755484317067606,0.010899491190526578
2000-09-22,0.986787443451142,0.9766212826737719,0.010166160777370092
2000-09-25,0.9880982647301867,0.9778477956594341,0.010250469070752555
2000-09-26,0.9882389647049364,0.9779924140707535,0.010246550634182894
2000-09-27,0.9877465445925392,0.9778773747013534,0.009869169891185803
2000-09-28,0.9882267651211442,0.9781704471509679,0.010056317970176254
2000-09-29,0.9884683846188334,0.9791853596268763,0.0092830249919571
2000-10-02,0.9887220650741149,0.9796297113291127,0.009092353745002169
2000-10-03,0.9888371044435152,0.9799287860864652,0.008908318357050082
2000-10-04,0.9893295245559125,0.9795031312008236,0.009826393355088947
2000-10-05,0.9892029444276236,0.978660480631986,0.010542463795637613
2000-10-06,0.9895207160015709,0.9787870607602749,0.010733655241295992
2000-10-09,0.9895207160015709,0.979327755015317,0.010192960986253885
2000-10-10,0.9902425560278649,0.9799738787159186,0.010268677311946361
2000-10-11,0.9897623354992601,0.9808984509467598,0.008863884552500312
2000-10-12,0.9897623354992601,0.9810134903161598,0.008748845183100262
2000-10-13,0.9896472961298598,0.9795325275301339,0.010114768599725932
2000-10-16,0.9888288949632127,0.9781431158676717,0.010685779095541026
2000-10-17,0.987895454427165,0.9783014906502744,0.00959396377689059
2000-10-18,0.9882728351701617,0.9791402227825423,0.009132612387619421
2000-10-19,0.9880312156724725,0.9799789549148104,0.008052260757662189
2000-10-20,0.9883242881220868,0.9804046098004517,0.007919678321635093
2000-10-23,0.9885358886318405,0.9806718899034906,0.007863998728349864
2000-10-24,0.9885358886318405,0.9803728151461382,0.008163073485702332
2000-10-25,0.9874970186502329,0.9796747829886198,0.007822235661613108
2000-10-26,0.9885358886318405,0.9798154829633697,0.008720405668470765
2000-10-27,0.9876024480957928,0.9788692121246473,0.008733235971145503
2000-10-30,0.9869956474388991,0.9788692121246474,0.008126435314251723
2000-10-31,0.9857023276569273,0.9793352624347651,0.006367065222162238
2000-11-01,0.9859439471546168,0.97967478298862,0.006269164165996766
2000-11-02,0.9861855666523062,0.9799420630916587,0.006243503560647512
2000-11-03,0.9865326155955553,0.9806174550137123,0.005915160581842938
2000-11-06,0.9874788864342777,0.9810822944453333,0.006396591988944378
2000-11-07,0.9872761542297307,0.9812088745736224,0.006067279656108315
2000-11-08,0.9868987734867337,0.9815911940460614,0.005307579440672283
2000-11-09,0.9868987734867337,0.9819382429893108,0.004960530497422955
2000-11-10,0.9878168484847726,0.9812924135219224,0.006524434962850156
2000-11-13,0.9878168484847724,0.9812924135219224,0.006524434962849934
2000-11-14,0.9884922404068263,0.9811658333936335,0.0073264070131927594
2000-11-15,0.9883772010374258,0.9820904056244746,0.006286795412951185
2000-11-16,0.9877310773368242,0.9828628152201521,0.0048682621166721285
2000-11-17,0.9876160379674238,0.9829778545895521,0.004638183377871696
2000-11-20,0.9877744127500263,0.9830480955627123,0.0047263171873139775
2000-11-21,0.9879771449545736,0.9826657760902735,0.005311368864300059
2000-11-22,0.9878505648262844,0.9825391959619844,0.005311368864300059
2000-11-24,0.9881683364002318,0.9826364987209713,0.005531837679260576
2000-11-27,0.9872348958641841,0.9817938481521337,0.005441047712050451
2000-11-28,0.9870321636596371,0.9809882772881611,0.006043886371476015
2000-11-29,0.9871294664186242,0.980266437261867,0.006863029156757183
2000-11-30,0.9870144270492239,0.9800427869337156,0.006971640115508326
2000-12-01,0.987217159253771,0.9800427869337158,0.0071743723200551335
2000-12-04,0.9873144620127581,0.9796604674612767,0.007653994551481413
2000-12-05,0.9869674130695087,0.9796604674612764,0.007306945608232307
2000-12-06,0.985831240328914,0.9802672681181703,0.005563972210743673
2000-12-07,0.985831240328914,0.9808019600654743,0.005029280263439739
2000-12-08,0.9857339375699269,0.9820952798474458,0.0036386577224810646
2000-12-11,0.9851932433148852,0.9832370051736359,0.0019562381412493446
2000-12-12,0.9851932433148852,0.9829697250705972,0.002223518244288014
2000-12-13,0.9850959405558979,0.982969725070597,0.0021262154853008974
2000-12-14,0.985478260028337,0.9832113445682864,0.0022669154600506447
2000-12-15,0.9857198795260265,0.9838571740356747,0.0018627054903517237
2000-12-18,0.9862605737810684,0.9836155545379853,0.0026450192430830244
2000-12-19,0.9864633059856153,0.9829697250705972,0.0034935809150180575
2000-12-20,0.9862605737810684,0.982728105572908,0.003532468208160333
2000-12-21,0.9860401049661077,0.9817818347341853,0.004258270231922379
2000-12-22,0.9860401049661079,0.9816234599515825,0.004416645014525433
2000-12-26,0.9856930560228586,0.9818439287665431,0.0038491272563154766
2000-12-27,0.9858957882274059,0.9825599992070917,0.0033357890203141727
2000-12-28,0.9859930909863928,0.9821617003404903,0.0038313906459024327
2000-12-29,0.9858957882274056,0.981717348638254,0.00417843958915165
2001-01-02,0.986116257042366,0.9822481387362421,0.003868118306123991
2001-01-03,0.9871551270239737,0.9817603898182429,0.005394737205730804
2001-01-04,0.9871551270239737,0.9827574967331134,0.004397630290860266
2001-01-05,0.9882912997645684,0.9831398162055528,0.005151483559015624
2001-01-08,0.9883886025235555,0.983381435703242,0.005007166820313547
2001-01-09,0.9881681337085952,0.9836230552009312,0.004545078507664058
2001-01-10,0.9881681337085952,0.984089105511049,0.004079028197546242
2001-01-11,0.9870319609680004,0.9849075066776962,0.0021244542903041674
2001-01-12,0.9880708309496081,0.9853331615633378,0.0027376693862702917
2001-01-16,0.9880708309496081,0.9861758121321754,0.0018950188174327032
2001-01-17,0.9885585798676073,0.9863023922604643,0.0022561876071429676
2001-01-18,0.9889056288108565,0.9872155018308916,0.0016901269799649565
2001-01-19,0.9889056288108565,0.987435970645852,0.0014696581650045504
2001-01-22,0.9891260976258169,0.9870103157602105,0.0021157818656064586
2001-01-23,0.9891260976258169,0.9881982060966222,0.0009278915291947021
2001-01-24,0.9893465664407771,0.989376458782745,-2.989234196792978e-05
2001-01-25,0.9893465664407771,0.9894914981521452,-0.00014493171136809035
2001-01-26,0.9891260976258169,0.9899839182645425,-0.000857820638725526
2001-01-29,0.9892411369952172,0.9896015987921032,-0.00036046179688598023
2001-01-30,0.989241136995217,0.9900818193207078,-0.000840682325490838
2001-01-31,0.98903840479067,0.9903490994237467,-0.0013106946330767588
2001-02-01,0.9889411020316831,0.9901074799260575,-0.0011663778943744596
2001-02-02,0.9891438342362301,0.9896510672662289,-0.0005072330299987771
2001-02-05,0.9891438342362301,0.9895103672914789,-0.00036653305524880775
2001-02-06,0.9887615147637909,0.98938378716319,-0.0006222723993990487
2001-02-07,0.9885410459488307,0.9902225192954578,-0.0016814733466270493
2001-02-08,0.9882479734992162,0.9898401998230185,-0.0015922263238022927
2001-02-09,0.9882479734992162,0.9892687477937895,-0.0010207742945732567
2001-02-12,0.9888547741561099,0.9891537084243894,-0.0002989342682795382
2001-02-13,0.9881793822340562,0.9896944026794313,-0.0015150204453751037
2001-02-14,0.987691633316057,0.9901508153392599,-0.0024591820232028327
2001-02-15,0.9872038843980581,0.9910842558753076,-0.0038803714772495113
2001-02-16,0.9876916333160572,0.9912249558500573,-0.003533322534000072
2001-02-20,0.9881793822340562,0.9909833363523681,-0.002803954118311913
2001-02-21,0.9882848116796161,0.9911860685569152,-0.00290125687729903
2001-02-22,0.9881793822340564,0.9915331175001644,-0.003353735266107938
2001-02-23,0.987832333290807,0.9907734172847285,-0.002941083993921456
2001-02-26,0.989058846276469,0.9905061371816897,-0.0014472909052206662
2001-02-27,0.9895935382237729,0.9907266059966497,-0.0011330677728768057
2001-02-28,0.989940587167022,0.99062117655109,-0.0006805893840680088
2001-03-01,0.9886472673850505,0.9907477566793791,-0.0021004892943286
2001-03-02,0.9895718396158913,0.9903967734651102,-0.0008249338492188896
2001-03-05,0.9894664101703314,0.9901551539674208,-0.0006887437970893862
2001-03-06,0.9891673354129792,0.9901551539674208,-0.000987818554441633
2001-03-07,0.9902401863799905,0.9901551539674208,8.503241256963001e-05
2001-03-08,0.9900374541754434,0.9901551539674208,-0.00011769979197739922
2001-03-09,0.9900374541754434,0.9901551539674208,-0.00011769979197739922
2001-03-12,0.989816985360483,0.9899346851524606,-0.00011769979197762126
2001-03-13,0.9896358395892311,0.989509030266819,0.000126809322412047
2001-03-14,0.9906747095708385,0.9891695097129641,0.0015051998578743397
2001-03-15,0.9906747095708387,0.9889490408980037,0.001725668672834968
2001-03-16,0.9905481294425496,0.9884612919800048,0.0020868374625447883
2001-03-19,0.9899970083789411,0.9888122751942734,0.001184733184667719
2001-03-20,0.9904772289075456,0.9890327440092339,0.0014444848983117264
2001-03-21,0.9910840295644394,0.9897924442246698,0.0012915853397695853
2001-03-22,0.9914310785076885,0.9902726647532747,0.001158413754413834
2001-03-23,0.9923645190437365,0.9909187884538763,0.0014457305898601946
2001-03-26,0.9921440502287762,0.9911860685569152,0.0009579816718610079
2001-03-27,0.9919564072247217,0.9908682969829679,0.0010881102417538147
2001-03-28,0.9920618366702816,0.9908682969829679,0.0011935396873137272
2001-03-29,0.9919352565419927,0.9911402482804046,0.0007950082615880705
2001-03-30,0.9917147877270324,0.9912986230630075,0.00041616466402483177
2001-04-02,0.9920618366702816,0.9920204630893016,4.137358097999755e-05
2001-04-03,0.9914550360133878,0.9920204630893014,-0.0005654270759135605
2001-04-04,0.9911877559103491,0.9918620883066986,-0.0006743323963495085
2001-04-05,0.9917945565672427,0.9920204630893014,-0.000225906522058672
2001-04-06,0.9921768760396819,0.9926665867899034,-0.0004897107502215281
2001-04-09,0.9920618366702816,0.9932012787372071,-0.0011394420669255112
2001-04-10,0.9916174849680454,0.9935835982096463,-0.0019661132416008975
2001-04-11,0.9916174849680454,0.9941686498866321,-0.002551164918586757
2001-04-12,0.9913502048650064,0.9940420697583432,-0.002691864893336837
2001-04-16,0.9905229353931524,0.9941324100034107,-0.0036094746102582898
2001-04-17,0.9901758864499031,0.9935917157483688,-0.0034158292984657335
2001-04-18,0.9898288375066538,0.9937182958766579,-0.0038894583700040952
2001-04-19,0.9893844858044176,0.994065344819907,-0.004680859015489425
2001-04-20,0.9886410593448285,0.9941626475788942,-0.0055215882340656774
2001-04-23,0.9879192193185344,0.993942178763934,-0.006022959445399545
2001-04-24,0.9879192193185344,0.9940572181333343,-0.006137998814799817
2001-04-25,0.988934131794443,0.9941722575027345,-0.005238125708291519
2001-04-26,0.9882587398723895,0.9943927263176949,-0.006133986445305384
2001-04-27,0.9884171146549922,0.9940456773744456,-0.005628562719453445
2001-04-30,0.9886587341526816,0.9935109854271417,-0.004852251274460095
2001-05-01,0.9888614663572286,0.9931286659547027,-0.004267199597474125
2001-05-02,0.9879368941263875,0.9925879716996608,-0.004651077573273321
2001-05-03,0.9877785193437849,0.9920029200226745,-0.004224400678889628
2001-05-04,0.9876634799743844,0.9917356399196359,-0.004072159945251452
2001-05-07,0.9885880522052255,0.9920826888628852,-0.0034946366576597
2001-05-08,0.9877542855005692,0.9917649172889379,-0.00401063178836869
2001-05-09,0.9880720570745166,0.991590268750488,-0.0035182116759713278
2001-05-10,0.9880720570745166,0.9918318882481771,-0.0037598311736605217
2001-05-11,0.9877542855005693,0.9918318882481774,-0.0040776027476080445
2001-05-14,0.988497711960158,0.9921496598221246,-0.0036519478619665424
2001-05-15,0.9889779324887628,0.9918318882481771,-0.002853955759414384
2001-05-16,0.9893174530426176,0.9922092689911741,-0.0028918159485564754
2001-05-17,0.9889400722996207,0.9918011571721593,-0.002861084872538666
2001-05-18,0.9884957205973844,0.991959531954762,-0.003463811357377611
2001-05-21,0.9886540953799873,0.9923418514272012,-0.0036877560472139415
2001-05-22,0.988654095379987,0.9919161965415598,-0.0032621011615727724
2001-05-23,0.988654095379987,0.9925012482185459,-0.003847152838558854
2001-05-24,0.9887595248255471,0.9926278283468348,-0.0038683035212877526
2001-05-25,0.9893785250662334,0.9930534832324764,-0.003674958166243081
2001-05-29,0.9899635767432197,0.9930534832324763,-0.0030899064892566663
2001-05-30,0.9904513256612186,0.9926761024894795,-0.0022247768282608327
2001-05-31,0.9905920256359684,0.9928965713044399,-0.0023045456684714916
2001-06-01,0.9907504004185711,0.9925191905614429,-0.00176879014287179
2001-06-04,0.9903730196755741,0.9920748388592067,-0.001701819183632547
2001-06-05,0.9903730196755743,0.991649183973565,-0.0012761642979907117
2001-06-06,0.9902146448929716,0.9922342356505511,-0.0020195907575795147
2001-06-07,0.9899473647899327,0.9925061869479881,-0.0025588221580553627
2001-06-08,0.9901678336048929,0.9923911475785878,-0.002223313973694907
2001-06-11,0.990294413733182,0.9925657961170375,-0.0022713823838554914
2001-06-12,0.9903998431787419,0.993010147819274,-0.002610304640532135
2001-06-13,0.9899554914765057,0.9935448397665777,-0.0035893482900719587
2001-06-14,0.9891957912610696,0.9935448397665777,-0.004349048505508102
2001-06-15,0.9885496675604678,0.993064619237973,-0.004514951677505152
2001-06-18,0.9886762476887567,0.9927926679405363,-0.004116420251779607
2001-06-19,0.989261299365743,0.9929954001450831,-0.0037341007793401104
2001-06-20,0.989401999340493,0.993421055030725,-0.004019055690231976
2001-06-21,0.9889455866806641,0.9938467099163664,-0.004901123235702243
2001-06-22,0.9889455866806641,0.9937201297880772,-0.004774543107413098
2001-06-25,0.9883605350036778,0.9938351691574775,-0.0054746341537996734
2001-06-26,0.9876386949773839,0.9940556379724378,-0.006416942995053909
2001-06-27,0.987182282317555,0.993914937997688,-0.006732655680133037
2001-06-28,0.9875646017899943,0.9932688142970861,-0.005704212507091855
2001-06-29,0.9874239018152443,0.9926973622678571,-0.005273460452612788
2001-07-02,0.9876911819182832,0.9925823228984567,-0.004891140980173514
2001-07-03,0.9879328014159726,0.9922352739552076,-0.004302472539234992
2001-07-05,0.987326000759079,0.991809619069566,-0.0044836183104870475
2001-07-06,0.9862545164060489,0.9915679995718768,-0.005313483165827915
2001-07-09,0.9864961359037382,0.9915679995718768,-0.00507186366813861
2001-07-10,0.9861033896227324,0.9915679995718766,-0.005464609949144217
2001-07-11,0.985756340679483,0.9909218758712748,-0.005165535191791748
2001-07-12,0.9856413013100828,0.9910484559995638,-0.005407154689481053
2001-07-13,0.9847281917396558,0.9910484559995638,-0.006320264259908059
2001-07-16,0.9834053206422135,0.9907014070563147,-0.007296086414101177
2001-07-17,0.9831637011445239,0.9905748269280258,-0.007411125783501893
2001-07-18,0.9823581302805514,0.9901820806470196,-0.007823950366468213
2001-07-19,0.9817730786035652,0.9897377289447835,-0.007964650341218293
2001-07-20,0.981531459105876,0.9895172601298233,-0.007985801023947303
2001-07-23,0.9821772885732643,0.9890729084275868,-0.006895619854322521
2001-07-24,0.983019939142102,0.989419957370836,-0.006400018228734039
2001-07-25,0.983019939142102,0.9897670063140853,-0.0067470671719833675
2001-07-26,0.982485247194798,0.9890451662877913,-0.006559919092993249
2001-07-27,0.9827783196444125,0.9898838984200593,-0.00710557877564677
2001-07-30,0.983222671346649,0.98939614950206,-0.006173478155411027
2001-07-31,0.9834431401616093,0.98939614950206,-0.005953009340450732
2001-08-01,0.9829629196330046,0.98939614950206,-0.006433229869055368
2001-08-02,0.9829629196330046,0.9892085064980056,-0.006245586865000985
2001-08-03,0.9814284480258085,0.9887207575800065,-0.007292309554198018
2001-08-06,0.9811868285281191,0.9887207575800065,-0.0075339290518874336
2001-08-07,0.9810813990825594,0.9888261870255667,-0.007744787943007259
2001-08-08,0.9802629979159119,0.9889668870003164,-0.008703889084404559
2001-08-09,0.9807073496181483,0.9881396175284625,-0.00743226791031415
2001-08-10,0.9805046174136013,0.987066766561451,-0.006562149147849694
2001-08-13,0.9805046174136013,0.986579017643452,-0.006074400229850729
2001-08-14,0.9800168684956021,0.9860443256961481,-0.0060274572005459826
2001-08-15,0.9792112976316295,0.9860443256961481,-0.006833028064518576
2001-08-16,0.9792112976316295,0.986579017643452,-0.0073677200118225095
2001-08-17,0.9786706033765876,0.9869260665867011,-0.0082554632101135
2001-08-20,0.9793686355341058,0.9876479066129952,-0.008279271078889372
2001-08-21,0.9790215865908565,0.9876479066129952,-0.0086263200221387
2001-08-22,0.9801577593314512,0.9876479066129952,-0.007490147281543957
2001-08-23,0.9807587904025994,0.987542477167435,-0.00678368676483565
2001-08-24,0.9811058393458487,0.9873008576697458,-0.006195018323897128
2001-08-27,0.9811058393458487,0.9871601576949962,-0.006054318349147492
2001-08-28,0.9807075404792476,0.9873008576697457,-0.00659331719049816
2001-08-29,0.9806021110336877,0.987793277782143,-0.007191166748455324
2001-08-30,0.9823910324412477,0.9877932777821431,-0.005402245340895395
2001-08-31,0.9832183019131017,0.9884394014827449,-0.005221099569643228
2001-09-04,0.983565350856351,0.9876797012673088,-0.004114350410957757
2001-09-05,0.9843709217203235,0.9884394014827449,-0.0040684797624214175
2001-09-06,0.9845520674915758,0.9886270444867993,-0.004074976995223523
2001-09-07,0.9837247980197218,0.9887324739323594,-0.005007675912637621
2001-09-10,0.9828975285478678,0.9887324739323594,-0.0058349453844915855
2001-09-17,0.9817613558072731,0.989140585751374,-0.007379229944100896
2001-09-18,0.9813357009216315,0.9890432829923869,-0.007707582070755392
2001-09-19,0.9806138608953375,0.9890432829923869,-0.008429422097049333
2001-09-20,0.9807192903408974,0.9887442082350344,-0.008024917894136951
2001-09-21,0.9806138608953373,0.9888415109940215,-0.008227650098684203
2001-09-24,0.9807289002647376,0.9889388137530086,-0.008209913488271048
2001-09-25,0.9800308681072197,0.9884510648350097,-0.00842019672778993
2001-09-26,0.9801362975527795,0.9884510648350097,-0.008314767282230129
2001-09-27,0.9800389947937926,0.9880687453625703,-0.008029750568777638
2001-09-28,0.9791055542577451,0.9887905853888643,-0.009685031131119182
2001-10-01,0.978458358176375,0.9892566356989821,-0.010798277522607092
2001-10-02,0.9779176639213332,0.9887219437516783,-0.010804279830345154
2001-10-03,0.9768787939397255,0.9893973356737319,-0.01251854173400635
2001-10-04,0.9779176639213332,0.9897443846169812,-0.011826720695648052
2001-10-05,0.9789565339029409,0.99001166472002,-0.011055130817079095
2001-10-08,0.9792102143582225,0.9898240217159656,-0.010613807357743088
2001-10-09,0.9794479320065962,0.9900656412136546,-0.010617709207058401
2001-10-10,0.9798922837088325,0.9899683384546679,-0.010076054745835394
2001-10-11,0.9798922837088325,0.9897656062501207,-0.009873322541288143
2001-10-12,0.9797868542632725,0.9897656062501207,-0.009978751986848167
2001-10-15,0.9798841570222596,0.9896601768045606,-0.009776019782301026
2001-10-16,0.9800957575320133,0.9891799562759559,-0.009084198743942618
2001-10-17,0.9806364517870552,0.9892949956453564,-0.008658543858301226
2001-10-18,0.9816335587019257,0.9892949956453564,-0.007661436943430688
2001-10-19,0.9816335587019257,0.9895154644603167,-0.007881905758390984
2001-10-22,0.9829268784838973,0.9901005161373029,-0.007173637653405618
2001-10-23,0.9840260992531884,0.9912366888778976,-0.007210589624709218
2001-10-24,0.9845138481711876,0.9909950693802084,-0.006481221209020838
2001-10-25,0.9847014911752417,0.9909950693802082,-0.006293578204966455
2001-10-26,0.984526842636792,0.9910854096252756,-0.006558566988483561
2001-10-29,0.9838288104792741,0.9912881418298225,-0.007459331350548437
2001-10-30,0.9836083416643138,0.9913935712753826,-0.007785229611068867
2001-10-31,0.9832905700903662,0.9909058223573836,-0.007615252267017314
2001-11-01,0.9844267428309611,0.9909058223573836,-0.00647907952642246
2001-11-02,0.9844267428309611,0.9904977105383689,-0.006070967707407782
2001-11-05,0.9846683623286504,0.9902949783338219,-0.0056266160051714476
2001-11-06,0.9846683623286504,0.9899772067598743,-0.005308844431223925
2001-11-07,0.9846683623286504,0.9902949783338219,-0.0056266160051714476
2001-11-08,0.9845710595696633,0.9900533588361324,-0.005482299266469148
2001-11-09,0.9831804370287045,0.9902949783338219,-0.00711454130511735
2001-11-12,0.9828626654547572,0.9905365978315113,-0.007673932376754067
2001-11-13,0.9836899349266112,0.9914611700623521,-0.0077712351357409615
2001-11-14,0.9823000817307347,0.9915665995079121,-0.009266517777177463
2001-11-15,0.9817692916327466,0.9916816388773124,-0.0099123472445658
2001-11-16,0.981932631842961,0.9919747113269268,-0.010042079483965849
2001-11-19,0.9821703494913345,0.9924003662125684,-0.010230016721233914
2001-11-20,0.982845741413388,0.9924003662125682,-0.009554624799180234
2001-11-21,0.983567581439682,0.9924003662125682,-0.008832784772886182
2001-11-23,0.983567581439682,0.9918596719575266,-0.00829209051784452
2001-11-26,0.9836826208090825,0.9914515601385118,-0.007768939329429236
2001-11-27,0.9833355718658331,0.9908447594816181,-0.007509187615785007
2001-11-28,0.9829274600468183,0.9907393300360582,-0.0078118699892398835
2001-11-29,0.9834989120760474,0.9910066101390969,-0.007507698063049406
2001-11-30,0.9838166836499947,0.9907649906414076,-0.0069483069914128
2001-12-03,0.9834989120760474,0.9908800300108079,-0.007381117934760484
2001-12-04,0.9831165926036083,0.9911216495084971,-0.008005056904888841
2001-12-05,0.9830015532342079,0.9918434895347914,-0.008841936300583497
2001-12-06,0.9827024784768555,0.9920246353060435,-0.009322156829187911
2001-12-07,0.981735984739882,0.9922919154090821,-0.010555930669200131
2001-12-10,0.9809762845244459,0.9921946126500952,-0.01121832812564938
2001-12-11,0.9799374145428382,0.9923973448546421,-0.012459930311803924
2001-12-12,0.980314795285835,0.9932311115592986,-0.012916316273463568
2001-12-13,0.9803991035792177,0.99365676644494,-0.013257662865722386
2001-12-14,0.9803991035792174,0.9945813386757811,-0.014182235096563689
2001-12-17,0.9801786347642572,0.9950690875937803,-0.01489045282952317
2001-12-18,0.9786133636848486,0.9947760151441658,-0.016162651459317168
2001-12-19,0.9783414123874118,0.9945343956464764,-0.016192983259064597
2001-12-20,0.9776433802298936,0.9945343956464764,-0.016891015416582777
2001-12-21,0.9768999537703048,0.9945343956464764,-0.01763444187617158
2001-12-24,0.9771204225852649,0.9946494350158769,-0.017529012430612
2001-12-26,0.9772354619546654,0.9940643833388906,-0.016828921384225204
2001-12-27,0.9777278820670626,0.9935236890838488,-0.01579580701678618
2001-12-28,0.978153536952704,0.9939493439694903,-0.01579580701678629
2001-12-31,0.9773811273570268,0.9940759240977792,-0.01669479674075247
2002-01-02,0.9776530786544638,0.99383430460009,-0.01618122594562621
2002-01-03,0.9778064880094548,0.994216624072529,-0.016410136063074177
2002-01-04,0.977631839471005,0.993456923857093,-0.015825084386088095
2002-01-07,0.9771394193586077,0.9931578490997406,-0.016018429741132878
2002-01-08,0.9772297596036751,0.9932728884691406,-0.01604312886546555
2002-01-09,0.9774713791013644,0.9932728884691407,-0.015801509367776356
2002-01-10,0.9773447989730755,0.9930056083661021,-0.01566080939302661
2002-01-11,0.9766229589467814,0.9923988077092083,-0.01577584876242688
2002-01-14,0.9766229589467814,0.9913599377276007,-0.014736978780819254
2002-01-15,0.9766229589467814,0.9910128887843513,-0.014389929837569926
2002-01-16,0.9767202617057685,0.9913599377276007,-0.014639676021832138
2002-01-17,0.9774421017320624,0.9919006319826423,-0.01445853025057997
2002-01-18,0.9787076702263885,0.9923262868682842,-0.013618616641895676
2002-01-22,0.9789749503294274,0.9919181750492694,-0.012943224719841995
2002-01-23,0.9781362181971596,0.9917154428447224,-0.013579224647562782
2002-01-24,0.9781362181971593,0.9914617623894406,-0.013325544192281269
2002-01-25,0.9775511665201733,0.9919181750492692,-0.014367008529095893
2002-01-28,0.9769661148431871,0.99167655555158,-0.014710440708392891
2002-01-29,0.9772838864171346,0.9914560867366197,-0.014172200319485073
2002-01-30,0.9788491574965432,0.9919438356546186,-0.013094678158075412
2002-01-31,0.979305570156372,0.991138264790646,-0.011832694634274055
2002-02-01,0.980065270371808,0.991278964765396,-0.011213694393587992
2002-02-04,0.9803325504748469,0.9914055448936849,-0.011072994418838022
2002-02-05,0.9789404018522316,0.9911639253959957,-0.012223523543764103
2002-02-06,0.9781969753926428,0.9909223058983063,-0.01272533050566349
2002-02-07,0.9784900478422573,0.9909223058983063,-0.012432258056048973
2002-02-08,0.9785743561356396,0.9911639253959955,-0.012589569260355926
2002-02-11,0.9784900478422571,0.9904658932384777,-0.011975845396220541
2002-02-12,0.9786533880524715,0.9903251932637277,-0.011671805211256214
2002-02-13,0.9788561202570187,0.9900261185063752,-0.011169998249356494
2002-02-14,0.9798226139939922,0.9896004636207338,-0.009777849626741664
2002-02-15,0.9800642334916815,0.9900085754397484,-0.009944341948066926
2002-02-19,0.9788763431552696,0.9899112726807615,-0.011034929525491899
2002-02-20,0.9790879436650235,0.9897705727060115,-0.010682629040988045
2002-02-21,0.9785532517177196,0.9900696474633642,-0.01151639574564467
2002-02-22,0.9783116322200304,0.9896615356443492,-0.011349903424318852
2002-02-25,0.9785532517177196,0.9894410668293891,-0.010887815111669585
2002-02-26,0.9784689434243373,0.9896826863270785,-0.01121374290274113
2002-02-27,0.9772906907382144,0.9896826863270785,-0.012391995588864058
2002-02-28,0.975826460104179,0.9898233863018281,-0.01399692619764914
2002-03-01,0.9752414084271928,0.9901224610591807,-0.014881052631987912
2002-03-04,0.9736287909896172,0.9901224610591806,-0.01649367006956337
2002-03-05,0.9736287909896172,0.9901224610591809,-0.016493670069563704
2002-03-06,0.9743884912050531,0.989855180956142,-0.015466689751088891
2002-03-07,0.9737816905481597,0.989728600827853,-0.015946910279693305
2002-03-08,0.974074762997774,0.9898076327446849,-0.015732869746910905
2002-03-11,0.974277495202321,0.9898076327446846,-0.015530137542363653
2002-03-12,0.974605553095762,0.9900103649492317,-0.015404811853469647
2002-03-13,0.9746055530957619,0.9900103649492319,-0.01540481185346998
2002-03-14,0.974605553095762,0.9897687454515425,-0.015163192355780453
2002-03-15,0.9753489795553509,0.98946967069419,-0.01412069113883907
2002-03-18,0.9760708195816449,0.9893906387773582,-0.013319819195713345
2002-03-19,0.9764531390540839,0.9890132580343612,-0.012560118980277313
2002-03-20,0.9752266260684219,0.9887141832770088,-0.013487557208586853
2002-03-21,0.9750389830643674,0.9885734833022588,-0.013534500237891378
2002-03-22,0.9753109343618044,0.9883318638045695,-0.013020929442765117
2002-03-25,0.9749335536188074,0.9882264343590098,-0.013292880740202406
2002-03-26,0.9750389830643674,0.9869608658646835,-0.01192188280031603
2002-03-27,0.9752266260684219,0.9874172785245122,-0.0121906524560903
2002-03-28,0.9753532061967111,0.9864927062936713,-0.011139500096960187
2002-04-01,0.975479786325,0.9857492798340822,-0.01026949350908224
2002-04-02,0.9745666767545728,0.9852145878867785,-0.010647911132205756
2002-04-03,0.9741683778879714,0.9847221677743813,-0.01055378988640987
2002-04-04,0.9728575566089268,0.9845955876460923,-0.01173803103716553
2002-04-05,0.9728575566089268,0.9841078387280932,-0.011250282119166344
2002-04-08,0.9733982508639687,0.9848296787543872,-0.01143142789041851
2002-04-09,0.9733009481049818,0.9851287535117397,-0.011827805406757874
2002-04-10,0.9734416480797313,0.9851287535117397,-0.011687105432008349
2002-04-11,0.9739076983898491,0.9851287535117399,-0.011221055121890755
2002-04-12,0.9729045526383197,0.9852694534864896,-0.01236490084816999
2002-04-15,0.9722291607162662,0.9846233297858876,-0.01239416906962143
2002-04-16,0.9719300859589137,0.9847817045684903,-0.01285161860957662
2002-04-17,0.9726219069972719,0.9850807793258429,-0.012458872328571013
2002-04-18,0.9726219069972719,0.9840836724109723,-0.011461765413700364
2002-04-19,0.9746639227304091,0.9844307213542217,-0.009766798623812578
2002-04-22,0.9758000954710038,0.9851904215696576,-0.009390326098653867
2002-04-23,0.9766338621756602,0.9853170016979466,-0.008683139522286387
2002-04-24,0.9766338621756602,0.9854916502363966,-0.008857788060736449
2002-04-25,0.9748123152574831,0.9857589303394353,-0.01094661508195216
2002-04-26,0.9743462649473653,0.9860005498371246,-0.011654284889759281
2002-04-29,0.9751735344192195,0.9864086616561393,-0.011235127236919773
2002-04-30,0.9754454857166562,0.9868650743159681,-0.011419588599311914
2002-05-01,0.9759410873422447,0.9861896823939147,-0.010248595051669973
2002-05-02,0.976056126711645,0.9851747699180061,-0.009118643206361132
2002-05-03,0.976056126711645,0.9850001213795563,-0.008943994667911292
2002-05-06,0.976056126711645,0.9843020892220382,-0.008245962510393223
2002-05-07,0.9759410873422447,0.9841870498526377,-0.008245962510393001
2002-05-08,0.9760314275873122,0.9838879750952852,-0.007856547507973044
2002-05-09,0.9762987076903509,0.9848060500933241,-0.00850734240297324
2002-05-10,0.9766457566336004,0.9846476753107214,-0.008001918677120967
2002-05-13,0.9765191765053113,0.9841599263927223,-0.007640749887411036
2002-05-14,0.976031427587312,0.9840333462644334,-0.008001918677121411
2002-05-15,0.9753396065489539,0.9838749714818305,-0.008535364932876544
2002-05-16,0.975560075363914,0.9839804009273906,-0.008420325563476605
2002-05-17,0.9739474579263386,0.9837131208243517,-0.009765662898013061
2002-05-20,0.9739474579263386,0.9839547403220411,-0.010007282395702477
2002-05-21,0.9739474579263389,0.9841423833260955,-0.010194925399756638
2002-05-22,0.9743248386693356,0.9842478127716556,-0.009922974102320015
2002-05-23,0.9744221414283227,0.9853726812912318,-0.010950539862909059
2002-05-24,0.97473991300227,0.9851054011881929,-0.010365488185922866
2002-05-28,0.975227661920269,0.9849026689836459,-0.009675007063376873
2002-05-29,0.975227661920269,0.9840753995117919,-0.008847737591522908
2002-05-30,0.9755207343698835,0.985556362297818,-0.010035627927934443
2002-05-31,0.9758487922633245,0.9857679628075718,-0.009919170544247291
2002-06-03,0.9768637047392328,0.9850461227812778,-0.008182418042045003
2002-06-04,0.9773080564414692,0.9856529234381716,-0.008344866996702338
2002-06-05,0.9792446427290464,0.9857502261971585,-0.006505583468112031
2002-06-06,0.9792446427290464,0.986097275140408,-0.006852632411361581
2002-06-07,0.9794562432388001,0.9858042026907935,-0.006347959451993401
2002-06-10,0.9790118915365638,0.9848796304599525,-0.005867738923388766
2002-06-11,0.9788242485325093,0.9851000992749127,-0.006275850742403444
2002-06-12,0.9790118915365638,0.9859273687467667,-0.006915477210202914
2002-06-13,0.9788242485325093,0.9868519409776078,-0.008027692445098489
2002-06-14,0.9785826290348201,0.9866314721626475,-0.008048843127827388
2002-06-17,0.978485326275833,0.9859853484620457,-0.007500022186212707
2002-06-18,0.978379896830273,0.9854929283496484,-0.007113031519375368
2002-06-19,0.978379896830273,0.9854929283496484,-0.007113031519375368
2002-06-20,0.9783798968302729,0.985067273464007,-0.006687376633734088
2002-06-21,0.9782895565852058,0.9856740741209006,-0.007384517535694801
2002-06-24,0.9782895565852058,0.9852813278398947,-0.006991771254688972
2002-06-25,0.9782895565852058,0.9855804025972472,-0.007290846012041441
2002-06-26,0.9779964841355913,0.9856707428423145,-0.007674258706723225
2002-06-27,0.9780868243806585,0.9855734400833276,-0.007486615702669064
2002-06-28,0.9780868243806585,0.9855734400833276,-0.007486615702669064
2002-07-01,0.9778663555656982,0.9849666394264338,-0.007100283860735579
2002-07-02,0.9775382976722572,0.9845843199539946,-0.007046022281737452
2002-07-03,0.9767110282004032,0.9844939797089274,-0.00778295150852415
2002-07-05,0.976125976523417,0.984705580218681,-0.008579603695264004
2002-07-08,0.9758082049494697,0.983983740192387,-0.008175535242917253
2002-07-09,0.9758082049494697,0.9851619928785098,-0.00935378792904007
2002-07-10,0.975500246327936,0.9844639607209918,-0.008963714393055877
2002-07-11,0.975500246327936,0.9841648859636392,-0.008664639635703186
2002-07-12,0.9748248544058823,0.9846526348816383,-0.009827780475756054
2002-07-15,0.9747345141608149,0.9848402778856928,-0.010105763724877925
2002-07-16,0.9750017942638538,0.9859394986549836,-0.010937704391129843
2002-07-17,0.9747990620593067,0.9862067787580225,-0.011407716698715875
2002-07-18,0.9756263315311606,0.9863474787327725,-0.01072114720161188
2002-07-19,0.976070683233397,0.9861663329615202,-0.010095649728123268
2002-07-22,0.9770371769703706,0.9861663329615202,-0.009129155991149607
2002-07-23,0.9773362517277231,0.9858732605119057,-0.00853700878418262
2002-07-24,0.978260823958564,0.9863534810405105,-0.008092657081946508
2002-07-25,0.9791034745274018,0.9860815297430735,-0.006978055215671741
2002-07-26,0.9799372412320579,0.986269172747128,-0.006331931515070055
2002-07-29,0.9794025492847545,0.9865411240445648,-0.00713857475981039
2002-07-30,0.9798902982027534,0.986638426803552,-0.006748128600798542
2002-07-31,0.9802183560961946,0.9868017670137663,-0.0065834109175717526
2002-08-01,0.9806747687560231,0.9869601417963689,-0.006285373040345821
2002-08-02,0.9812598204330096,0.9862004415809328,-0.004940621147923152
2002-08-05,0.9814802892479697,0.986688190498932,-0.005207901250962266
2002-08-06,0.9809878691355725,0.9865474905241823,-0.005559621388609881
2002-08-07,0.9814802892479697,0.9863891157415795,-0.004908826493609797
2002-08-08,0.9818626087204089,0.9865702615128316,-0.00470765279242269
2002-08-09,0.9821042282180981,0.9865702615128316,-0.004466033294733496
2002-08-12,0.9815695362707944,0.9861775152318258,-0.004607978961031489
2002-08-13,0.9808098360553582,0.9859238347765441,-0.005113998721185897
2002-08-14,0.9802247843783721,0.9863319465955588,-0.006107162217186657
2002-08-15,0.980984484593808,0.9861912466208091,-0.0052067620270010995
2002-08-16,0.980496735675809,0.9864449270760909,-0.00594819140028191
2002-08-19,0.9794818231999008,0.9868705819617324,-0.007388758761831538
2002-08-20,0.9799620437285053,0.9868705819617324,-0.006908538233227124
2002-08-21,0.9799620437285053,0.9875624030000907,-0.007600359271585422
2002-08-22,0.9798213437537555,0.9864262302594959,-0.006604886505740426
2002-08-23,0.9792145430968617,0.9866678497571851,-0.0074533066603234
2002-08-26,0.9790995037274615,0.9860963977279561,-0.006996894000494636
2002-08-27,0.9792578785100642,0.9854895970710625,-0.006231718560998356
2002-08-28,0.9797380990386689,0.9848142051490091,-0.005076106110340151
2002-08-29,0.9808109500056803,0.9846558303664061,-0.003844880360725833
2002-08-30,0.9808109500056803,0.9847708697358066,-0.003959919730126327
2002-09-03,0.9803852951200387,0.9846124949532037,-0.004227199833164996
2002-09-04,0.9790744738409944,0.984345214850165,-0.005270741009170576
2002-09-05,0.9796091657882979,0.9851636160168122,-0.005554450228514307
2002-09-06,0.9802845577103515,0.9854566884664268,-0.005172130756075255
2002-09-09,0.9806926695293663,0.9858340692094236,-0.005141399680057335
2002-09-10,0.9813116697700525,0.985425957390409,-0.004114287620356483
2002-09-11,0.9816939892424916,0.9851540060929719,-0.003460016850480252
2002-09-12,0.981018597320438,0.984455973935454,-0.0034373766150160856
2002-09-13,0.9798403446343154,0.9837641528970954,-0.003923808262780049
2002-09-16,0.9798403446343154,0.9838791922664959,-0.004038847632180542
2002-09-17,0.9798403446343154,0.9838791922664959,-0.004038847632180542
2002-09-18,0.9798403446343154,0.9838791922664959,-0.004038847632180542
2002-09-19,0.9805837710939043,0.9844198865215378,-0.003836115427633513
2002-09-20,0.9815172116299519,0.9850049381985239,-0.0034877265685719916
2002-09-23,0.9816226410755117,0.9860198506744323,-0.004397209598920648
2002-09-24,0.9816226410755117,0.9854851587271286,-0.003862517651616937
2002-09-25,0.981350689778075,0.9852435392294392,-0.0038928494513641443
2002-09-26,0.9808099955230332,0.9853489686749993,-0.004538973151966164
2002-09-27,0.9798765549869856,0.9844026978362768,-0.004526142849291204
2002-09-30,0.9802539357299823,0.9847204694102241,-0.004466533680241747
2002-10-01,0.9813901084705772,0.9843381499377851,-0.0029480414672079513
2002-10-02,0.9814804487156444,0.984689133152054,-0.003208684436409537
2002-10-03,0.981773521165259,0.985336329233424,-0.003562808068165002
2002-10-04,0.982358572842245,0.9857137099764207,-0.0033551371341756786
2002-10-07,0.9825219130524595,0.9856082805308607,-0.0030863674784011863
2002-10-08,0.9816831809201917,0.9857137099764207,-0.004030529056229026
2002-10-09,0.9820655003926305,0.9863891018984742,-0.004323601505843655
2002-10-10,0.9827873404189247,0.9865156820267631,-0.0037283416078384146
2002-10-11,0.982236219355316,0.9868627309700124,-0.004626511614696405
2002-10-14,0.9815143793290221,0.9862776792930262,-0.004763299964004153
2002-10-15,0.980983589231034,0.986685791112041,-0.005702201881007007
2002-10-16,0.981518281178338,0.9870681105844804,-0.005549829406142459
2002-10-17,0.9805151354268085,0.9872797110942338,-0.006764575667425388
2002-10-18,0.9808329070007558,0.987377013853221,-0.0065441068524652035
2002-10-21,0.9807178676313553,0.987377013853221,-0.006659146221865697
2002-10-22,0.9811622193335917,0.9878026687388626,-0.006640449405270865
2002-10-23,0.9818840593598858,0.9885245087651565,-0.006640449405270754
2002-10-24,0.9818840593598855,0.9886652087399064,-0.0067811493800208344
2002-10-25,0.9816635905449254,0.988423589242217,-0.006759998697291603
2002-10-28,0.9818840593598855,0.9887226639995697,-0.006838604639684109
2002-10-29,0.9798269456237836,0.9874961510139074,-0.007669205390123834
2002-10-30,0.9798269456237838,0.9876227311421963,-0.007795785518412535
2002-10-31,0.9795853261260944,0.9877200339011835,-0.008134707775089067
2002-11-01,0.9799676455985336,0.9880595544550382,-0.008091908856504682
2002-11-04,0.9798622161529736,0.9879011796724356,-0.008038963519461984
2002-11-05,0.9799676455985333,0.9876292283749988,-0.007661582776465448
2002-11-06,0.9798410654702444,0.9878496971899591,-0.008008631719714665
2002-11-07,0.9800615342852047,0.9884686974306452,-0.008407163145440544
2002-11-08,0.9759535040890552,0.9883632679850852,-0.01240976389602999
2002-11-11,0.9759535040890552,0.9883632679850852,-0.01240976389602999
2002-11-12,0.9764941983440971,0.9891970346897416,-0.012702836345644508
2002-11-13,0.9763534983693474,0.9895480179040103,-0.013194519534662885
2002-11-14,0.9765951178670368,0.9898152980070493,-0.013220180140012472
2002-11-15,0.9765951178670366,0.9898152980070491,-0.013220180140012583
2002-11-18,0.9765951178670366,0.9901623469502984,-0.0135672290832618
2002-11-19,0.9775082274374638,0.9904039664479878,-0.012895739010523988
2002-11-20,0.9772666079397745,0.9901623469502984,-0.012895739010523877
2002-11-21,0.981501218264213,0.9908541679886569,-0.009352949724443893
2002-11-22,0.981501218264213,0.9910288165271067,-0.009527598262893733
2002-11-25,0.982072670293442,0.9906817675838574,-0.008609097290415368
2002-11-26,0.981584921375443,0.9910288165271065,-0.00944389515166355
2002-11-27,0.9817256213501929,0.9911261192860936,-0.009400497935900698
2002-11-29,0.9819002698886425,0.990858839183055,-0.00895856929441241
2002-12-02,0.9816975376840957,0.9904144874808186,-0.008716949796722884
2002-12-03,0.9814948054795485,0.9907322590547658,-0.009237453575217325
2002-12-04,0.9821701974016022,0.989807686823925,-0.007637489422322785
2002-12-05,0.9820551580322017,0.9898980270689922,-0.007842869036790545
2002-12-06,0.9820551580322017,0.9900246071972812,-0.007969449165079578
2002-12-09,0.982152460791189,0.9898839072225313,-0.00773144643134227
2002-12-10,0.982011760816439,0.9897866044635444,-0.007774843647105345
2002-12-11,0.9821021010615064,0.9899893366680914,-0.007887235606584997
2002-12-12,0.9816939892424918,0.9892459102085025,-0.00755192096601065
2002-12-13,0.9812858774234768,0.9885705182864488,-0.0072846408629719805
2002-12-16,0.9812858774234768,0.9891555699634351,-0.007869692539958284
2002-12-17,0.9807511854761729,0.9893432129674896,-0.008592027491316712
2002-12-18,0.9810689570501204,0.9888988612652532,-0.007829904215132744
2002-12-19,0.9806433021644788,0.9892166328392005,-0.008573330674721658
2002-12-20,0.9810514139834937,0.9899600592987895,-0.008908645315295782
2002-12-23,0.9814595258025083,0.9903423787712284,-0.008882852968720156
2002-12-24,0.9820445774794947,0.9900493063216141,-0.008004728842119446
2002-12-26,0.981903877504745,0.9893574852832557,-0.007453607778510785
2002-12-27,0.981369185557441,0.9892424459138554,-0.007873260356414336
2002-12-30,0.9816108050551304,0.9884990194542667,-0.006888214399136228
2002-12-31,0.9824292062217779,0.9880112705362675,-0.005582064314489599
2003-01-02,0.9849119748435214,0.9877439904332288,-0.0028320155897073596
2003-01-03,0.9852514953973762,0.9876174103049397,-0.002365914907563438
2003-01-06,0.9853665347667765,0.9882635340055413,-0.0028969992387648524
2003-01-07,0.9851918862283267,0.9880430651905813,-0.002851178962254619
2003-01-08,0.9853665347667765,0.9888614663572287,-0.0034949315904522216
2003-01-09,0.9855692669713235,0.989179237931176,-0.003609970959852493
2003-01-10,0.9862153906719252,0.9888614663572287,-0.002646075685303506
2003-01-13,0.9867500826192291,0.9877622455879377,-0.001012162968708541
2003-01-14,0.987017362722268,0.9879649777924847,-0.0009476150702166786
2003-01-15,0.9873644116655172,0.988185446607445,-0.0008210349419277563
2003-01-16,0.9871439428505567,0.9880881438484581,-0.0009442009979013788
2003-01-17,0.9869234740355965,0.9874420201478562,-0.0005185461122596546
2003-01-21,0.9864791223333604,0.9872836453652533,-0.0008045230318928231
2003-01-22,0.9861320733901109,0.9875555966626903,-0.0014235232725794411
2003-01-23,0.985591379135069,0.9882990231222791,-0.0027076439872101288
2003-01-24,0.9864251458397254,0.9891262925941331,-0.0027011467544076906
2003-01-27,0.9863101064703251,0.9884509006720797,-0.0021407942017546144
2003-01-28,0.9870319464966191,0.9880252457864381,-0.0009932992898190607
2003-01-29,0.987158526624908,0.9884509006720797,-0.0012923740471717515
2003-01-30,0.9874762981988555,0.9877590796337211,-0.0002827814348655977
2003-01-31,0.9873789954398685,0.9882468285517203,-0.0008678331118517901
2003-02-03,0.9873789954398685,0.9883441313107074,-0.0009651358708389068
2003-02-04,0.9873789954398685,0.9877251310700211,-0.00034613563015262194
2003-02-05,0.9871373759421792,0.9872449105414164,-0.00010753459923718012
2003-02-06,0.9868957564444898,0.9865014840818277,0.00039427236266209587
2003-02-07,0.9866284763414509,0.9858034519243096,0.0008250244171412735
2003-02-10,0.9863354038918366,0.9858034519243094,0.0005319519675272
2003-02-11,0.9868231528098358,0.9858034519243094,0.0010197008855263867
2003-02-12,0.9872054722822747,0.9858034519243096,0.0014020203579651058
2003-02-13,0.9874082044868219,0.9856980224787497,0.0017101820080721586
2003-02-14,0.9871665849891326,0.9861782430073545,0.000988341981778107
2003-02-18,0.9893059034812568,0.986921669466943,0.0023842340143137575
2003-02-19,0.9897936523992558,0.9871632889646325,0.0026303634346233062
2003-02-20,0.9897936523992558,0.9870482495952321,0.002745402804023689
2003-02-21,0.9899520271818587,0.9866038978929959,0.0033481292888628555
2003-02-24,0.9900786073101476,0.9868969703426104,0.0031816369675372602
2003-02-25,0.9899520271818587,0.9873847192606093,0.0025673079212493732
2003-02-26,0.9902450996314731,0.9872874165016222,0.0029576831298508965
2003-02-27,0.9903601390008733,0.9876344654448715,0.0027256735560017287
2003-02-28,0.9899157872986372,0.9871901137426351,0.0027256735560020617
2003-03-03,0.990298106771076,0.9862770041722081,0.004021102598867898
2003-03-04,0.9905397262687654,0.9863743069311952,0.0041654193375701976
2003-03-05,0.9904342968232055,0.9865008870594844,0.003933409763721141
2003-03-06,0.9905608769514943,0.9863132440554295,0.004247632896064779
2003-03-07,0.9905608769514943,0.9869590735228179,0.003601803428676442
2003-03-10,0.9902138280082452,0.9869590735228179,0.003254754485427336
2003-03-11,0.9904165602127922,0.9874034252250544,0.003013134987737809
2003-03-12,0.9902899800845031,0.9872222794538023,0.0030677006307008314
2003-03-13,0.9902899800845031,0.9874034252250544,0.0028865548594486645
2003-03-14,0.9902899800845031,0.9875300053533435,0.002759974731159631
2003-03-17,0.9900695112695429,0.9875300053533435,0.002539505916199447
2003-03-18,0.9898818682654885,0.9869110051126573,0.002970863152831238
2003-03-19,0.9904165602127922,0.9870260444820573,0.0033905157307349
2003-03-20,0.9907156349701449,0.9873770276963263,0.003338607273818628
2003-03-21,0.9910626839133939,0.98693267599409,0.004130007919303957
2003-03-24,0.991189264041683,0.9868272465485298,0.004362017493153125
2003-03-25,0.9908422150984338,0.987446246789216,0.003395968309217845
2003-03-26,0.9909476445439938,0.987446246789216,0.0035013977547777575
2003-03-27,0.9905653250715546,0.9873312074198157,0.003234117651738866
2003-03-28,0.9899192013709528,0.9868868557175794,0.0030323456533734028
2003-03-31,0.9900342407403531,0.9874379767811879,0.0025962639591651238
2003-04-01,0.989651921267914,0.9877052568842268,0.00194666438368718
2003-04-02,0.9898723900828743,0.9881854774128316,0.0016869126700427284
2003-04-03,0.9903167417851106,0.9884059462277917,0.0019107955573189894
2003-04-04,0.9902113123395506,0.9883156059827244,0.0018957063568262322
2003-04-07,0.9902113123395506,0.9882101765371643,0.002001135802386367
2003-04-08,0.9897235634215514,0.9875911762964783,0.002132387125073132
2003-04-09,0.9898289928671115,0.9879382252397276,0.001890767627383827
2003-04-10,0.9900962729701503,0.9877975252649777,0.002298747705172688
2003-04-11,0.9904433219133997,0.9877975252649777,0.0026457966484220163
2003-04-14,0.99066379072836,0.9881798447374166,0.0024839459909433703
2003-04-15,0.99066379072836,0.9871827378225462,0.0034810529058137973
2003-04-16,0.9904221712306706,0.9867025172939415,0.003719653936729017
2003-04-17,0.9902194390261234,0.9867928575390088,0.0034265814871146105
2003-04-21,0.9902194390261236,0.986262067441021,0.003957371585102676
2003-04-22,0.9902194390261236,0.986262067441021,0.003957371585102676
2003-04-23,0.9900167068215766,0.9855459970004723,0.004470709821104313
2003-04-24,0.9899112773760165,0.9858637685744196,0.004047508801596877
2003-04-25,0.9902103521333689,0.9857371884461306,0.0044731636872383795
2003-04-28,0.9898633031901197,0.985130387789237,0.00473291540088272
2003-04-29,0.990104922687809,0.985622807901634,0.0044821147861749955
2003-04-30,0.9902103521333692,0.985130387789237,0.00507996434413216
2003-05-01,0.9902103521333689,0.9852710877639865,0.004939264369382412
2003-05-02,0.9900519773507664,0.9857154394662231,0.004336537884543357
2003-05-05,0.9893765854287125,0.9857154394662231,0.003661145962489454
2003-05-06,0.9890295364854635,0.985842019594512,0.003187516890951536
2003-05-07,0.9888268042809165,0.98461550660885,0.004211297672066516
2003-05-08,0.9890295364854635,0.9856543765904576,0.003375159895005919
2003-05-09,0.988711764911516,0.9847209360544099,0.00399082885710611
2003-05-12,0.9884444848084774,0.9844793165567207,0.0039651682517566345
2003-05-13,0.9886861043061665,0.9841283333424519,0.00455777096371468
2003-05-14,0.9883465837523117,0.9836481128138471,0.0046984709384645384
2003-05-15,0.9881438515477646,0.982820843341993,0.005323008205771584
2003-05-16,0.9882492809933247,0.9827154138964332,0.005533867096891409
2003-05-19,0.9884520131978717,0.9817819733603853,0.0066700398374863745
2003-05-20,0.9885927131726217,0.9808574011295444,0.007735312043077203
2003-05-21,0.9895592069095951,0.9808574011295444,0.008701805780050642
2003-05-22,0.9907470972460067,0.9814642017864381,0.009282895459568619
2003-05-23,0.9908736773742959,0.9805179309477158,0.010355746426580104
2003-05-27,0.9908736773742957,0.9795933587168747,0.011280318657420962
2003-05-28,0.9904913579018567,0.977992346544659,0.012499011357197665
2003-05-29,0.9900036089838578,0.976699026762687,0.013304582221170702
2003-05-30,0.9895954971648427,0.9761643348153836,0.01343116234945918
2003-06-02,0.9891077482468438,0.9757199831131472,0.01338776513369655
2003-06-03,0.9883859082205498,0.975478363615458,0.012907544605091803
2003-06-04,0.9878008565435635,0.9754783636154578,0.012322492928105722
2003-06-05,0.987988499547618,0.9742127951211315,0.013775704426486568
2003-06-06,0.9875441478453818,0.9746930156497362,0.012851132195645598
2003-06-09,0.987988499547618,0.9750107872236838,0.012977712323934187
2003-06-10,0.9878138510091684,0.9755729294142919,0.012240921594876553
2003-06-11,0.9874960794352208,0.9762947694405859,0.011201309994634867
2003-06-12,0.9871970046778683,0.9762947694405857,0.01090223523728262
2003-06-13,0.986378603511221,0.9759020231595799,0.010476580351641118
2003-06-16,0.9859221908513922,0.9758047204005929,0.01011747045079936
2003-06-17,0.9847860181107975,0.9747548292919856,0.01003118881881182
2003-06-18,0.9843603632251561,0.9745171116436121,0.009843251581543977
2003-06-19,0.9841187437274667,0.974622541089172,0.009496202638294649
2003-06-20,0.9841187437274667,0.9749970402757258,0.009121703451740903
2003-06-23,0.9843724241827484,0.9742144292701572,0.010157994912591173
2003-06-24,0.9840329036288936,0.9740737292954075,0.009959174333486143
2003-06-25,0.9833575117068398,0.9721550566362375,0.011202455070602357
2003-06-26,0.9835779805218001,0.972270096005638,0.011307884516162159
2003-06-27,0.9832849080721858,0.9718444411199963,0.011440466952189476
2003-06-30,0.9833822108311729,0.9715453663626439,0.011836844468529062
2003-07-01,0.982246038090578,0.9718646640182474,0.01038137407233053
2003-07-02,0.981991588290214,0.9728109348569699,0.009180653433244146
2003-07-03,0.9822588683932527,0.9734581309383398,0.008800737454912944
2003-07-07,0.9821438290238527,0.9733527014927796,0.008791127531073029
2003-07-08,0.9829035292392884,0.9728547933012582,0.010048735938030129
2003-07-09,0.9831579790396525,0.9724564944346568,0.010701484604995759
2003-07-10,0.9820851280726413,0.9722148749369675,0.009870253135673801
2003-07-11,0.9815504361253373,0.9721245346919001,0.009425901433437245
2003-07-14,0.981762036635091,0.972027231932913,0.009734804702178024
2003-07-15,0.9825676074990638,0.9712446209273446,0.011322986571719151
2003-07-16,0.9821852880266244,0.9704173514554907,0.01176793657113373
2003-07-17,0.9819180079235856,0.9694927792246496,0.01242522869893603
2003-07-18,0.9809999329255469,0.9683935584553587,0.012606374470188197
2003-07-21,0.9802402327101111,0.9673207074883475,0.01291952522176354
2003-07-22,0.9803305729551786,0.9659285588657323,0.014402014089446302
2003-07-23,0.9806483445291257,0.9655462393932931,0.015102105135832655
2003-07-24,0.979714903993078,0.9633082690785194,0.016406634914558627
2003-07-25,0.9786156832237871,0.9624695369462514,0.016146146277535744
2003-07-28,0.979337523250081,0.9612387767334812,0.018098746516599817
2003-07-29,0.9790830734497171,0.961344206179041,0.017738867270676084
2003-07-30,0.9796681251267032,0.9604261311810024,0.019241993945700808
2003-07-31,0.9796681251267032,0.9609668254360443,0.018701299690658924
2003-08-01,0.9792020748165855,0.9619002659720919,0.017301808844493616
2003-08-04,0.9790437000339829,0.962102998176639,0.016940701857343865
2003-08-05,0.9791491294795428,0.9619879588072386,0.01716117067230416
2003-08-06,0.979149129479543,0.9617674899922785,0.017381639487264566
2003-08-07,0.9802219804465542,0.9615558894825246,0.018666090964029602
2003-08-08,0.9806476353321958,0.9632658096790873,0.01738182565310853
2003-08-11,0.9810250160751927,0.9629312416977798,0.018093774377412886
2003-08-12,0.9817684425347817,0.962580258483511,0.01918818405127065
2003-08-13,0.9824902825610756,0.9634862784940474,0.01900400406702818
2003-08-14,0.9830249745083793,0.9636609270324974,0.01936404747588194
2003-08-15,0.9831222772673665,0.9634404582175371,0.019681819049829352
2003-08-18,0.9835045967398055,0.9637582297914845,0.019746366948320992
2003-08-19,0.9833018645352585,0.9609182425415433,0.02238362199371513
2003-08-20,0.9834072939808184,0.9598793725599357,0.02352792142088267
2003-08-21,0.9849725650602271,0.9587801517906448,0.026192413269582326
2003-08-22,0.9848752623012401,0.959000620605605,0.025874641695635137
2003-08-25,0.9848752623012401,0.9595286707238163,0.025346591577423805
2003-08-26,0.98487526230124,0.960446745721855,0.02442851657938505
2003-08-27,0.98487526230124,0.9608290651942941,0.024046197106945888
2003-08-28,0.9847698328556801,0.960934494639854,0.023835338215826063
2003-08-29,0.9845161524003984,0.9613909072996829,0.023125245100715452
2003-09-02,0.9847698328556801,0.9622943082620466,0.022475524593633445
2003-09-03,0.9844188496414112,0.961753614007005,0.022665235634406256
2003-09-04,0.984198380826451,0.9626870545430526,0.021511326283398358
2003-09-05,0.9843134201958511,0.9631518939746736,0.021161526221177507
2003-09-08,0.9843134201958511,0.9628982135193919,0.021415206676459242
2003-09-09,0.9839663712526019,0.9628982135193919,0.021068157733210024
2003-09-10,0.9844107229548382,0.9639131259953003,0.0204975969595379
2003-09-11,0.98448975487167,0.963620053545686,0.02086970132598398
2003-09-12,0.9843021118676156,0.9642210846168344,0.020081027250781203
2003-09-15,0.9845740631650527,0.9626866130096382,0.02188745015541449
2003-09-16,0.9844767604060656,0.9621558229116501,0.022320937494415438
2003-09-17,0.9836380282737978,0.9612524219492864,0.022385606324511365
2003-09-18,0.9840944409336266,0.962696517166692,0.021397923766934612
2003-09-19,0.9838917087290794,0.9632975482378404,0.020594160491238966
2003-09-22,0.982818857762068,0.9637229088902685,0.01909594887179955
2003-09-23,0.9819850910574116,0.9633455281472716,0.018639562910140017
2003-09-24,0.9817646222424514,0.9632482253882845,0.01851639685416695
2003-09-25,0.9805767319060396,0.9617672626022581,0.018809469303781468
2003-09-26,0.9798170316906036,0.9611211389016563,0.018695892788947344
2003-09-29,0.9794775111367487,0.9606333899836573,0.01884412115309142
2003-09-30,0.9799031660223904,0.9606333899836573,0.019269776038733033
2003-10-01,0.9798128257773229,0.9607388194292172,0.019074006348105632
2003-10-02,0.9793564131174941,0.9592947242118116,0.020061688905682495
2003-10-03,0.9796494855671086,0.9591135784405593,0.02053590712654929
2003-10-06,0.9798699543820689,0.9578202586585878,0.022049695723481144
2003-10-07,0.9794442994964273,0.9582025781310269,0.021241721365400368
2003-10-08,0.9797373719460418,0.9576618838759848,0.022075488070056992
2003-10-09,0.9795497289419872,0.9571211896209432,0.02242853932104405
2003-10-10,0.9793120112936139,0.956165119801384,0.023146891492229926
2003-10-13,0.9789346305506167,0.9562554600464516,0.022679170504165125
2003-10-14,0.9780919799817791,0.9554515614767427,0.022640418505036397
2003-10-15,0.977976940612379,0.9554515614767427,0.022525379135636348
2003-10-16,0.9791648309487905,0.9562571323407152,0.02290769860807529
2003-10-17,0.9791648309487907,0.9562571323407152,0.02290769860807551
2003-10-20,0.9791648309487905,0.9563625617862753,0.022802269162515154
2003-10-21,0.980111101787513,0.9553073156884508,0.024803786099062197
2003-10-22,0.9805367566731547,0.9551045834839038,0.02543217318925084
2003-10-23,0.980757225488115,0.9557034169218994,0.02505380856621553
2003-10-24,0.9806165255133651,0.9551789609220632,0.025437564591301864
2003-10-27,0.9789722225171247,0.956017693054331,0.022954529462793638
2003-10-28,0.978673147759772,0.9566244937112247,0.022048654048547278
2003-10-29,0.9798514004458948,0.9573679201708135,0.02248348027508129
2003-10-30,0.9804524315170432,0.9589638605236797,0.021488570993363543
2003-10-31,0.9813858720530909,0.9589638605236799,0.022422011529411034
2003-11-03,0.9829511431324995,0.9599609674385503,0.022990175693949233
2003-11-04,0.983376798018141,0.961351589979509,0.02202520803863206
2003-11-05,0.9831563292031809,0.9613515899795092,0.021804739223671654
2003-11-06,0.9827789484601839,0.9632881762670864,0.019490772193097472
2003-11-07,0.9814560773627414,0.9637759251850855,0.01768015217765595
2003-11-10,0.9816588095672886,0.9639166251598352,0.017742184407453343
2003-11-11,0.9827580303365795,0.9634602125000065,0.019297817836573028
2003-11-12,0.9834498513749378,0.9648491627467014,0.018600688628236384
2003-11-13,0.983832170847377,0.9662397852876603,0.01759238555971665
2003-11-14,0.9830049013755228,0.9648491627467014,0.01815573862882136
2003-11-17,0.9827933008657693,0.9653152130568192,0.017478087808950105
2003-11-18,0.9819877300017965,0.9638080250648038,0.018179704936992724
2003-11-19,0.9824537803119141,0.9634257055923646,0.01902807471954948
2003-11-20,0.9824537803119143,0.9614856342820612,0.020968146029853085
2003-11-21,0.9824537803119145,0.9617272537797505,0.020726526532164002
2003-11-24,0.9824537803119141,0.9624490938060445,0.020004686505869618
2003-11-25,0.983169850752463,0.9643891651163479,0.018780685636115124
2003-11-26,0.9828520791785156,0.9643891651163479,0.018462914062167712
2003-11-28,0.983151153935868,0.9643891651163479,0.01876198881952018
2003-12-01,0.9833322997071202,0.9632012747799362,0.020131024927183994
2003-12-02,0.9834729996818702,0.9628835032059887,0.020589496475881486
2003-12-03,0.9837660721314847,0.9639563541730004,0.019809717958484296
2003-12-04,0.9837660721314845,0.9656662743695629,0.01809979776192161
2003-12-05,0.9828198012927621,0.9665997149056105,0.016220086387151667
2003-12-08,0.9830575189411358,0.9675557847251696,0.015501734215966234
2003-12-09,0.9831982189158854,0.9677304332636194,0.01546778565226603
2003-12-10,0.9830575189411358,0.9676250038180595,0.015432515123076307
2003-12-11,0.9820910252041621,0.9686221107329301,0.013468914471231996
2003-12-12,0.982547437863991,0.9702473517215879,0.012300086142403077
2003-12-15,0.9825474378639908,0.9702473517215879,0.012300086142402855
2003-12-16,0.9831664381046772,0.9702473517215879,0.012919086383089251
2003-12-17,0.983166438104677,0.968961631286785,0.014204806817891935
2003-12-18,0.9840998786407248,0.9683548306298913,0.01574504801083354
2003-12-19,0.984446927583974,0.9682644903848238,0.016182437199150246
2003-12-22,0.9843203474556851,0.966873867843865,0.01744647961182011
2003-12-23,0.9838946925700435,0.966873867843865,0.017020824726178496
2003-12-24,0.9832878919131499,0.9664964871008682,0.016791404812281696
2003-12-26,0.9838946925700435,0.9673020579648408,0.01659263460520266
2003-12-29,0.983343571506435,0.9675693380678795,0.01577423343855555
2003-12-30,0.9839503721633287,0.9682447299899332,0.01570564217339554
2003-12-31,0.9831231026914747,0.9682447299899332,0.014878372701541576
2004-01-02,0.98264288216287,0.9682447299899332,0.014398152172936829
2004-01-05,0.9829899311061193,0.9678624105174942,0.015127520588625099
2004-01-06,0.9838236978107755,0.9673627533577636,0.01646094445301194
2004-01-07,0.9846509672826297,0.9669370984721221,0.017713868810507627
2004-01-08,0.98476600665203,0.9682304182540938,0.01653558839793612
2004-01-09,0.9844729342024154,0.9693296390233848,0.01514329517903068
2004-01-12,0.9840648223834007,0.9692392987783173,0.01482552360508338
2004-01-13,0.9838111419281189,0.9680514084419055,0.0157597334862134
2004-01-14,0.983670441953369,0.9681664478113058,0.01550399414206316
2004-01-15,0.9843922819796632,0.967537197780047,0.016855084199616233
2004-01-16,0.9852260486843195,0.9678302702296615,0.017395778454658006
2004-01-20,0.9849587685812808,0.96740461534402,0.01755415323726084
2004-01-21,0.9847171490835914,0.966577345872166,0.018139803211425387
2004-01-22,0.9842247289711942,0.9648674256756036,0.0193573032955906
2004-01-23,0.9836900370238902,0.9659922941951797,0.017697742828710505
2004-01-26,0.9835846075783303,0.9654411731315711,0.018143434446759255
2004-01-27,0.9835846075783303,0.9664560856074798,0.017128521970850574
2004-01-28,0.9838050763932907,0.9672157858229157,0.01658929057037506
2004-01-29,0.9838841083101226,0.9679293441475569,0.015954764162565693
2004-01-30,0.9840248082848724,0.9684700384025988,0.015554769882273556
2004-02-02,0.9839097689154719,0.9671767186206273,0.01673305029484462
2004-02-03,0.9842871496584689,0.967176718620627,0.017110431037841822
2004-02-04,0.9842871496584689,0.9667686068016123,0.01751854285685661
2004-02-05,0.9842871496584689,0.96668429850823,0.017602851150238852
2004-02-06,0.9846341986017182,0.9681810625828311,0.016453136018887093
2004-02-09,0.9850165180741574,0.9687157545301348,0.016300763544022545
2004-02-10,0.9857762182895934,0.9687157545301348,0.017060463759458577
2004-02-11,0.9856496381613042,0.9691085008111406,0.016541137350163604
2004-02-12,0.9840843670818956,0.9684613047297707,0.015623062352124961
2004-02-13,0.9837020476094565,0.968905656432007,0.014796391177449464
2004-02-17,0.9833549986662075,0.9684132363196098,0.014941762346597609
2004-02-18,0.9828672497482082,0.9691729365350457,0.013694313213162501
2004-02-19,0.9818701428333374,0.9691729365350457,0.012697206298291741
2004-02-20,0.9811104426179017,0.9702721573043366,0.010838285313565121
2004-02-23,0.9805389905886726,0.9713450082713481,0.00919398231732449
2004-02-24,0.9805389905886727,0.9713450082713481,0.0091939823173246
2004-02-25,0.9812370227461906,0.9727891034887538,0.00844791925743682
2004-02-26,0.9810165539312303,0.9734809245271122,0.007535629404118116
2004-02-27,0.9804857638332422,0.9734809245271122,0.00700483930612994
2004-03-01,0.9806604123716922,0.9734809245271122,0.0071794878445800014
2004-03-02,0.9811481612896912,0.9741266330628963,0.007021528226794915
2004-03-03,0.9816828532369949,0.9739519845244465,0.0077308687125483555
2004-03-04,0.9816828532369949,0.9743776394100881,0.007305213826906742
2004-03-05,0.980939426777406,0.975476860179379,0.005462566598027019
2004-03-08,0.9800967762085684,0.9747334337197899,0.005363342488778455
2004-03-09,0.9802995084131156,0.9739847377686246,0.006314770644491041
2004-03-10,0.9801940789675555,0.9738581576403355,0.006335921327220051
2004-03-11,0.9804145477825157,0.974078626455296,0.006335921327219718
2004-03-12,0.9807919285255127,0.9745765346468175,0.006215393878695186
2004-03-15,0.9810910032828651,0.9749235835900669,0.006167419692798215
2004-03-16,0.9815166581685068,0.9747031147751066,0.006813543393400123
2004-03-17,0.9817582776661962,0.9752438090301484,0.0065144686360477655
2004-03-18,0.9814592029088435,0.9756881607323848,0.0057710421764586295
2004-03-19,0.9810335480232019,0.9759812331819994,0.005052314841202499
2004-03-22,0.9811919228058048,0.9759812331819991,0.005210689623805664
2004-03-23,0.982316791325381,0.9757092818845623,0.006607509440818671
2004-03-24,0.9813987163273423,0.9755827017562734,0.00581601457106895
2004-03-25,0.9818943179529307,0.9755827017562734,0.006311616196657321
2004-03-26,0.981640637497649,0.9758757742058877,0.005764863291761291
2004-03-29,0.9817813374723987,0.9752296505052859,0.006551686967112835
2004-03-30,0.9820804122297514,0.9752296505052859,0.006850761724465526
2004-03-31,0.9813643417892025,0.9738375018826706,0.0075268399065319125
2004-04-01,0.9817724536082175,0.9731394697251525,0.008632983883064993
2004-04-02,0.9812317593531754,0.9735651246107944,0.007666634742381051
2004-04-05,0.9813583394814646,0.9738641993681468,0.0074941401133177266
2004-04-06,0.9812317593531756,0.9737738591230793,0.007457900230096293
2004-04-07,0.9814344915577226,0.974746260943527,0.006688230614195545
2004-04-08,0.9819222404757216,0.9742154708455389,0.007706769630182686
2004-04-12,0.9829950914427332,0.9752653619541461,0.007729729488587078
2004-04-13,0.9841368167689233,0.9759407538761996,0.008196062892723677
2004-04-14,0.9848802432285124,0.977978731966203,0.006901511262309423
2004-04-15,0.9855782753860303,0.9789620825097906,0.006616192876239713
2004-04-16,0.9867661657224421,0.9807836294279675,0.00598253629447465
2004-04-19,0.986940814260892,0.9816967389983947,0.005244075262497261
2004-04-20,0.986940814260892,0.9816967389983947,0.005244075262497261
2004-04-21,0.9868435115019046,0.9812523872961583,0.005591124205746367
2004-04-22,0.9872878632041412,0.9816967389983947,0.005591124205746478
2004-04-23,0.9871612830758522,0.9819383584960839,0.005222924579768251
2004-04-26,0.986778963603413,0.9816967389983947,0.005082224605018282
2004-04-27,0.9861939119264269,0.9799780585639949,0.006215853362432022
2004-04-28,0.9853883410624543,0.9793930068870088,0.00599533417544551
2004-04-29,0.9857964528814691,0.9801985777509814,0.005597875130487706
2004-04-30,0.9853707979958275,0.9806429294532176,0.00472786854260987
2004-05-03,0.9857635442768333,0.981767797972794,0.003995746304039316
2004-05-04,0.9854704718272188,0.9820094174704833,0.0034610543567354934
2004-05-05,0.9858175207704681,0.9823564664137326,0.0034610543567354934
2004-05-06,0.9853297718524691,0.9824830465420216,0.0028467253104474954
2004-05-07,0.9848854201502325,0.9823564664137326,0.0025289537364998615
2004-05-10,0.9849827229092198,0.983429317380744,0.0015534055284758264
2004-05-11,0.9850800256682067,0.9843424269511712,0.0007375987170354925
2004-05-12,0.9843203254527708,0.9842158468228821,0.0001044786298887157
2004-05-13,0.9844469055810597,0.9846601985251185,-0.00021329294405880717
2004-05-14,0.9841291340071124,0.986050051720995,-0.0019209177138825861
2004-05-17,0.9837363877261066,0.9861907516957448,-0.0024543639696381625
2004-05-18,0.9837363877261066,0.9846835637037294,-0.0009471759776228383
2004-05-19,0.9844960879415428,0.9839111541080522,0.000584933833490564
2004-05-20,0.9849217428271841,0.9837084219035049,0.0012133209236792064
2004-05-21,0.9846544627241455,0.9843542513708933,0.00030021135325219994
2004-05-24,0.9863731431585452,0.9844596808164534,0.0019134623420917762
2004-05-25,0.9873065836945926,0.9849521009288507,0.0023544827657419054
2004-05-26,0.9873065836945926,0.9840389913584234,0.003267592336169134
2004-05-27,0.9873065836945928,0.9840389913584234,0.003267592336169356
2004-05-28,0.9872092809356057,0.9838982913836735,0.0033109895519322086
2004-06-01,0.986668586680564,0.9844494124472821,0.0022191742332818842
2004-06-02,0.9876656935954344,0.9843343730778816,0.003331320517552805
2004-06-03,0.9874120131401527,0.9844750730526316,0.0029369400875211005
2004-06-04,0.9874120131401527,0.9844750730526316,0.0029369400875211005
2004-06-07,0.9869863582545113,0.9844750730526316,0.0025112852018797094
2004-06-08,0.9867447387568219,0.9844750730526316,0.0022696657041902935
2004-06-09,0.9868501682023819,0.9844750730526316,0.002375095149750317
2004-06-10,0.9865570957527674,0.9839826529402343,0.002574442812533051
2004-06-14,0.9871421474297536,0.9842203705886079,0.0029217768411456957
2004-06-15,0.9876932684933623,0.9838733216453587,0.0038199468480035748
2004-06-16,0.9882339627484041,0.9829602120749314,0.005273750673472688
2004-06-17,0.988616282220843,0.9829602120749314,0.005656070145911518
2004-06-18,0.9875170614515522,0.9830345895130908,0.004482471938461408
2004-06-21,0.986825240413194,0.9825421694006935,0.004283071012500472
2004-06-22,0.9872179866941997,0.9827958498559752,0.004422136838224455
2004-06-23,0.9869763671965105,0.9827958498559752,0.004180517340535261
2004-06-24,0.9874641161145095,0.9835555500714112,0.003908566043098305
2004-06-25,0.9883028482467775,0.9837760188863717,0.004526829360405826
2004-06-28,0.9883028482467775,0.9832452287883836,0.005057619458393892
2004-06-29,0.9885444677444667,0.9814236818702067,0.007120785874260016
2004-06-30,0.9885444677444665,0.9829779486853447,0.005566519059121755
2004-07-01,0.9878464355869486,0.9835630003623309,0.004283435224617715
2004-07-02,0.9872749835577196,0.9846622211316217,0.00261276242609787
2004-07-06,0.9872749835577196,0.9846622211316217,0.00261276242609787
2004-07-07,0.987516603055409,0.9843631463742692,0.0031534566811397546
2004-07-08,0.9871695541121596,0.9836034461588332,0.0035661079533263473
2004-07-09,0.9877763547690531,0.9828600196992445,0.004916335069808597
2004-07-12,0.987555885954093,0.9821003194838084,0.005455566470284667
2004-07-13,0.9878231660571318,0.9817607989299536,0.006062367127178225
2004-07-14,0.9875053944831844,0.9817607989299536,0.0057445955532308135
2004-07-15,0.987931049368826,0.9819419447012057,0.005989104667620371
2004-07-16,0.98875831884068,0.9828600196992445,0.00589829914143547
2004-07-19,0.9884910387376411,0.9834007139542862,0.005090324783354916
2004-07-20,0.987905987060655,0.983159094456597,0.004746892604058028
2004-07-21,0.9879059870606548,0.983018394481847,0.004887592578807776
2004-07-22,0.9876387069576161,0.9824777002268054,0.005161006730810769
2004-07-23,0.9877794069323661,0.9830967004674915,0.004682706464874564
2004-07-26,0.9879201069071158,0.982803628017877,0.005116478889238829
2004-07-27,0.9875119950881008,0.983716737588304,0.0037952574997968114
2004-07-28,0.9868929948474149,0.9836113081427441,0.003281686704670772
2004-07-29,0.9867522948726649,0.9829923079020579,0.0037599869706069766
2004-07-30,0.9867522948726651,0.9831073472714582,0.003644947601206927
2004-08-02,0.9868929948474149,0.9824093151139404,0.0044836797334745215
2004-08-03,0.9867664147191257,0.9825358952422293,0.004230519476896455
2004-08-04,0.9865286970707522,0.9826942700248318,0.0038344270459204077
2004-08-05,0.9866130053641347,0.9829147388397922,0.003698266524342464
2004-08-06,0.9863457252610958,0.9827563640571894,0.003589361203906405
2004-08-09,0.9860784451580571,0.9824168435033347,0.0036616016547224017
2004-08-10,0.9860784451580569,0.9842171039449646,0.0018613412130922269
2004-08-11,0.9860784451580569,0.9842171039449646,0.0018613412130922269
2004-08-12,0.9863715176076714,0.9841020645755643,0.002269453032107127
2004-08-13,0.9862131428250689,0.9833296549798869,0.002883487845181998
2004-08-16,0.9857329222964641,0.9836227274295014,0.0021101948669627335
2004-08-17,0.984973222081028,0.9834022586145409,0.0015709634664871075
2004-08-18,0.9857456316767054,0.9834022586145409,0.0023433730621644777
2004-08-19,0.9857456316767054,0.9836049908190881,0.0021406408576172264
2004-08-20,0.9852049374216635,0.9836049908190881,0.0015999466025753417
2004-08-23,0.98452954549961,0.9833377107160493,0.0011918347835607745
2004-08-24,0.9848014967970469,0.9824950601472117,0.0023064366498352085
2004-08-25,0.9846431220144441,0.9830801118241977,0.0015630101902464055
2004-08-26,0.9848847415121336,0.9825998912955931,0.002284850216540457
2004-08-27,0.9847035957408814,0.9824591913208434,0.0022444044200380375
2004-08-30,0.9851292506265228,0.9824591913208431,0.0026700593056796507
2004-08-31,0.9843858241669341,0.9822564591162963,0.002129365050637766
2004-09-01,0.9839777123479191,0.9814226924116399,0.002555019936279157
2004-09-02,0.9845845130048128,0.9808715713480314,0.0037129416567813767
2004-09-03,0.9844261382222101,0.9808715713480314,0.003554566874178766
2004-09-07,0.9841330657725956,0.9808715713480314,0.0032614944245642485
2004-09-08,0.9833733655571597,0.9811252518033131,0.0022481137538465923
2004-09-09,0.9828222444935513,0.9801918112672653,0.0026304332262859775
2004-09-10,0.9822154438366575,0.9794699712409715,0.002745472595686027
2004-09-13,0.9826956643652622,0.97839712027396,0.004298544091302259
2004-09-14,0.982695664365262,0.9785847632780145,0.004110901087247543
2004-09-15,0.9824540448675728,0.9788927218995485,0.0035613229680243608
2004-09-16,0.9830730451082592,0.9784846100805336,0.004588435027725657
2004-09-17,0.9838914462749064,0.9781375611372845,0.0057538851376219835
2004-09-20,0.9841905210322589,0.9785149418802812,0.005675579151977694
2004-09-21,0.983710300503654,0.9781375611372842,0.005572739366369817
2004-09-22,0.9841905210322591,0.9782429905828441,0.005947530449414984
2004-09-23,0.9832724460342201,0.977895941639595,0.0053765043946251145
2004-09-24,0.9832724460342203,0.9774081927215961,0.00586425331262419
2004-09-27,0.983680557853235,0.9773027632760359,0.006377794577199114
2004-09-28,0.9829887368148765,0.9773027632760359,0.005685973538840594
2004-09-29,0.9834689573434812,0.9784389360166307,0.005030021326850487
2004-09-30,0.9834689573434812,0.9796915661409127,0.003777391202568481
2004-10-01,0.9832016772404424,0.9804971370048853,0.002704540235557107
2004-10-04,0.9838997093979607,0.9807508174601669,0.003148891937793774
2004-10-05,0.9834432967381317,0.9812855094074708,0.002157787330660854
2004-10-06,0.9838689516237732,0.9812855094074708,0.0025834422163023563
2004-10-07,0.9841680263811258,0.9814882416120179,0.002679784769107907
2004-10-08,0.983520830299756,0.9811891668546652,0.002331663445090837
2004-10-11,0.9832535501967171,0.9810918640956783,0.00216168610103884
2004-10-12,0.9834168904069316,0.9806475123934418,0.002769378013489754
2004-10-13,0.9841149225644494,0.9802547661124362,0.003860156452013208
2004-10-14,0.9839515823542353,0.9809981925720249,0.0029533897822103805
2004-10-15,0.9839515823542353,0.9822247055576871,0.001726876796548149
2004-10-18,0.9839515823542351,0.9820219733531401,0.0019296090010949563
2004-10-19,0.9836843022511964,0.9818812733783902,0.001803028872806256
2004-10-20,0.9835259274685937,0.9823736934907874,0.001152233977806283
2004-10-21,0.9832268527112411,0.9819655816717728,0.0012612710394682702
2004-10-22,0.982101984191665,0.9824580017841698,-0.00035601759250480924
2004-10-25,0.9814829839509785,0.9820756823117308,-0.000592698360752264
2004-10-26,0.9809905638385815,0.9825634312297298,-0.0015728673911482582
2004-10-27,0.9811489386211841,0.982028739282426,-0.0008798006612418252
2004-10-28,0.9818469707787022,0.9827041312044797,-0.0008571604257775478
2004-10-29,0.9827650457767411,0.9838403039450743,-0.001075258168333204
2004-11-01,0.9831424265197378,0.9835225323711269,-0.0003801058513890343
2004-11-02,0.9831424265197378,0.9837641518688163,-0.0006217253490784502
2004-11-03,0.982875146416699,0.9847790643447248,-0.0019039179280258
2004-11-04,0.982875146416699,0.9845763321401776,-0.0017011857234785488
2004-11-05,0.9833675665290963,0.9843347126424883,-0.0009671461133919923
2004-11-08,0.9837449472720933,0.9847790643447248,-0.0010341170726315685
2004-11-09,0.9844203391941468,0.9857036365755659,-0.0012832973814190796
2004-11-10,0.985254105898803,0.9863790284976194,-0.001124922598816358
2004-11-11,0.9870543663404329,0.9863790284976194,0.0006753378428134837
2004-11-12,0.9877297582624863,0.9854544562667783,0.0022753019957080234
2004-11-15,0.9874366858128723,0.9855517590257654,0.0018849267871068331
2004-11-16,0.9867905621122702,0.9858695305997126,0.0009210315125576241
2004-11-17,0.9871083336862175,0.9854251788974765,0.001683154788741037
2004-11-18,0.9869499589036149,0.9864400913733848,0.0005098675302300792
2004-11-19,0.986775310365165,0.9865984661559876,0.00017684420917740695
2004-11-22,0.9868807398107251,0.9873418926155765,-0.00046115280485137244
2004-11-23,0.9874997400514113,0.9877862443178129,-0.0002865042664016437
2004-11-24,0.9882431665110001,0.9876889415588258,0.0005542249521742759
2004-11-26,0.9880555235069455,0.9880359905020752,1.9533004870231352e-05
2004-11-29,0.9873574913494276,0.9884183099745142,-0.001060818625086557
2004-11-30,0.9864394163513889,0.9886855900775531,-0.0022461737261642023
2004-12-01,0.9865448457969488,0.9892706417545392,-0.002725795957590371
2004-12-02,0.9862053252430939,0.9895697165118916,-0.0033643912687977284
2004-12-03,0.9841673471530904,0.9892766440622771,-0.005109296909186711
2004-12-06,0.9833286150208226,0.9892766440622771,-0.005948029041454528
2004-12-07,0.9833286150208226,0.9896236930055266,-0.006295077984703967
2004-12-08,0.9832231855752626,0.9893246182481741,-0.006101432672911522
2004-12-09,0.9833382249446629,0.9891369752441195,-0.005798750299456534
2004-12-10,0.9840136168667164,0.9886926235418831,-0.004679006675166741
2004-12-13,0.9840136168667164,0.9888953557464303,-0.004881738879713882
2004-12-14,0.983898577497316,0.9888953557464301,-0.004996778249114042
2004-12-15,0.9834183569687113,0.9885962809890778,-0.005177924020366542
2004-12-16,0.9825052473982843,0.9885962809890778,-0.006091033590793549
2004-12-17,0.9825052473982843,0.9887113203584781,-0.00620607296019382
2004-12-20,0.9829854679268889,0.9883935487845306,-0.005408080857641662
2004-12-21,0.9839519616638628,0.9876338485690948,-0.003681886905231968
2004-12-22,0.9844827517618506,0.9865949785874869,-0.0021122268256362764
2004-12-23,0.9844827517618506,0.9859881779305932,-0.0015054261687426074
2004-12-27,0.9841649801879032,0.9861909101351405,-0.0020259299472372705
2004-12-28,0.9834215537283143,0.9861909101351405,-0.0027693564068261844
2004-12-29,0.9835481338566032,0.9863059495045405,-0.0027578156479373117
2004-12-30,0.9833276650416432,0.9859285687615437,-0.002600903719900516
2004-12-31,0.9833276650416432,0.9858135293921434,-0.0024858643505002442
2005-01-03,0.984166397173911,0.9861909101351403,-0.0020245129612292967
2005-01-04,0.9839852514026588,0.9861909101351405,-0.0022056587324816856
2005-01-05,0.9844296031048954,0.9855155182130866,-0.0010859151081912266
2005-01-06,0.9849098236334999,0.9848174860555687,9.233757793114528e-05
2005-01-07,0.9845627746902506,0.9843731343533325,0.00018964033691803994
2005-01-10,0.985509045528973,0.9832739135840413,0.0022351319449317453
2005-01-11,0.9862814551246504,0.9829268646407922,0.003354590483858222
2005-01-12,0.9869004553653365,0.9833042453837889,0.003596209981547638
2005-01-13,0.9873806758939412,0.9836512943270382,0.003729381566902945
2005-01-14,0.9884195458755488,0.9836512943270384,0.00476825154851046
2005-01-18,0.9884195458755488,0.9828788847313611,0.00554066114418772
2005-01-19,0.9879317969575498,0.9830195847061106,0.00491221225143923
2005-01-20,0.98815226577251,0.9823277636677525,0.00582450210475749
2005-01-21,0.9883727345874701,0.9818400147497532,0.0065327198377168605
2005-01-24,0.9888170862897068,0.983027905086165,0.005789181203541771
2005-01-25,0.988170962589105,0.984254418071827,0.0039165445172779645
2005-01-26,0.9881709625891048,0.9844355638430793,0.0037353987460254645
2005-01-27,0.9882860019585052,0.9845259040881466,0.003760097870358692
2005-01-28,0.9889321256591072,0.9841435846157076,0.004788541043399541
2005-01-31,0.9887444826550528,0.9836028903606657,0.005141592294387043
2005-02-01,0.9889321256591069,0.9843463168202549,0.004585808838852068
2005-02-02,0.988444376741108,0.9848771069182427,0.00356726982286526
2005-02-03,0.9882239079261477,0.9848771069182427,0.003346801007904965
2005-02-04,0.9882239079261477,0.9843893580002437,0.0038345499259039295
2005-02-07,0.987617107269254,0.9847364069434928,0.002880700325761154
2005-02-08,0.9877321466386543,0.9839026402388364,0.003829506399817828
2005-02-09,0.9873067859862262,0.9837972107932768,0.0035095751929494767
2005-02-10,0.9873067859862262,0.9837972107932768,0.0035095751929494767
2005-02-11,0.9876538349294756,0.9827257264402468,0.004928108489228755
2005-02-14,0.9876538349294756,0.9828160666853143,0.004837768244161267
2005-02-15,0.9873143143756206,0.9829311060547146,0.004383208320905996
2005-02-16,0.9871992750062203,0.9829311060547146,0.004268168951505724
2005-02-17,0.9868065287252145,0.9819976655186667,0.00480886320654772
2005-02-18,0.986507453967862,0.9824230261710948,0.004084427796767209
2005-02-22,0.9857913835273133,0.982770075114344,0.0030213084129693257
2005-02-23,0.9853470318250771,0.9825673429097971,0.002779688915280021
2005-02-24,0.9860904582846658,0.982141982257369,0.0039484760272967545
2005-02-25,0.9862488330672685,0.9824410570147215,0.0038077760525470072
2005-02-28,0.9863895330420183,0.9824410570147215,0.0039484760272967545
2005-03-01,0.9866311525397077,0.9823260176453212,0.004305134894386442
2005-03-02,0.9871113730683123,0.9827083371177604,0.0044030359505519145
2005-03-03,0.9867290535958733,0.9816934246418518,0.005035628954021432
2005-03-04,0.9868440929652735,0.9814389748414879,0.005405118123785635
2005-03-07,0.9867290535958733,0.981641707046035,0.005087346549838223
2005-03-08,0.9869963336989122,0.9823635470723288,0.004632786626583396
2005-03-09,0.9869963336989119,0.9820704746227145,0.00492585907619747
2005-03-10,0.9873358542527668,0.9811459023918734,0.006189951860893439
2005-03-11,0.9880112461748205,0.9815540142108882,0.0064572319639323306
2005-03-14,0.9882785262778594,0.9822458352492465,0.006032691028612924
2005-03-15,0.9882785262778594,0.9824485674537937,0.005829958824065673
2005-03-16,0.9882785262778594,0.9828742223394351,0.005404303938424282
2005-03-17,0.9894202516040494,0.9828742223394351,0.006546029264614339
2005-03-18,0.9895175543630366,0.9838891348153435,0.005628419547693109
2005-03-21,0.9891705054197872,0.9831672947890496,0.00600321063073761
2005-03-22,0.9873815840122272,0.9819407818033874,0.005440802208839801
2005-03-23,0.9871143039091885,0.9810073412673398,0.006106962641848734
2005-03-24,0.9870170011502014,0.9821435140079345,0.004873487142266875
2005-03-28,0.9860924289193601,0.982694635071543,0.003397793847817132
2005-03-29,0.9860924289193601,0.9829362545692324,0.003156174350127716
2005-03-30,0.9855577369720566,0.982845914324165,0.002711822647891604
2005-03-31,0.9856984369468061,0.9832712749765931,0.0024271619702130875
2005-04-01,0.9854957047422591,0.9832712749765931,0.0022244297656660583
2005-04-04,0.985762984845298,0.982527848517004,0.003235136328293975
2005-04-05,0.9850875929232445,0.9822901308686306,0.002797462054613953
2005-04-06,0.9853955515447784,0.9822901308686306,0.00310542067614783
2005-04-07,0.9851236002473416,0.9824435402236217,0.002680060023719899
2005-04-08,0.9851236002473414,0.9820178853379801,0.00310571490936129
2005-04-11,0.9855679519495779,0.9820178853379801,0.0035500666115978463
2005-04-12,0.9855679519495777,0.9820178853379801,0.0035500666115976243
2005-04-13,0.9855679519495779,0.9820178853379801,0.0035500666115978463
2005-04-14,0.985300671846539,0.98179741652302,0.003503255323519028
2005-04-15,0.9847599775914971,0.9808728442921787,0.003887133299318446
2005-04-18,0.9847599775914971,0.9804164316323501,0.004343545959146988
2005-04-19,0.9847599775914971,0.9804164316323501,0.004343545959146988
2005-04-20,0.9847599775914971,0.9804164316323499,0.00434354595914721
2005-04-21,0.9845395087765368,0.9796440220366724,0.004895486739864396
2005-04-22,0.9843988088017871,0.9795467192776856,0.004852089524101544
2005-04-25,0.9837526851011853,0.9792289477037381,0.004523737397447158
2005-04-26,0.9829100345323476,0.9790413046996836,0.003868729832663953
2005-04-27,0.9823249828553614,0.9791996794822866,0.003125303373074817
2005-04-28,0.9811167169641515,0.9781004587129956,0.0030162582511559233
2005-04-29,0.9803732905045626,0.977257808144158,0.003115482360404598
2005-05-02,0.9809079824518663,0.9779796481704518,0.0029283342814144797
2005-05-03,0.9809079824518663,0.978182380374999,0.0027256020768672284
2005-05-04,0.9804998706328517,0.978287809820559,0.0022120608122927488
2005-05-05,0.9800742157472101,0.9768956611979437,0.0031785545492664102
2005-05-06,0.9796298640449738,0.9758567912163361,0.0037730728286377024
2005-05-09,0.979290343491119,0.9758567912163361,0.003433552274782925
2005-05-10,0.9797346951933552,0.9762391106887753,0.003495584504579874
2005-05-11,0.9792544746647505,0.9746848438736373,0.004569630791113166
2005-05-12,0.9792544746647505,0.9754445440890731,0.003809930575677356
2005-05-13,0.9792544746647505,0.975752502710607,0.003501971954143479
2005-05-16,0.9797891666120544,0.9768886754512018,0.0029004911608525585
2005-05-17,0.9807137388428953,0.9775640673732554,0.0031496714696398476
2005-05-18,0.9815193097068678,0.9768886754512018,0.004630634255666011
2005-05-19,0.9813381639356157,0.9761289752357657,0.005209188699849987
2005-05-20,0.9805197627689686,0.9754371541974075,0.005082608571561065
2005-05-23,0.9806604627437182,0.9774791699305446,0.0031812928131735863
2005-05-24,0.980545423374318,0.9780138618778483,0.002531561496469714
2005-05-25,0.9808444981316705,0.9791130826471395,0.0017314154845310403
2005-05-26,0.9808444981316705,0.9791130826471395,0.0017314154845310403
2005-05-27,0.9808444981316705,0.9791130826471395,0.0017314154845310403
2005-05-31,0.9801010716720816,0.979271457429742,0.0008296142423396269
2005-06-01,0.9807200719127678,0.979599515323183,0.0011205565895847647
2005-06-02,0.9803730229695186,0.9804382474554509,-6.522448593238028e-05
2005-06-03,0.9809137172245602,0.9810232991324372,-0.00010958190787702105
2005-06-06,0.9807871370962714,0.9822888676267632,-0.0015017305304917405
2005-06-07,0.9795606241106092,0.9824039069961636,-0.0028432828855544656
2005-06-08,0.9799351232971629,0.9822888676267632,-0.002353744329600227
2005-06-09,0.979760474758713,0.9824522078369775,-0.0026917330782645355
2005-06-10,0.9798508150037802,0.9825672472063778,-0.0027164322025975407
2005-06-13,0.9799411552488476,0.9828088667040672,-0.0028677114552195793
2005-06-14,0.979135584384875,0.9832345215897088,-0.004098937204833786
2005-06-15,0.9802773097110655,0.9829167500157612,-0.0026394403046956505
2005-06-16,0.9813161796926729,0.9829167500157612,-0.0016005703230882462
2005-06-17,0.9813161796926732,0.9829167500157612,-0.0016005703230880242
2005-06-20,0.9811754797179232,0.9835018016927475,-0.002326321974824297
2005-06-21,0.9826564425039493,0.9835018016927477,-0.0008453591887983558
2005-06-22,0.9833022719713376,0.9835018016927475,-0.00019952972140990788
2005-06-23,0.9838873236483239,0.9839942218051447,-0.00010689815682085602
2005-06-24,0.9830689224816765,0.9829553518235369,0.00011357065813966116
2005-06-27,0.9827698477243241,0.9829553518235369,-0.00018550409921280764
2005-06-28,0.9825153979239599,0.9839942218051447,-0.0014788238811848098
2005-06-29,0.9833541300562278,0.9836764502311973,-0.0003223201749694704
2005-06-30,0.9840002537568295,0.9827301793924748,0.0012700743643547785
2005-07-01,0.9843776344998265,0.9827301793924748,0.0016474551073517585
2005-07-05,0.9847599539722657,0.9827301793924748,0.0020297745797909217
2005-07-06,0.9852043056745019,0.9829974594955136,0.002206846178988253
2005-07-07,0.985407037879049,0.9827769906805535,0.0026300471984955776
2005-07-08,0.9857001103286636,0.9834988307068475,0.0022012796218160435
2005-07-11,0.9858266904569525,0.9837661108098862,0.0020605796470662963
2005-07-12,0.9858266904569525,0.9837661108098862,0.0020605796470662963
2005-07-13,0.9860683099546419,0.9843008027571899,0.0017675071974520007
2005-07-14,0.986183349324042,0.984678183500187,0.0015051658238549592
2005-07-15,0.9854853171665241,0.9844109033971481,0.0010744137693760036
2005-07-18,0.9858676366389632,0.984284323268859,0.0015833133701042001
2005-07-19,0.9847947856719516,0.9837496313215555,0.0010451543503960936
2005-07-20,0.9846071426678972,0.9841939830237916,0.00041315964410559847
2005-07-21,0.9847337227961863,0.9834721429974977,0.0012615797986885724
2005-07-22,0.984386673852937,0.9829843940794986,0.0014022797734384307
2005-07-25,0.98418394164839,0.9830898235250586,0.001094118123331378
2005-07-26,0.9826767536563745,0.9826020746070594,7.467904931512948e-05
2005-07-27,0.984386673852937,0.9829491235503087,0.0014375503026282654
2005-07-28,0.9849934745098307,0.9839640360262173,0.0010294384836133652
2005-07-29,0.9837279060155045,0.9844517849442163,-0.0007238789287117298
2005-08-01,0.9839306382200517,0.9845490877032034,-0.0006184494831517062
2005-08-02,0.9838040580917625,0.9853763571750573,-0.0015722990832948147
2005-08-03,0.9845020902492807,0.984361444699149,0.00014064555013171276
2005-08-04,0.9843613902745307,0.9837546440422552,0.0006067462322755235
2005-08-05,0.985753538897146,0.9841627558612701,0.0015907830358758979
2005-08-08,0.9856269587688569,0.9838449842873227,0.0017819744815341654
2005-08-09,0.986454228240711,0.9836703357488727,0.0027838924918383023
2005-08-10,0.986454228240711,0.9844300359643088,0.00202419227640227
2005-08-11,0.986454228240711,0.9852356068282814,0.0012186214124296768
2005-08-12,0.9865692676101114,0.9853506461976819,0.0012186214124295658
2005-08-15,0.9865692676101114,0.9856976951409309,0.0008715724691805704
2005-08-16,0.9865692676101114,0.9853506461976819,0.0012186214124295658
2005-08-17,0.9865692676101114,0.9850515714403292,0.0015176961697822566
2005-08-18,0.9878625873920831,0.9854772263259708,0.0023853610661123126
2005-08-19,0.9882882422777245,0.9846588251593232,0.003629417118401257
2005-08-22,0.988587317035077,0.985794997899918,0.0027923191351589827
2005-08-23,0.9884722776656769,0.985794997899918,0.002677279765758933
2005-08-24,0.9882306581679875,0.9860154667148784,0.002215191453109111
2005-08-25,0.9883456975373878,0.9859311584214959,0.002414539115891845
2005-08-26,0.9881252287224275,0.9859311584214959,0.00219407030093155
2005-08-29,0.9878579486193888,0.9859311584214959,0.0019267901978928803
2005-08-30,0.9876703056153341,0.9857106896065357,0.0019596160087983483
2005-08-31,0.987937585718373,0.9862618106701442,0.0016757750482288003
2005-09-01,0.9875602049753762,0.9860590784655971,0.0015011265097790716
2005-09-02,0.9875602049753762,0.9856334235799558,0.0019267813954204627
2005-09-06,0.9878321562728131,0.9849353914224375,0.0028967648503755994
2005-09-07,0.9875602049753762,0.9851558602373978,0.002404344737978459
2005-09-08,0.9872131560321269,0.9843285907655438,0.0028845652665830945
2005-09-09,0.9866281043551406,0.9840108191915966,0.002617285163543981
2005-09-12,0.9866281043551406,0.983920478946529,0.0027076254086115803
2005-09-13,0.9870054850981376,0.9840108191915966,0.002994665906540961
2005-09-14,0.9882988048801091,0.9851987095280083,0.0031000953521008734
2005-09-15,0.9885918773297239,0.9860259789998622,0.002565898329861649
2005-09-16,0.9885918773297236,0.9865061995284667,0.002085677801256902
2005-09-19,0.9885918773297236,0.9856877983618194,0.0029040789679042334
2005-09-20,0.9888334968274128,0.9853054788893805,0.0035280179380323684
2005-09-21,0.9889741968021628,0.98519043951998,0.0037837572821828314
2005-09-22,0.9884395048548593,0.9846596494219921,0.003779855432867185
2005-09-23,0.9891148967769128,0.9846596494219921,0.004455247354920644
2005-09-26,0.9893565162746021,0.9846596494219921,0.004696866852609949
2005-09-27,0.9895441592786564,0.9850850100744202,0.004459149204236179
2005-09-28,0.9900365793910538,0.9848472924260464,0.0051892869650074225
2005-09-29,0.9897435069414393,0.984756952180979,0.004986554760460282
2005-09-30,0.9896531666963718,0.9850747237549266,0.004578442941445271
2005-10-03,0.9891124724413299,0.9845869748369275,0.004525497604402462
2005-10-04,0.9891124724413297,0.9843842426323803,0.00472822980894938
2005-10-05,0.9889974330719297,0.9835504759277239,0.005446957144205733
2005-10-06,0.9882540066123405,0.982807049468135,0.005446957144205511
2005-10-07,0.9883805867406297,0.982314629355738,0.006065957384891685
2005-10-10,0.9874343159019074,0.9826077018053523,0.00482661409655516
2005-10-11,0.987192696404218,0.984071932439388,0.0031207639648300756
2005-10-12,0.9863654269323641,0.9848316326548241,0.0015337942775399682
2005-10-13,0.9863654269323641,0.9854384333117179,0.0009269936206461882
2005-10-14,0.9866831985063113,0.9849460131993206,0.0017371853069906296
2005-10-17,0.9872899991632051,0.9847648674280682,0.0025251317351369096
2005-10-18,0.9873954286087652,0.984320515725832,0.0030749128829331562
2005-10-19,0.9866357283933291,0.9835481061301548,0.0030876222631743833
2005-10-20,0.9867941031759316,0.9832085855763,0.00358551759963166
2005-10-21,0.9869348031506816,0.983389731347552,0.0035450718031295736
2005-10-24,0.9873171226231207,0.9838699518761564,0.003447170746964212
2005-10-25,0.9874321619925209,0.9825766320941849,0.004855529898336042
2005-10-26,0.9870851130492717,0.9821322803919487,0.0049528326573230474
2005-10-27,0.9872116931775609,0.9820419401468812,0.00516975303067968
2005-10-28,0.9865136610200426,0.9820419401468812,0.004471720873161389
2005-10-31,0.9865136610200426,0.9824193208898782,0.004094340130164409
2005-11-01,0.9865136610200426,0.9827663698331273,0.0037472911869153025
2005-11-02,0.9857412514243652,0.982578726829073,0.0031625245952922043
2005-11-03,0.9854693001269286,0.980778466387443,0.004690833739485534
2005-11-04,0.9860883003676147,0.9805111862844041,0.005577114083210599
2005-11-07,0.9856005514496157,0.9812965342501258,0.004304017199489918
2005-11-08,0.9862759433716691,0.9818312261974292,0.004444717174239887
2005-11-09,0.9865175628693585,0.9823719204524711,0.004145642416887418
2005-11-10,0.9863768628946086,0.982912614707513,0.0034642481870955644
2005-11-11,0.9870226923619969,0.9837463814121694,0.003276310949827499
2005-11-14,0.9871130326070643,0.9834533089625549,0.003659723644509394
2005-11-15,0.9873803127101031,0.9833690006691724,0.004011312040930637
2005-11-16,0.9876339931653848,0.983606718317546,0.004027274847838824
2005-11-17,0.9879517647393321,0.983606718317546,0.004345046421786125
2005-11-18,0.988492458994374,0.9838739984205849,0.004618460573789118
2005-11-21,0.9885978884399339,0.9834483435349435,0.005149544904990422
2005-11-22,0.9892897094782922,0.9841917699945323,0.005097939483759917
2005-11-23,0.9894047488476927,0.9843664185329821,0.005038330314710571
2005-11-25,0.9892640488729427,0.984445450449814,0.004818598423128706
2005-11-28,0.988996768769904,0.9838739984205849,0.005122770349319183
2005-11-29,0.988158036637636,0.9849468493875964,0.00321118725003966
2005-11-30,0.9878402650636888,0.9849468493875964,0.00289341567609247
2005-12-01,0.9884253167406749,0.9858714216184375,0.0025538951222373596
2005-12-02,0.9892640488729427,0.9863638417308345,0.0029002071421082576
2005-12-05,0.9892640488729427,0.9866569141804491,0.002607134692493629
2005-12-06,0.9889709764233284,0.9861644940680517,0.002806482355276696
2005-12-07,0.9889709764233282,0.9862910741963407,0.0026799022269875516
2005-12-08,0.9888126016407257,0.9868761258733272,0.0019364757673985267
2005-12-09,0.9889391817690146,0.9872584453457661,0.0016807364232485078
2005-12-12,0.9886975622713252,0.9879564775032842,0.0007410847680410226
2005-12-13,0.9882894504523106,0.9888745525013231,-0.0005851020490124093
2005-12-14,0.9868995972564342,0.9892519332443198,-0.0023523359878856454
2005-12-15,0.9866323171533953,0.9892519332443198,-0.002619616090924537
2005-12-16,0.9868527859683559,0.9886329330036336,-0.0017801470352777349
2005-12-19,0.9868527859683557,0.9880614809744047,-0.001208695006049032
2005-12-20,0.9871200660713947,0.9881405128912364,-0.0010204468198417027
2005-12-21,0.9875764787312232,0.9883151614296865,-0.0007386826984632222
2005-12-22,0.9883199051908121,0.988961285130288,-0.0006413799394758835
2005-12-23,0.9880526250877735,0.988834705001999,-0.0007820799142255197
2005-12-27,0.988460736906788,0.9885930855043097,-0.00013234859752164763
2005-12-28,0.988587317035077,0.9882157047613128,0.00037161227376414363
2005-12-29,0.9882695454611297,0.9884876560587498,-0.00021811059762011364
2005-12-30,0.9882695454611297,0.9889800761711468,-0.0007105307100171432
2006-01-03,0.9874308133288618,0.9888054276326971,-0.001374614303835231
2006-01-04,0.9867846896282599,0.988317678714698,-0.0015329890864380635
2006-01-05,0.9864856148709075,0.9879353592422588,-0.0014497443713513691
2006-01-06,0.9863952746258401,0.987175659026823,-0.0007803844009829364
2006-01-09,0.9861748058108799,0.9867313073245866,-0.0005565015137066753
2006-01-10,0.984881486028908,0.9861966153772826,-0.001315129348374633
2006-01-11,0.9837822652596171,0.9867477364408915,-0.002965471181274437
2006-01-12,0.9840027340745775,0.9872354853588905,-0.0032327512843129957
2006-01-13,0.9835103139621802,0.9870947853841406,-0.003584471421960389
2006-01-17,0.9818003937656177,0.9870947853841407,-0.0052943916185230755
2006-01-18,0.9813747388799763,0.9860559154025329,-0.004681176522556618
2006-01-19,0.9815952076949365,0.9850588084876624,-0.003463600792725896
2006-01-20,0.9813535881972473,0.9845785879590576,-0.003224999761810343
2006-01-23,0.9817006371404965,0.9837601867924104,-0.0020595496519139056
2006-01-24,0.9817006371404965,0.9845785879590576,-0.0028779508185611258
2006-01-25,0.9820780178834935,0.9845785879590576,-0.002500570075564146
2006-01-26,0.9827760500410114,0.9854173200913255,-0.002641270050314115
2006-01-27,0.9824829775913971,0.9854173200913255,-0.0029343424999284107
2006-01-30,0.9824829775913971,0.9855227495368856,-0.003039771945488434
2006-01-31,0.9838751262140122,0.9859308613559001,-0.002055735141887949
2006-02-01,0.9842525069570092,0.9858518294390685,-0.0015993224820592955
2006-02-02,0.9841681986636267,0.9861696010130157,-0.0020014023493889477
2006-02-03,0.9852410496306381,0.9860112262304132,-0.0007701765997750742
2006-02-06,0.985135620185078,0.9863507467842679,-0.0012151265991898752
2006-02-07,0.9847885712418287,0.9858629978662689,-0.001074426624440128
2006-02-08,0.9851356201850782,0.9863507467842679,-0.0012151265991897642
2006-02-09,0.9863235105214899,0.9862534440252808,7.00664962091091e-05
2006-02-10,0.986196930393201,0.9864118188078835,-0.00021488841468253472
2006-02-13,0.9854750903669068,0.9864118188078838,-0.0009367284409769194
2006-02-14,0.985695559181867,0.9865383989361727,-0.0008428397543056576
2006-02-15,0.9853132397094281,0.9868893821504415,-0.0015761424410134506
2006-02-16,0.9853132397094279,0.9871566622534802,-0.0018434225440523422
2006-02-17,0.9851982003400277,0.98729736222823,-0.00209916188820225
2006-02-21,0.9847417876801989,0.9874124015976303,-0.002670613917431397
2006-02-22,0.9837446807653283,0.9858471305182217,-0.0021024497528934205
2006-02-23,0.9834516083157138,0.9854214756325803,-0.001969867316866547
2006-02-24,0.9828054846151119,0.9848807813775384,-0.0020752967624265706
2006-02-27,0.9828054846151119,0.9850391561601409,-0.00223367154502907
2006-02-28,0.9830259534300724,0.9851975309427436,-0.0021715775126712744
2006-03-01,0.9826485726870754,0.985056830967994,-0.002408258280918618
2006-03-02,0.9821561525746781,0.9842230642633376,-0.0020669116886594674
2006-03-03,0.9827276046039073,0.9848984561853914,-0.0021708515814841123
2006-03-06,0.9827276046039073,0.9853428078876276,-0.0026152032837203354
2006-03-07,0.9832990566331363,0.9862608828856663,-0.002961826252529942
2006-03-08,0.9827276046039073,0.9869362748077197,-0.004208670203812437
2006-03-09,0.9819003351320532,0.9862901511071182,-0.004389815975064937
2006-03-10,0.9823805556606581,0.9866079226810655,-0.00422736702040738
2006-03-13,0.9825552041991078,0.9866079226810655,-0.004052718481957651
2006-03-14,0.9828271554965448,0.9874416893857219,-0.004614533889177097
2006-03-15,0.9839633282371395,0.9874416893857219,-0.003478361148582354
2006-03-16,0.9840687576826994,0.9872389571811746,-0.0031701994984751902
2006-03-17,0.9840687576826994,0.9872389571811746,-0.0031701994984751902
2006-03-20,0.9842564006867538,0.9874136057196246,-0.003157205032870758
2006-03-21,0.9845100811420358,0.9872259627155702,-0.0027158815735344177
2006-03-22,0.9841590979277669,0.9863078877175313,-0.002148789789764405
2006-03-23,0.9839386291128066,0.9858997758985165,-0.0019611467857099107
2006-03-24,0.9842896123270753,0.9860263560268054,-0.0017367436997300922
2006-03-27,0.9846669930700722,0.9867017479488591,-0.002034754878786904
2006-03-28,0.9843739206204578,0.9862936361298443,-0.0019197155093865215
2006-03-29,0.9842105804102432,0.9860399556745626,-0.0018293752643193661
2006-03-30,0.9839386291128066,0.985631843855548,-0.0016932147427414224
2006-03-31,0.9836208575388591,0.9858523126705082,-0.0022314551316491293
2006-04-03,0.9839718407531279,0.985407960968272,-0.0014361202151440544
2006-04-04,0.983845260624839,0.9852813808399826,-0.0014361202151436103
2006-04-05,0.983017991152985,0.9852813808399828,-0.0022633896869977965
2006-04-06,0.983017991152985,0.9843633058419442,-0.0013453146889591538
2006-04-07,0.9826098793339703,0.9834452308439053,-0.0008353515099350783
2006-04-10,0.9838363923196323,0.9824303183679969,0.0014060739516353893
2006-04-11,0.9839267325646999,0.9818113181273106,0.0021154144373892736
2006-04-12,0.9843041133076966,0.9819696929099135,0.002334420397783088
2006-04-13,0.9838597616054604,0.9813982408806843,0.002461520724776123
2006-04-17,0.9834774421330211,0.9813982408806843,0.0020792012523368486
2006-04-18,0.9831000613900243,0.9803267565276543,0.0027733048623699297
2006-04-19,0.9831843696834066,0.9806777397419234,0.002506629941483207
2006-04-20,0.983502141257354,0.9803306907986741,0.0031714504586799475
2006-04-21,0.9834118010122865,0.979491958666406,0.003919842345880498
2006-04-24,0.9827928007716004,0.978961168568418,0.003831632203182389
2006-04-25,0.9836200702434545,0.9778194432422279,0.0058006270012266326
2006-04-26,0.9836200702434545,0.9764965721447857,0.007123498098668857
2006-04-27,0.9833527901404157,0.9767170409597458,0.006635749180669892
2006-04-28,0.9829271352547743,0.9768224704053059,0.006104664849468366
2006-05-01,0.982434715142377,0.9774235014764541,0.005011213665922942
2006-05-02,0.9833527901404157,0.9764401509328667,0.006912639207548921
2006-05-03,0.9830808388429788,0.97505029773699,0.008030541105988775
2006-05-04,0.9825297177793699,0.9745700772083856,0.007959640570984305
2006-05-05,0.982796997882409,0.9740898566797807,0.008707141202628388
2006-05-08,0.9824042516014031,0.9738693878648206,0.00853486373658252
2006-05-09,0.9821111791517886,0.9744205089284291,0.007690670223359453
2006-05-10,0.9812724470195208,0.9747195836857817,0.006552863333739056
2006-05-11,0.9806266175521324,0.9743725347425326,0.006254082809599826
2006-05-12,0.9804454717808804,0.9745536805137844,0.005891791267095936
2006-05-15,0.9809965928444888,0.9744129805390349,0.006583612305453901
2006-05-16,0.9813361133983438,0.9744129805390349,0.0069231328593089
2006-05-17,0.9820115053203974,0.9740619973247661,0.007949507995631322
2006-05-18,0.983147678060992,0.9740619973247661,0.009085680736225954
2006-05-19,0.9836400981733894,0.9736363424391242,0.010003755734265152
2006-05-22,0.984246898830283,0.9744750745713923,0.009771824258890782
2006-05-23,0.9845188501277198,0.9749706761969805,0.009548173930739257
2006-05-24,0.9855337626036283,0.9745932954539838,0.010940467149644584
2006-05-25,0.9860744568586702,0.9749706761969805,0.01110378066168971
2006-05-26,0.986720580559272,0.9757430857926578,0.010977494766614249
2006-05-30,0.9871286923782868,0.9752506656802608,0.011878026698026067
2006-05-31,0.9869082235633264,0.9751716337634291,0.011736589799897335
2006-06-01,0.9872552725065757,0.9743443642915749,0.01291090821500085
2006-06-02,0.9876996242088121,0.9734197920607338,0.014279832148078264
2006-06-05,0.9872915123897973,0.9734197920607338,0.013871720329063475
2006-06-06,0.9879669043118507,0.9745980447468569,0.013368859564993896
2006-06-07,0.9887103307714399,0.9747791905181088,0.013931140253331087
2006-06-08,0.9891980796894388,0.9749198904928585,0.014278189196580304
2006-06-09,0.9887724248037975,0.9734556598588229,0.015316764944974581
2006-06-12,0.9878543498057588,0.9732810113203731,0.014573338485385667
2006-06-13,0.9875552750484059,0.9728882650393672,0.014667010009038695
2006-06-14,0.9870145807933642,0.9729936944849271,0.01402088630843712
2006-06-15,0.9876335810340506,0.9732481442852913,0.014385436748759362
2006-06-16,0.9873919615363612,0.9731508415263042,0.014241120010057062
2006-06-19,0.9870145807933642,0.973501824740573,0.01351275605279123
2006-06-20,0.9866675318501149,0.9723235720544502,0.014343959795664718
2006-06-21,0.9858491306834677,0.9712847020728426,0.014564428610625124
2006-06-22,0.9856679849122156,0.9698037392868165,0.01586424562539912
2006-06-23,0.9853209359689662,0.9695492894864524,0.015771646482513835
2006-06-26,0.9855020817402184,0.9710302522724786,0.014471829467739727
2006-06-27,0.9855020817402184,0.9720691222540863,0.013432959486132101
2006-06-28,0.986540951721826,0.9734589754499625,0.013081976271863471
2006-06-29,0.9864259123524257,0.9734589754499625,0.0129669369024632
2006-06-30,0.9867249871097782,0.9722324624643004,0.014492524645477789
2006-07-03,0.985906585943131,0.9715406414259421,0.014365944517188867
2006-07-05,0.9853055548719826,0.972081335680984,0.013224219190998587
2006-07-06,0.9850064801146299,0.9719547555526951,0.013051724561934819
2006-07-07,0.9846241606421907,0.9728728305507337,0.011751330091457013
2006-07-10,0.9856075111857783,0.9738561810943211,0.011751330091457124
2006-07-11,0.9861383012837663,0.974233561837318,0.01190473944644832
2006-07-12,0.9865826529860028,0.9756977924713538,0.010884860514648986
2006-07-13,0.98540440029988,0.9758854354754083,0.009518964824471676
2006-07-14,0.9850573513566306,0.9758854354754083,0.009171915881222348
2006-07-17,0.985277820171591,0.9754410837731721,0.009836736398418977
2006-07-18,0.9849787454142385,0.9768317063141307,0.008147039100107722
2006-07-19,0.9851992142291986,0.9781425275931753,0.007056686636023324
2006-07-20,0.9854196830441591,0.979320780279298,0.006098902764861025
2006-07-21,0.9864585530257667,0.9798719013429064,0.006586651682860323
2006-07-24,0.9860658067447607,0.9798719013429065,0.006193905401854272
2006-07-25,0.9858846609735086,0.9791800803045482,0.006704580668960403
2006-07-26,0.984951220437461,0.9783528108326943,0.006598409604766653
2006-07-27,0.9840381108670337,0.9768183392254982,0.007219771641535533
2006-07-28,0.9832946844074452,0.9764409584825015,0.00685372592494371
2006-07-31,0.9830742155924845,0.9762776182722871,0.0067965973201974395
2006-08-01,0.9840713225073554,0.9761803155133,0.007891006994055427
2006-08-02,0.9837242735641059,0.9764039658414513,0.007320307722654573
2006-08-03,0.9837242735641059,0.9770229660821376,0.006701307481968288
2006-08-04,0.9835038047491458,0.9770229660821376,0.006480838667008215
2006-08-07,0.9828057725916274,0.9761803155133,0.006625457078327401
2006-08-08,0.9818224220480402,0.9751304244046928,0.0066919976433473805
2006-08-09,0.9809132309141828,0.9734662015458868,0.007447029368295999
2006-08-10,0.9800794642095264,0.9728947495166579,0.007184714692868521
2006-08-11,0.9798767320049793,0.9718232651636278,0.008053466841351442
2006-08-14,0.9790494625331255,0.9719639651383776,0.007085497394747953
2006-08-15,0.9778615721967135,0.9714232708833357,0.006438301313377859
2006-08-16,0.9773104511331051,0.971282570908586,0.0060278802245190555
2006-08-17,0.9776927706055443,0.9709894984589715,0.006703272146572736
2006-08-18,0.9765796688103469,0.9704383773953629,0.006141291414983985
2006-08-21,0.974855247633163,0.9709790716504049,0.0038761759827581344
2006-08-22,0.9737560268638722,0.9723689248462813,0.0013871020175908466
2006-08-23,0.974148773144878,0.9732820344167085,0.0008667387281695582
2006-08-24,0.9744882936987328,0.9734631801879604,0.0010251135107723908
2006-08-25,0.9752101337250269,0.9734631801879604,0.0017469535370664424
2006-08-28,0.9744045628610544,0.9734631801879604,0.0009413826730939601
2006-08-29,0.9745311429893433,0.9734631801879604,0.0010679628013828824
2006-08-30,0.9739460913123571,0.9734631801879604,0.00048291112439668993
2006-08-31,0.973520730659929,0.9730495802898212,0.000471150370107698
2006-09-01,0.9739650823621654,0.9724305800491351,0.001534502313030317
2006-09-05,0.9738596529166055,0.9728749317513716,0.0009847211652338483
2006-09-06,0.9744003471716474,0.9729652719964389,0.0014350751752084667
2006-09-07,0.9750921682100057,0.9736633041539569,0.0014288640560488064
2006-09-08,0.9750921682100057,0.9738660363585041,0.0012261318515015551
2006-09-11,0.9750921682100055,0.9737394562302151,0.0013527119797904774
2006-09-12,0.9757393642913755,0.9742801504852568,0.0014592138061186866
2006-09-13,0.9752950125891391,0.9732072995182454,0.0020877130708937264
2006-09-14,0.976038439048728,0.9718166769772865,0.004221762071441537
2006-09-15,0.9768108486444053,0.9719432571055756,0.004867591538829652
2006-09-18,0.9787897196219532,0.9732749320017536,0.005514787620199524
2006-09-19,0.9791671003649501,0.973359240295136,0.0058078600698141525
2006-09-20,0.9786746802525531,0.972866820182739,0.0058078600698141525
2006-09-21,0.9790142008064079,0.974093333168401,0.0049208676380069205
2006-09-22,0.977942716453378,0.9750657349888485,0.0028769814645295266
2006-09-25,0.9780170938915372,0.9754431157318455,0.0025739781596917366
2006-09-26,0.9781804341017515,0.9755485451774052,0.002631888924346293
2006-09-27,0.9783680771058059,0.9754582049323379,0.0029098721734679422
2006-09-28,0.97768252591023,0.975331624804049,0.0023509011061809693
2006-09-29,0.9767190458004983,0.9762408159379065,0.000478229862591828
2006-10-02,0.9772904978297274,0.977083466506744,0.00020703132298338645
2006-10-03,0.9769727262557799,0.9769088179682944,6.390828748548127e-05
2006-10-04,0.9771134262305299,0.9769088179682942,0.00020460826223567263
2006-10-05,0.9773338950454901,0.9769088179682942,0.00042507707719585675
2006-10-06,0.9767827739818816,0.976289817727608,0.000492956254273591
2006-10-09,0.9765411544841922,0.9757491234725661,0.0007920310116260598
2006-10-10,0.976933900765198,0.9761418697535721,0.0007920310116259488
2006-10-11,0.976348849088212,0.976036440308012,0.00031240878020000196
2006-10-12,0.9757773970589829,0.976682564008614,-0.0009051669496310533
2006-10-13,0.9751020051369291,0.9771749841210112,-0.0020729789840820967
2006-10-16,0.9754529883511982,0.9779346843364473,-0.002481695985249055
2006-10-17,0.9749727678225932,0.9771162831697996,-0.0021435153472063595
2006-10-18,0.9751843683323471,0.9774558037236546,-0.0022714353913074747
2006-10-19,0.9759277947919358,0.9779964979786964,-0.0020687031867605565
2006-10-20,0.975927794791936,0.9783435469219459,-0.002415752130009885
2006-10-23,0.977027015561227,0.9781019274242565,-0.0010749118630295484
2006-10-24,0.9785972963278521,0.9798206078586561,-0.0012233115308040166
2006-10-25,0.9799081176068967,0.9804959997807097,-0.0005878821738130036
2006-10-26,0.9805835095289502,0.9811028004376033,-0.0005192909086531028
2006-10-27,0.9813269359885389,0.9823293134232655,-0.0010023774347265313
2006-10-30,0.9823418484644475,0.9829754371238674,-0.0006335886594198703
2006-10-31,0.9825002232470503,0.9837351373393035,-0.001234914092253181
2006-11-01,0.9829879721650495,0.9837351373393035,-0.0007471651742539942
2006-11-02,0.9829879721650495,0.9837351373393035,-0.0007471651742539942
2006-11-03,0.982296151126691,0.9838617174675924,-0.0015655663409014364
2006-11-06,0.9818159305980863,0.9840200922501949,-0.0022041616521086826
2006-11-07,0.9818159305980863,0.9841351316195954,-0.0023192010215091763
2006-11-08,0.9826432000699404,0.9838420591699811,-0.0011988591000406945
2006-11-09,0.983051311888955,0.9836043415216076,-0.0005530296326525797
2006-11-10,0.984382986785133,0.9840297021740354,0.0003532846110976262
2006-11-13,0.9845236867598828,0.9840297021740354,0.0004939845858473735
2006-11-14,0.9850039072884875,0.985102553141047,-9.864585255947578e-05
2006-11-15,0.9844692153411838,0.9848820843260866,-0.0004128689849027811
2006-11-16,0.984816264284433,0.9848820843260866,-6.58200416535637e-05
2006-11-17,0.9841701405838311,0.9841096747304093,6.046585342178723e-05
2006-11-20,0.984310840558581,0.983711375863808,0.0005994646947730109
2006-11-21,0.9851566622507396,0.9843124069349561,0.0008442553157834709
2006-11-22,0.9857188044413476,0.9849582364023445,0.0007605680390031511
2006-11-24,0.9856284641962804,0.9857855058741984,-0.00015704167791807944
2006-11-27,0.9852539650097267,0.9855182257711598,-0.0002642607614330439
2006-11-28,0.9843293927788854,0.9846844590665034,-0.00035506628761794445
2006-11-29,0.9833831219401632,0.9845694196971032,-0.0011862977569400135
2006-11-30,0.9839178138874669,0.9846597599421707,-0.0007419460547037904
2006-12-01,0.9837771139127172,0.9846597599421707,-0.0008826460294535377
2006-12-04,0.9819768534710873,0.9834718696057588,-0.0014950161346715118
2006-12-05,0.9809619409951787,0.9830462147201173,-0.002084273724938579
2006-12-06,0.9808565115496188,0.9827531422705028,-0.0018966307208839739
2006-12-07,0.9802311586724206,0.9819807326748256,-0.001749574002404941
2006-12-08,0.9802311586724206,0.9811534632029716,-0.0009223045305509769
2006-12-11,0.9807658506197243,0.9809329943880113,-0.0001671437682869703
2006-12-12,0.9792115838045864,0.9807453513839568,-0.0015337675793704042
2006-12-13,0.9788720632507312,0.981658460954384,-0.0027863977036528542
2006-12-14,0.9788720632507312,0.9821148736142129,-0.0032428103634817296
2006-12-15,0.9783843143327322,0.9820305653208303,-0.003646250988098121
2006-12-18,0.9780665427587849,0.9820305653208303,-0.003964022562045422
2006-12-19,0.9782072427335347,0.9806399427798715,-0.0024327000463368886
2006-12-20,0.9783222821029349,0.9806399427798714,-0.002317660676936506
2006-12-21,0.9778779304006987,0.9806399427798715,-0.00276201237917284
2006-12-22,0.9770441636960423,0.9803862623245899,-0.0033420986285476184
2006-12-26,0.9763687717739888,0.9804705706179724,-0.0041017988439835396
2006-12-27,0.9764742012195488,0.9806582136220265,-0.004184012402477788
2006-12-28,0.9764742012195488,0.9805739053286443,-0.004099704109095548
2006-12-29,0.9763898929261663,0.9802268563853949,-0.0038369634592285706
2007-01-03,0.9766315124238557,0.9802268563853949,-0.0035953439615391547
2007-01-04,0.9762844634806063,0.9802268563853949,-0.003942392904788594
2007-01-05,0.9766315124238557,0.9810606230900513,-0.004429110666195557
2007-01-08,0.9774652791285119,0.9815483720080505,-0.0040830928795385635
2007-01-09,0.9782249793439478,0.9812552995584362,-0.0030303202144883468
2007-01-10,0.9789557616667062,0.9812552995584357,-0.0022995378917295417
2007-01-11,0.9782803697446525,0.980428030086582,-0.0021476603419294804
2007-01-12,0.977604977822599,0.9801289553292295,-0.0025239775066304704
2007-01-16,0.977604977822599,0.9801289553292295,-0.0025239775066304704
2007-01-17,0.9771968660035842,0.9798008974357884,-0.0026040314322041125
2007-01-18,0.9771968660035842,0.9776926783726246,-0.0004958123690403937
2007-01-19,0.9766457449399757,0.9765565056320299,8.923930794579871e-05
2007-01-22,0.9767864449147254,0.9773418535977514,-0.0005554086830259486
2007-01-23,0.9777110171455666,0.9779608538384376,-0.0002498366928709306
2007-01-24,0.9769513169301306,0.9774261618911336,-0.0004748449610030292
2007-01-25,0.9765689974576917,0.9781015538131874,-0.0015325563554957622
2007-01-26,0.9761916167146947,0.978636245760491,-0.0024446290457963427
2007-01-29,0.9766840368270917,0.9794635152323451,-0.0027794784052533883
2007-01-30,0.9764424173294023,0.9807568350143168,-0.004314417684914473
2007-01-31,0.9769771092767062,0.9801830875583489,-0.0032059782816427074
2007-02-01,0.9778108759813626,0.9796483956110452,-0.0018375196296825935
2007-02-02,0.9793651427965006,0.9788211261391915,0.0005440166573090766
2007-02-05,0.9786897508744473,0.9784466269526377,0.00024312392180958486
2007-02-06,0.9778841800104743,0.9780643074801986,-0.0001801274697242894
2007-02-07,0.9770569105386205,0.979079219956107,-0.0020223094174864897
2007-02-08,0.9766125588363842,0.979079219956107,-0.002466661119722824
2007-02-09,0.9758528586209481,0.9784941682791208,-0.0026413096581727746
2007-02-12,0.9750190919162919,0.9778480445785189,-0.0028289526622270467
2007-02-13,0.9757787921317276,0.9772629929015327,-0.0014842007698051551
2007-02-14,0.9755115120286889,0.9776025134553877,-0.002091001426698824
2007-02-15,0.9749708177736472,0.9767687467507313,-0.0017979289770840845
2007-02-16,0.9749708177736472,0.9767687467507313,-0.0017979289770840845
2007-02-20,0.9748301177988973,0.9768660495097187,-0.0020359317108213926
2007-02-21,0.9739963510942411,0.9768660495097184,-0.002869698415477351
2007-02-22,0.9730782760962022,0.9768660495097184,-0.0037877734135162155
2007-02-23,0.9714140532373964,0.9766849037384663,-0.005270850501069901
2007-02-26,0.9706230725962601,0.9773767247768246,-0.006753652180564451
2007-02-27,0.9700677043055433,0.9770372042229698,-0.006969499917426458
2007-02-28,0.969052791829635,0.977961776453811,-0.008908984624175997
2007-03-01,0.9686754110866381,0.9772183499942219,-0.00854293890758373
2007-03-02,0.9695238518269693,0.9767306010762229,-0.0072067492492535745
2007-03-05,0.9695238518269693,0.9761455493992367,-0.006621697572267382
2007-03-06,0.9695238518269693,0.9761455493992367,-0.006621697572267382
2007-03-07,0.9695238518269693,0.9765536612182515,-0.007029809391282171
2007-03-08,0.9695238518269693,0.9763725154469993,-0.006848663620030004
2007-03-09,0.970834673106014,0.9763725154469991,-0.0055378423409850885
2007-03-12,0.970834673106014,0.9758213943833909,-0.004986721277376871
2007-03-13,0.9704419268250082,0.976406446060377,-0.0059645192353687815
2007-03-14,0.97098262108005,0.9772337155322307,-0.00625109445218075
2007-03-15,0.971570869516639,0.9784419814234407,-0.006871111906801786
2007-03-16,0.9719242710964003,0.9788402802900421,-0.00691600919364177
2007-03-19,0.9729741622050074,0.979168338183483,-0.006194175978475602
2007-03-20,0.973989074680916,0.9797533898604693,-0.0057643151795533365
2007-03-21,0.9748228413855724,0.980792259842077,-0.0059694184565045605
2007-03-22,0.975789335122546,0.9819171283616531,-0.006127793239107171
2007-03-23,0.975970480893798,0.9817587535790506,-0.005788272685252616
2007-03-26,0.9768885558918369,0.9822994478340925,-0.005410891942255636
2007-03-27,0.9767139073533869,0.9824048772796522,-0.005690969926265277
2007-03-28,0.9755356546672641,0.9818740871816642,-0.0063384325144001386
2007-03-29,0.9749288540103704,0.9819713899406514,-0.007042535930280924
2007-03-30,0.9743881597553286,0.9823184388839007,-0.007930279128572137
2007-04-02,0.9743881597553288,0.9829034905608868,-0.008515330805557997
2007-04-03,0.9742978195102615,0.9824953787418722,-0.008197559231610696
2007-04-04,0.9745650996133002,0.9822023062922575,-0.007637206678957287
2007-04-05,0.9757068249394903,0.9834549364165397,-0.0077481114770493464
2007-04-09,0.9767039318543608,0.9836965559142289,-0.006992624059868113
2007-04-10,0.976545557071758,0.9841222107998705,-0.007576653728112448
2007-04-11,0.9773511279357308,0.9833038096332232,-0.005952681697492412
2007-04-12,0.9778388768537298,0.9836028843905756,-0.0057640075368458055
2007-04-13,0.9774918279104807,0.983823353205536,-0.006331525295055318
2007-04-16,0.9778388768537298,0.9848622231871437,-0.007023346333413838
2007-04-17,0.9788777468353375,0.985935074154155,-0.007057327318817586
2007-04-18,0.9783062948061084,0.9856420017045404,-0.007335706898431993
2007-04-19,0.9783806722442676,0.9856420017045404,-0.007261329460272803
2007-04-20,0.9788370849040964,0.9859929849188092,-0.007155900014712779
2007-04-23,0.9791880681183652,0.987303806197854,-0.008115738079488732
2007-04-24,0.9799099081446593,0.9877915551158529,-0.007881646971193645
2007-04-25,0.97952758867222,0.9875196038184162,-0.007992015146196185
2007-04-26,0.978942536995234,0.9875196038184162,-0.008577066823182156
2007-04-27,0.9781241358285867,0.9880542957657198,-0.009930159937133087
2007-04-30,0.9774261036710684,0.9880542957657198,-0.010628192094651379
2007-05-01,0.9761327838890969,0.9880542957657198,-0.011921511876622937
2007-05-02,0.9753730836736607,0.9875665468477207,-0.012193463174060004
2007-05-03,0.975294051756829,0.988058966960118,-0.012764915203288929
2007-05-04,0.9769383547530694,0.9883520394097325,-0.011413684656663037
2007-05-07,0.9779354616679402,0.9876766474876789,-0.009741185819738707
2007-05-08,0.97793546166794,0.9876766474876789,-0.009741185819738929
2007-05-09,0.9781101102063898,0.9881209991899153,-0.010010888983525423
2007-05-10,0.9792093309756806,0.9891359116658237,-0.009926580690143072
2007-05-11,0.97959165044812,0.9895440234848384,-0.009952373036718365
2007-05-14,0.9807795407845317,0.9898113035878773,-0.009031762803345611
2007-05-15,0.9813985410252178,0.9901936230603162,-0.008795082035098378
2007-05-16,0.9812401662426151,0.9911181952911575,-0.009878029048542403
2007-05-17,0.9810196974276549,0.9914359668651048,-0.010416269437449888
2007-05-18,0.981604749104641,0.9915625469933937,-0.009957797888752729
2007-05-21,0.98050552833535,0.9918298270964327,-0.011324298761082763
2007-05-22,0.980013108222953,0.9918298270964327,-0.011816718873479792
2007-05-23,0.9793672787555646,0.9915578757989957,-0.012190597043431062
2007-05-24,0.9790953274581276,0.9908598436414776,-0.01176451618335006
2007-05-25,0.978687215639113,0.9907448042720773,-0.012057588632964356
2007-05-29,0.977848483506845,0.9906182241437884,-0.012769740636943472
2007-05-30,0.9778484835068451,0.9913400641700822,-0.01349158066323719
2007-05-31,0.9777038650955254,0.9920834906296713,-0.014379625534145846
2007-06-01,0.978687215639113,0.9923039594446315,-0.013616743805518472
2007-06-04,0.9795209823437692,0.9926510083878808,-0.01313002604411162
2007-06-05,0.9786783317749316,0.9925244282595916,-0.013846096484660064
2007-06-06,0.9779802996174134,0.9912717981353096,-0.013291498517896239
2007-06-07,0.9778268902624223,0.9902884475917222,-0.012461557329299877
2007-06-08,0.9780505405905737,0.990067978776762,-0.012017438186188278
2007-06-11,0.9780505405905737,0.990067978776762,-0.012017438186188278
2007-06-12,0.9779239604622848,0.990173408222322,-0.012249447760037224
2007-06-13,0.977085228330017,0.989248835991481,-0.01216360766146396
2007-06-14,0.977085228330017,0.9892488359914808,-0.012163607661463849
2007-06-15,0.9783378584542989,0.9893638753608812,-0.011026016906582337
2007-06-18,0.9783378584542988,0.9888761264428823,-0.010538267988583483
2007-06-19,0.9792559334523376,0.9891434065459211,-0.00988747309358351
2007-06-20,0.9794975529500269,0.9889406743413739,-0.009443121391346954
2007-06-21,0.9797091534597806,0.9885583548689346,-0.008849201409154017
2007-06-22,0.980260274523389,0.9882188343150798,-0.0079585597916908
2007-06-25,0.9804414202946413,0.9878365148426409,-0.007395094547999581
2007-06-26,0.9802830455120386,0.9880781343403301,-0.0077950888282914965
2007-06-27,0.9802830455120386,0.9885583548689347,-0.008275309356896132
2007-06-28,0.9802830455120384,0.9882405832949873,-0.007957537782948942
2007-06-29,0.9802830455120387,0.9880201144800271,-0.007737068967988425
2007-07-02,0.9811961550824656,0.9879297742349599,-0.0067336191524942635
2007-07-03,0.9809242037850289,0.9873950822876559,-0.006470878502627064
2007-07-05,0.9812232785423813,0.9869507305854197,-0.005727452043038372
2007-07-06,0.9805314575040229,0.9869507305854196,-0.00641927308139667
2007-07-09,0.9802323827466703,0.9871923500831089,-0.006959967336438555
2007-07-10,0.9798928621928156,0.9867666951974673,-0.006873833004651719
2007-07-11,0.9804643142220447,0.98627427508507,-0.005809960863025321
2007-07-12,0.9797046140066084,0.9859752003277176,-0.006270586321109217
2007-07-13,0.979788922299991,0.9858486201994286,-0.0060596978994376105
2007-07-16,0.9789501901677232,0.9850302190327812,-0.006080028865057985
2007-07-17,0.9783040664671213,0.9837368992508096,-0.005432832783688335
2007-07-18,0.9780924659573678,0.9828123270199685,-0.004719861062600694
2007-07-19,0.9776122454287629,0.9822716327649268,-0.004659387336163889
2007-07-20,0.9774715454540132,0.9817205117013182,-0.004248966247305086
2007-07-23,0.9782899466206605,0.981232762783319,-0.002942816162658457
2007-07-24,0.9782899466206607,0.9816771144855554,-0.00338716786489468
2007-07-25,0.9794681993067833,0.982519765054393,-0.0030515657476096747
2007-07-26,0.9804653062216541,0.9826040733477754,-0.002138767126121377
2007-07-27,0.98122500643709,0.9823367932447368,-0.0011117868076467863
2007-07-30,0.9815240811944425,0.9822217538753363,-0.0006976726808938238
2007-07-31,0.9810984263088011,0.9818822333214815,-0.0007838070126804375
2007-08-01,0.9816331182561048,0.982175305771096,-0.0005421875149912436
2007-08-02,0.9823085101781583,0.9823957745860562,-8.726440789785794e-05
2007-08-03,0.9836983633740347,0.9830416040534445,0.0006567593205901723
2007-08-06,0.9840757441170315,0.9831206359702763,0.0009551081467551459
2007-08-07,0.9853022571026937,0.983204944263659,0.002097312839034693
2007-08-08,0.985794677215091,0.9834768955610959,0.002317781653995099
2007-08-09,0.9860877496647052,0.982558820563057,0.0035289291016482593
2007-08-10,0.9858672808497452,0.9832049442636588,0.002662336586086389
2007-08-13,0.9856000007467063,0.9832049442636588,0.0023950564830474974
2007-08-14,0.9850285487174772,0.9827171953456597,0.002311353371817537
2007-08-15,0.984443497040491,0.9826198925866726,0.0018236044538183505
2007-08-16,0.9850285487174772,0.9828226247912198,0.0022059239262574026
2007-08-17,0.985674672418079,0.9843878958706285,0.0012867765474505743
2007-08-20,0.985674672418079,0.9838472016155865,0.00182747080249257
2007-08-21,0.9850288429506905,0.9846809683202429,0.0003478746304476088
2007-08-22,0.9848476971794385,0.9857198383018505,-0.0008721411224119624
2007-08-23,0.9844220422937969,0.9857198383018505,-0.0012977960080535755
2007-08-24,0.9836786158342082,0.9849979982755565,-0.0013193824413482158
2007-08-27,0.983678615834208,0.9837714852898943,-9.286945568631744e-05
2007-08-28,0.9843540077562617,0.9837714852898943,0.0005825224663673634
2007-08-29,0.9845917254046352,0.9836871769965121,0.0009045484081231514
2007-08-30,0.9845013851595679,0.9836871769965121,0.000814208163055774
2007-08-31,0.9842341050565291,0.9839591282939487,0.00027497676258037007
2007-09-04,0.9836829839929204,0.9837386594789886,-5.567548606821848e-05
2007-09-05,0.982991162954562,0.9839591282939487,-0.0009679653393867005
2007-09-06,0.9820665907237212,0.9838536988483889,-0.0017871081246677578
2007-09-07,0.9817195417804717,0.98293562385035,-0.0012160820698783326
2007-09-10,0.9821997623090766,0.9818967538687425,0.0003030084403340405
2007-09-11,0.98287515423113,0.9821898263183568,0.0006853279127732037
2007-09-12,0.9828751542311303,0.9826154812039984,0.0002596730271318126
2007-09-13,0.9830778864356771,0.9825181784450113,0.0005597079906657365
2007-09-14,0.983417406989532,0.9825181784450113,0.000899228544520625
2007-09-17,0.9841092280278904,0.9825181784450115,0.0015910495828788118
2007-09-18,0.9841092280278904,0.9825181784450113,0.0015910495828790339
2007-09-19,0.9837011162088756,0.9819834864977076,0.0017176297111679562
2007-09-20,0.9843991483663936,0.9822039553126678,0.0021951930537258413
2007-09-21,0.9843991483663936,0.9820985258671081,0.0023006224992855318
2007-09-24,0.984489488611461,0.9813550994075191,0.003134389203941934
2007-09-25,0.9847885633688137,0.9809469875885043,0.003841575780309414
2007-09-26,0.9850301828665029,0.9810524170340642,0.0039777658324386955
2007-09-27,0.9850301828665029,0.9819704920321028,0.003059690834400053
2007-09-28,0.9854745345687395,0.9819704920321031,0.003504042536636387
2007-10-01,0.9850301828665029,0.9819704920321028,0.003059690834400053
2007-10-02,0.9838036698808408,0.9825216130957115,0.0012820567851292708
2007-10-03,0.9839302500091297,0.9818754893951097,0.0020547606140199903
2007-10-04,0.9834858983068934,0.9827027588669637,0.000783139439929692
2007-10-05,0.9839302500091297,0.9830850783394028,0.000845171669726863
2007-10-08,0.9830964833044733,0.9820462083577953,0.001050274946677976
2007-10-09,0.9832371832792233,0.9820462083577951,0.0011909749214281673
2007-10-10,0.9839806097388122,0.9817531359081806,0.002227473830631599
2007-10-11,0.9845153016861159,0.9819407789122353,0.0025745227738805943
2007-10-12,0.9843125694815689,0.9827745456168915,0.0015380238646773847
2007-10-15,0.9846303410555163,0.9833092375641952,0.001321103491321085
2007-10-16,0.9836840702167938,0.9833092375641952,0.0003748326525986334
2007-10-17,0.9836840702167938,0.9845357505498572,-0.000851680333063376
2007-10-18,0.9840921820358086,0.9852791770094463,-0.0011869949736377228
2007-10-19,0.9839656019075197,0.9850764448048991,-0.0011108428973793938
2007-10-22,0.9831318352028633,0.9839772240356083,-0.0008453888327449866
2007-10-23,0.9824564432808096,0.9843242729788575,-0.0018678296980478848
2007-10-24,0.9829007949830461,0.9832854029972499,-0.0003846080142038133
2007-10-25,0.9817646222424513,0.9827342819336414,-0.0009696596911901167
2007-10-26,0.9803724736198363,0.9823519624612022,-0.001979488841365895
2007-10-29,0.9796506335935423,0.9829370141381887,-0.003286380544646361
2007-10-30,0.9796506335935423,0.9824023221908847,-0.0027516885973424277
2007-10-31,0.9796506335935423,0.9826696022939236,-0.0030189687003813193
2007-11-01,0.9797560630391022,0.9828900711088837,-0.00313400806978148
2007-11-02,0.9788097922003799,0.9815967513269122,-0.0027869591265322624
2007-11-05,0.979734364431221,0.981694054085899,-0.001959689654678076
2007-11-06,0.9798750644059707,0.9824996249498719,-0.0026245605439011443
2007-11-07,0.9798750644059707,0.9827023571544187,-0.0028272927484479515
2007-11-08,0.9804097563532744,0.9822580054521824,-0.001848249098908017
2007-11-09,0.9802286105820225,0.9820552732476352,-0.0018266626656127105
2007-11-12,0.9798462911095831,0.9806646507066765,-0.000818359597093421
2007-11-13,0.9801393635591976,0.9807700801522367,-0.0006307165930390379
2007-11-14,0.9798215919852502,0.9808966602805256,-0.001075068295275372
2007-11-15,0.9795679115299685,0.9806247089830887,-0.0010567974531202617
2007-11-16,0.9792283909761137,0.980866328480778,-0.001637937504664344
2007-11-19,0.9775184707795512,0.9805192795375288,-0.003000808757977591
2007-11-20,0.9774281305344837,0.9799845875902249,-0.002556457055741146
2007-11-21,0.9786063832206064,0.9785036248041987,0.00010275841640772221
2007-11-23,0.9787470831953564,0.979195445842557,-0.00044836264720060637
2007-11-26,0.9787470831953564,0.979370094381007,-0.0006230111856505571
2007-11-27,0.9788621225647567,0.9786103941655709,0.00025172839918574663
2007-11-28,0.9787566931191968,0.978504964720011,0.00025172839918574663
2007-11-29,0.9783123414169602,0.9781226452475719,0.00018969616938835365
2007-11-30,0.9800222616135229,0.9781226452475719,0.0018996163659510401
2007-12-03,0.98011956437251,0.9779350022435175,0.00218456212899254
2007-12-04,0.9810658352112321,0.9777766274609145,0.003289207750317602
2007-12-05,0.980480783534246,0.9772842073485175,0.003196576185728439
2007-12-06,0.9820934009718216,0.9766380836479155,0.005455317323906139
2007-12-07,0.9808668879861595,0.9766380836479157,0.004228804338243797
2007-12-10,0.9806124381857954,0.9768797031456049,0.003732735040190449
2007-12-11,0.9807027784308627,0.976120002930169,0.004582775500693748
2007-12-12,0.9805877390614625,0.9757690197159,0.004818719345562439
2007-12-13,0.981263130983516,0.9752765996035029,0.005986531380013149
2007-12-14,0.9818821312242022,0.9752765996035029,0.006605531620699323
2007-12-17,0.9813943823062032,0.9746697989466093,0.006724583359593916
2007-12-18,0.9808596903588993,0.9732799457507328,0.007579744608166461
2007-12-19,0.9810624225634463,0.9734545942891826,0.0076078282742637615
2007-12-20,0.9812500655675007,0.9730464824701678,0.008203583097332934
2007-12-21,0.9809781142700641,0.9733974656844366,0.007580648585627459
2007-12-24,0.9803930625930779,0.9727906650275431,0.007602397565534824
2007-12-26,0.9803027223480102,0.9721716647868569,0.008131057561153288
2007-12-27,0.9809781142700639,0.9717460099012153,0.009232104368848582
2007-12-28,0.980234687810475,0.9717460099012151,0.00848867790925989
2007-12-31,0.9799356130531225,0.9717460099012153,0.008189603151907199
2008-01-02,0.9785434644305074,0.969782409249371,0.008761055181136457
2008-01-03,0.9784531241854402,0.9703892099062646,0.008063914279175521
2008-01-04,0.9774382117095315,0.9691626969206025,0.008275514788928962
2008-01-07,0.9771204401355843,0.9695708087396173,0.0075496313959669825
2008-01-08,0.9778422801618781,0.9706096787212249,0.007232601440653186
2008-01-09,0.9781893291051275,0.9712164793781188,0.006972849727008623
2008-01-10,0.9777015801871284,0.971379819588333,0.006321760598795412
2008-01-11,0.9781096920061431,0.9715063997166219,0.006603292289521168
2008-01-14,0.9784027644557576,0.9718054744739746,0.006597289981782994
2008-01-15,0.9791461909153466,0.9718054744739746,0.007340716441372019
2008-01-16,0.9784027644557576,0.9716520651189833,0.006750699336774302
2008-01-17,0.9778680725084539,0.9710806130897544,0.006787459418699515
2008-01-18,0.9778680725084539,0.9692916916821943,0.008576380826259555
2008-01-22,0.9782608187894597,0.9668986927347883,0.011362126054671351
2008-01-23,0.9796514413304184,0.9668986927347883,0.012752748595630026
2008-01-24,0.9786125713488107,0.9653334216553796,0.013279149693431136
2008-01-25,0.9779653752674411,0.9633698210035354,0.014595554263905686
2008-01-28,0.9786114989680427,0.9618155541883973,0.01679594477964541
2008-01-29,0.9781237500500437,0.9621550747422523,0.015968675307791447
2008-01-30,0.9787991419720972,0.9615482740853585,0.017250867886738686
2008-01-31,0.9788964447310843,0.9614075741106087,0.01748887062047555
2008-02-01,0.9781530182714954,0.9607095419530906,0.017443476318404816
2008-02-04,0.9776727977428908,0.9586715638630872,0.01900123387980368
2008-02-05,0.97801984668614,0.9564560753443825,0.021563771341757465
2008-02-06,0.9786659703867419,0.955637674177735,0.023028296209006816
2008-02-07,0.9794932398585959,0.9564432450417075,0.02304999481688841
2008-02-08,0.9797651911560328,0.956558284411108,0.02320690674492476
2008-02-11,0.9795775481519784,0.9536674039703495,0.025910144181628847
2008-02-12,0.9803959493186255,0.9546338977073231,0.025762051611302406
2008-02-13,0.9815838396550374,0.9560438153620553,0.025540024292982078
2008-02-14,0.9833841000966672,0.9585265839837988,0.02485751611286846
2008-02-15,0.9841059401229613,0.9593603506884552,0.02474558943450611
2008-02-19,0.9848277801492551,0.9594305916616155,0.02539718848763961
2008-02-20,0.9855196011876137,0.9602693237938833,0.025250277393730425
2008-02-21,0.9863251720515862,0.9605070414422571,0.025818130609329137
2008-02-22,0.9863251720515862,0.960353632087266,0.025971539964320223
2008-02-25,0.9861375290475318,0.9601120125895766,0.026025516457955256
2008-02-26,0.9862348318065189,0.9599308668183244,0.02630396498819454
2008-02-27,0.9861082516782298,0.9610037177853358,0.02510453389289402
2008-02-28,0.9861082516782298,0.9607046430279833,0.02540360865024649
2008-02-29,0.9866489459332715,0.9608196823973836,0.02582926353588788
2008-03-03,0.9867543753788316,0.9603272622849863,0.026427113093845267
2008-03-04,0.986942018382886,0.9600895446366128,0.026852473746273198
2008-03-05,0.987082718357636,0.96086195423229,0.026220764125345908
2008-03-06,0.9869923781125686,0.9606873056938405,0.026305072418728037
2008-03-07,0.987667770034622,0.9613626976158939,0.026305072418728148
2008-03-10,0.9880148189778714,0.9604495880454668,0.027565230932404594
2008-03-11,0.9875345984492668,0.9610954175128551,0.026439180936411733
2008-03-12,0.9879602533349082,0.9615756380414597,0.026384615293448488
2008-03-13,0.9877575211303611,0.9617502865799097,0.026007234550451397
2008-03-14,0.9869237544257049,0.9619136267901239,0.02501012763558097
2008-03-17,0.986923754425705,0.961197556349575,0.02572619807612997
2008-03-18,0.9868394461323224,0.9615749370925722,0.025264509039750194
2008-03-19,0.9875312671706807,0.9631292039077104,0.02440206326297034
2008-03-20,0.9876216074157482,0.9629924223695302,0.024629185046218027
2008-03-24,0.9880472623013897,0.9629924223695302,0.02505483993185953
2008-03-25,0.9880472623013897,0.9631190024978191,0.024928259803570607
2008-03-26,0.988539682413787,0.9635271143168341,0.025012568096952847
2008-03-27,0.9890274313317859,0.9639044950598309,0.025122936271955054
2008-03-28,0.9887601512287473,0.9642222666337782,0.024537884594969084
2008-03-31,0.9874493299497027,0.9651557071698259,0.022293622779876787
2008-04-01,0.9872377294399489,0.9665515992023613,0.020686130237587586
2008-04-02,0.98685540996751,0.9677598650935713,0.01909554487393872
2008-04-03,0.9870581421720568,0.9684352570156247,0.018622885156432067
2008-04-04,0.9871847223003459,0.9684352570156247,0.018749465284721212
2008-04-07,0.9875024938742933,0.9687530285895721,0.018749465284721212
2008-04-08,0.9876431938490433,0.9678349535915333,0.019808240257510046
2008-04-09,0.987545891090056,0.9690614665771956,0.018484424512860365
2008-04-10,0.9872468163327035,0.9686533547581808,0.018593461574522685
2008-04-11,0.9872468163327036,0.9686533547581808,0.018593461574522796
2008-04-14,0.9869537438830891,0.9671188831509847,0.019834860732104387
2008-04-15,0.9872210239861278,0.9671188831509847,0.020102140835143056
2008-04-16,0.9881390989841666,0.9689191435926147,0.01921995539155197
2008-04-17,0.9890725395202142,0.9696788438080506,0.01939369571216365
2008-04-18,0.9888978909817643,0.9696788438080508,0.019219047173713477
2008-04-21,0.9886306108787256,0.9694761116035036,0.01915449927522206
2008-04-22,0.9885155715093253,0.9700272326671122,0.018488338842213126
2008-04-23,0.9887571910070148,0.9706282637382604,0.01812892726875437
2008-04-24,0.989575592173662,0.9715528359691017,0.018022756204560286
2008-04-25,0.9896906315430622,0.9720188862792193,0.017671745263842964
2008-04-28,0.988998810504704,0.9728042342449407,0.016194576259763283
2008-04-29,0.9891138498741042,0.9732844547735454,0.015829395100558807
2008-04-30,0.9896062699865014,0.974281561688416,0.01532470829808541
2008-05-01,0.9893343186890645,0.9737408674333742,0.015593451255690338
2008-05-02,0.9892192793196642,0.9740879163766236,0.015131362943040627
2008-05-05,0.9894865594227029,0.9726980631807471,0.016788496241955775
2008-05-06,0.9900716110996892,0.9728857061848015,0.017185904914887695
2008-05-07,0.990551831628294,0.9714047433987754,0.019147088229518605
2008-05-08,0.989452610859003,0.9700818723013329,0.01937073855767013
2008-05-09,0.9892109913613136,0.9695197301107249,0.019691261250588732
2008-05-12,0.9895100661186662,0.9681275814881098,0.021382484630556364
2008-05-13,0.9895100661186662,0.9686078020167145,0.02090226410195173
2008-05-14,0.9892109913613136,0.9686078020167145,0.02060318934459915
2008-05-15,0.9882647205225912,0.9707825616448982,0.017482158877693
2008-05-16,0.9880619883180441,0.9709232616196477,0.017138726698396445
2008-05-19,0.988061988318044,0.9713489165052893,0.01671307181275472
2008-05-20,0.9880619883180441,0.9713489165052893,0.01671307181275483
2008-05-21,0.987820368820355,0.9716666880792367,0.016153680741118226
2008-05-22,0.9865548003260287,0.9716666880792367,0.014888112246791985
2008-05-23,0.9871616009829225,0.9720923429648781,0.015069258018044374
2008-05-27,0.987460675740275,0.9725004547838929,0.014960220956382053
2008-05-28,0.9877597504976274,0.9728987536504943,0.014860996847133157
2008-05-29,0.9877597504976274,0.9733943552760826,0.014365395221544786
2008-05-30,0.9872720015796285,0.9737453384903514,0.01352666308927708
2008-06-02,0.9872720015796285,0.9740126185933903,0.013259382986238188
2008-06-03,0.987156962210228,0.9743116933507427,0.012845268859485226
2008-06-04,0.9864589300527101,0.9757023158917014,0.010756614161008704
2008-06-05,0.9868412495251491,0.9768384886322963,0.010002760892852791
2008-06-06,0.9871403242825016,0.9776440594962688,0.009496264786232889
2008-06-09,0.986999624307752,0.9771484578706805,0.009851166437071512
2008-06-10,0.9871262044360409,0.9766528562450922,0.010473348190948695
2008-06-11,0.9874439760099881,0.9771406051630912,0.01030337084689692
2008-06-12,0.9876855955076775,0.9771406051630912,0.010544990344586336
2008-06-13,0.9889511640020037,0.977480125716946,0.011471038285057689
2008-06-16,0.9888361246326034,0.9777217452146354,0.011114379417968001
2008-06-17,0.9891080759300404,0.9764561767203093,0.012651899209731088
2008-06-18,0.9893285447450004,0.9761571019629568,0.01317144278204363
2008-06-19,0.98967559368825,0.9759543697584098,0.01372122392984021
2008-06-20,0.9892312419860133,0.9762623283799436,0.012968913606069665
2008-06-23,0.9890905420112636,0.9754797173743753,0.01361082463688823
2008-06-24,0.9892055813806638,0.9748786863032269,0.014326895077436896
2008-06-25,0.988938301277625,0.974611406200188,0.014326895077437007
2008-06-26,0.9884036093303215,0.9744367576617384,0.013966851668583025
2008-06-27,0.9877846090896353,0.9747040377647771,0.013080571324858181
2008-06-30,0.9876791796440753,0.9750967840457828,0.01258239559829244
2008-07-01,0.987946459747114,0.975277929817035,0.012668529930079053
2008-07-02,0.9874540396347168,0.976812401424231,0.010641638210485804
2008-07-03,0.9873750077178849,0.9774314016649174,0.009943606052967513
2008-07-07,0.9869306560156486,0.9769358000393288,0.009994855976319772
2008-07-08,0.9856650875213224,0.976213960013035,0.009451127508287471
2008-07-09,0.9851726674089252,0.9755159278555169,0.009656739553408289
2008-07-10,0.9841011830558953,0.9745435260350691,0.009557657020826227
2008-07-11,0.9838081106062808,0.9731541143726073,0.010653996233673468
2008-07-14,0.9844835025283345,0.9730390750032069,0.011444427525127643
2008-07-15,0.9842418830306451,0.9703717063928715,0.013870176637773568
2008-07-16,0.9840884736756542,0.9707226896071401,0.013365784068514075
2008-07-17,0.9846192637736421,0.9682399209853966,0.016379342788245488
2008-07-18,0.9846192637736421,0.9691579959834352,0.015461267790206845
2008-07-21,0.9849702469879109,0.9700038176755938,0.014966429312317064
2008-07-22,0.9845719481213095,0.9696567687323447,0.014915179388964805
2008-07-23,0.9845719481213095,0.9703243403685128,0.014247607752796765
2008-07-24,0.9857136734474996,0.9699469596255158,0.015766713821983802
2008-07-25,0.985955292945189,0.9693619079485297,0.0165933849966593
2008-07-28,0.986095992919939,0.9699026022035714,0.016193390716367606
2008-07-29,0.9868684025156162,0.9704306523217827,0.016437750193833534
2008-07-30,0.9865693277582638,0.9707026036192197,0.01586672413904411
2008-07-31,0.9863020476552249,0.9711903525372189,0.01511169511800603
2008-08-01,0.9858576959529884,0.9720176220090726,0.013840073943915843
2008-08-04,0.9857169959782387,0.971171800316914,0.014545195661324728
2008-08-05,0.9858576959529887,0.9704964083948606,0.015361287558128045
2008-08-06,0.9857169959782387,0.9701493594516113,0.015567636526627404
2008-08-07,0.9860100684278531,0.9705027610313727,0.01550730739648043
2008-08-08,0.9855844135422116,0.969827369109319,0.01575704443289261
2008-08-11,0.9859021851161591,0.9689027968784781,0.01699938823768099
2008-08-12,0.9862531683304278,0.969170076981517,0.01708309134891073
2008-08-13,0.9855097418708388,0.9691700769815168,0.016339664889322036
2008-08-14,0.9856363219991278,0.9695095975353718,0.01612672446375596
2008-08-15,0.9850295213422342,0.9695095975353718,0.015519923806862401
2008-08-18,0.9856363219991278,0.9683313448492488,0.017304977149878997
2008-08-19,0.985839054203675,0.967938598568243,0.017900455635431967
2008-08-20,0.9854133993180336,0.9686546690087917,0.01675873030924191
2008-08-21,0.9850310798455942,0.9683555942514392,0.016675485594154993
2008-08-22,0.9852515486605546,0.9675958940360033,0.01765565462455132
2008-08-25,0.9845081222009657,0.9672185132930063,0.017289608907959386
2008-08-26,0.9840517095411369,0.966820214426405,0.017231495114731876
2008-08-27,0.9836260546554954,0.9673004349550096,0.01632561970048574
2008-08-28,0.9842721783560974,0.9686898466174718,0.015582331738625554
2008-08-29,0.984812872611139,0.9700796998133483,0.014733172797790739
2008-09-02,0.9851306441850863,0.9699213250307456,0.015209319154340761
2008-09-03,0.9847483247126472,0.9697401792594933,0.015008145453153876
2008-09-04,0.9855870568449152,0.9710630503569357,0.014524006487979468
2008-09-05,0.9855080249280833,0.9735458189786793,0.011962205949404003
2008-09-08,0.9850156048156861,0.9740260395072838,0.010989565308402227
2008-09-09,0.9845353842870813,0.9741844142898866,0.010350969997194759
2008-09-10,0.9840045941890935,0.9741844142898866,0.009820179899206916
2008-09-11,0.9836575452458439,0.9749441145053227,0.008713430740521222
2008-09-12,0.9827329730150031,0.9752113946083616,0.0075215784066414715
2008-09-15,0.9825125042000428,0.9756991435263606,0.006813360673682212
2008-09-16,0.9832559306596316,0.9761072553453753,0.007148675314256225
2008-09-17,0.9830682876555772,0.9749290026592525,0.008139284996324658
2008-09-18,0.9832494334268294,0.9773963790448177,0.005853054382011669
2008-09-19,0.9838952628942177,0.9767502553442159,0.007145007550001803
2008-09-22,0.9842726436372146,0.9767502553442159,0.007522388292998672
2008-09-23,0.9839255946939652,0.9770897758980709,0.006835818795894344
2008-09-24,0.9837228624894182,0.9775341276003072,0.006188734889110981
2008-09-25,0.9831821682343763,0.9779597824859487,0.005222385748427594
2008-09-26,0.9831821682343763,0.9778014077033459,0.005380760531030426
2008-09-29,0.9832875976799362,0.9778014077033461,0.005486189976590117
2008-09-30,0.9839337213805383,0.9782095195223607,0.005724201858177569
2008-10-01,0.9846091133025917,0.9780283737511085,0.0065807395514831946
2008-10-02,0.9843886444876315,0.9777610936480698,0.00662755083956168
2008-10-03,0.9847396277019002,0.9789028189742599,0.0058368087276402525
2008-10-06,0.9847396277019002,0.9789028189742601,0.0058368087276400304
2008-10-07,0.9847396277019004,0.9789028189742601,0.0058368087276402525
2008-10-08,0.9847396277019004,0.9791055511788069,0.005634076523093445
2008-10-09,0.9847396277019002,0.9791055511788069,0.005634076523093223
2008-10-10,0.985657702699939,0.9781222006352196,0.007535502064719424
2008-10-13,0.9870498513225541,0.9781222006352196,0.008927650687334476
2008-10-14,0.9867825712195154,0.9781222006352196,0.008660370584295807
2008-10-15,0.9873232654745573,0.9781222006352196,0.009201064839337691
2008-10-16,0.9867825712195154,0.9779194684306723,0.008863102788843058
2008-10-17,0.9867825712195154,0.9773683473670639,0.009414223852451498
2008-10-20,0.9876098406913694,0.9763712404521934,0.011238600239176
2008-10-21,0.9882559643919712,0.9752997560991634,0.012956208292807747
2008-10-22,0.9888410160689572,0.9752997560991636,0.013541259969793606
2008-10-23,0.9881948923683553,0.97462436417711,0.013570528191245379
2008-10-24,0.9883214724966446,0.9749714131203593,0.013350059376285306
2008-10-27,0.9883214724966446,0.9758051798250156,0.012516292671629015
2008-10-28,0.989155239201301,0.976577589420693,0.012577649780608047
2008-10-29,0.9894483116509153,0.9775609399642802,0.011887371686635118
2008-10-30,0.990191738110504,0.9783996720965482,0.011792066013955771
2008-10-31,0.9903067774799045,0.9783996720965481,0.011907105383356376
2008-11-03,0.9907511291821408,0.978856084756377,0.011895044425763834
2008-11-04,0.9909538613866877,0.979386874854365,0.011566986532322687
2008-11-05,0.991441610304687,0.9793868748543648,0.012054735450322207
2008-11-06,0.9907954866040851,0.9795452496369678,0.011250236967117355
2008-11-07,0.9907954866040851,0.9795452496369678,0.011250236967117355
2008-11-10,0.9912211414897267,0.9795452496369678,0.011675891852758968
2008-11-11,0.9913795162723293,0.9794398201914077,0.011939696080921602
2008-11-12,0.9916211357700186,0.9796425523959548,0.011978583374063878
2008-11-13,0.9921088846880178,0.9799935356102236,0.012115349077794213
2008-11-14,0.9916211357700186,0.9805649876394528,0.01105614813056588
2008-11-17,0.9911767840677823,0.9813246878548888,0.009852096212893513
2008-11-18,0.991061744698382,0.981817107967286,0.00924463673109599
2008-11-19,0.9912822135133423,0.9825768081827219,0.008705405330620475
2008-11-20,0.9912822135133423,0.9830692282951191,0.008212985218223223
2008-11-21,0.9912822135133423,0.9824841766181329,0.008798036895209416
2008-11-24,0.9914229134880921,0.9826957771278866,0.0087271363602055
2008-11-25,0.9918672651903285,0.9828769228991386,0.00899034229118989
2008-11-26,0.9914229134880921,0.9824841766181329,0.008938736869959163
2008-11-28,0.9918672651903285,0.9819917565057357,0.00987550868459286
2008-12-01,0.9923550141083275,0.9821944887102827,0.010160525398044795
2008-12-02,0.9919726946358884,0.9820971859512958,0.009875508684592638
2008-12-03,0.9916256456926391,0.9820971859512958,0.00952845974134331
2008-12-04,0.991528342933652,0.9814510622506938,0.010077280682958212
2008-12-05,0.9911812939904029,0.9800604397097351,0.01112085428066778
2008-12-08,0.9910839912314158,0.9810753521856436,0.010008639045772205
2008-12-09,0.991199030600816,0.9819934271836824,0.009205603417133612
2008-12-10,0.9912963333598032,0.9824811761016814,0.008815157258121764
2008-12-11,0.9916433823030525,0.9836690664380933,0.007974315864959225
2008-12-12,0.9920257017754915,0.9835787261930258,0.008446975582465766
2008-12-15,0.9917266270181391,0.9833067748955888,0.008419852122550253
2008-12-16,0.9913009721324975,0.9825470746801528,0.008753897452344672
2008-12-17,0.9913009721324975,0.9820063804251109,0.009294591707386557
2008-12-18,0.9907159204555114,0.9815186315071118,0.009197288948399551
2008-12-19,0.9901308687785251,0.9813309885030574,0.00879988027546763
2008-12-22,0.9901308687785252,0.9811105196880973,0.009020349090427926
2008-12-23,0.9900254393329652,0.9817859116101507,0.008239527722814444
2008-12-24,0.989804970518005,0.9824320353107527,0.00737293520725224
2008-12-26,0.9903900221949911,0.9828143547831916,0.0075756674117994915
2008-12-29,0.9902749828255907,0.9829116575421787,0.007363325283411992
2008-12-30,0.9902749828255907,0.9830019977872461,0.007272985038344615
2008-12-31,0.989740290878287,0.980959982054109,0.008780308824178018
2009-01-02,0.9894225193043394,0.9805035693942802,0.00891894991005926
2009-01-05,0.9892020504893794,0.9806669096044944,0.00853514088488494
2009-01-06,0.9892020504893794,0.9810139585477436,0.008188091941635722
2009-01-07,0.9892020504893794,0.9820528285293515,0.007149221960027874
2009-01-08,0.9884586240297905,0.9817808772319144,0.006677746797876027
2009-01-09,0.9884586240297902,0.9816175370217001,0.006841087008090163
2009-01-12,0.9874437115538821,0.9818894883191371,0.0055542232347449705
2009-01-13,0.987317131425593,0.9808506183375293,0.0064665130880636745
2009-01-14,0.9875047744296473,0.9808506183375295,0.0066541560921178355
2009-01-15,0.9878518233728967,0.9810139585477436,0.006837864825153028
2009-01-16,0.9871764314508432,0.9817736587631796,0.005402772687663648
2009-01-20,0.9864545914245492,0.982015278260869,0.004439313163680181
2009-01-21,0.9869952856795909,0.983836825179046,0.003158460500544913
2009-01-22,0.9875299776268947,0.983942254624606,0.003587723002288601
2009-01-23,0.9885448901028031,0.9841838741222952,0.004361015980507865
2009-01-26,0.9883244212878429,0.9842893035678552,0.004035117719987769
2009-01-27,0.9881660465052402,0.9846716230402944,0.003494423464945773
2009-01-28,0.9886103982074766,0.9847982031685834,0.0038121950388932957
2009-01-29,0.9881660465052402,0.9846716230402944,0.003494423464945773
2009-01-30,0.9881660465052402,0.9845450429120053,0.003621003593234917
2009-02-02,0.9881660465052402,0.984324574097045,0.0038414724081952123
2009-02-03,0.9873806985395186,0.9837177734401513,0.0036629250993672757
2009-02-04,0.9864561263086777,0.9837177734401513,0.002738352868526417
2009-02-05,0.9862749805374255,0.9849833419344775,0.0012916386029480087
2009-02-06,0.987984900733988,0.9858106114063314,0.00217428932765662
2009-02-09,0.9874502087866843,0.9859371915346206,0.0015130172520637641
2009-02-10,0.9881256007087377,0.9859371915346206,0.002188409174117112
2009-02-11,0.9880282979497507,0.9859371915346206,0.002091106415130106
2009-02-12,0.9893216177317223,0.9864296116470178,0.0028920060847045237
2009-02-13,0.9893216177317226,0.9866172546510721,0.0027043630806504737
2009-02-17,0.9897659694339588,0.9871519465983759,0.0026140228355828743
2009-02-18,0.9898810088033593,0.9874450190479903,0.0024359897553689613
2009-02-19,0.989881008803359,0.9870626995755512,0.0028183092278079025
2009-02-20,0.9890626076367117,0.9870626995755514,0.0019999080611603492
2009-02-23,0.9883872157146583,0.9878811007421985,0.0005061149724597813
2009-02-24,0.9885022550840583,0.9888273715809209,-0.0003251164968626208
2009-02-25,0.9885022550840583,0.988445052108482,5.720297557632037e-05
2009-02-26,0.9886834008553106,0.988445052108482,0.0002383487468285983
2009-02-27,0.9886834008553106,0.9888273715809209,-0.00014397072561034285
2009-03-02,0.9883656292813633,0.9892717232831574,-0.0009060940017940888
2009-03-03,0.9883656292813633,0.9892717232831575,-0.0009060940017941999
2009-03-04,0.9883656292813633,0.9895707980405101,-0.0012051687591467797
2009-03-05,0.9879575174623483,0.9901054899878138,-0.0021479725254655024
2009-03-06,0.9873385172216621,0.9899178469837591,-0.00257932976209696
2009-03-09,0.9873385172216621,0.989624774534145,-0.0022862573124828867
2009-03-10,0.9868582966930575,0.9892777255908956,-0.002419428897838083
2009-03-11,0.9863705477750584,0.988344285054848,-0.001973737279789556
2009-03-12,0.9868507683036631,0.9888789770021517,-0.0020282086984885206
2009-03-13,0.9867357289342631,0.9879609020041128,-0.0012251730698497054
2009-03-16,0.9874111208563165,0.9879609020041128,-0.0005497811477962466
2009-03-17,0.9874954291496988,0.9880582047630999,-0.000562775613401123
2009-03-18,0.9873981263907119,0.9883301560605369,-0.0009320296698249741
2009-03-19,0.9867227344686582,0.9886479276344843,-0.0019251931658260668
2009-03-20,0.9865961543403693,0.9886479276344843,-0.002051773294114989
2009-03-23,0.9870218092260107,0.9881132356871803,-0.0010914264611696645
2009-03-24,0.9866136974069959,0.9880159329281932,-0.001402235521197337
2009-03-25,0.9859946971663099,0.9872725064686045,-0.0012778093022945969
2009-03-26,0.9853485734657081,0.9869254575253551,-0.0015768840596469547
2009-03-27,0.985348573465708,0.9869254575253551,-0.0015768840596470657
2009-03-30,0.9852078734909583,0.9866581774223162,-0.0014503039313579213
2009-03-31,0.9847635217887218,0.9868458204263707,-0.0020822986376488606
2009-04-01,0.9853146428523305,0.9874919441269726,-0.002177301274642107
2009-04-02,0.9857227546713451,0.987936295829209,-0.002213541157863985
2009-04-03,0.9861308664903599,0.9880628759574982,-0.0019320094671383403
2009-04-06,0.986257446618649,0.9884709877765128,-0.002213541157863763
2009-04-07,0.9868424982956351,0.988818036719762,-0.001975538424126899
2009-04-08,0.9876021985110712,0.9887276964746947,-0.0011254979636234896
2009-04-09,0.9887383712516657,0.9883881759208397,0.0003501953308260308
2009-04-13,0.988398850697811,0.9882615957925508,0.0001372549052601757
2009-04-14,0.9889839023747972,0.9881465564231503,0.0008373459516468618
2009-04-15,0.9889839023747972,0.9880492536641634,0.0009346487106337564
2009-04-16,0.989705742401091,0.987102982825441,0.0026027595756500377
2009-04-17,0.989705742401091,0.9872180221948412,0.002487720206249766
2009-04-20,0.9902404343483949,0.9874207543993884,0.0028196799490065594
2009-04-21,0.9897602138197903,0.9868017541587022,0.0029584596610880975
2009-04-22,0.9888267732837427,0.9864194346862631,0.002407338597479547
2009-04-23,0.9888267732837425,0.986292854557974,0.002533918725768469
2009-04-24,0.9881513813616889,0.9860901223534267,0.0020612590082621507
2009-04-27,0.9877070296594527,0.9856099018248222,0.0020971278346304523
2009-04-28,0.9870316377373992,0.9850587807612138,0.001972856976185433
2009-04-29,0.9871723377121487,0.9854515270422195,0.0017208106699292403
2009-04-30,0.9871723377121487,0.9858771819278611,0.0012951557842876271
2009-05-01,0.9875193866553982,0.9859826113734212,0.001536775281976932
2009-05-04,0.9878664355986475,0.9867044513997151,0.0011619841989324309
2009-05-05,0.9880540786027019,0.9868194907691156,0.0012345878335863203
2009-05-06,0.9876459667836872,0.9870222229736624,0.0006237438100248349
2009-05-07,0.987913246886726,0.9882101133100742,-0.0002968664233482521
2009-05-08,0.9882310184606733,0.9891435538461218,-0.0009125353854485541
2009-05-11,0.9882310184606733,0.9891435538461218,-0.0009125353854485541
2009-05-12,0.9881467101672908,0.989240856605109,-0.0010941464378181331
2009-05-13,0.9886814021145945,0.9900592577717564,-0.0013778556571618639
2009-05-14,0.9884397826169053,0.9906660584286501,-0.0022262758117447268
2009-05-15,0.9876963561573164,0.9904244389309607,-0.002728082773644225
2009-05-18,0.9870895555004227,0.9900421194585217,-0.0029525639580990637
2009-05-19,0.9867425065571733,0.9903140707559585,-0.0035715641987851265
2009-05-20,0.9870895555004227,0.9902167679969713,-0.0031272124965486814
2009-05-21,0.9876963561573163,0.9905990874694106,-0.0029027313120942866
2009-05-22,0.9879379756550059,0.9903271361719735,-0.002389160516967692
2009-05-26,0.9873311749981121,0.9904537163002627,-0.0031225413021506165
2009-05-27,0.9868868232958756,0.9895202757642149,-0.002633452468339237
2009-05-28,0.9861887911383577,0.9890759240619785,-0.002887132923620861
2009-05-29,0.9858417421951082,0.9879397513213839,-0.0020980091262756684
2009-06-01,0.9864485428520021,0.9880451807669437,-0.0015966379149415788
2009-06-02,0.9858417421951082,0.9873990570663421,-0.0015573148712338947
2009-06-03,0.9862860938973447,0.9876406765640311,-0.0013545826666864214
2009-06-04,0.985751401950041,0.9877379793230184,-0.0019865773729774716
2009-06-05,0.9858568313956009,0.9878352820820053,-0.0019784506864044538
2009-06-08,0.9854487195765862,0.9881530536559527,-0.002704334079366544
2009-06-09,0.9850713388335892,0.9884250049533897,-0.0033536661198004802
2009-06-10,0.983844825847927,0.9881833854557005,-0.004338559607773518
2009-06-11,0.9821261454135274,0.9884824602130532,-0.0063563147995258085
2009-06-12,0.9819854454387775,0.9880381085108165,-0.0060526630720389996
2009-06-15,0.9816459248849227,0.9877708284077777,-0.006124903522854996
2009-06-16,0.9822649251256089,0.98899734139344,-0.006732416267831054
2009-06-17,0.9826730369446237,0.9889000386344526,-0.006227001689828926
2009-06-18,0.9834786078085962,0.9895461623350547,-0.006067554526458463
2009-06-19,0.9839588283372012,0.9900339112530538,-0.006075082915852681
2009-06-22,0.9840854084654901,0.9900339112530536,-0.0059485027875635366
2009-06-23,0.9846704601424762,0.9907557512793477,-0.006085291136871507
2009-06-24,0.9852012502404641,0.9909141260619505,-0.005712875821486385
2009-06-25,0.9856814707690688,0.9914991777389368,-0.005817706969868053
2009-06-26,0.9863732918074272,0.9910114288209374,-0.004638137013510235
2009-06-29,0.9867203407506766,0.9910114288209376,-0.004291088070261018
2009-06-30,0.9878985934367994,0.9914041751019435,-0.003505581665144031
2009-07-01,0.9877578934620495,0.9912014428973962,-0.003443549435346749
2009-07-02,0.9872701445440505,0.9918082435542901,-0.004538099010239605
2009-07-06,0.9876171934872997,0.9914001317352753,-0.003782938247975598
2009-07-07,0.9883768937027356,0.9916932041848898,-0.0033163104821541944
2009-07-08,0.9885352684853385,0.9916932041848898,-0.003157935699551362
2009-07-09,0.9887229114893928,0.9920755236573288,-0.00335261216793592
2009-07-10,0.9890219862467455,0.9922021037856177,-0.0031801175388721514
2009-07-13,0.9895097351647445,0.9923428037603677,-0.002833068595623156
2009-07-14,0.9895097351647445,0.9923428037603677,-0.002833068595623156
2009-07-15,0.9900947868417307,0.9926898527036171,-0.002595065861886403
2009-07-16,0.9896070379237316,0.9918560859989607,-0.0022490480752290765
2009-07-17,0.9897220772931319,0.9919533887579478,-0.0022313114648159216
2009-07-20,0.9891030770524457,0.9917506565534006,-0.002647579500954844
2009-07-21,0.9886587253502094,0.9914787052559637,-0.002819979905754333
2009-07-22,0.9894184255656452,0.9915760080149508,-0.0021575824493056395
2009-07-23,0.9896211577701922,0.9917506565534006,-0.002129498783208339
2009-07-24,0.9894804577954427,0.9911316563127144,-0.0016511985172716903
2009-07-27,0.9898275067386918,0.9909111874977543,-0.0010836807590625108
2009-07-28,0.9904736304392936,0.991557311198356,-0.0010836807590623998
2009-07-29,0.990315255656691,0.9912177906445011,-0.0009025349878101219
2009-07-30,0.9901886755284018,0.9906830986971974,-0.0004944231687955547
2009-07-31,0.9898416265851527,0.9904158185941583,-0.0005741920090055475
2009-08-03,0.990285978287389,0.9906830986971972,-0.00039712040980821595
2009-08-04,0.9906682977598281,0.9903321154829285,0.000336182276899577
2009-08-05,0.9909613702094426,0.9903321154829285,0.0006292547265140946
2009-08-06,0.9913084191526917,0.9903321154829285,0.000976303669763201
2009-08-07,0.9911933797832917,0.9899547347399316,0.0012386450433601315
2009-08-10,0.9903661103114377,0.9884905041058959,0.0018756062055418354
2009-08-11,0.9902606808658778,0.9883932013469088,0.0018674795189690396
2009-08-12,0.9897259889185737,0.9879054524289098,0.0018205364896638487
2009-08-13,0.9892816372163374,0.9883498041311461,0.0009318330851912915
2009-08-14,0.9888372855141013,0.9871619137947345,0.001675371719366825
2009-08-17,0.9893719774614048,0.9868946336916956,0.002477343769709206
2009-08-18,0.9894692802203919,0.9858975267768251,0.0035717534435668608
2009-08-19,0.988725853760803,0.9856302466737862,0.0030956070870168384
2009-08-20,0.9888408931302033,0.9857709466485359,0.0030699464816673627
2009-08-21,0.9890285361342577,0.9862152983507723,0.0028132377834854116
2009-08-24,0.9887107645603105,0.9861098689052122,0.0026008956550982454
2009-08-25,0.9884434844572716,0.9861098689052124,0.0023336155520592428
2009-08-26,0.988887836159508,0.9864569178484617,0.0024309183110463595
2009-08-27,0.9887727967901078,0.9861578430911092,0.0026149536989985567
2009-08-28,0.9887727967901075,0.9862844232193981,0.0024883735707094123
2009-08-31,0.9891198457333569,0.9865260427170875,0.002593803016269325
2009-09-01,0.9894376173073045,0.9861437232446482,0.003293894062656344
2009-09-02,0.98924997430325,0.985699371542412,0.003550602760837962
2009-09-03,0.9901834148392976,0.985825951670701,0.0043574631685966425
2009-09-04,0.9906711637572966,0.9864720753713029,0.004199088385993699
2009-09-08,0.9906711637572966,0.9867711501286552,0.003900013628641341
2009-09-09,0.9906711637572966,0.9863267984264188,0.004344365330877786
2009-09-10,0.990263051938282,0.9857921064791153,0.004470945459166709
2009-09-11,0.9900754089342276,0.9863635585083442,0.0037118504258834006
2009-09-14,0.9906822095911212,0.9867892133939858,0.0038929961971353455
2009-09-15,0.9906822095911212,0.9863635585083442,0.004318651082776959
2009-09-16,0.9912169015384249,0.9863635585083442,0.00485334303008067
2009-09-17,0.9915099739880394,0.9864785978777445,0.005031376110294916
2009-09-18,0.9909031733311456,0.9853537293581681,0.005549443972977519
2009-09-21,0.9906358932281067,0.9855121041407711,0.005123789087335684
2009-09-22,0.9901556726995021,0.9855121041407708,0.00464356855873127
2009-09-23,0.9904734442734495,0.9849714098857292,0.005502034387720345
2009-09-24,0.990791215847397,0.9854157615879654,0.0053754542594316446
2009-09-25,0.9904138351043998,0.9861754618034015,0.004238373300998299
2009-09-28,0.991241104576254,0.9872469461564313,0.0039941584198227575
2009-09-29,0.9909738244732151,0.9876726010420729,0.003301223431142253
2009-09-30,0.9900403839371675,0.9858510541238961,0.00418932981327147
2009-10-01,0.9896147290515261,0.9856305853089358,0.003984143742590374
2009-10-02,0.9892637458372571,0.9876726010420729,0.001591144795184185
2009-10-05,0.9896894007228987,0.9883479929641266,0.0013414077587721174
2009-10-06,0.9896894007228987,0.9887303124365656,0.0009590882863330652
2009-10-07,0.9894477812252094,0.9887303124365655,0.0007174687886438713
2009-10-08,0.9889070869701675,0.989855180956142,-0.0009480939859745074
2009-10-09,0.9890221263395679,0.9895879008531032,-0.0005657745135353442
2009-10-12,0.9890221263395679,0.9894824714075431,-0.0004603450679752097
2009-10-13,0.9894785389993964,0.9895728116526105,-9.427265321404477e-05
2009-10-14,0.989699007814357,0.9897361518628248,-3.7144048467774304e-05
2009-10-15,0.9895935783687969,0.9891646998335958,0.00042887853520112706
2009-10-16,0.9893731095538367,0.9890496604641954,0.00032344908964132557
2009-10-19,0.9889166968940079,0.9883742685421419,0.000542428351865909
2009-10-20,0.989488148923237,0.9881365508937682,0.0013515980294688257
2009-10-21,0.9895935783687969,0.9885619115461963,0.0010316668226005854
2009-10-22,0.9890528841137552,0.9880694914337991,0.0009833926799561743
2009-10-23,0.9890528841137552,0.9876438365481575,0.0014090475655977874
2009-10-26,0.9889474546681951,0.9872181816625161,0.001729273005679044
2009-10-27,0.9893731095538367,0.9872181816625161,0.002154927891320657
2009-10-28,0.9890553379798893,0.9872181816625158,0.0018371563173734673
2009-10-29,0.9890553379798895,0.9877059305805151,0.0013494073993743916
2009-10-30,0.9889499085343294,0.9880833113235121,0.000866597210817277
2009-11-02,0.9888233284060405,0.9880833113235121,0.0007400170825283547
2009-11-03,0.9888233284060405,0.9880833113235121,0.0007400170825283547
2009-11-04,0.9887178989604803,0.9877362623802628,0.0009816365802175486
2009-11-05,0.988026077922122,0.9866370416109718,0.0013890363111502824
2009-11-06,0.9877083063481745,0.9868575104259323,0.0008507959222422423
2009-11-09,0.9874410262451357,0.9871752819998796,0.0002657442452561609
2009-11-10,0.9875817262198854,0.9875526627428763,2.9063477009039218e-05
2009-11-11,0.9873789940153385,0.9879036459571452,-0.0005246519418067308
2009-11-12,0.987823345717575,0.9879036459571452,-8.030023957017463e-05
2009-11-13,0.9879499258458639,0.9877629459823954,0.00018697986346849493
2009-11-16,0.9883755807315053,0.9877629459823954,0.000612634749109886
2009-11-17,0.9879312290292692,0.987463871225043,0.00046735780422624273
2009-11-18,0.9877107602143086,0.9882976379296992,-0.0005868777153905658
2009-11-19,0.9875957208449083,0.9879798663557519,-0.00038414551084353654
2009-11-20,0.9876930236038957,0.9889261371944742,-0.0012331135905785384
2009-11-23,0.9876930236038954,0.9892252119518269,-0.0015321883479314513
2009-11-24,0.9872486719016591,0.9898320126087204,-0.0025833407070613434
2009-11-25,0.9877364208196581,0.9903197615267195,-0.0025833407070614545
2009-11-27,0.9883554210603445,0.9907641132289557,-0.0024086921686112817
2009-11-30,0.9883554210603445,0.9904463416550087,-0.002090920594664203
2009-12-01,0.9878752005317398,0.9908286611274477,-0.0029534605957078908
2009-12-02,0.9891017135174021,0.9912730128296839,-0.0021712993122818824
2009-12-03,0.9885670215700981,0.9914137128044339,-0.0028466912343357853
2009-12-04,0.9886573618151655,0.9909693611021975,-0.0023119992870319628
2009-12-07,0.9871763990291395,0.9901306289699294,-0.0029542299407899764
2009-12-08,0.9876566195577442,0.9897835800266803,-0.0021269604689361232
2009-12-09,0.9887294705247553,0.9896932397816128,-0.0009637692568574829
2009-12-10,0.989404862446809,0.989693239781613,-0.00028837733480402417
2009-12-11,0.989404862446809,0.9901188946672544,-0.0007140322204454153
2009-12-14,0.9897226340207563,0.9906903466964835,-0.0009677126757271504
2009-12-15,0.9887077215448481,0.9906903466964835,-0.0019826251516353866
2009-12-16,0.9891520732470843,0.9913657386185373,-0.0022136653714529553
2009-12-17,0.9892786533753732,0.9919847388592232,-0.002706085483849985
2009-12-18,0.9894991221903335,0.9917174587561844,-0.002218336565850909
2009-12-21,0.9892575026926443,0.9914501786531456,-0.0021926759605012114
2009-12-22,0.988638502451958,0.9911511038957932,-0.0025126014438352495
2009-12-23,0.9882914535087087,0.9912776840240822,-0.0029862305153735003
2009-12-24,0.9882914535087087,0.9910900410200277,-0.002798587511319006
2009-12-28,0.9878037045907097,0.9906456893177912,-0.0028419847270815257
2009-12-29,0.9878037045907097,0.9906456893177912,-0.0028419847270815257
2009-12-30,0.9880453240883991,0.9917818620583861,-0.003736537969987075
2009-12-31,0.9883923730316484,0.9915145819553473,-0.003122208923698855
2010-01-04,0.9882657929033593,0.991399542585947,-0.0031337496825877276
2010-01-05,0.9881684901443721,0.9917465915291963,-0.0035781013848241727
2010-01-06,0.9880534507749721,0.9914793114261574,-0.0034258606511853307
2010-01-07,0.9881684901443721,0.9909868913137602,-0.0028184011693880295
2010-01-08,0.9886487106729768,0.9909868913137599,-0.0023381806407831718
2010-01-11,0.9881140187256733,0.9912073601287205,-0.0030933414030471784
2010-01-12,0.9879989793562728,0.9909142876791059,-0.0029153083228331544
2010-01-13,0.9871652126516165,0.9902681639785043,-0.0031029513268877595
2010-01-14,0.9879989793562728,0.9901415838502151,-0.002142604493942324
2010-01-15,0.9879989793562728,0.9900361544046552,-0.0020371750483824114
2010-01-19,0.9879086391112055,0.990210802943105,-0.0023021638318995175
2010-01-20,0.9881502586088947,0.9892927279450663,-0.0011424693361715699
2010-01-21,0.9881502586088947,0.9885493014854775,-0.00039904287658276694
2010-01-22,0.987882978505856,0.9876312264874387,0.0002517520184173172
2010-01-25,0.9874573236202144,0.9866163140115302,0.0008410096086842733
2010-01-26,0.9874573236202144,0.9862339945390911,0.0012233290811233255
2010-01-27,0.9880641242771082,0.9858083396534495,0.0022557846236587187
2010-01-28,0.9879375441488192,0.9849810701815955,0.0029564739672236495
2010-01-29,0.9873307434919255,0.9845883239005898,0.0027424195913356986
2010-02-01,0.9863844726532031,0.9848873986579423,0.0014970739952607781
2010-02-02,0.9873993851291114,0.9853130535435837,0.0020863315855277342
2010-02-03,0.988587275465523,0.9851980141741834,0.0033892612913396514
2010-02-04,0.9879411517649214,0.9843592820419158,0.0035818697230055596
2010-02-05,0.9879411517649214,0.9838668619295186,0.004074289835402811
2010-02-08,0.9878438490059344,0.9837878300126867,0.004056018993247701
2010-02-09,0.9882695038915759,0.9837878300126867,0.004481673878889203
2010-02-10,0.9883538121849583,0.9832570399146985,0.005096772270259842
2010-02-11,0.9887361316573974,0.9842541468295691,0.004481984827828245
2010-02-12,0.9874253103783529,0.9846622586485839,0.002763051729768984
2010-02-16,0.9872846104036029,0.9853080881159723,0.0019765222876306776
2010-02-17,0.9870429909059137,0.9842366037629424,0.0028063871429713227
2010-02-18,0.9870429909059135,0.9846622586485839,0.0023807322573295986
2010-02-19,0.9869279515365134,0.9846622586485839,0.002265692887929438
2010-02-22,0.9873053322795103,0.9846622586485839,0.002643073630926418
2010-02-23,0.986987560705563,0.9840908066193549,0.002896754086208153
2010-02-24,0.9864528687582591,0.9841698385361867,0.0022830302220724352
2010-02-25,0.9853536479889683,0.9839461882080353,0.0014074597809330402
2010-02-26,0.9862870885250158,0.9847058884234714,0.0015812001015443888
2010-03-01,0.9855273883095799,0.9848465883982211,0.0006807999113587204
2010-03-02,0.9848355672712216,0.9846882136156183,0.00014735365560325508
2010-03-03,0.9854423679281151,0.9842801017966037,0.0011622661315113803
2010-03-04,0.9858351142091211,0.9834463350919473,0.0023887791171737227
2010-03-05,0.9858351142091211,0.9836879545896365,0.002147159619484529
2010-03-08,0.9852161139684349,0.9838286545643863,0.0013874594040486077
2010-03-09,0.9850895338401457,0.9838286545643865,0.0012608792757592413
2010-03-10,0.984609313311541,0.9838286545643863,0.0007806587471547166
2010-03-11,0.984445973101327,0.9843633465116902,8.26265896367584e-05
2010-03-12,0.984340543655767,0.9843633465116902,-2.2802855923265142e-05
2010-03-15,0.983665151733713,0.984702867065545,-0.0010377153318319454
2010-03-16,0.9824868990475905,0.9852375590128489,-0.002750659965258473
2010-03-17,0.9828950108666052,0.9856456708318635,-0.002750659965258251
2010-03-18,0.9842848640624815,0.9856456708318635,-0.0013608067693819947
2010-03-19,0.9839670924885343,0.985458027827809,-0.0014909353392746905
2010-03-22,0.9833956404593053,0.9849233358805053,-0.0015276954212000149
2010-03-23,0.983536340434055,0.9843165352236117,-0.0007801947895567096
2010-03-24,0.9836996806442695,0.983836314695007,-0.00013663405073749413
2010-03-25,0.984306481301163,0.9839628948232961,0.00034358647786691954
2010-03-26,0.984306481301163,0.9849778072992044,-0.0006713259980413167
2010-03-29,0.9841253355299111,0.9857962084658518,-0.0016708729359407037
2010-03-30,0.984306481301163,0.9855846079560981,-0.0012781266549350967
2010-03-31,0.9843064813011633,0.985458027827809,-0.0011515465266457303
2010-04-01,0.984153071946172,0.9850499160087944,-0.0008968440626224705
2010-04-05,0.9843558041507192,0.985458027827809,-0.0011022236770897864
2010-04-06,0.9844301815888783,0.9862917945324654,-0.0018616129435871098
2010-04-07,0.9841371091392638,0.9862917945324654,-0.0021546853932016274
2010-04-08,0.9851342160541344,0.985458027827809,-0.00032381177367457603
2010-04-09,0.9856689080014381,0.985458027827809,0.00021088017362913547
2010-04-12,0.9860945628870798,0.9862917945324654,-0.00019723164538565374
2010-04-13,0.9867013635439735,0.9862917945324654,0.0004095690115081263
2010-04-14,0.9865479541889822,0.985458027827809,0.0010899263611732213
2010-04-15,0.9868657257629297,0.9846754168222409,0.0021903089406888343
2010-04-16,0.9871937836563706,0.9845911085288582,0.0026026751275123328
2010-04-19,0.9878691755784242,0.984965607715412,0.0029035678630122685
2010-04-20,0.9873889550498196,0.9845399528297704,0.002849002220049246
2010-04-21,0.9875296550245695,0.9843588070585182,0.003170847966051271
2010-04-22,0.9876562351528584,0.9840915269554793,0.003564708197379085
2010-04-23,0.9881364556814631,0.9846983276123731,0.0034381280690900518
2010-04-26,0.987517455440777,0.9848390275871228,0.0026784278536541306
2010-04-27,0.9876077956858442,0.9848390275871228,0.002768768098721397
2010-04-28,0.9876077956858442,0.983739806817832,0.0038679888680122065
2010-04-29,0.9873405155828053,0.9833574873453931,0.003983028237412256
2010-04-30,0.9873405155828053,0.9833574873453929,0.003983028237412478
2010-05-03,0.9873405155828053,0.9830902072423542,0.004250308340451148
2010-05-04,0.9878812098378472,0.9828697384273937,0.00501147141045355
2010-05-05,0.9877546297095583,0.9831370185304326,0.004617611179125736
2010-05-06,0.9875130102118689,0.9833574873453931,0.004155522866475803
2010-05-07,0.9875130102118689,0.9833574873453931,0.004155522866475803
2010-05-10,0.987895329684308,0.9836247674484315,0.004270562235876518
2010-05-11,0.9877546297095583,0.9834981873201426,0.004256442389415693
2010-05-12,0.987372310237119,0.984821058417585,0.002551251819533973
2010-05-13,0.9866504702108251,0.9848210584175853,0.0018294117932398102
2010-05-14,0.9865601299657576,0.9853518485155729,0.0012082814501847006
2010-05-17,0.9870525500781548,0.984653816358055,0.0023987337200997993
2010-05-18,0.9874969017803914,0.9843257584646141,0.0031711433157772806
2010-05-19,0.9873562018056415,0.9850691849242028,0.0022870168814387304
2010-05-20,0.9868684528876425,0.9850691849242028,0.0017992679634396547
2010-05-21,0.9863173318240339,0.9847701101668503,0.0015472216571835729
2010-05-24,0.9858729801217975,0.9837867596232628,0.0020862204985346855
2010-05-25,0.9855259311785481,0.9832356385596543,0.0022902926188937967
2010-05-26,0.9852268564211957,0.9839274595980128,0.001299396823182919
2010-05-27,0.9859702828807846,0.9841690790957022,0.001801203785082417
2010-05-28,0.9871967958664467,0.9841690790957022,0.0030277167707445374
2010-06-01,0.9867886840474319,0.9846254917555308,0.002163192291901095
2010-06-02,0.9871064556213793,0.9847701101668503,0.0023363454545289875
2010-06-03,0.9865553345577707,0.9847701101668503,0.0017852243909203258
2010-06-04,0.9860629144453735,0.9835918574807275,0.0024710569646460012
2010-06-07,0.9862036144201234,0.9834107117094754,0.0027929027106480264
2010-06-08,0.9859363343170844,0.9834107117094755,0.0025256226076089128
2010-06-09,0.9857779595344818,0.9839415018074634,0.001836457727018348
2010-06-10,0.986396959775168,0.9845129538366926,0.001884005938475375
2010-06-11,0.9861296796721291,0.9834414694836626,0.0026882101884664333
2010-06-14,0.986522425953135,0.9827496484453044,0.0037727775078305603
2010-06-15,0.986522425953135,0.9810309680109047,0.005491457942230271
2010-06-16,0.9868694748963842,0.9804299369397561,0.006439537956628105
2010-06-17,0.9872165238396335,0.9811896371551923,0.0060268866844412905
2010-06-18,0.9869749043419443,0.9814012376649459,0.005573666676998434
2010-06-21,0.9869749043419443,0.9818814581935508,0.005093446148393577
2010-06-22,0.9863559041012582,0.9802688407559752,0.0060870633452829725
2010-06-23,0.9861142846035688,0.978945969658533,0.007168314945035781
2010-06-24,0.9862046248486361,0.978299845957931,0.007904778890705177
2010-06-25,0.9870318943204901,0.9785414654556204,0.008490428864869726
2010-06-28,0.9877299264780082,0.9780612449270156,0.009668681550992542
2010-06-29,0.9871952345307042,0.9775688248146184,0.00962640971608586
2010-06-30,0.9871952345307045,0.9773572243048647,0.009838010225839744
2010-07-01,0.9863679650588505,0.977145623795111,0.009222341263739442
2010-07-02,0.9866095845565399,0.9767633043226721,0.009846280233867799
2010-07-06,0.9852987632774951,0.9763809848502328,0.008917778427262268
2010-07-07,0.9844600311452273,0.9759986653777937,0.008461365767433615
2010-07-08,0.9840343762595859,0.9756516164345446,0.00838275982504133
2010-07-09,0.9845145967881905,0.9755250363062555,0.008989560481935
2010-07-12,0.9836873273163365,0.9753223041017083,0.008365023214628176
2010-07-13,0.9833592694228955,0.9757206029683096,0.007638666454585885
2010-07-14,0.9835339179613453,0.9758952515067595,0.007638666454585774
2010-07-15,0.9840746122163874,0.9774297231139554,0.0066448891024319945
2010-07-16,0.9840746122163871,0.9780755525813439,0.0059990596350432135
2010-07-19,0.9833585417758386,0.9786102445286476,0.004748297247190947
2010-07-20,0.9821706514394268,0.9787075472876348,0.0034631041517920735
2010-07-21,0.9821706514394268,0.9795462794199026,0.002624372019524257
2010-07-22,0.9827896516801132,0.9795462794199026,0.003243372260210653
2010-07-23,0.98299238388466,0.9792925989646208,0.0036997849200391952
2010-07-26,0.9834801328026592,0.9797803478826199,0.0036997849200393063
2010-07-27,0.9839757344282476,0.9798857773281799,0.004089957100067654
2010-07-28,0.9838784316692605,0.9793007256511939,0.0045777060180666185
2010-07-29,0.9836368121715713,0.9797263805368353,0.0039104316347360335
2010-07-30,0.9825979421899634,0.9805651126691031,0.0020328295208603686
2010-08-02,0.983612854665872,0.9822750328656659,0.0013378218002061404
2010-08-03,0.9840572063681083,0.9829968728919597,0.001060333476148645
2010-08-04,0.9849703159385356,0.9837187129182537,0.0012516030202818218
2010-08-05,0.9849703159385356,0.9850295341972983,-5.921825876276099e-05
2010-08-06,0.9854146676407718,0.9852500030122586,0.000164664628513167
2010-08-09,0.9866025579771834,0.9852500030122585,0.0013525549649249236
2010-08-10,0.9871432522322253,0.9844162363076021,0.0027270159246232106
2010-08-11,0.9868713009347887,0.9840081244885875,0.0028631764462011544
2010-08-12,0.9869767303803485,0.9832920540480389,0.003684676332309622
2010-08-13,0.9874331430401773,0.9829742824740916,0.004458860566085687
2010-08-16,0.9879738372952191,0.9834403327842092,0.004533504511009978
2010-08-17,0.9874860883772201,0.9841321538225676,0.0033539345546524935
2010-08-18,0.9860954658362613,0.9841321538225676,0.0019633120136937077
2010-08-19,0.9850983589213906,0.9833048843507136,0.0017934745706770228
2010-08-20,0.9847992841640382,0.9834455843254634,0.0013536998385748067
2010-08-23,0.9847992841640382,0.9834455843254634,0.0013536998385748067
2010-08-24,0.9847992841640382,0.9831783042224247,0.0016209799416134762
2010-08-25,0.9860926039460097,0.9835864160414395,0.002506187904570245
2010-08-26,0.986790636103528,0.9835021077480568,0.003288528355471221
2010-08-27,0.987172955575967,0.9836428077228067,0.0035301478531603037
2010-08-30,0.9872879949453675,0.9839507663443405,0.0033372286010269203
2010-08-31,0.9875084637603275,0.9845968900449423,0.002911573715385196
2010-09-01,0.9877200642700814,0.9839050690065839,0.0038149952634974893
2010-09-02,0.9880378358440287,0.9839050690065841,0.004132766837444568
2010-09-03,0.9881785358187785,0.9842521179498332,0.003926417868945209
2010-09-07,0.987958067003818,0.9846774786022614,0.00328058840155665
2010-09-08,0.9884987612588599,0.9852121705495653,0.003286590709294601
2010-09-09,0.9891905822972183,0.9856923910781701,0.0034981912190482634
2010-09-10,0.9895376312404676,0.9850855904212762,0.004452040819191372
2010-09-13,0.9893260307307141,0.9848183103182375,0.004507720412476601
2010-09-14,0.9893260307307139,0.9857428825490785,0.0035831481816354094
2010-09-15,0.988785336475672,0.9857428825490785,0.0030424539265935246
2010-09-16,0.9887853364756722,0.9865701520209325,0.0022151844547397825
2010-09-17,0.9882975875576728,0.9864551126515322,0.0018424749061406454
2010-09-20,0.9887232424433147,0.9865605420970922,0.002162700346222457
2010-09-21,0.9888978909817645,0.9867189168796948,0.0021789741020696862
2010-09-22,0.9884054708693673,0.9857040044037862,0.002701466465581004
2010-09-23,0.9884054708693673,0.9847577335650639,0.0036477373043033445
2010-09-24,0.9881517904140855,0.9849604657696109,0.00319132464447458
2010-09-27,0.9886442105264828,0.9843890137403819,0.004255196786100868
2010-09-28,0.988759249895883,0.9840419647971327,0.004717285098750357
2010-09-29,0.9892394704244877,0.9842003395797354,0.005039130844752271
2010-09-30,0.9893660505527766,0.9843153789491357,0.005050671603640922
2010-10-01,0.9884197797140544,0.9838900182967076,0.004529761417346734
2010-10-04,0.9886402485290147,0.9836695494817471,0.004970699047267546
2010-10-05,0.9883007279751596,0.983243894596106,0.005056833379053605
2010-10-06,0.9881952985295999,0.9821724102430759,0.006022888286523975
2010-10-07,0.9881952985295999,0.9821724102430759,0.006022888286523975
2010-10-08,0.9884883709792142,0.9811890596994884,0.007299311279725718
2010-10-11,0.9889447836390428,0.9819108997257825,0.007033883913260319
2010-10-12,0.9889447836390428,0.9822389576192232,0.006705826019819616
2010-10-13,0.9892120637420817,0.9822389576192234,0.006973106122858286
2010-10-14,0.9895111384994342,0.9832223081628109,0.006288830336623308
2010-10-15,0.9891030266804196,0.9840610402950789,0.005041986385340702
2010-10-18,0.9896377186277231,0.9838405714801184,0.005797147147604709
2010-10-19,0.9901301387401203,0.9839671516084075,0.006162987131712816
2010-10-20,0.9902567188684094,0.9840725810539674,0.006184137814441937
2010-10-21,0.9902567188684095,0.9832338489216996,0.007022869946709864
2010-10-22,0.9893321466375684,0.9820073359360375,0.007324810701530904
2010-10-25,0.9898123671661732,0.98230641069339,0.007505956472783182
2010-10-26,0.990220478985188,0.9824214500627902,0.007799028922397699
2010-10-27,0.9903259084307477,0.9828037695352294,0.007522138895518338
2010-10-28,0.9904232111897349,0.9816620442090394,0.008761166980695512
2010-10-29,0.9901301387401203,0.9805905598560094,0.009539578884110944
2010-11-01,0.9901301387401203,0.979971559615323,0.01015857912479734
2010-11-02,0.9901301387401203,0.9795272079130868,0.010602930827033563
2010-11-03,0.9901301387401203,0.978699938441233,0.011430200298887305
2010-11-04,0.9904771876833697,0.9786999384412328,0.011777249242136856
2010-11-05,0.9904771876833697,0.9779838680006842,0.012493319682685522
2010-11-08,0.9907188071810591,0.9772620279743901,0.01345677920666899
2010-11-09,0.9905160749765121,0.9775036474720793,0.013012427504432766
2010-11-10,0.9898970747358257,0.9776302276003684,0.012266847135457226
2010-11-11,0.9894527230335894,0.9769626559642005,0.012490067069388933
2010-11-12,0.9893261429053003,0.9764749070462013,0.012851235859098975
2010-11-15,0.9896439144792478,0.9761004078596477,0.013543506619600132
2010-11-16,0.9898466466837949,0.9759738277313587,0.013872818952436194
2010-11-17,0.990465646924481,0.975367027074465,0.015098619850016037
2010-11-18,0.990465646924481,0.975569759279012,0.014895887645469008
2010-11-19,0.989977898006482,0.975569759279012,0.014408138727469932
2010-11-22,0.9889390280248743,0.975744407817462,0.013194620207412355
2010-11-23,0.9889390280248743,0.9758709879457509,0.013068040079123433
2010-11-24,0.9889390280248743,0.9750525867791036,0.013886441245770764
2010-11-26,0.9882636361028206,0.9744272339019051,0.013836402200915532
2010-11-29,0.9881663333438337,0.9735091589038665,0.01465717443996728
2010-11-30,0.9880512939744334,0.9742525853634554,0.013798708610977983
2010-12-01,0.9884594057934482,0.9753024764720626,0.013156929321385569
2010-12-02,0.9887524782430627,0.9767550988211148,0.011997379421947896
2010-12-03,0.9887524782430627,0.9771994505233514,0.011553027719711229
2010-12-06,0.9881674265660765,0.9779155209638999,0.010251905602176592
2010-12-07,0.9878279060122215,0.9786373609901939,0.00919054502202754
2010-12-08,0.9874808570689723,0.9786373609901939,0.008843496078778323
2010-12-09,0.9878736033499781,0.9794429318541666,0.008430671495811448
2010-12-10,0.9875745285926254,0.9802613330208138,0.007313195571811648
2010-12-13,0.9870234075290171,0.9799622582634613,0.007061149265555788
2010-12-14,0.9880622775106245,0.9802613330208138,0.007800944489810724
2010-12-15,0.9886690781675183,0.9803879131491027,0.008281165018415582
2010-12-16,0.9881888576389136,0.9803879131491027,0.007800944489810946
2010-12-17,0.9873615881670597,0.9789352908000505,0.008426297367009172
2010-12-20,0.9872465487976594,0.9785843075857816,0.008662241211877753
2010-12-21,0.9872465487976594,0.9800485382198175,0.007198010577841862
2010-12-22,0.9872465487976594,0.9797014892765682,0.007545059521091191
2010-12-23,0.9867587998796603,0.979498757072021,0.007260042807639255
2010-12-27,0.9865383310646998,0.9794987570720212,0.007039573992678627
2010-12-28,0.9859532793877137,0.9799789776006259,0.005974301787087799
2010-12-29,0.9858266992594248,0.9805857782575195,0.005240921001905319
2010-12-30,0.9865701257190136,0.9799789776006259,0.00659114811838768
2010-12-31,0.9868878972929611,0.9801196775753754,0.006768219717585677
2011-01-03,0.9863532053456572,0.9803733580306574,0.005979847314999787
2011-01-04,0.9860601328960427,0.9818259803797096,0.004234152516333078
2011-01-05,0.9859450935266426,0.982377101443318,0.0035679920833245893
2011-01-06,0.9865301452036287,0.9825036815716074,0.004026463632021304
2011-01-07,0.9866204854486961,0.9826302616998963,0.003990223748799759
2011-01-10,0.9869675343919455,0.9822375154188904,0.004730018973055139
2011-01-11,0.9879138052306679,0.9829809418784793,0.004932863352188566
2011-01-12,0.9890499779712626,0.983121641853229,0.005928336118033561
2011-01-13,0.989725369893316,0.9837892134893971,0.00593615640391898
2011-01-14,0.9886864999117084,0.984616482961251,0.004070016950457389
2011-01-18,0.9886864999117084,0.984757182936001,0.00392931697570742
2011-01-19,0.9881014482347222,0.9842694340180019,0.003832014216720303
2011-01-20,0.9884837677071614,0.983622237936632,0.004861529770529449
2011-01-21,0.9883571875788725,0.9827884712319755,0.005568716346896929
2011-01-24,0.9892817598097136,0.9826477712572258,0.006633988552487757
2011-01-25,0.9880938694733018,0.9829468460145784,0.005147023458723421
2011-01-26,0.9882204496015907,0.9837806127192347,0.004439836882356052
2011-01-27,0.9880177173970436,0.984127661662484,0.003890055734559583
2011-01-28,0.988259336894733,0.983384235202895,0.004875101691838024
2011-01-31,0.9881620341357459,0.9833842352028951,0.004777798932850796
2011-02-01,0.989086606366587,0.9838766553152922,0.005209951051294737
2011-02-02,0.990011178597428,0.9848600058588797,0.005151172738548371
2011-02-03,0.9909574494361505,0.984379785330275,0.006577664105875458
2011-02-04,0.9913044983793998,0.9852928949007022,0.006011603478697669
2011-02-07,0.9913044983793998,0.9858643469299312,0.005440151449468633
2011-02-08,0.9913044983793998,0.9855172979866819,0.005787200392717962
2011-02-09,0.9910372182763607,0.9849826060393782,0.0060546122369825595
2011-02-10,0.9913842672196101,0.9858213381716461,0.005562929047964071
2011-02-11,0.9916047360345706,0.9859056464650285,0.005699089569542015
2011-02-14,0.9914896966651703,0.9853205947880421,0.006169101877128158
2011-02-15,0.9916924288697171,0.984828174675645,0.006864254194072106
2011-02-16,0.9914896966651701,0.9845290999182926,0.006960596746877434
2011-02-17,0.9915869994241572,0.985475370757015,0.00611162866714221
2011-02-18,0.9914719600547569,0.9863934457550536,0.005078514299703296
2011-02-22,0.9914719600547569,0.98722721245971,0.004244747595046894
2011-02-23,0.9916924288697171,0.9877619044070137,0.003930524462703366
2011-02-24,0.9917978583152772,0.9882062561092501,0.003591602206027167
2011-02-25,0.9922235132009188,0.9885836368522469,0.003639876348671911
2011-02-28,0.9926491680865605,0.9886739770973144,0.003975190989246036
2011-03-01,0.9924464358820132,0.9881815569849174,0.004264878897095814
2011-03-02,0.9917030094224243,0.9882965963543177,0.0034064130681066285
2011-03-03,0.9922437036774662,0.987761904407014,0.004481799270452225
2011-03-04,0.9925427784348188,0.987761904407014,0.0047808740278048045
2011-03-07,0.9917090117301625,0.9880796759809611,0.0036293357492013234
2011-03-08,0.9917090117301625,0.9881639842743436,0.003545027455818861
2011-03-09,0.9916035822846024,0.9889823854409909,0.0026211968436115063
2011-03-10,0.9914981528390423,0.9888980771476085,0.002600075691433834
2011-03-11,0.9905800778410037,0.9886261258501716,0.001953951990832037
2011-03-14,0.9903127977379648,0.9886261258501716,0.0016866718877931453
2011-03-15,0.9906305693119123,0.988467751067569,0.0021628182443432786
2011-03-16,0.990515529942512,0.9893858260656077,0.0011297038769043644
2011-03-17,0.9907359987574722,0.9893858260656077,0.0013501726918645485
2011-03-18,0.9913821224580741,0.9899926267225013,0.0013894957355727877
2011-03-21,0.9915228224328239,0.9903321472763562,0.0011906751564676465
2011-03-22,0.9915228224328239,0.9903321472763561,0.0011906751564677576
2011-03-23,0.9920739434964325,0.9907144667487954,0.001359476747637145
2011-03-24,0.9924562629688716,0.9908551667235451,0.00160109624532645
2011-03-25,0.9928385824413107,0.9906346979085847,0.0022038845327260193
2011-03-28,0.9929651625695997,0.9900156976678985,0.0029494649017011154
2011-03-29,0.9928067877869969,0.9892559974524626,0.003550790334534315
2011-03-30,0.9926256420157447,0.9894143722350655,0.0032112697806792045
2011-03-31,0.9934529114875988,0.9894143722350655,0.004038539252533391
2011-04-01,0.9929651625695997,0.9899067923474627,0.0030583702221369524
2011-04-04,0.9929651625695997,0.9894811374618211,0.0034840251077785656
2011-04-05,0.9929651625695997,0.9890554825761795,0.003909679993420179
2011-04-06,0.9928501232001994,0.9882957823607436,0.004554340839455828
2011-04-07,0.99250307425695,0.9881550823859936,0.004347991870956358
2011-04-08,0.9923003420524029,0.9889147826014295,0.0033855594509734077
2011-04-11,0.9919493588381343,0.9892921633444267,0.002657195493707576
2011-04-12,0.991567039365695,0.9900518635598626,0.0015151758058323805
2011-04-13,0.991693619493984,0.9895716430312579,0.0021219764627261606
2011-04-14,0.9918343194687338,0.989232122477403,0.0026021969913307963
2011-04-15,0.9922786711709705,0.9893904972600059,0.00288817391096452
2011-04-18,0.9922786711709705,0.989123217156967,0.0031554540140034115
2011-04-19,0.9930005111972643,0.9889966370286779,0.0040038741685863855
2011-04-20,0.9933182827712118,0.9893361575825329,0.003982125188678909
2011-04-21,0.9940163149287297,0.9903510700584413,0.003665244870288409
2011-04-25,0.9936339954562907,0.9900115495045864,0.003622445951704356
2011-04-26,0.9930625434270616,0.9889966370286781,0.004065906398383445
2011-04-27,0.9928420746121013,0.9891232171569668,0.00371885745513445
2011-04-28,0.9927154944838122,0.9890081777875666,0.0037073166962456883
2011-04-29,0.9926181917248251,0.9888498030049641,0.003768388719861071
2011-05-02,0.9920834997775213,0.9887091030302141,0.003374396747307218
2011-05-03,0.9914644995368351,0.9881023023733205,0.003362197163514602
2011-05-04,0.9917317796398739,0.9883050345778677,0.0034267450620062423
2011-05-05,0.991605199511585,0.9883050345778677,0.00330016493371732
2011-05-06,0.9917202388809855,0.9888900862548539,0.0028301526261316212
2011-05-09,0.9913379194085462,0.9890712320261058,0.002266687382440402
2011-05-10,0.9912324899629863,0.9886889125536666,0.002543577409319653
2011-05-11,0.9918039419922152,0.9892236045009704,0.0025803374912448662
2011-05-12,0.9923446362472573,0.9902385169768788,0.0021061192703785148
2011-05-13,0.9922039362725074,0.990343946422439,0.0018599898500684109
2011-05-16,0.9916632420174655,0.9895166769505849,0.0021465650668806013
2011-05-17,0.9909652098599474,0.9896573769253346,0.0013078329346127848
2011-05-18,0.9912324899629863,0.9897546796843217,0.0014778102786645597
2011-05-19,0.9913590700912752,0.9897546796843217,0.001604390406953482
2011-05-20,0.9907129463906734,0.989377298941325,0.0013356474493484427
2011-05-23,0.9903619631764046,0.9886338724817361,0.0017280906946685048
2011-05-24,0.9897161337090162,0.9880991805344322,0.0016169531745839905
2011-05-25,0.9898427138373052,0.9880991805344322,0.0017435333028729127
2011-05-26,0.9904885433046935,0.9881895207794997,0.0022990225251937613
2011-05-27,0.9904885433046935,0.987654828832196,0.0028337144724974728
2011-05-31,0.990835592247943,0.9876548288321958,0.0031807634157472453
2011-06-01,0.9904532727755037,0.9877698682015963,0.0026834045739073664
2011-06-02,0.990113752221649,0.9882576171195953,0.0018561351020537353
2011-06-03,0.9902287915910492,0.9883630465651554,0.0018657450258937613
2011-06-06,0.9902287915910494,0.9875357770933012,0.0026930144977481696
2011-06-07,0.990113752221649,0.9878828260365506,0.0022309261850983475
2011-06-08,0.9903342210366091,0.9882298749797997,0.002104346056809314
2011-06-09,0.9911729531688773,0.989154447210641,0.002018505958236272
2011-06-10,0.9911729531688769,0.9893960667083302,0.001776886460546634
2011-06-13,0.9911729531688771,0.9899367609633722,0.0012361922055048602
2011-06-14,0.9901340831872693,0.9894490120453729,0.0006850711418963096
2011-06-15,0.9904331579446222,0.9894490120453729,0.0009841458992492225
2011-06-16,0.9904331579446222,0.989109491491518,0.001323666453104222
2011-06-17,0.9908105386876189,0.9895972404095171,0.0012132982781017931
2011-06-20,0.9908105386876187,0.9888992082519992,0.0019113304356195293
2011-06-21,0.99068395855933,0.9879860986815721,0.0026978598777579466
2011-06-22,0.9909255780570192,0.9877444791838826,0.0031810988731365564
2011-06-23,0.9913078975294584,0.9882791711311866,0.003028726398271786
2011-06-24,0.9906617738288563,0.9888859717880801,0.0017758020407762087
2011-06-27,0.9897155029901339,0.9888859717880801,0.0008295312020537571
2011-06-28,0.9896004636207338,0.9892682912605193,0.0003321723602145443
2011-06-29,0.9898677437237725,0.9892682912605193,0.0005994524632532139
2011-06-30,0.9897411635954836,0.9891275912857695,0.0006135723097140389
2011-07-01,0.9894233920215361,0.9888098197118221,0.0006135723097139278
2011-07-05,0.9895384313909366,0.988704390266262,0.000834041124674556
2011-07-06,0.9902364635484545,0.9890221618402094,0.0012143017082451024
2011-07-07,0.9894767633330186,0.9891628618149594,0.00031390151805921196
2011-07-08,0.9889890144150195,0.9885778101379733,0.00041120427704621765
2011-07-11,0.9889890144150193,0.9890580306665777,-6.901625155841806e-05
2011-07-12,0.9889099824981876,0.9882307611947238,0.0006792213034638728
2011-07-13,0.9882638587975856,0.9882307611947238,3.309760286185348e-05
2011-07-14,0.9886109077408352,0.9883891359773264,0.00022177176350879346
2011-07-15,0.9883692882431457,0.9882307611947238,0.00013852704842198804
2011-07-18,0.9877842365661597,0.9882307611947238,-0.00044652462856409336
2011-07-19,0.9876576564378705,0.9884980412977626,-0.0008403848598921293
2011-07-20,0.9877983564126203,0.9884980412977626,-0.000699684885142382
2011-07-21,0.9880914288622347,0.9876796401311152,0.0004117887311194668
2011-07-22,0.9880010886171674,0.9868523706592613,0.0011487179579060536
2011-07-25,0.9885725406463964,0.9863176787119575,0.002254861934438912
2011-07-26,0.9887309154289994,0.9867620304141939,0.0019688850148055215
2011-07-27,0.9891565703146408,0.9882262610482295,0.0009303092664112445
2011-07-28,0.9896443192326397,0.9886706127504659,0.000973706482173875
2011-07-29,0.9895388897870798,0.9882882932780268,0.0012505965090530147
2011-08-01,0.9892398150297272,0.9883937227235867,0.0008460923061405223
2011-08-02,0.989124775660327,0.9890005233804805,0.0001242522798464707
2011-08-03,0.9898682021199158,0.9892209921954407,0.0006472099244750895
2011-08-04,0.9896477333049557,0.9892209921954408,0.0004267411095149054
2011-08-05,0.9897627726743561,0.9886698711318322,0.0010929015425238386
2011-08-08,0.9906808476723947,0.9892105653868739,0.0014702822855208186
2011-08-09,0.9903817729150421,0.9886698711318322,0.0017119017832099015
2011-08-10,0.9903817729150421,0.989020854346101,0.0013609185689411607
2011-08-11,0.9903817729150423,0.9892928056435379,0.0010889672715043153
2011-08-12,0.989762772674356,0.9889457567002886,0.0008170159740673588
2011-08-15,0.9894450011004084,0.989036096945356,0.0004089041550524586
2011-08-16,0.989286626317806,0.9891767969201058,0.0001098293977001008
2011-08-17,0.9899056265584921,0.9892822263656658,0.0006234001928263622
2011-08-18,0.9903499782607282,0.9892822263656658,0.0010677518950624743
2011-08-19,0.9904554077062884,0.9887944774476668,0.0016609302586215735
2011-08-22,0.990108358763039,0.989141526390916,0.0009668323721230276
2011-08-23,0.9898410786600004,0.9878307051118713,0.002010373548129052
2011-08-24,0.9901881276032497,0.9876900051371216,0.0024981224661281276
2011-08-25,0.9901881276032495,0.9870146132150681,0.0031735143881813643
2011-08-26,0.9899161763058129,0.9871200426606278,0.0027961336451850505
2011-08-29,0.9895691273625633,0.9874191174179805,0.002150009944582809
2011-08-30,0.9899161763058129,0.9881625438775694,0.0017536324282434457
2011-08-31,0.9897895961775237,0.987718192175333,0.0020714040021907465
2011-09-01,0.9893452444752873,0.9881625438775696,0.0011827005977176341
2011-09-02,0.9893452444752873,0.9890959844136171,0.00024926006167014236
2011-09-06,0.9888888318154586,0.9890959844136171,-0.00020715259815851095
2011-09-07,0.9886860996109116,0.9894783038860563,-0.0007922042751447034
2011-09-08,0.9885595194826224,0.9899660528040555,-0.0014065333214330344
2011-09-09,0.9884444801132222,0.9907933222759094,-0.00234884216268727
2011-09-12,0.9875313705427949,0.9904755507019618,-0.002944180159166865
2011-09-13,0.9869966785954912,0.9907171701996512,-0.0037204916041599922
2011-09-14,0.986881639226091,0.9901457181704222,-0.003264078944331228
2011-09-15,0.986881639226091,0.9896149280724343,-0.0027332888463433846
2011-09-16,0.986881639226091,0.9888930880461403,-0.002011448820049333
2011-09-19,0.986881639226091,0.989720357517994,-0.002838718291903075
2011-09-20,0.9859635642280523,0.9894212827606416,-0.003457718532589249
2011-09-21,0.9847853115419293,0.989536322130042,-0.00475101058811267
2011-09-22,0.9852109664275711,0.9899619770156834,-0.0047510105881123366
2011-09-23,0.9855287380015184,0.9902610517730359,-0.0047323137715175045
2011-09-26,0.9850409890835193,0.989993771669997,-0.004952782586477689
2011-09-27,0.9853690469769603,0.9904381233722336,-0.00506907639527332
2011-09-28,0.9856106664746495,0.9895200483741947,-0.003909381899545261
2011-09-29,0.9856106664746495,0.9896350877435952,-0.004024421268945755
2011-09-30,0.9851663147724132,0.9895200483741947,-0.004353733601781484
2011-10-03,0.9848192658291638,0.989361673591592,-0.004542407762428202
2011-10-04,0.9838527720921901,0.9898494225095912,-0.00599665041740105
2011-10-05,0.9841922926460451,0.9898494225095912,-0.005657129863546051
2011-10-06,0.9841922926460451,0.9898494225095911,-0.00565712986354594
2011-10-07,0.984459572749084,0.989502373566342,-0.005042800817257942
2011-10-10,0.984459572749084,0.989502373566342,-0.005042800817257942
2011-10-11,0.9847011922467733,0.9896174129357422,-0.004916220688968909
2011-10-12,0.9853992244042915,0.9893501328327033,-0.003950908428411837
2011-10-13,0.9855258045325804,0.9890323612587558,-0.0035065567261753916
2011-10-14,0.9855258045325804,0.9890323612587558,-0.0035065567261753916
2011-10-17,0.9853992244042915,0.9894580161443977,-0.004058791740106149
2011-10-18,0.9852726442760024,0.9892375473294371,-0.003964903053434776
2011-10-19,0.9857169959782387,0.9889702672263985,-0.0032532712481597725
2011-10-20,0.9854179212208862,0.9894626873387955,-0.004044766117909271
2011-10-21,0.9873815218727303,0.989577726708196,-0.002196204835465676
2011-10-24,0.987465830166113,0.9896927660775963,-0.002226935911483263
2011-10-25,0.9871667554087603,0.9892003459651992,-0.0020335905564389245
2011-10-26,0.9871667554087604,0.9890853065957987,-0.0019185511870383198
2011-10-27,0.9871667554087604,0.9890853065957987,-0.0019185511870383198
2011-10-28,0.9869251359110711,0.9892118867240879,-0.002286750813016769
2011-10-31,0.9863844416560292,0.9882656158853652,-0.00188117422933598
2011-11-01,0.9856247414405931,0.9880239963876761,-0.0023992549470830404
2011-11-02,0.9862708651411951,0.9886429966283623,-0.002372131487167195
2011-11-03,0.9871889401392338,0.9886429966283623,-0.0014540564891285523
2011-11-04,0.9871889401392338,0.9885164165000733,-0.001327476360839519
2011-11-07,0.9870305653566311,0.9881340970276341,-0.0011035316710029663
2011-11-08,0.9882184556930427,0.9884271694772486,-0.00020871378420594944
2011-11-09,0.9887108758054399,0.9884271694772486,0.00028370632819130215
2011-11-10,0.9887108758054399,0.9882687946946457,0.0004420811107942457
2011-11-11,0.9884692563077505,0.9887565436126451,-0.000287287304894579
2011-11-14,0.9886568993118049,0.9887565436126449,-9.964430083997389e-05
2011-11-15,0.9882312444261635,0.9884094946693956,-0.00017825024323214755
2011-11-16,0.9881046642978746,0.9883191544243283,-0.00021449012645369248
2011-11-17,0.9879896249284741,0.9883191544243283,-0.0003295294958541861
2011-11-18,0.9885407459920827,0.9880518743212894,0.0004888716707933671
2011-11-21,0.9878189059657887,0.9880518743212894,-0.0002329683555006845
2011-11-22,0.9873311570477896,0.9880518743212896,-0.0007207172734999823
2011-11-23,0.9873311570477896,0.9871337993232507,0.00019735772453888245
2011-11-25,0.9865877305882008,0.9855211818856752,0.0010665487025256493
2011-11-28,0.985941606887599,0.9851388624132362,0.0008027444743627932
2011-11-29,0.985941606887599,0.9846586418846316,0.0012829650029674289
2011-11-30,0.9867753735922552,0.9859242103789576,0.0008511632132975899
2011-12-01,0.9866346736175055,0.9863065298513968,0.00032814376610867946
2011-12-02,0.9860999816702016,0.9857214781744105,0.0003785034957911604
2011-12-05,0.9867067823270954,0.9861468388268386,0.0005599435002567876
2011-12-06,0.9866094795681083,0.9867182908560677,-0.00010881128795936501
2011-12-07,0.9867245189375086,0.9868448709843566,-0.0001203520468480157
2011-12-08,0.9868510990657975,0.9865911905290748,0.0002599085367226417
2011-12-09,0.9874972227663994,0.9868448709843568,0.0006523517820425928
2011-12-12,0.9876783685376517,0.9875882974439456,9.00710937060678e-05
2011-12-13,0.9874972227663994,0.9871626425583042,0.00033458020809518096
2011-12-14,0.9865791477683608,0.9875882974439456,-0.0010091496755848528
2011-12-15,0.9866634560617431,0.9888816172259173,-0.0022181611641741705
2011-12-16,0.986804156036493,0.9891488973289561,-0.002344741292463093
2011-12-19,0.986804156036493,0.9891488973289561,-0.002344741292463093
2011-12-20,0.9876379227411491,0.989416177431995,-0.0017782546908458041
2011-12-21,0.987796297523752,0.9899568716870366,-0.0021605741632846343
2011-12-22,0.9884716894458053,0.9904492917994341,-0.00197760235362876
2011-12-23,0.9885867288152058,0.9902076723017447,-0.0016209434865388506
2011-12-27,0.9882936563655913,0.990554721244994,-0.0022610648794026966
2011-12-28,0.9877529621105494,0.9900140269899521,-0.0022610648794026966
2011-12-29,0.9875945873279467,0.9902556464876415,-0.002661059159694834
2011-12-30,0.9882699792500004,0.9903963464623912,-0.0021263672123907895
2012-01-03,0.988695634135642,0.9917071677414357,-0.003011533605793759
2012-01-04,0.9885549341608922,0.9919487872391249,-0.0033938530782327003
2012-01-05,0.988215413607037,0.9919487872391249,-0.003733373632087922
2012-01-06,0.988623525426052,0.9918644789457427,-0.0032409535196906702
2012-01-09,0.9890678771282885,0.9923088306479789,-0.003240953519690448
2012-01-10,0.9888474083133281,0.9926079054053315,-0.003760497092003434
2012-01-11,0.9887570680682608,0.9923662859076423,-0.0036092178393815066
2012-01-12,0.9885543358637136,0.9920672111502898,-0.003512875286576289
2012-01-13,0.9884392964943133,0.9917162279360211,-0.00327693144170782
2012-01-17,0.9876055297896571,0.9912718762337844,-0.003666346444127333
2012-01-18,0.9864693570490624,0.9906257525331827,-0.00415639548412039
2012-01-19,0.9868164059923116,0.990846221348143,-0.0040298153558314675
2012-01-20,0.9871154807496642,0.9907407919025829,-0.003625311152918753
2012-01-23,0.9862817140450078,0.9907407919025829,-0.0044590778575751555
2012-01-24,0.9865807888023604,0.9901339912456893,-0.0035532024433289067
2012-01-25,0.987187589459254,0.9903544600606494,-0.0031668706013954218
2012-01-26,0.9875053610332013,0.9904810401889386,-0.0029756791557372653
2012-01-27,0.9883391277378577,0.9905864696344987,-0.0022473418966409975
2012-01-30,0.9885267707419121,0.9911932702913921,-0.0026664995494800614
2012-01-31,0.9879077705012261,0.9919151103176862,-0.004007339816460065
2012-02-01,0.9874996586822113,0.991694641502726,-0.00419498282051467
2012-02-02,0.9870194381536067,0.991694641502726,-0.004675203349119306
2012-02-03,0.9864126374967128,0.9922353357577679,-0.0058226982610550815
2012-02-06,0.9860948659227654,0.9923503751271682,-0.006255509204402765
2012-02-07,0.9857957911654129,0.9922096751524184,-0.0064138839870054865
2012-02-08,0.987022304151075,0.9916028744955246,-0.004580570344449697
2012-02-09,0.986895724022786,0.9916028744955249,-0.004707150472738841
2012-02-10,0.9867691438944971,0.9913824056805642,-0.0046132617860671354
2012-02-13,0.9867691438944971,0.9913824056805642,-0.0046132617860671354
2012-02-14,0.9867691438944971,0.9911151255775256,-0.004345981683028466
2012-02-15,0.9867691438944971,0.9911151255775255,-0.004345981683028355
2012-02-16,0.9874445358165506,0.9911151255775255,-0.003670589760974896
2012-02-17,0.9874445358165506,0.9909567507949228,-0.0035122149783722856
2012-02-21,0.9880295874935366,0.9915635514518165,-0.003533963958279873
2012-02-22,0.9877365150439221,0.9915635514518165,-0.003827036407894391
2012-02-23,0.9881808667461588,0.9913219319541271,-0.0031410652079683077
2012-02-24,0.9886065216318002,0.9913219319541273,-0.0027154103223271386
2012-02-27,0.9887119510773602,0.9911407861828753,-0.002428835105515059
2012-02-28,0.9890297226513075,0.9902073456468273,-0.0011776229955198225
2012-02-29,0.989376771594557,0.9900923062774271,-0.0007155346828701115
2012-03-01,0.9892501914662679,0.9899046632733727,-0.0006544718071047617
2012-03-02,0.9897908857213097,0.9899046632733727,-0.00011377755206298801
2012-03-05,0.9887937788064391,0.9900453632481224,-0.0012515844416832733
2012-03-06,0.9882590868591352,0.9896630437756835,-0.0014039569165482657
2012-03-07,0.9883856669874241,0.989442574960723,-0.0010569079732988262
2012-03-08,0.9878006153104381,0.9892398427561759,-0.0014392274457378784
2012-03-09,0.9874182958379989,0.9889725626531373,-0.001554266815138372
2012-03-12,0.9877113682876136,0.9888671332075771,-0.0011557649199634978
2012-03-13,0.9877113682876136,0.9888671332075771,-0.0011557649199634978
2012-03-14,0.9882964199645997,0.988379384289578,-8.29643249782297e-05
2012-03-15,0.9877656298666116,0.9879537294039366,-0.00018809953732490392
2012-03-16,0.9877656298666116,0.9885998531045382,-0.0008342232379265901
2012-03-19,0.9874185809233624,0.9883793842895782,-0.0009608033662157345
2012-03-20,0.9861077596443178,0.9876069746939009,-0.001499215049583058
2012-03-21,0.985391689203769,0.987339694590862,-0.0019480053870930547
2012-03-22,0.9851712203888089,0.9861979692646715,-0.0010267488758626264
2012-03-23,0.9857780210457024,0.9855789690239853,0.00019905202171710545
2012-03-26,0.9857780210457024,0.9847452023193294,0.0010328187263730637
2012-03-27,0.9857780210457024,0.9842045080642875,0.0015735129814149484
2012-03-28,0.9856373210709527,0.9830683353236928,0.0025689857472599442
2012-03-29,0.9856373210709527,0.9827692605663403,0.002868060504612413
2012-03-30,0.985984370014202,0.9816700397970494,0.004314330217152662
2012-04-02,0.9861427447968047,0.9815434596687602,0.004599285128044528
2012-04-03,0.9865870964990412,0.9817850791664496,0.004802017332591557
2012-04-04,0.9870748454170402,0.9817850791664494,0.005289766250590744
2012-04-05,0.9870748454170402,0.9808388083277272,0.0062360370893129735
2012-04-09,0.9870748454170402,0.9814398393988755,0.00563500601816469
2012-04-10,0.9870748454170402,0.981524147692258,0.0055506977247821165
2012-04-11,0.9872953142320006,0.980599575461417,0.0066957387705836036
2012-04-12,0.9875943889893533,0.9794213227752941,0.00817306621405911
2012-04-13,0.9877350889641028,0.979315893329734,0.00841919563436877
2012-04-16,0.9884269100024613,0.9796089657793485,0.008817944223112772
2012-04-17,0.9884269100024613,0.9809988189752248,0.007428091027236516
2012-04-18,0.9880798610592119,0.980998818975225,0.007081042083986855
2012-04-19,0.9877807863018594,0.9809988189752248,0.006781967326634608
2012-04-20,0.988261006830464,0.9809988189752252,0.0072621878552388
2012-04-23,0.9879619320731116,0.9800653784391773,0.007896553633934267
2012-04-24,0.9878212320983618,0.9788388654535152,0.00898236664484664
2012-04-25,0.9877158026528018,0.9782674134242862,0.009448389228515541
2012-04-26,0.9878423827810908,0.9784081133990359,0.009434269382054938
2012-04-27,0.9873980310788545,0.9785664881816387,0.008831542897215772
2012-04-30,0.986008177882978,0.9785664881816387,0.0074416897013392935
2012-05-01,0.9862286466979383,0.9781408332959972,0.00808781340194109
2012-05-02,0.9863870214805409,0.9783435655005441,0.008043455979996783
2012-05-03,0.9859613665948995,0.9791822976328122,0.0067790689620873534
2012-05-04,0.9853545659380059,0.9796079525184536,0.005746613419552293
2012-05-07,0.9854811460662948,0.9791636008162171,0.006317545250077661
2012-05-08,0.9859068009519362,0.9799820019828647,0.005924798969071499
2012-05-09,0.9862891204243753,0.9801936024926181,0.006095517931757222
2012-05-10,0.9859068009519362,0.9800059594885638,0.0059008414633723305
2012-05-11,0.9860475009266861,0.9803454800424186,0.005702020884267522
2012-05-14,0.9866936246272877,0.9803454800424188,0.0063481445848688756
2012-05-15,0.9866936246272879,0.9811510509063914,0.005542573720896504
2012-05-16,0.9863945498699355,0.9812917508811412,0.005102798988794288
2012-05-17,0.9865529246525382,0.9809926761237885,0.0055602485287497005
2012-05-18,0.9872447456908965,0.9807722073088283,0.0064725383820681825
2012-05-21,0.9871393162453365,0.9818714280781192,0.005267888167217238
2012-05-22,0.9871393162453365,0.9818714280781192,0.005267888167217238
2012-05-23,0.9863055495406803,0.9812253043775172,0.005080245163163077
2012-05-24,0.9863055495406803,0.9812253043775174,0.005080245163162855
2012-05-25,0.9856865492999941,0.9812253043775174,0.0044612449224766815
2012-05-29,0.9852421975977574,0.9809533530800805,0.004288844517676971
2012-05-30,0.9853572369671579,0.9801260836082264,0.0052311533589315395
2012-05-31,0.9859762372078441,0.9790872136266189,0.006889023581225229
2012-06-01,0.9856481793144031,0.9788635632984674,0.006784616015935718
2012-06-04,0.9853808992113644,0.9777643425291764,0.007616556682187969
2012-06-05,0.9848402049563227,0.9764535212501319,0.00838668370619089
2012-06-06,0.9851797255101774,0.9772807907219858,0.007898934788191592
2012-06-07,0.9857807565813257,0.9772807907219858,0.008499965859339875
2012-06-08,0.9852851549557375,0.9768005701933812,0.008484584762356362
2012-06-11,0.9847895533301491,0.9758913790595237,0.008898174270625336
2012-06-12,0.9853905844012972,0.9751933469020058,0.010197237499291467
2012-06-13,0.9853905844012972,0.9747055979840066,0.010684986417290654
2012-06-14,0.9842913636320065,0.9737810257531657,0.010510337878840814
2012-06-15,0.9844064030014068,0.9735694252434118,0.01083697775799497
2012-06-18,0.9849470972564485,0.9741205463070203,0.010826550949428193
2012-06-19,0.9847054777587593,0.9751594162886281,0.00954606147013115
2012-06-20,0.9849727578617982,0.9751594162886281,0.009813341573170042
2012-06-21,0.9840393173257505,0.97523844820546,0.008800869120290433
2012-06-22,0.9841658974540395,0.9757308683178573,0.008435029136182215
2012-06-25,0.9841658974540395,0.9756335655588702,0.008532331895169332
2012-06-26,0.9842402748921987,0.9749581736368165,0.009282101255382202
2012-06-27,0.9842402748921987,0.9749581736368165,0.009282101255382202
2012-06-28,0.9841252355227984,0.9743120499362148,0.009813185586583617
2012-06-29,0.9840198060772384,0.9738556372763858,0.01016416880085258
2012-07-02,0.9836727571339893,0.9730218705717298,0.010650886562259432
2012-07-03,0.982759647563562,0.9719226498024388,0.010836997761123235
2012-07-05,0.9819770365579935,0.9715692482226774,0.010407788335316082
2012-07-06,0.9817097564549548,0.9710768281102804,0.010632928344674442
2012-07-09,0.9821899769835594,0.971484939929295,0.010705037054264399
2012-07-10,0.9823050163529599,0.971212988631858,0.01109202772110185
2012-07-11,0.9821603979416401,0.9726028418277343,0.009557556113905852
2012-07-12,0.98193992912668,0.9721464291679058,0.00979349995877421
2012-07-13,0.98129273304531,0.9732456499371966,0.008047083108113307
2012-07-16,0.9815132018602706,0.9732456499371966,0.008267551923073935
2012-07-17,0.9816578202715898,0.9732456499371966,0.008412170334393121
2012-07-18,0.9817985202463397,0.9732456499371966,0.00855287030914309
2012-07-19,0.9812578259912978,0.9737258704658014,0.007531955525496459
2012-07-20,0.9805359859650038,0.9733331241847952,0.007202861780208569
2012-07-23,0.981585877073611,0.9749973470436014,0.006588530030009587
2012-07-24,0.982413146545465,0.9758311137482577,0.00658203279720726
2012-07-25,0.9818280948684788,0.9768282206631284,0.004999874205350419
2012-07-26,0.9822104143409179,0.9769125289565108,0.005297885384407119
2012-07-27,0.9824520338386071,0.9785135411287265,0.00393849270988067
2012-07-30,0.9824520338386074,0.9794381133595678,0.003013920479039589
2012-07-31,0.9821529590812549,0.9788666613303386,0.003286297750916267
2012-08-01,0.9819418001049155,0.9790478071015906,0.002893993003324935
2012-08-02,0.9825039422955235,0.9790478071015906,0.003456135193932952
2012-08-03,0.9829916912135225,0.9790478071015906,0.003943884111931917
2012-08-06,0.9833740106859616,0.9801470278708815,0.0032269828150801594
2012-08-07,0.9833740106859616,0.9801470278708815,0.0032269828150801594
2012-08-08,0.9823241195773544,0.9789387619796714,0.003385357597682992
2012-08-09,0.982969949044743,0.9787010443312979,0.004268904713445099
2012-08-10,0.982969949044743,0.979368615967466,0.003601333077276947
2012-08-13,0.9828549096753427,0.979368615967466,0.0034862937078766754
2012-08-14,0.9837641008092,0.9800846864080148,0.0036794144011851326
2012-08-15,0.9841414815521969,0.9805103412936562,0.0036311402585407215
2012-08-16,0.9845858332544334,0.9806914870649085,0.0038943461895248888
2012-08-17,0.984344213756744,0.9802112665363037,0.0041329472204402196
2012-08-20,0.9838564648387448,0.9802112665363037,0.003645198302441033
2012-08-21,0.9836753190674926,0.9803519665110535,0.0033233525564391186
2012-08-22,0.98351694428489,0.9803519665110537,0.003164977773836286
2012-08-23,0.9839971648134946,0.980645038960668,0.0033521258528266262
2012-08-24,0.9838917353679346,0.980442306756121,0.003449428611813632
2012-08-27,0.9843794842859338,0.9798233065154348,0.0045561777704989925
2012-08-28,0.9853257551246561,0.9808947908684646,0.004430964256191494
2012-08-29,0.9851850551499064,0.9813201515208926,0.003864903629013816
2012-08-30,0.9850039093786541,0.9813201515208926,0.003683757857761538
2012-08-31,0.9850039093786543,0.9812298112758253,0.0037740981028290266
2012-09-04,0.9846861378047069,0.9806583592465962,0.004027778558110762
2012-09-05,0.9848011771741072,0.9808216994568105,0.0039794777172966755
2012-09-06,0.9837623071924996,0.9815435394831046,0.0022187677093949976
2012-09-07,0.9832216129374577,0.9818905884263537,0.0013310245111040064
2012-09-10,0.9832216129374577,0.9811987673879955,0.0020228455494621933
2012-09-11,0.9833481930657466,0.9805515713066255,0.0027966217591210984
2012-09-12,0.9834747731940358,0.9803704255353733,0.0031043476586624097
2012-09-13,0.9838675194750414,0.9811301257508094,0.0027373937242319846
2012-09-14,0.9832607188181476,0.9811301257508094,0.0021305930673382045
2012-09-17,0.9825688977797894,0.9817015777800384,0.0008673199997509817
2012-09-18,0.9825688977797894,0.9825353444846948,3.355329509457938e-05
2012-09-19,0.9828866693537367,0.9833691111893512,-0.00048244183561452214
2012-09-20,0.9827282945711341,0.9834841505587514,-0.0007558559876172932
2012-09-21,0.981803722340293,0.9829917304463542,-0.0011880081060612335
2012-09-24,0.981803722340293,0.982420278417125,-0.0006165560768319756
2012-09-25,0.9816771422120041,0.9815865117124688,9.063049953528246e-05
2012-09-26,0.9816771422120039,0.9825836186273395,-0.0009064764153355886
2012-09-27,0.9813593706380567,0.9834173853319959,-0.002058014693939181
2012-09-28,0.9816771422120039,0.983735156905943,-0.002058014693939181
2012-10-01,0.9812997614690071,0.9827380499910726,-0.0014382885220655117
2012-10-02,0.9818712134982361,0.9835767821233403,-0.0017055686251041813
2012-10-03,0.9827138640670738,0.9841957823640265,-0.0014819182969526556
2012-10-04,0.9826165613080867,0.984488854813641,-0.00187229350555429
2012-10-05,0.9826165613080867,0.9856671074997638,-0.003050546191677106
2012-10-08,0.983108981420484,0.9857514157931463,-0.0026424343726623167
2012-10-09,0.9845732120545196,0.98628610774045,-0.0017128956859303601
2012-10-10,0.9842801396049051,0.9868711594174361,-0.002591019812530959
2012-10-11,0.984098993833653,0.9873589083354354,-0.003259914501782424
2012-10-12,0.9839839544642529,0.9874643377809952,-0.003480383316742275
2012-10-15,0.984098993833653,0.9879567578933924,-0.003857764059739477
2012-10-16,0.9847743857557065,0.9881444008974469,-0.003370015141740401
2012-10-17,0.9851139063095615,0.9877187460118054,-0.0026048397022438996
2012-10-18,0.9843920662832675,0.9873413652688083,-0.0029492989855408602
2012-10-19,0.9845071056526679,0.9872147851405194,-0.0027076794878515553
2012-10-22,0.9850582267162763,0.9868324656680805,-0.0017742389518041746
2012-10-23,0.9852609589208233,0.9860727654526443,-0.0008118065318210022
2012-10-24,0.9849678864712088,0.9856646536336295,-0.0006967671624207306
2012-10-25,0.9846501148972615,0.9864243538490655,-0.0017742389518039525
2012-10-26,0.983716674361214,0.9863093144796652,-0.0025926401184511727
2012-10-31,0.9840097468108283,0.9860373631822283,-0.0020276163714000317
2012-11-01,0.9842513663085177,0.9863844121254778,-0.0021330458169600552
2012-11-02,0.9840097468108285,0.9866834868828303,-0.002673740072001718
2012-11-05,0.9842770269138674,0.986841861665433,-0.002564834751565548
2012-11-06,0.9842770269138672,0.9868418616654329,-0.002564834751565659
2012-11-07,0.9842770269138674,0.986841861665433,-0.002564834751565548
2012-11-08,0.9848960271545536,0.9866834868828303,-0.0017874597282766524
2012-11-09,0.9854810788315397,0.9869825616401827,-0.0015014828086430398
2012-11-12,0.9858633983039786,0.9864948127221835,-0.000631414418204912
2012-11-13,0.9863980902512826,0.9864948127221838,-9.672247090120045e-05
2012-11-14,0.9877879434471588,0.986812584296131,0.0009753591510278659
2012-11-15,0.9881057150211062,0.9870002273001854,0.0011054877209207836
2012-11-16,0.9875206633441201,0.9870002273001854,0.0005204360439347022
2012-11-19,0.988242503370414,0.9881881176365971,5.438573381688627e-05
2012-11-20,0.9883479328159739,0.9878485970827423,0.0004993357332315762
2012-11-21,0.9888403529283711,0.9883363460007416,0.00050400692762953
2012-11-23,0.9892226724008105,0.9887186654731804,0.0005040069276300851
2012-11-26,0.9893199751597974,0.9892064143911795,0.0001135607686179041
2012-11-27,0.9890526950567587,0.9890187713871251,3.392366963361759e-05
2012-11-28,0.9888410945470051,0.9887983025721649,4.2791974840139524e-05
2012-11-29,0.9880226933803578,0.9892239574578066,-0.0012012640774488048
2012-11-30,0.9879076540109573,0.9890832574830566,-0.0011756034720993291
2012-12-03,0.9875253345385182,0.9887009380106175,-0.0011756034720993291
2012-12-04,0.9880130834565174,0.9890832574830566,-0.0010701740265391946
2012-12-05,0.9879076540109573,0.989702257723743,-0.001794603712785725
2012-12-06,0.988315765829972,0.9906356982597906,-0.0023199324298185386
2012-12-07,0.988315765829972,0.9905206588903901,-0.002204893060418045
2012-12-10,0.9891341669966196,0.9911396591310763,-0.0020054921344566656
2012-12-11,0.9888925474989302,0.9913273021351309,-0.0024347546362006867
2012-12-12,0.9880652780270762,0.990567601919695,-0.0025023238926187297
2012-12-13,0.9880652780270762,0.9904410217914058,-0.0023757437643295853
2012-12-14,0.9877662032697238,0.9901419470340533,-0.0023757437643295853
2012-12-17,0.9881918581553651,0.9901419470340532,-0.0019500888786880832
2012-12-18,0.9887769098323512,0.9901419470340533,-0.0013650372017021128
2012-12-19,0.9883325581301151,0.9906343671464504,-0.0023018090163352545
2012-12-20,0.9885202011341695,0.9909521387203979,-0.0024319375862283943
2012-12-21,0.9885202011341695,0.990411444465356,-0.0018912433311865096
2012-12-24,0.9882024295602221,0.990750965019211,-0.002548535458988921
2012-12-26,0.9882024295602221,0.9914263569412644,-0.0032239273810422686
2012-12-27,0.9882024295602222,0.9916679764389538,-0.0034655468787315735
2012-12-28,0.9882024295602222,0.9920760882579686,-0.0038736586977463627
2012-12-31,0.9882024295602221,0.9919495081296796,-0.0037470785694575515
2013-01-02,0.9878201100877829,0.9920468108886665,-0.004226700800883609
2013-01-03,0.9877297698427155,0.992393859831916,-0.004664089989200426
2013-01-04,0.987436697393101,0.9927761793043549,-0.005339481911253885
2013-01-07,0.9872490543890466,0.9920543392780611,-0.004805284889014438
2013-01-08,0.9869771030916098,0.9916462274590463,-0.004669124367436495
2013-01-09,0.9873852149106244,0.9912018757568098,-0.0038166608461854823
2013-01-10,0.9876842896679771,0.9900657030162151,-0.0023814133482380484
2013-01-11,0.9882189816152808,0.9903073225139043,-0.002088340898623531
2013-01-14,0.9885585021691357,0.9898149024015073,-0.0012564002323716128
2013-01-15,0.9883557699645885,0.9897245621564398,-0.0013687921918512647
2013-01-16,0.9887485162455946,0.9903706858570417,-0.0016221696114471218
2013-01-17,0.9885068967479049,0.9904972659853307,-0.001990369237425793
2013-01-18,0.98816737619405,0.99087958545777,-0.0027122092637199557
2013-01-22,0.9882646789530372,0.9906591166428096,-0.002394437689772433
2013-01-23,0.9878565671340226,0.9905440772734094,-0.0026875101393868395
2013-01-24,0.9879972671087724,0.9899726252441802,-0.001975358135407723
2013-01-25,0.9878822277393721,0.9897053451411414,-0.0018231174017693252
2013-01-28,0.9884169196866758,0.9894380650381027,-0.0010211453514269442
2013-01-29,0.9881496395836371,0.9901298860764608,-0.0019802464928236896
2013-01-30,0.9877415277646221,0.9901298860764608,-0.002388358311838701
2013-01-31,0.9869142582927684,0.9905122055489002,-0.003597947256131828
2013-02-01,0.9869142582927684,0.9902449254458613,-0.0033306671530929366
2013-02-04,0.9870045985378356,0.9905122055489,-0.00350760701106434
2013-02-05,0.9877642987532718,0.9896938043822526,-0.0019295056289808654
2013-02-06,0.9875438299383114,0.9887692321514114,-0.0012254022131000797
2013-02-07,0.9878616015122589,0.9886426520231224,-0.0007810505108635235
2013-02-08,0.9884684021691524,0.9887216839399546,-0.00025328177080219394
2013-02-11,0.9888154511124015,0.9883135721209398,0.0005018789914617017
2013-02-12,0.9884684021691524,0.9884039123660071,6.448980314532893e-05
2013-02-13,0.9881506305952052,0.9886711924690458,-0.0005205618738405304
2013-02-14,0.9882656699646053,0.9881365005217421,0.00012916944286323062
2013-02-15,0.9886051905184604,0.987551448844756,0.0010537416737044225
2013-02-19,0.98849015114906,0.9873098293470666,0.0011803218019934558
2013-02-20,0.98849015114906,0.9871832492187776,0.0013069019302823781
2013-02-21,0.9881127704060632,0.9870425492440279,0.0010702211620352564
2013-02-22,0.9876871155204213,0.986501854988986,0.001185260531435306
2013-02-25,0.9875898127614344,0.986361155014236,0.0012286577471983806
2013-02-26,0.9880341644636709,0.9876719762932809,0.00036218817039002094
2013-02-27,0.987766884360632,0.9874515074783204,0.0003153768823115355
2013-02-28,0.9873587725416174,0.9876931269760096,-0.00033435443439222556
2013-03-01,0.9861805198554944,0.9880108985499574,-0.0018303786944630085
2013-03-04,0.9856458279081907,0.9881920443212093,-0.002546216413018665
2013-03-05,0.9857361681532583,0.9885315648750643,-0.002795396721806065
2013-03-06,0.9860539397272055,0.9881059099894227,-0.002051970262217262
2013-03-07,0.9860539397272055,0.9881059099894227,-0.002051970262217262
2013-03-08,0.9856716202547664,0.9884049847467754,-0.002733364492009005
2013-03-11,0.9856716202547664,0.9887823654897722,-0.003110745235005763
2013-03-12,0.9858920890697267,0.9881755648328785,-0.002283475763151799
2013-03-13,0.9854993427887209,0.9879339453351892,-0.002434602546468323
2013-03-14,0.9850115938707216,0.9867977725945943,-0.0017861787238727667
2013-03-15,0.984739642573285,0.9866570726198445,-0.0019174300465595318
2013-03-18,0.9848450720188447,0.9865727643264621,-0.001727692307617379
2013-03-19,0.9850478042233918,0.9866700670854491,-0.0016222628620573554
2013-03-20,0.9845071099683499,0.9863769946358347,-0.0018698846674848335
2013-03-21,0.9842140375187354,0.9864824240813949,-0.0022683865626594857
2013-03-22,0.9838212912377298,0.9864824240813949,-0.0026611328436650927
2013-03-25,0.9839267206832898,0.9861646525074472,-0.0022379318241574353
2013-03-26,0.9852375419623344,0.9863053524821971,-0.0010678105198627108
2013-03-27,0.9866273951582106,0.9863896607755794,0.00023773438263119395
2013-03-28,0.9870097146306498,0.9863896607755797,0.0006200538550701351
2013-04-01,0.9858735418900552,0.9860426118323303,-0.00016906994227516847
2013-04-02,0.9844836886941787,0.9853207718060363,-0.000837083111857595
2013-04-03,0.9832571757085167,0.9855623913037256,-0.0023052155952089093
2013-04-04,0.9831517462629565,0.9867889042893877,-0.0036371580264311643
2013-04-05,0.9831517462629565,0.9873739559663738,-0.004222209703417246
2013-04-08,0.9828972964625926,0.987373955966374,-0.004476659503781399
2013-04-09,0.9839701474296041,0.987199307427924,-0.0032291599983199637
2013-04-10,0.9835257957273676,0.9863809062612767,-0.0028551105339090777
2013-04-11,0.9829851014723258,0.9855421741290089,-0.002557072656683146
2013-04-12,0.9829851014723255,0.9851598546565697,-0.0021747531842442047
2013-04-15,0.9837069414986197,0.9854271347596084,-0.0017201932609887116
2013-04-16,0.983948560996309,0.9866536477452708,-0.002705086748961749
2013-04-17,0.9841362040003635,0.9855821633922408,-0.001445959391877305
2013-04-18,0.9844871872146324,0.9853102120948039,-0.0008230248801714968
2013-04-19,0.9844871872146324,0.9857979610128029,-0.0013107737981705725
2013-04-22,0.9857137002002944,0.9853102120948036,0.00040348810549073466
2013-04-23,0.9866382724311354,0.9853102120948039,0.0013280603363315935
2013-04-24,0.9864355402265883,0.9851518373122011,0.0012837029143871748
2013-04-25,0.9852993674859937,0.9853723061271613,-7.293864116764137e-05
2013-04-26,0.9851247189475437,0.9851695739226143,-4.485497507056291e-05
2013-04-29,0.9852993674859937,0.9847872544501751,0.0005121130358185511
2013-04-30,0.985383675779376,0.984186223379027,0.001197452400349075
2013-05-01,0.9856509558824148,0.9847872544501753,0.0008637014322394609
2013-05-02,0.9859687274563623,0.9855090944764692,0.0004596329798931542
2013-05-03,0.9857271079586731,0.9855090944764692,0.00021801348220396033
2013-05-06,0.9847121954827646,0.985327948705217,-0.000615753222452442
2013-05-07,0.9836129747134736,0.9846061086789232,-0.000993133965449533
2013-05-08,0.9829939744727875,0.9841258881503187,-0.0011319136775311822
2013-05-09,0.9831205546010764,0.9831924476142707,-7.189301319432406e-05
2013-05-10,0.984135467076985,0.9822590070782231,0.001876459998761848
2013-05-13,0.9834600751549314,0.9816579760070747,0.0018020991478566728
2013-05-14,0.9832789293836791,0.9816579760070747,0.0016209533766043949
2013-05-15,0.9832789293836791,0.9822090970706832,0.0010698323129959553
2013-05-16,0.9832789293836791,0.9820940577012831,0.0011848716823960048
2013-05-17,0.983885730040573,0.9830274982373307,0.0008582318032422931
2013-05-20,0.9833933099281758,0.9825626588057096,0.0008306511224661639
2013-05-21,0.9824470390894532,0.9821062461458808,0.00034079294357236556
2013-05-22,0.9830931627900552,0.9822695863560953,0.0008235764339599161
2013-05-23,0.9832082021594553,0.9820279668584059,0.0011802353010493816
2013-05-24,0.9833232415288558,0.982410286330845,0.000912955198010712
2013-05-28,0.9834639415036055,0.9821986858210914,0.0012652556825141215
2013-05-29,0.9834639415036055,0.9819314057180525,0.001532535785553013
2013-05-30,0.9840829417442917,0.9826532457443465,0.0014296959999451353
2013-05-31,0.9844603224872887,0.9826532457443465,0.0018070767429421153
2013-06-03,0.9850453741642747,0.9826532457443465,0.0023921284199281967
2013-06-04,0.984588961504446,0.9813817691665465,0.003207192337899456
2013-06-05,0.984588961504446,0.9813817691665463,0.003207192337899678
2013-06-06,0.9848094303194062,0.9822001703331936,0.002609259986212531
2013-06-07,0.985289650848011,0.9820190245619416,0.0032706262860694446
2013-06-10,0.9856977626670257,0.9826944164839952,0.003003346183030442
2013-06-11,0.9861855115850247,0.9825889870384351,0.0035965245465895412
2013-06-12,0.9866419242448535,0.9832143399156336,0.003427584329219968
2013-06-13,0.9867685043731425,0.9833889884540832,0.0033795159190592727
2013-06-14,0.9863911236301457,0.9830066689816442,0.003384454648501456
2013-06-17,0.9865177037584346,0.9819074482123534,0.004610255546081188
2013-06-18,0.9864026643890346,0.9822544971556025,0.004148167233432032
2013-06-19,0.9851093446070627,0.98257226872955,0.002537075877512729
2013-06-20,0.9851093446070627,0.9825722687295497,0.002537075877512951
2013-06-21,0.9851093446070627,0.98257226872955,0.002537075877512729
2013-06-24,0.9851093446070628,0.9839616803920119,0.0011476642150508587
2013-06-25,0.9851093446070627,0.9841363289304619,0.0009730156766007969
2013-06-26,0.9844113124495447,0.9847213806074481,-0.00031006815790335374
2013-06-27,0.984903732561942,0.9847213806074481,0.00018235195449389785
2013-06-28,0.9860916228983534,0.9844036090335008,0.0016880138648526222
2013-07-01,0.9866630749275827,0.9848992106590889,0.0017638642684937311
2013-07-02,0.9862807554551435,0.9855746025811427,0.0007061528740007761
2013-07-03,0.9868658071321296,0.9853869595770881,0.0014788475550414626
2013-07-05,0.9868658071321296,0.9853869595770881,0.0014788475550414626
2013-07-08,0.9880536974685415,0.9852815301315282,0.0027721673370133537
2013-07-09,0.9882953169662307,0.9854349394865193,0.0028603774797114623
2013-07-10,0.9878509652639943,0.9855322422455064,0.0023187230184879004
2013-07-11,0.9876093457663051,0.9861036942747354,0.0015056514915696706
2013-07-12,0.987068651511263,0.9857527110604668,0.0013159404507961936
2013-07-15,0.9874157004545125,0.9869309637465894,0.00048473670792315016
2013-07-16,0.987122628004898,0.987849038744628,-0.0007264107397300101
2013-07-17,0.987122628004898,0.9874667192721889,-0.00034409126729084694
2013-07-18,0.9876573199522019,0.9869864987435844,0.0006708212086175003
2013-07-19,0.9869819280301483,0.9866874239862318,0.0002945040439165103
2013-07-22,0.9864941791121491,0.9867928534317918,-0.00029867431964269997
2013-07-23,0.986001758999752,0.9860494269722029,-4.766797245092658e-05
2013-07-24,0.9861424589745017,0.985846694767656,0.0002957642068457389
2013-07-25,0.9855356583176081,0.9863269152962606,-0.0007912569786524548
2013-07-26,0.9841458051217317,0.9859341690152545,-0.0017883638935228818
2013-07-29,0.9842608444911319,0.9865409696721483,-0.0022801251810163903
2013-07-30,0.9850946111957881,0.9866382724311354,-0.0015436612353473267
2013-07-31,0.9860126861938268,0.9872843961317372,-0.0012717099379104813
2013-08-01,0.9858976468244267,0.9874871283362845,-0.001589481511857782
2013-08-02,0.986716047991074,0.9877544084393232,-0.0010383604482491204
2013-08-05,0.9853254254501151,0.987372088966884,-0.002046663516768854
2013-08-06,0.984706425209429,0.9882058556715402,-0.0034994304621112082
2013-08-07,0.9847907335028115,0.9882058556715404,-0.003415122168728857
2013-08-08,0.9853254254501151,0.9880182126674859,-0.0026927872173707623
2013-08-09,0.9868063882361415,0.9878154804629388,-0.0010090922267972369
2013-08-12,0.9866656882613916,0.9869817137582826,-0.0003160254968910259
2013-08-13,0.9858319215567352,0.9870967531276829,-0.0012648315709476998
2013-08-14,0.986099201659774,0.9870967531276829,-0.0009975514679088082
2013-08-15,0.9863982764171265,0.9858034333457111,0.0005948430714154407
2013-08-16,0.9870736683391802,0.986006165550258,0.0010675027889222033
2013-08-19,0.986160558768753,0.9855497528904296,0.000610805878323406
2013-08-20,0.9858135098255036,0.9849036291898275,0.0009098806356760969
2013-08-21,0.9852124787543555,0.9843728390918397,0.0008396396625157676
2013-08-22,0.9849451986513166,0.9834482668609984,0.001496931790318179
2013-08-23,0.9847035791536273,0.9835889668357484,0.0011146123178789047
2013-08-26,0.9841628848985854,0.9846604511887781,-0.000497566290192708
2013-08-27,0.9846506338165846,0.9846604511887781,-9.817372193521301e-06
2013-08-28,0.9841704132879799,0.9846604511887781,-0.000490037900798157
2013-08-29,0.9838713385306274,0.9839686301504199,-9.729161979254997e-05
2013-08-30,0.9831959466085738,0.9841270049330225,-0.0009310583244487303
2013-09-03,0.9826612546612701,0.9851241118478933,-0.002462857186623202
2013-09-04,0.9829543271108844,0.9856588037951968,-0.0027044766843123957
2013-09-05,0.9824196351635807,0.9860669156142118,-0.0036472804506311185
2013-09-06,0.983402985707168,0.9859696128552247,-0.002566627148056666
2013-09-09,0.9827961850502743,0.9862368929582634,-0.0034407079079891156
2013-09-10,0.9829773308215266,0.9864573617732236,-0.003480030951697022
2013-09-11,0.9828719013759667,0.9862989869906211,-0.003427085614654435
2013-09-12,0.9831135208736559,0.9868840386676072,-0.0037705177939513224
2013-09-13,0.9826333003450511,0.9866635698526467,-0.004030269507595552
2013-09-16,0.9824216998352977,0.9861288779053432,-0.0037071780700455026
2013-09-17,0.9816998598090036,0.9861288779053432,-0.004429018096339554
2013-09-18,0.9816998598090036,0.9856845262031065,-0.003984666394102887
2013-09-19,0.9818052892545637,0.9867233961847142,-0.00491810693015049
2013-09-20,0.9813971774355488,0.9866330559396469,-0.005235878504098124
2013-09-23,0.9805699079636948,0.986527626494087,-0.005957718530392175
2013-09-24,0.9803154581633307,0.9870623184413907,-0.006746860278060041
2013-09-25,0.9792765881817231,0.9870623184413907,-0.007785730259667556
2013-09-26,0.9791358882069733,0.9870623184413907,-0.007926430234417414
2013-09-27,0.9801508006828816,0.9878895879132449,-0.007738787230363253
2013-09-30,0.9801508006828816,0.9877019449091903,-0.007551144226308648
2013-10-01,0.9802915006576316,0.9872217243805854,-0.006930223722953821
2013-10-02,0.9800887684530843,0.9876298361996003,-0.0075410677465159726
2013-10-03,0.9800887684530843,0.9876298361996003,-0.0075410677465159726
2013-10-04,0.9807345979204727,0.9875147968302,-0.006780198909727364
2013-10-07,0.9786966198304693,0.9873514566199857,-0.008654836789516396
2013-10-08,0.9799621883247954,0.9870841765169468,-0.007121988192151374
2013-10-09,0.9795798688523564,0.9869787470713869,-0.007398878219030514
2013-10-10,0.9795798688523564,0.9874230987736231,-0.007843229921266737
2013-10-11,0.9807160415929511,0.9874230987736231,-0.006707057180671994
2013-10-14,0.9804744220952619,0.9878674504758596,-0.007393028380597633
2013-10-15,0.9806010022235508,0.9880081504506093,-0.007407148227058458
2013-10-16,0.9795621322419432,0.9880081504506094,-0.008446018208666195
2013-10-17,0.9804867044727841,0.9882108826551564,-0.007724178182372365
2013-10-18,0.980139655529535,0.9879436025521176,-0.00780394702258258
2013-10-21,0.9807857792301368,0.9884313514701168,-0.007645572239980081
2013-10-22,0.9796865584608458,0.9888877641299455,-0.009201205669099655
2013-10-23,0.9791941383484486,0.9888877641299455,-0.009693625781496906
2013-10-24,0.9790534383736988,0.9897150336017997,-0.01066159522810084
2013-10-25,0.9785578367481106,0.9898300729711997,-0.01127223622308915
2013-10-28,0.9784312566198214,0.9898300729711997,-0.011398816351378294
2013-10-29,0.9779869049175852,0.9902123924436391,-0.012225487526053902
2013-10-30,0.9779869049175851,0.9905114672009916,-0.012524562283406482
2013-10-31,0.9779869049175851,0.9897896271746974,-0.01180272225711232
2013-11-01,0.9779869049175852,0.9897896271746974,-0.011802722257112208
2013-11-04,0.9790257748991927,0.9905951980386702,-0.011569423139477508
2013-11-05,0.9801249956684838,0.99059519803867,-0.010470202370186255
2013-11-06,0.9803277278730306,0.9907217781669592,-0.010394050293928592
2013-11-07,0.979149475186908,0.9909890582699978,-0.011839583083089855
2013-11-08,0.9793910946845972,0.9909890582699978,-0.011597963585400661
2013-11-11,0.9798713152132019,0.99015032613773,-0.010279010924528098
2013-11-12,0.9786834248767902,0.9902653655071304,-0.011581940630340237
2013-11-13,0.9780373011761883,0.9898830460346911,-0.011845744858502871
2013-11-14,0.9774861801125798,0.9885897262527196,-0.011103546140139753
2013-11-15,0.977108799369583,0.9885897262527196,-0.011480926883136622
2013-11-18,0.9768710817212092,0.9888570063557582,-0.011985924634549061
2013-11-19,0.9772181306644587,0.9885099574125089,-0.011291826748050182
2013-11-20,0.9769003590905112,0.9886911031837612,-0.011790744093249983
2013-11-21,0.9769003590905112,0.9885938004247741,-0.011693441334262866
2013-11-22,0.9778249313213525,0.9883910682202273,-0.010566136898874756
2013-11-25,0.9774778823781031,0.9884883709792139,-0.011010488601110868
2013-11-26,0.9772751501735558,0.988391068220227,-0.011115918046671225
2013-11-27,0.978018576633145,0.9882503682454773,-0.010231791612332342
2013-11-29,0.9778158444285979,0.9884531004500243,-0.0106372560214264
2013-12-02,0.9778158444285977,0.9882326316350639,-0.010416787206466216
2013-12-03,0.9793811155080064,0.9871077631154878,-0.007726647607481318
2013-12-04,0.9789987960355675,0.9868661436177983,-0.007867347582230844
2013-12-05,0.9800376660171751,0.9869927237460873,-0.00695505772891214
2013-12-06,0.9803771865710299,0.9868776843766872,-0.006500497805657313
2013-12-09,0.980503766699319,0.9871313648319687,-0.006627598132649681
2013-12-10,0.9808508156425683,0.9867843158887195,-0.0059335002461512465
2013-12-11,0.9809658550119685,0.9871313648319687,-0.006165509820000192
2013-12-12,0.9806263344581135,0.9867843158887195,-0.006157981430605974
2013-12-13,0.980075213394505,0.9866436159139695,-0.006568402519464556
2013-12-16,0.9807670344328635,0.9877684844335461,-0.007001450000682641
2013-12-17,0.9808820738022636,0.9877684844335461,-0.006886410631282591
2013-12-18,0.9815279032696519,0.987663054987986,-0.00613515171833412
2013-12-19,0.9816544833979408,0.9862732017921095,-0.004618718394168719
2013-12-20,0.9821108960577698,0.985666401135216,-0.003555505077446175
2013-12-23,0.9814433244216016,0.9859841727091632,-0.004540848287561516
2013-12-24,0.9818178236081553,0.985539821006927,-0.0037219973987717703
2013-12-26,0.9818178236081555,0.9857602898218871,-0.003942466213731621
2013-12-27,0.9813300746901562,0.9852195955668452,-0.0038895208766890343
2013-12-30,0.9818811957537649,0.9854223277713925,-0.003541132017627624
2013-12-31,0.9816395762560755,0.9854223277713925,-0.00378275151531704
2014-01-02,0.9820169569990723,0.9859630220264344,-0.003946065027362056
2014-01-03,0.9816346375266334,0.9860684514719943,-0.004433813945360909
2014-01-06,0.9809670658904652,0.9867902914982883,-0.005823225607823113
2014-01-07,0.9802452258641712,0.9858657192674473,-0.005620493403276083
2014-01-08,0.9798075159910276,0.9856780762633929,-0.005870560272365322
2014-01-09,0.9798075159910276,0.9856780762633929,-0.005870560272365322
2014-01-10,0.9794251965185883,0.9854576074484325,-0.00603241092984419
2014-01-13,0.9790781475753392,0.9861329993704862,-0.007054851795146977
2014-01-14,0.9790781475753392,0.9862303021294733,-0.007152154554134094
2014-01-15,0.9801912493705363,0.9862303021294733,-0.0060390527589370135
2014-01-16,0.980003606366482,0.986027569924926,-0.006023963558444034
2014-01-17,0.9801912493705363,0.986027569924926,-0.005836320554389762
2014-01-21,0.9801912493705365,0.986027569924926,-0.00583632055438954
2014-01-22,0.9798921746131838,0.9854928779776221,-0.0056007033644382975
2014-01-23,0.9813731373992102,0.9854928779776221,-0.004119740578411912
2014-01-24,0.9802369646586154,0.9843049876412107,-0.004068022982595232
2014-01-27,0.9813731373992102,0.9840633681435212,-0.002690230744311073
2014-01-28,0.9819138316542518,0.9847852081698153,-0.002871376515563462
2014-01-29,0.9817554568716492,0.9844381592265659,-0.002682702354916633
2014-01-30,0.9818608863172091,0.9838531075495797,-0.001992221232370528
2014-01-31,0.981332836198998,0.9835250496561386,-0.0021922134571406016
2014-02-03,0.9815444367087517,0.9842974592518159,-0.0027530225430641986
2014-02-04,0.9813697881703017,0.9843947620108032,-0.003024973840501488
2014-02-05,0.9809561882721625,0.9841228107133664,-0.0031666224412039146
2014-02-06,0.9816417394677388,0.984376491168648,-0.0027347517009091993
2014-02-07,0.9817567788371389,0.9848021460542895,-0.003045367217150652
2014-02-10,0.9806206060965443,0.9838775738234485,-0.003256967726904203
2014-02-11,0.9804459575580943,0.9836359543257592,-0.00318999676766496
2014-02-12,0.9798577091215053,0.9836359543257592,-0.0037782452042539605
2014-02-13,0.9791142826619165,0.9849292741077308,-0.0058149914458143215
2014-02-14,0.9791142826619165,0.985110419878983,-0.005996137217066488
2014-02-18,0.9783708562023276,0.9849076876744359,-0.006536831472108373
2014-02-19,0.9781681239977804,0.9844199387564367,-0.006251814758656327
2014-02-20,0.9780626945522207,0.9841208639990843,-0.006058169446863548
2014-02-21,0.9774169860164363,0.9824765610028439,-0.005059574986407522
2014-02-24,0.9768762917613945,0.9816427942981875,-0.004766502536793005
2014-02-25,0.9762008998393409,0.9813147364047465,-0.0051138365654056495
2014-02-26,0.9752763276085,0.9814413165330357,-0.006164988924535653
2014-02-27,0.9746659990957506,0.9814413165330357,-0.0067753174372851
2014-02-28,0.9746659990957506,0.9803164480134592,-0.005650448917708606
2014-03-03,0.9753666678535673,0.9797096473565655,-0.004342979502998223
2014-03-04,0.9759073621086092,0.9795830672282766,-0.003675705119667416
2014-03-05,0.9748889217768449,0.9790874656026881,-0.004198543825843171
2014-03-06,0.9747738824074446,0.9788201854996494,-0.004046303092204884
2014-03-07,0.9754657034458029,0.979245840385291,-0.003780136939488199
2014-03-10,0.9755500117391853,0.9793608797546913,-0.003810868015506008
2014-03-11,0.974535099263277,0.9784363075238502,-0.0039012082605732745
2014-03-12,0.9743767244806741,0.9784363075238502,-0.004059583043176107
2014-03-13,0.9742360245059245,0.9787353822812027,-0.004499357775278212
2014-03-14,0.9730998517653296,0.9798082332482141,-0.00670838148288444
2014-03-17,0.9730998517653296,0.9798082332482141,-0.00670838148288444
2014-03-18,0.9735800722939344,0.9792571121846055,-0.005677039890671143
2014-03-19,0.9739271212371836,0.9792571121846055,-0.005329990947421925
2014-03-20,0.9737155207274302,0.9799731826251541,-0.006257661897723921
2014-03-21,0.9748516934680249,0.980648574547208,-0.0057968810791830805
2014-03-24,0.9753319139966297,0.9808862921955813,-0.005554378198951659
2014-03-25,0.9749545332536327,0.980568520621634,-0.005613987368001339
2014-03-26,0.975398884955869,0.980568520621634,-0.0051696356657650044
2014-03-27,0.974677044929575,0.9813869217882814,-0.006709876858706387
2014-03-28,0.9755043144014289,0.9817264423421364,-0.006222127940707423
2014-03-31,0.9762477408610178,0.9823001897981039,-0.006052448937086008
2014-04-01,0.9768545415179114,0.9821594898233543,-0.005304948305442925
2014-04-02,0.9765825902204748,0.9822567925823412,-0.005674202361866443
2014-04-03,0.9759635899797886,0.9824201327925555,-0.006456542812766863
2014-04-04,0.9756126067655198,0.9821481814951187,-0.006535574729598981
2014-04-07,0.9774494482639312,0.9825255622381156,-0.005076113974184393
2014-04-08,0.9783675232619699,0.9831716859387175,-0.004804162676747659
2014-04-09,0.9792062553942379,0.9847369570181262,-0.005530701623888357
2014-04-10,0.9789389752911991,0.9855553581847732,-0.006616382893574135
2014-04-11,0.9805092560578242,0.9860900501320772,-0.005580794074252937
2014-04-14,0.9806242954272245,0.985743001188828,-0.005118705761603448
2014-04-15,0.9810499503128659,0.9859634700037883,-0.004913519690922352
2014-04-16,0.9804038266122643,0.985743001188828,-0.005339174576563632
2014-04-17,0.9806242954272243,0.9862307501068269,-0.005606454679602635
2014-04-21,0.9810378953253637,0.9859634700037883,-0.004925574678424582
2014-04-22,0.9804664432961347,0.985743001188828,-0.005276557892693212
2014-04-23,0.9807080627938237,0.9859241469600799,-0.005216084166256185
2014-04-24,0.9812487570488656,0.985797566831791,-0.004548809782925378
2014-04-25,0.9819795393716242,0.9865409932913799,-0.004561453919755709
2014-04-28,0.98115226989977,0.9867826127890691,-0.005630342889299089
2014-04-29,0.9809938951171674,0.986923312763819,-0.005929417646651558
2014-04-30,0.9805136745885628,0.98643556384582,-0.005921889257257229
2014-05-01,0.9805136745885625,0.9867826127890693,-0.0062689382005067795
2014-05-02,0.9797702481289736,0.9862901926766721,-0.006519944547698442
2014-05-05,0.9797702481289736,0.9854564259720158,-0.005686177843042151
2014-05-06,0.9797702481289736,0.9857237060750546,-0.005953457946080931
2014-05-07,0.9807673550438445,0.9861318178940695,-0.00536446285022496
2014-05-08,0.9807673550438445,0.9861318178940692,-0.005364462850224738
2014-05-09,0.9807673550438443,0.9863734373917586,-0.005606082347914376
2014-05-12,0.9821567667063063,0.9871331376071948,-0.004976370900888538
2014-05-13,0.9812233261702586,0.9867860886639452,-0.0055627624936865905
2014-05-14,0.9819830263856948,0.9865188085609065,-0.004535782175211667
2014-05-15,0.9822066767138462,0.9861678253466378,-0.003961148632791622
2014-05-16,0.9831247517118848,0.9863085253213876,-0.003183773609502727
2014-05-19,0.9836171718242821,0.986150150538785,-0.002532978714502865
2014-05-20,0.9825783018426745,0.9857057988365484,-0.003127496993873935
2014-05-21,0.9828773766000269,0.9858112282821084,-0.0029338516820814897
2014-05-22,0.9830039567283161,0.9845179085001367,-0.0015139517718205653
2014-05-23,0.9832244255432764,0.984037687971532,-0.0008132624282556344
2014-05-27,0.9834271577478234,0.9827443681895602,0.0006827895582631749
2014-05-28,0.9823882877662156,0.9827443681895602,-0.0003560804233446735
2014-05-29,0.9827706072386548,0.9839322585259721,-0.0011616512873172669
2014-05-30,0.9842348378726905,0.9845783822265741,-0.00034354435388361804
2014-06-02,0.9831619869056789,0.9845783822265739,-0.001416395320894992
2014-06-03,0.9827363320200375,0.9836652726561467,-0.0009289406361091546
2014-06-04,0.9825158632050773,0.9836652726561467,-0.0011494094510693387
2014-06-05,0.9826062034501447,0.984250324333133,-0.0016441208829882648
2014-06-06,0.983439970154801,0.984250324333133,-0.0008103541783319734
2014-06-09,0.9819590073687746,0.9844919438308222,-0.0025329364620475525
2014-06-10,0.9812836154467212,0.9835085932872348,-0.0022249778405136755
2014-06-11,0.9801843946774303,0.9827259822816663,-0.002541587604235951
2014-06-12,0.9798334114631615,0.9817535804612187,-0.0019201689980572478
2014-06-13,0.9802590663488029,0.9821006294044681,-0.0018415630556651852
2014-06-16,0.9804795351637635,0.9810014086351772,-0.0005218734714136364
2014-06-17,0.9800972156913241,0.9810014086351772,-0.0009041929438530216
2014-06-18,0.9804745964343211,0.9815864603121633,-0.001111863877842234
2014-06-19,0.9821188994305617,0.9817611088506131,0.00035779057994866914
2014-06-20,0.9833067897669733,0.9818876889789021,0.0014191007880711703
2014-06-23,0.9835787410644103,0.9822272095327572,0.0013515315316531273
2014-06-24,0.9838460211674492,0.9826715612349934,0.0011744599324557958
2014-06-25,0.9839867211421989,0.9825449811067045,0.0014417400354943544
2014-06-26,0.9836093403992019,0.9823245122917443,0.0012848281074575585
2014-06-27,0.9827909392325547,0.9818988574061025,0.0008920818264521735
2014-06-30,0.9822194872033256,0.9823245122917441,-0.00010502508841847558
2014-07-01,0.9816787929482838,0.9820572321887054,-0.00037843924042169075
2014-07-02,0.9813797181909313,0.9816128804864691,-0.00023316229553782541
2014-07-03,0.9811380986932419,0.9816128804864691,-0.00047478179322724134
2014-07-07,0.9811380986932421,0.9816128804864689,-0.00047478179322679726
2014-07-08,0.9813797181909313,0.981739460614758,-0.0003597424238267477
2014-07-09,0.9803068672239197,0.9817394606147578,-0.0014325933908381216
2014-07-10,0.9806463877777746,0.9818298008598255,-0.0011834130820509436
2014-07-11,0.9807518172233345,0.9826756225519839,-0.0019238053286494416
2014-07-14,0.9812925114783764,0.9832606742289702,-0.0019681627505938604
2014-07-15,0.9812925114783764,0.9825172477693812,-0.0012247362910048354
2014-07-16,0.9807518172233345,0.983653420509976,-0.002901603286641463
2014-07-17,0.9806463877777746,0.9839524952673284,-0.0033061074895538445
2014-07-18,0.9807518172233347,0.983526840381687,-0.002775023158352319
2014-07-21,0.9798387076529077,0.9829921484343831,-0.0031534407814753918
2014-07-22,0.9798387076529075,0.9828771090649828,-0.003038401412075342
2014-07-23,0.9815573880873073,0.9835525009870365,-0.001995112899729201
2014-07-24,0.982092080034611,0.9835525009870365,-0.0014604209524254896
2014-07-25,0.9822797230386654,0.982580099166589,-0.00030037612792355173
2014-07-28,0.9823947624080659,0.982439399191839,-4.463678377308877e-05
2014-07-29,0.9829354566631078,0.9827066792948779,0.00022877736822990435
2014-07-30,0.9824007647158038,0.982803982053865,-0.0004032173380611459
2014-07-31,0.9821802959008435,0.9831030568112175,-0.0009227609103739098
2014-08-01,0.9822857253464036,0.9845556791602696,-0.002269953813866077
2014-08-04,0.9826680448188427,0.9845556791602696,-0.0018876343414269137
2014-08-05,0.9828264196014455,0.9841113274580335,-0.00128490785658808
2014-08-06,0.9824007647158038,0.984269702240636,-0.0018689375248321927
2014-08-07,0.9821802959008437,0.9846167511838855,-0.0024364552830418162
2014-08-08,0.9821802959008435,0.9847317905532856,-0.002551494652442088
2014-08-11,0.9816396016458018,0.983595617812691,-0.0019560161668892295
2014-08-12,0.9830294548416783,0.9829202258906374,0.00010922895104081842
2014-08-13,0.984165627582273,0.9829202258906374,0.0012454016916355615
2014-08-14,0.9855554807781495,0.9829202258906374,0.0026352548875120396
2014-08-15,0.9851473689591346,0.9824278057782402,0.002719563180894391
2014-08-18,0.9859070691745707,0.9827455773521876,0.0031614918223831223
2014-08-19,0.9855600202313212,0.9821265771115012,0.0034334431198199677
2014-08-20,0.9853484197215677,0.9820475451946695,0.003300874526898201
2014-08-21,0.9863633321974761,0.9827455773521874,0.003617754845288701
2014-08-22,0.9876741534765207,0.9837954684607948,0.003878685015725858
2014-08-25,0.9875334535017707,0.9839008979063547,0.003632555595415976
2014-08-26,0.9873750787191682,0.9839912381514222,0.003383840567745988
2014-08-27,0.9864505064883271,0.9839912381514222,0.0024592683369049073
2014-08-28,0.9867495812456796,0.9832086271458537,0.0035409540998259104
2014-08-29,0.9864318096717322,0.98260182648896,0.0038299831827721675
2014-09-02,0.9852956369311375,0.9825114862438927,0.002784150687244802
2014-09-03,0.9844618702264811,0.981514379329022,0.0029474908974591596
2014-09-04,0.9844618702264814,0.9806685576368636,0.003793312589617792
2014-09-05,0.9847796418004287,0.980986329210811,0.003793312589617681
2014-09-08,0.985613408505085,0.9816843613683289,0.003929047136756125
2014-09-09,0.986447175209741,0.982955837946129,0.00349133726361206
2014-09-10,0.98719060166933,0.9826087890028798,0.004581812666450191
2014-09-11,0.9878367253699318,0.9820237373258938,0.00581298804403807
2014-09-12,0.9885285464082902,0.9810266304110229,0.00750191599726735
2014-09-15,0.9879878521532484,0.9808859304362731,0.0071019217169752125
2014-09-16,0.9881905843577955,0.9810266304110229,0.0071639539467726054
2014-09-17,0.9885729038302347,0.9810266304110229,0.007546273419211769
2014-09-18,0.9888145233279239,0.9806795814677738,0.008134941860150069
2014-09-19,0.9893492152752276,0.9808061615960628,0.008543053679164747
2014-09-22,0.9899953389758294,0.9808061615960628,0.009189177379766544
2014-09-23,0.9898980362168424,0.9805070868387101,0.00939094937813223
2014-09-24,0.990197110974195,0.9803663868639604,0.009830724110234668
2014-09-25,0.9897093620561959,0.9807591331449661,0.008950228911229763
2014-09-26,0.9897093620561961,0.9805386643300059,0.009170697726190169
2014-09-29,0.9905366315280498,0.9803640157915561,0.01017261573649375
2014-09-30,0.9897028648233934,0.9794509062211288,0.010251958602264577
2014-10-01,0.9896125245783262,0.9788255533439306,0.010786971234395537
2014-10-02,0.9902879165003796,0.9793179734563279,0.010969943044051744
2014-10-03,0.9896417927997778,0.9794991192275799,0.010142673572197891
2014-10-06,0.989369841502341,0.9792963870230329,0.010073454479308075
2014-10-07,0.9884517665043021,0.9791152412517807,0.009336525252521377
2014-10-08,0.9883110665295524,0.9783934012254868,0.00991766530406557
2014-10-09,0.9889300667702388,0.9793065107959138,0.00962355597432496
2014-10-10,0.9895490670109247,0.9804196125911113,0.009129454419813388
2014-10-13,0.9895490670109247,0.9805346519605117,0.009014415050413005
2014-10-14,0.9893614240068702,0.9811807756611133,0.008180648345756936
2014-10-15,0.9895021239816202,0.9815317588753824,0.007970365106237831
2014-10-16,0.9893755438533313,0.9819965983070033,0.0073789455463280085
2014-10-17,0.9891550750383709,0.9818700181787141,0.007285056859656747
2014-10-20,0.9891550750383711,0.9823502387073187,0.006804836331052333
2014-10-21,0.9898011987389727,0.9823502387073187,0.007450960031653908
2014-10-22,0.9898985014979598,0.9823502387073187,0.007548262790641025
2014-10-23,0.9898985014979598,0.982935290384305,0.0069632111136547215
2014-10-24,0.9904391957530017,0.983040719829865,0.007398475923136694
2014-10-27,0.9901672444555648,0.9823426876723471,0.007824556783217695
2014-10-28,0.9900406643272757,0.9819603681999077,0.008080296127367936
2014-10-29,0.9901672444555646,0.9812006679844718,0.00896657647109278
2014-10-30,0.9904603169051791,0.979400407542842,0.01105990936233714
2014-10-31,0.9901930368021402,0.979888156460841,0.010304880341299172
2014-11-03,0.9898459878588911,0.9797827270152809,0.0100632608436102
2014-11-04,0.9903866821139328,0.9797827270152809,0.010603955098651863
2014-11-05,0.990386682113933,0.9795622582003208,0.010824423913612158
2014-11-06,0.9907690015863719,0.9797369067387706,0.01103209484760137
2014-11-07,0.991868222355663,0.9797369067387706,0.012131315616892402
2014-11-10,0.9918682223556629,0.9800839556820199,0.011784266673642962
2014-11-11,0.9914238706534266,0.980181258441007,0.011242612212419623
2014-11-12,0.9916654901511158,0.9811783653558778,0.010487124795238056
2014-11-13,0.991792070279405,0.9818944357964264,0.009897634482978535
2014-11-14,0.9914929955220523,0.9815766642224789,0.009916331299573367
2014-11-17,0.9914929955220523,0.9820210159247154,0.009471979597336921
2014-11-18,0.9910052466040532,0.98250123645332,0.00850401015073321
2014-11-19,0.9905795917184116,0.9833285059251738,0.007251085793237744
2014-11-20,0.990669931963479,0.98394750616586,0.006722425797618947
2014-11-21,0.9901352400161755,0.9837058866681708,0.006429353348004652
2014-11-24,0.9902618201444644,0.9838642614507735,0.006397558693690852
2014-11-25,0.9904645523490113,0.9843520103687725,0.006112541980238806
2014-11-26,0.9907576247986258,0.9842113103940229,0.00654631440460296
2014-11-28,0.9901115010980241,0.9849837199897004,0.005127781108323792
2014-12-01,0.9901115010980241,0.9853660394621392,0.004745461635884962
2014-12-02,0.9906965527750102,0.9848253452070974,0.005871207567912817
2014-12-03,0.991342676475612,0.9844782962638481,0.006864380211763943
2014-12-04,0.990418104244771,0.9842063449664111,0.0062117592783598186
2014-12-05,0.9902369584735187,0.9846987650788084,0.005538193394710289
2014-12-08,0.9902369584735187,0.9852702171080376,0.004966741365481031
2014-12-09,0.989828846654504,0.9852702171080376,0.004558629546466353
2014-12-10,0.9892881523994621,0.9852702171080376,0.004017935291424468
2014-12-11,0.9891827229539022,0.9835752503181497,0.005607472635752453
2014-12-12,0.9896704718719012,0.9831978695751528,0.006472602296748398
2014-12-15,0.990078583690916,0.9825788693344666,0.007499714356449361
2014-12-16,0.9901936230603162,0.9827535178729163,0.0074401051873999036
2014-12-17,0.9903963552648635,0.9833725181136025,0.007023837151260981
2014-12-18,0.991071747186917,0.9833725181136025,0.007699229073314551
2014-12-19,0.991071747186917,0.9833725181136025,0.007699229073314551
2014-12-22,0.9915594961049161,0.98307344335625,0.008486052748666095
2014-12-23,0.9918011156026054,0.9826170306964211,0.009184084906184276
2014-12-24,0.9911257236805519,0.9813644005721391,0.009761323108412712
2014-12-26,0.9912523038088408,0.9806425605458451,0.010609743262995686
2014-12-29,0.9909592313592263,0.9795433397765542,0.011415891582672089
2014-12-30,0.9916053550598282,0.9788515187381961,0.012753836321632073
2014-12-31,0.9918984275094427,0.9784532198715947,0.013445207637847956
2015-01-02,0.9920391274841924,0.9781061709283456,0.01393295655584681
2015-01-05,0.9919487872391252,0.9786468651833873,0.01330192205573788
2015-01-06,0.9925555878960187,0.9789399376330016,0.013615650263017143
2015-01-07,0.9924290077677297,0.978006497096954,0.014422510670775712
2015-01-08,0.9928546626533713,0.9790096428484836,0.013845019804887726
2015-01-09,0.9935765026796654,0.9786273233760446,0.014949179303620719
2015-01-12,0.9933348831819762,0.9794457245426919,0.013889158639284305
2015-01-13,0.9938695751292796,0.980672237528354,0.013197337600925674
2015-01-14,0.9944102693843218,0.9816555880719413,0.012754681312380445
2015-01-15,0.994709344141674,0.9818760568869018,0.012833287254772174
2015-01-16,0.9943270246692351,0.9815290079436525,0.012798016725582562
2015-01-20,0.993583598209646,0.9816555880719413,0.011928010137704725
2015-01-21,0.993583598209646,0.9818933057203149,0.011690292489331178
2015-01-22,0.9934428982348965,0.981787876274755,0.011655021960141565
2015-01-23,0.9935835982096463,0.9821806225557609,0.011402975653885372
2015-01-26,0.9929985465326598,0.9829024625820547,0.010096083950605128
2015-01-27,0.9925061264202626,0.982361768327013,0.01014435809324954
2015-01-28,0.993091178097249,0.9828541884394103,0.010236989657838702
2015-01-29,0.992263908625395,0.9824098367371739,0.009854071888221183
2015-01-30,0.9918815891529559,0.9824098367371737,0.009471752415782131
2015-02-02,0.9916939461489013,0.9825364168654628,0.009157529283438492
2015-02-03,0.9915532461741515,0.9828354916228154,0.008717754551336165
2015-02-04,0.9913948713915488,0.9822947973677735,0.009100074023775329
2015-02-05,0.9912202228530992,0.9828354916228154,0.008384731230283826
2015-02-06,0.9907945679674574,0.9820920651632264,0.008702502804230905
2015-02-09,0.9915164079937514,0.9823336846609156,0.009182723332835763
2015-02-10,0.9915164079937516,0.9820406122113013,0.00947579578245028
2015-02-11,0.9920571022487933,0.9823583837852488,0.009698718463544531
2015-02-12,0.9929751772468319,0.982183735246799,0.010791442000032903
2015-02-13,0.9937348774622681,0.9824374157020805,0.011297461760187533
2015-02-17,0.9932905257600319,0.9825277559471478,0.010762769812884043
2015-02-18,0.9935578058630705,0.9823644157369334,0.01119339012613707
2015-02-19,0.9930653857506733,0.9814513061665066,0.011614079584166714
2015-02-20,0.9930653857506732,0.9813609659214391,0.011704419829234092
2015-02-23,0.9926830662782342,0.981738346664436,0.01094471961379817
2015-02-24,0.9928237662529841,0.9804275253853914,0.012396240867592723
2015-02-25,0.9930264984575311,0.9800452059129524,0.012981292544578693
2015-02-26,0.9931671984322809,0.979803586415263,0.013363612017017856
2015-02-27,0.9931671984322809,0.979495627793729,0.013671570638551844
2015-03-02,0.9930264984575309,0.9793079847896745,0.013718513667856369
2015-03-03,0.9925821467552948,0.9800676850051107,0.012514461750184114
2015-03-04,0.9928237662529841,0.9808111114646995,0.012012654788284616
2015-03-05,0.9933115151709832,0.9813622325283081,0.01194928264267503
2015-03-06,0.9926361232489295,0.9826851036257505,0.009951019623179014
2015-03-09,0.9927511626183297,0.982984178383103,0.009766984235226706
2015-03-10,0.9934265545403832,0.9829841783831029,0.010442376157280275
2015-03-11,0.9935531346686726,0.982984178383103,0.01056895628556953
2015-03-12,0.9931274797830307,0.982984178383103,0.010143301399927696
2015-03-13,0.9933690992807201,0.9824434841280613,0.010925615152658885
2015-03-16,0.993022050337471,0.9822851093454583,0.010736940992012722
2015-03-17,0.9931274797830307,0.9819380604022092,0.01118941938082152
2015-03-18,0.9933690992807201,0.981666109104772,0.011702990175948114
2015-03-19,0.9923541868048117,0.9817634118637592,0.010590774941052539
2015-03-20,0.9920869067017728,0.9813810923913203,0.010705814310452477
2015-03-23,0.9920869067017728,0.9808933434733209,0.011193563228451886
2015-03-24,0.99257932681417,0.9814340377283629,0.011145289085807142
2015-03-25,0.9928466069172087,0.9809384361027746,0.011908170814434071
2015-03-26,0.9929731870454979,0.9793841692876365,0.013589017757861366
2015-03-27,0.9927059069424592,0.9792030235163843,0.013502883426074863
2015-03-30,0.9928209463118592,0.9805989155489196,0.012222030762939595
2015-03-31,0.9926802463371095,0.9817406408751099,0.010939605461999569
2015-04-01,0.9920341226365078,0.9826537504455369,0.009380372190970876
2015-04-02,0.9919075425082187,0.9829932709993919,0.008914271508826732
2015-04-06,0.9921748226112577,0.9845004589914074,0.0076743636198503
2015-04-07,0.9927816232681513,0.9828878415538318,0.009893781714319538
2015-04-08,0.9925400037704619,0.9825887667964793,0.009951236973982591
2015-04-09,0.9928870527137114,0.9828878415538318,0.009999211159879562
2015-04-10,0.9928870527137112,0.9838543352908055,0.00903271742290579
2015-04-13,0.9925047332412721,0.9834615890097997,0.009043144231472344
2015-04-14,0.9922631137435827,0.983162514252447,0.00910059949113562
2015-04-15,0.9917753648255837,0.983162514252447,0.008612850573136654
2015-04-16,0.991397984082587,0.9827181625502109,0.008679821532376009
2015-04-17,0.9908572898275451,0.9820720388496089,0.008785250977936143
2015-04-20,0.9910319383659948,0.98115396385157,0.009877974514424737
2015-04-21,0.991414257838434,0.980568912174584,0.010845345663849981
2015-04-22,0.9917073302880485,0.9802179289603151,0.01148940132773335
2015-04-23,0.992115442107063,0.979632877283329,0.012482564823734
2015-04-24,0.9919888619787741,0.9788894508237401,0.013099411155033991
2015-04-27,0.991641813035525,0.9785613929302992,0.01308042010522581
2015-04-28,0.99123370121651,0.9782104097160303,0.01302329150047965
2015-04-29,0.9910590526780603,0.978448127364404,0.012610925313656263
2015-04-30,0.9910590526780605,0.9786065021470067,0.012452550531053763
2015-05-01,0.9918024791376492,0.9773538720227247,0.014448607114924461
2015-05-04,0.992337171084953,0.9767077483221228,0.015629422762830192
2015-05-05,0.9920955515872637,0.9773831402441764,0.014712411343087317
2015-05-06,0.9919548516125137,0.9782218723764443,0.01373297923606942
2015-05-07,0.991474631083909,0.9782218723764444,0.013252758707464563
2015-05-08,0.9913339311091591,0.979515192158416,0.011818738950743146
2015-05-11,0.9918216800271585,0.9800558864134579,0.01176579361370067
2015-05-12,0.9911755563265565,0.9808946185457258,0.010280937780830723
2015-05-13,0.9903571551599091,0.9819661028987555,0.008391052261153553
2015-05-14,0.9902305750316202,0.9821777034085094,0.008052871623110747
2015-05-15,0.9899632949285813,0.9831111439445569,0.006852150984024363
2015-05-18,0.989645523354634,0.9819328912584342,0.007712632096199767
2015-05-19,0.9894250545396737,0.9820301940174211,0.007394860522252578
2015-05-20,0.9889373056216746,0.98248660667725,0.0064506989444246265
2015-05-21,0.9881938791620858,0.9823282318946475,0.005865647267438323
2015-05-22,0.9881938791620858,0.9825093776658994,0.005684501496186378
2015-05-26,0.9884929539194383,0.9822889088509393,0.00620404506849892
2015-05-27,0.9884026136743709,0.9819608509574982,0.00644176271687269
2015-05-28,0.9886230824893311,0.981960850957498,0.006662231531833096
2015-05-29,0.9882760335460817,0.982135499495948,0.006140534050133706
2015-06-01,0.9880948877748298,0.9829079090916255,0.00518697868320428
2015-06-02,0.9871614472387822,0.9816813961059632,0.005480051132819019
2015-06-03,0.9870030724561792,0.9812886498249576,0.005714422631221683
2015-06-04,0.9866520892419104,0.9814470246075601,0.0052050646343503315
2015-06-05,0.9858183225372542,0.981981716554864,0.0038366059823902177
2015-06-08,0.9848937503064131,0.981981716554864,0.002912033751549137
2015-06-09,0.9838548803248055,0.982469465472863,0.0013854148519425458
2015-06-10,0.9841479527744198,0.9838593186687394,0.0002886341056803632
2015-06-11,0.9846886470294617,0.9850858316544016,-0.0003971846249398725
2015-06-12,0.9842008981114627,0.9858455318698377,-0.0016446337583749804
2015-06-15,0.98501929927811,0.9859721119981266,-0.0009528127200165715
2015-06-16,0.9841855325734538,0.9859721119981266,-0.0017865794246728628
2015-06-17,0.9843121127017428,0.9864523325267313,-0.002140219824988465
2015-06-18,0.984799861619742,0.9867993814699806,-0.001999519850238607
2015-06-19,0.985020330434702,0.9872871303879798,-0.0022667999532777205
2015-06-22,0.9851106706797697,0.987779550500377,-0.0026688798206073727
2015-06-23,0.9847025588607549,0.9875919074963225,-0.002889348635567668
2015-06-24,0.9848609336433576,0.9881265994436261,-0.003265665800268547
2015-06-25,0.9847343535150684,0.9885347112626409,-0.0038003577475724803
2015-06-26,0.9838162785170298,0.9888337860199934,-0.005017507502963592
2015-06-29,0.9846550106492976,0.9893744802750354,-0.004719469625737771
2015-06-30,0.9846550106492976,0.9902990525058764,-0.005644041856578741
2015-07-01,0.9855884511853454,0.9910208925321704,-0.005432441346824968
2015-07-02,0.9852061317129063,0.9911359319015707,-0.0059298001886644025
2015-07-06,0.9852061317129063,0.9908943124038815,-0.005688180690975209
2015-07-07,0.9855884511853454,0.9910208925321704,-0.005432441346824968
2015-07-08,0.9863318776449342,0.9913679414754196,-0.005036063830485382
2015-07-09,0.9863318776449342,0.9912529021060195,-0.004921024461085222
2015-07-10,0.9869386783018279,0.9912529021060195,-0.004314223804191553
2015-07-13,0.9874264272198271,0.9917935963610612,-0.00436716914123414
2015-07-14,0.9871086556458797,0.9913854845420463,-0.004276828896166651
2015-07-15,0.9878304956721737,0.9905582150701926,-0.0027277193980188574
2015-07-16,0.9878304956721737,0.9904316349419036,-0.002601139269729824
2015-07-17,0.9884155473491598,0.9906732544395926,-0.0022577070904328256
2015-07-20,0.9885901958876099,0.9904986059011428,-0.001908410013532924
2015-07-21,0.989034547589846,0.9906732544395928,-0.0016387068497467627
2015-07-22,0.9897263686282044,0.9908759866441398,-0.001149618015935383
2015-07-23,0.9897263686282044,0.9909910260135403,-0.0012646573853358767
2015-07-24,0.9895058998132442,0.9909910260135403,-0.0014851262002960608
2015-07-27,0.9888140787748859,0.9908759866441398,-0.002061907869253865
2015-07-28,0.9889724535574884,0.9907609472747395,-0.001788493717251094
2015-07-29,0.988673378800136,0.9910282273777782,-0.0023548485776422323
2015-07-30,0.9881386868528322,0.9906508466347814,-0.002512159781949186
2015-07-31,0.9878970673551428,0.9902064949325452,-0.0023094275774023787
2015-08-03,0.9882441162983922,0.9896718029852413,-0.0014276866868491167
2015-08-04,0.9885431910557448,0.9896718029852413,-0.0011286119294964259
2015-08-05,0.9885431910557446,0.9898301777678439,-0.0012869867120992584
2015-08-06,0.9886838910304946,0.9904152294448302,-0.0017313384143355925
2015-08-07,0.9886838910304946,0.9910342296855164,-0.0023503386550217664
2015-08-10,0.9889255105281839,0.9910342296855164,-0.0021087191573324615
2015-08-11,0.9893336223471986,0.9913812786287657,-0.0020476562815671118
2015-08-12,0.9895212653512532,0.9919159705760694,-0.002394705224816218
2015-08-13,0.9898143378008675,0.9922090430256841,-0.0023947052248166623
2015-08-14,0.9903654588644761,0.992591362498123,-0.0022259036336468307
2015-08-17,0.9900663841071236,0.9931764141751092,-0.003110030067985603
2015-08-18,0.9904920389927651,0.9932914535445095,-0.0027994145517444835
2015-08-19,0.9912354654523541,0.9928471018422732,-0.0016116363899191244
2015-08-20,0.9916177849247932,0.9915362805632286,8.15043615646216e-05
2015-08-21,0.9914912047965041,0.9908382484057106,0.0006529563907935465
2015-08-24,0.9913505048217541,0.9904128877532825,0.000937617068471619
2015-08-25,0.9915709736367148,0.9906506054016561,0.0009203682350586995
2015-08-26,0.9917116736114643,0.9911852973489597,0.0005263762625046242
2015-08-27,0.9912860187258228,0.9910445973742101,0.00024142135161264733
2015-08-28,0.9912860187258228,0.9910445973742101,0.00024142135161264733
2015-08-31,0.9914125988541119,0.9910445973742101,0.00036800147990179166
2015-09-01,0.9915276382235122,0.9907165394807692,0.0008110987427429883
2015-09-02,0.9911195264044974,0.9902721877785327,0.0008473386259647553
2015-09-03,0.9911195264044973,0.9904749199830796,0.0006446064214177261
2015-09-04,0.9911195264044973,0.9902544511681193,0.0008650752363780212
2015-09-08,0.9904441344824438,0.9899613787185052,0.00048275576393863595
2015-09-09,0.9898726824532146,0.9904491276365042,-0.0005764451832895867
2015-09-10,0.9892876307762287,0.9904491276365042,-0.001161496860275446
2015-09-11,0.9892876307762287,0.990343698190944,-0.0010560674147153115
2015-09-14,0.9891610506479396,0.9899966492476946,-0.0008355985997550164
2015-09-15,0.9884392106216456,0.9895042291352976,-0.0010650185136519275
2015-09-16,0.9892779427539136,0.9891219096628584,0.00015603309105516328
2015-09-17,0.9889005620109167,0.9890246069038713,-0.00012404489295458898
2015-09-18,0.9885182425384774,0.9881819563350337,0.0003362862034437253
2015-09-21,0.9883598677558747,0.9881819563350337,0.00017791142084100375
2015-09-22,0.9880607929985222,0.9883085364633227,-0.00024774346480049836
2015-09-23,0.9882635252030691,0.9872356854963112,0.0010278397067579048
2015-09-24,0.9883689546486293,0.986791333794075,0.0015776208545542625
2015-09-25,0.9894681754179201,0.9872356854963112,0.002232489921608849
2015-09-28,0.990008869672962,0.988078336065149,0.0019305336078129232
2015-09-29,0.9906842615950154,0.9896436071445577,0.0010406544504577564
2015-09-30,0.9905435616202657,0.9896436071445575,0.0008999544757082312
2015-10-01,0.9908366340698802,0.9895029071698077,0.001333726900072496
2015-10-02,0.9905188624959328,0.9895029071698077,0.0010159553261250842
2015-10-05,0.9908366340698802,0.9901782990918614,0.0006583349780188152
2015-10-06,0.9915963342853161,0.9900517189635722,0.0015446153217438807
2015-10-07,0.9915963342853161,0.9899251388352833,0.001671195450032803
2015-10-08,0.9914909048397562,0.9903694905375198,0.0011214143022364453
2015-10-09,0.9904759923638479,0.9905101905122696,-3.4198148421760166e-05
2015-10-12,0.990208712260809,0.9905101905122695,-0.00030147825146054075
2015-10-13,0.9903237516302092,0.9908925099847086,-0.0005687583544993213
2015-10-14,0.9904503317584984,0.9905454610414594,-9.512928296095957e-05
2015-10-15,0.9904503317584984,0.9905454610414594,-9.512928296095957e-05
2015-10-16,0.9901108112046434,0.9904047610667096,-0.00029394986206621176
2015-10-19,0.9897284917322043,0.9898197093897234,-9.121765751907152e-05
2015-10-20,0.9897284917322043,0.988836358846136,0.0008921328860683753
2015-10-21,0.9904719181917931,0.9882742166555277,0.0021977015362654173
2015-10-22,0.9905622584368607,0.9881838764104605,0.002378382026400283
2015-10-23,0.9914868306677016,0.9880688370410602,0.0034179936266414135
2015-10-26,0.991674473671756,0.987483785364074,0.004190688307681989
2015-10-27,0.9917799031173161,0.9866379636719155,0.005141939445400645
2015-10-28,0.9914621315433688,0.9860189634312293,0.005443168112139518
2015-10-29,0.9910364766577272,0.98553121451323,0.005505262144497203
2015-10-30,0.9909310472121672,0.98553121451323,0.005399832698937179
2015-11-02,0.9906637671091285,0.9848331823557119,0.005830584753416579
2015-11-03,0.9901835465805235,0.9848331823557119,0.00535036422481161
2015-11-04,0.9899959035764694,0.9848331823557119,0.005162721220757449
2015-11-05,0.9898808642070689,0.9848331823557119,0.0050476818513569555
2015-11-06,0.9897658248376688,0.9850748018534013,0.00469102298426749
2015-11-09,0.9893730785566628,0.9849597624840011,0.0044133160726617104
2015-11-10,0.9896908501306102,0.9855108835476095,0.004179966583000683
2015-11-11,0.9893730785566628,0.9857781636506484,0.0035949149060143792
2015-11-12,0.9895137785314126,0.9853525087650068,0.004161269766405851
2015-11-13,0.9896544785061624,0.9854932087397564,0.004161269766405962
2015-11-16,0.9904817479780164,0.9856082481091569,0.004873499868859432
2015-11-17,0.9902144678749776,0.9851825932235153,0.005031874651462265
2015-11-18,0.9909062889133359,0.9856082481091569,0.0052980408041789495
2015-11-19,0.9909062889133361,0.9857348282374458,0.005171460675890249
2015-11-20,0.9904185399953369,0.9857348282374458,0.0046837117578910625
2015-11-23,0.9902308969912824,0.985594128262696,0.004636768728586427
2015-11-24,0.9895847732906807,0.9858932030200488,0.0036915702706319387
2015-11-25,0.9889657730499943,0.9857666228917595,0.003199150158234798
2015-11-27,0.9892073925476835,0.9862230355515884,0.0029843569960951166
2015-11-30,0.9892073925476836,0.9865700844948376,0.0026373080528460102
2015-12-01,0.9892073925476836,0.9874946567256788,0.0017127358220048183
2015-12-02,0.9890046603431367,0.987336281943076,0.0016683784000607327
2015-12-03,0.9882828203168426,0.987336281943076,0.00094653837376657
2015-12-04,0.9873647453188039,0.9863391750282055,0.0010255702905984654
2015-12-07,0.9878090970210401,0.9858514261102063,0.0019576709108338752
2015-12-08,0.9876063648164931,0.9850241566383522,0.002582208178140921
2015-12-09,0.9876063648164933,0.9851648566131022,0.002441508203391174
2015-12-10,0.9885309370473342,0.9859921260849561,0.0025388109623780686
2015-12-11,0.988328204842787,0.9861187062132453,0.002209498629541784
2015-12-14,0.9873947643067394,0.986118706213245,0.0012760580934944032
2015-12-15,0.98715314480905,0.9861187062132453,0.0010344385958047653
2015-12-16,0.9882893175496449,0.9862998519844971,0.0019894655651477855
2015-12-17,0.9885565976526837,0.9860582324868079,0.00249836516587576
2015-12-18,0.9888285489501208,0.9870306343072557,0.0017979146428651616
2015-12-21,0.9891755978933698,0.9879398254411129,0.0012357724522569224
2015-12-22,0.9894746726507223,0.9879398254411129,0.0015348472096093912
2015-12-23,0.9899548931793271,0.9880982002237156,0.0018566929556114165
2015-12-24,0.9899548931793271,0.9877511512804662,0.002203741898860856
2015-12-28,0.9896371216053798,0.988467221721015,0.0011698998843647779
2015-12-29,0.9896371216053798,0.988467221721015,0.0011698998843647779
2015-12-30,0.9884106086197177,0.988467221721015,-5.6613101297231516e-05
2015-12-31,0.9884106086197177,0.9877453816947211,0.0006652269249965981
2016-01-04,0.988903028732115,0.9869027311258833,0.00200029760623166
2016-01-05,0.9879849537340762,0.9858312467728534,0.0021537069612228565
2016-01-06,0.9883672732065152,0.9854917262189986,0.002875546987516575
2016-01-07,0.9882265732317653,0.9858387751622477,0.0023877980695176104
2016-01-08,0.9883531533600542,0.9858387751622479,0.0025143781978063107
2016-01-11,0.9881326845450941,0.9857121950339588,0.002420489511135271
2016-01-12,0.9888761110046832,0.9860112697913115,0.002864841213371716
2016-01-13,0.9893685311170802,0.9863393276847524,0.0030292034323278205
2016-01-14,0.989526905899683,0.9868270766027514,0.0026998292969315774
2016-01-15,0.9900146548176821,0.9870686961004408,0.002945958717241348
2016-01-19,0.9900146548176819,0.9866863766280016,0.0033282781896802893
2016-01-20,0.989888074689393,0.9870041482019491,0.002883926487443844
2016-01-21,0.9901296941870824,0.9875448424569909,0.0025848517300914864
2016-01-22,0.9894824981057124,0.9871625229845519,0.0023199751211605557
2016-01-25,0.9892105468082757,0.9869597907800048,0.0022507560282708505
2016-01-26,0.9898859387303292,0.9881380434661274,0.0017478952642017154
2016-01-27,0.9905049389710153,0.9881380434661274,0.0023668955048878892
2016-01-28,0.990187167397068,0.9874919197655256,0.0026952476315423857
2016-01-29,0.990187167397068,0.9878742392379648,0.0023129281591032225
2016-02-01,0.990187167397068,0.9878742392379648,0.0023129281591032225
2016-02-02,0.9898401184538186,0.9877591998685645,0.0020809185852540546
2016-02-03,0.9902482302728334,0.9878742392379648,0.002373991034868572
2016-02-04,0.9905473050301861,0.9874919197655255,0.0030553852646605373
2016-02-05,0.9904322656607856,0.9876665683039755,0.002765697356810093
2016-02-08,0.9904322656607858,0.9882072625590174,0.00222500310176843
2016-02-09,0.9898915714057439,0.9885543115022666,0.001337259903477328
2016-02-10,0.9897331966231412,0.9888215916053053,0.000911605017835937
2016-02-11,0.989627767177581,0.9897461638361466,-0.00011839665856550052
2016-02-12,0.989627767177581,0.9905888144049841,-0.000961047227403089
2016-02-16,0.9885028986580049,0.9911196045029722,-0.0026167058449673153
2016-02-17,0.9883621986832549,0.9912099447480398,-0.002847746064784884
2016-02-18,0.9883621986832549,0.9906791546500515,-0.0023169559667965967
2016-02-19,0.9878819781546503,0.9910614741224908,-0.0031794959678405066
2016-02-22,0.9880696211587047,0.9906358192368492,-0.0025661980781445104
2016-02-23,0.9876252694564686,0.9903427467872347,-0.002717477330766105
2016-02-24,0.9882103211334546,0.9914142311402646,-0.0032039100068099735
2016-02-25,0.9876252694564686,0.9916169633448116,-0.003991693888343084
2016-02-26,0.9877306989020284,0.9919160381021641,-0.0041853392001357514
2016-02-29,0.9879334311065754,0.9916744186044749,-0.0037409874978995283
2016-03-01,0.9873987391592717,0.9914716863999277,-0.0040729472406559886
2016-03-02,0.9879394334143136,0.9917647588495422,-0.0038253254352286215
2016-03-03,0.9871056667096574,0.9912300669022385,-0.00412440019258109
2016-03-04,0.9883712352039835,0.9903169573318114,-0.0019457221278278425
2016-03-07,0.988905927151287,0.9891752320056211,-0.0002693048543340737
2016-03-08,0.9900938174876989,0.9881253408970139,0.0019684765906849977
2016-03-09,0.9900938174876989,0.9872915741923577,0.002802243295341178
2016-03-10,0.9895591255403952,0.9870242940893188,0.002534831451076358
2016-03-11,0.9905740380163036,0.9874499489749604,0.003124089041343203
2016-03-14,0.9900938174876989,0.9877172290779991,0.002376588409699787
2016-03-15,0.9902203976159878,0.9868899596061451,0.0033304380098426734
2016-03-16,0.9897401770873832,0.9861681195798512,0.0035720575075319783
2016-03-17,0.9897401770873832,0.9859265000821619,0.003813677005221283
2016-03-18,0.9899606459023435,0.985926500082162,0.004034145820181467
2016-03-21,0.9900756852717437,0.9863913395137829,0.0036843457579608385
2016-03-22,0.9900756852717437,0.9857237678776148,0.004351917394128879
2016-03-23,0.9908940864383913,0.9849929855548565,0.005901100883534793
2016-03-24,0.9912336069922459,0.9846106660824175,0.006622940909828401
2016-03-28,0.9918186586692321,0.9848133982869646,0.007005260382267564
2016-03-29,0.992158179223087,0.9848133982869646,0.0073447809361224525
2016-03-30,0.9923786480380474,0.9849399784152535,0.007438669622793936
2016-03-31,0.992158179223087,0.9850983531978562,0.007059826025230809
2016-04-01,0.992158179223087,0.9844522294972543,0.007705949725832717
2016-04-04,0.9931730916989955,0.9841531547399018,0.009019936959093644
2016-04-05,0.9929526228840353,0.9836184627925982,0.00933416009143706
2016-04-06,0.992862282638968,0.9827003877945596,0.010161894844408437
2016-04-07,0.9933066343412043,0.9829208566095198,0.010385777731684476
2016-04-08,0.9935271031561645,0.9829208566095198,0.01060624654664477
2016-04-11,0.9936174434012318,0.9827801566347698,0.010837286766462007
2016-04-12,0.9939165181585845,0.982440636080915,0.011475882077669475
2016-04-13,0.9941369869735447,0.9826282790849695,0.011508707888575165
2016-04-14,0.9941369869735447,0.9837274998542603,0.010409487119284355
2016-04-15,0.9941369869735447,0.9831928079069565,0.010944179066588178
2016-04-18,0.9941369869735447,0.9827484562047203,0.0113885307688244
2016-04-19,0.9943574557885051,0.982401407261471,0.011956048527034135
2016-04-20,0.9940901756854662,0.9824014072614707,0.011688768423995466
2016-04-21,0.9940901756854662,0.982401407261471,0.011688768423995244
2016-04-22,0.9940901756854662,0.9829360992087747,0.011154076476691532
2016-04-25,0.9940901756854662,0.9827953992340249,0.01129477645144128
2016-04-26,0.9945158305711078,0.9824963244766725,0.012019506094435362
2016-04-27,0.9943892504428189,0.9824963244766725,0.01189292596614644
2016-04-28,0.993848556187777,0.9832397509362614,0.01060880525151564
2016-04-29,0.993848556187777,0.9828140960506198,0.011034460137157254
2016-05-02,0.9939635955571771,0.9830813761536586,0.010882219403518412
2016-05-03,0.9935554837381625,0.9832397509362614,0.010315732801901123
2016-05-04,0.9930147894831206,0.9832397509362614,0.009775038546859238
2016-05-05,0.9930147894831206,0.9836220704087003,0.009392719074420297
2016-05-06,0.9931554894578704,0.9836220704087003,0.009533419049170044
2016-05-09,0.993581144343512,0.9833547903056616,0.010226354037850327
2016-05-10,0.9932340954002626,0.9827479896487678,0.01048610575149489
2016-05-11,0.9932340954002626,0.9826329502793675,0.010601145120895161
2016-05-12,0.9934757148979518,0.9829724708332225,0.010503244064729356
2016-05-13,0.9934757148979518,0.982154069666575,0.011321645231376798
2016-05-16,0.9938227638412014,0.9824471421161896,0.01137562172501183
2016-05-17,0.9943574557885049,0.9825444448751767,0.011813010913328204
2016-05-18,0.9943574557885051,0.9831905685757786,0.011166887212726517
2016-05-19,0.9940643833388906,0.9833933007803254,0.010671082558565192
2016-05-20,0.9942848521538509,0.9833933007803254,0.010891551373525488
2016-05-23,0.993744157898809,0.9838810496983246,0.009863108200484416
2016-05-24,0.9936291185294085,0.983971389943392,0.009657728586016545
2016-05-25,0.9931413696114095,0.9839713899433921,0.00916997966801747
2016-05-26,0.9925345689545159,0.9837837469393375,0.008750822015178406
2016-05-27,0.992916888426955,0.984101518513285,0.008815369913670046
2016-05-31,0.9924725367247186,0.9850349590493325,0.007437577675386109
2016-06-01,0.9923671072791586,0.9846954384954777,0.007671668783680863
2016-06-02,0.9923671072791586,0.9850777579679169,0.0072893493112417
2016-06-03,0.9924725367247186,0.985183187413477,0.007289349311241589
2016-06-06,0.9919847878067196,0.9856709363314757,0.006313851475243881
2016-06-07,0.9915766759877048,0.9856709363314757,0.005905739656229092
2016-06-08,0.9913562071727445,0.9853314157776211,0.006024791395123463
2016-06-09,0.9916234872757833,0.9859382164345146,0.005685270841268686
2016-06-10,0.9919705362190326,0.9851947899749259,0.006775746244106706
2016-06-13,0.9923786480380474,0.984927509871887,0.007451138166160387
2016-06-14,0.9926459281410863,0.9851691293695762,0.007476798771510085
2016-06-15,0.993389354600675,0.9854364094726151,0.007952945128059885
2016-06-16,0.9940354783012769,0.9850540900001761,0.008981388301100846
2016-06-17,0.9944435901202917,0.9850540900001761,0.009389500120115635
2016-06-20,0.9943381606747318,0.9843622689618177,0.009975891712914131
2016-06-21,0.9944647408030207,0.9843622689618174,0.010102471841203275
2016-06-22,0.9946674730075675,0.9837432687211313,0.010924204286436257
2016-06-23,0.9943497014336203,0.9836378392755714,0.01071186215804898
2016-06-24,0.9946674730075677,0.9833962197778822,0.011271253229685585
2016-06-27,0.9946674730075675,0.9841180598041759,0.010549413203391644
2016-06-28,0.994021349306966,0.9841180598041761,0.009903289502789847
2016-06-29,0.9942886294100048,0.9845624115064124,0.009726217903592405
2016-06-30,0.994635678353254,0.9841059988465838,0.010529679506670164
2016-07-01,0.9946356783532542,0.9833150182054475,0.011320660147806638
2016-07-05,0.9939895546526522,0.9819258832100746,0.012063671442577584
2016-07-06,0.9939895546526522,0.9813851889550326,0.01260436569761958
2016-07-07,0.9935452029504159,0.9811435694573435,0.01240163349307244
2016-07-08,0.9934186228221269,0.9814945526716123,0.011924070150514554
2016-07-11,0.9938988433507315,0.9822375639663836,0.011661279384347911
2016-07-12,0.9935517944074822,0.9824791834640728,0.011072610943409389
2016-07-13,0.9939961461097184,0.9831253071646745,0.010870838945043926
2016-07-14,0.9942166149246788,0.9840433821627131,0.01017323276196569
2016-07-15,0.9942166149246789,0.9852166822762884,0.008999932648390496
2016-07-18,0.9942166149246788,0.9853573822510382,0.008859232673640638
2016-07-19,0.994534386498626,0.9853573822510384,0.009177004247587606
2016-07-20,0.9944370837396393,0.9857044311942875,0.008732652545351827
2016-07-21,0.9938520320626528,0.9853221117218486,0.008529920340804242
2016-07-22,0.9934697125902137,0.9847153110649549,0.008754401525258748
2016-07-25,0.99293502064291,0.9842275621469557,0.008707458495954223
2016-07-26,0.992447271724911,0.9846356739659705,0.0078115977589404695
2016-07-27,0.9920029200226748,0.9854814956581291,0.006521424364545614
2016-07-28,0.9921436199974243,0.98594633508975,0.006197284907674239
2016-07-29,0.9922702001257137,0.9858312957203498,0.006438904405363877
2016-08-01,0.9919771276760991,0.9858312957203498,0.006145831955749359
2016-08-02,0.992082557121659,0.9857258662747899,0.006356690846869184
2016-08-03,0.9915478651743553,0.9848012940439486,0.0067465711304067755
2016-08-04,0.9917062399569578,0.9837624240623409,0.007943815894616901
2016-08-05,0.9908789704851041,0.9833543122433264,0.007524658241777726
2016-08-08,0.9907639311157036,0.9828665633253272,0.00789736779037642
2016-08-09,0.9908905112439925,0.9831338434283659,0.007756667815626672
2016-08-10,0.990749811269243,0.9836685353756698,0.007081275893573213
2016-08-11,0.9909081860518456,0.9835534960062693,0.0073546900455763176
2016-08-12,0.9905308053088487,0.9831091443040331,0.007421661004815672
2016-08-15,0.9899457536318627,0.983214573749593,0.006731179882269678
2016-08-16,0.9892996299312607,0.9839306441901416,0.005368985741119103
2016-08-17,0.9891730498029717,0.9847030537858191,0.004469996017152589
2016-08-18,0.9890464696746828,0.9854010859433372,0.0036453837313455972
2016-08-19,0.9888880948920798,0.9861445124029261,0.0027435824891537397
2016-08-22,0.9881446684324912,0.9866247329315307,0.001519935500960412
2016-08-23,0.988144668432491,0.9861990780458891,0.0019455903866019142
2016-08-24,0.987656919514492,0.9866434297481256,0.0010134897663663933
2016-08-25,0.9870501188575982,0.9875615047461642,-0.0005113858885660294
2016-08-26,0.9857392975785538,0.9879696165651792,-0.0022303189866254014
2016-08-29,0.9857392975785536,0.9877819735611247,-0.0020426759825711294
2016-08-30,0.9847421906636831,0.9876846708021376,-0.0029424801384545507
2016-08-31,0.9842014964086412,0.9876846708021376,-0.0034831743934964354
2016-09-01,0.9846458481108777,0.9877997101715379,-0.003153862060660151
2016-09-02,0.9849928970541268,0.9882440618737743,-0.0032511648196474896
2016-09-06,0.9855996977110204,0.9887847561288162,-0.0031850584177958163
2016-09-07,0.9855996977110206,0.9896031572954633,-0.0040034595844427034
2016-09-08,0.9851194771824158,0.9893100848458489,-0.004190607663433155
2016-09-09,0.984292207710562,0.9888176647334517,-0.004525457022889645
2016-09-12,0.9833676354797207,0.988932704102852,-0.00556506862313122
2016-09-13,0.9821150053554387,0.9886149325289048,-0.006499927173466036
2016-09-14,0.9806340425694128,0.9889923132719015,-0.008358270702488735
2016-09-15,0.9802083876837712,0.9888772739025015,-0.008668886218730298
2016-09-16,0.9811214972541982,0.9894623255794875,-0.008340828325289373
2016-09-19,0.9811214972541982,0.9895773649488878,-0.008455867694689645
2016-09-20,0.9809949171259091,0.9892303160056385,-0.00823539887972935
2016-09-21,0.9811760628971614,0.990245228481547,-0.00906916558438553
2016-09-22,0.9818221865977632,0.990830280158533,-0.009008093560769814
2016-09-23,0.9816017177828028,0.991552120184827,-0.009950402402024161
2016-09-26,0.9812839462088555,0.990933119944141,-0.00964917373528551
2016-09-27,0.9808911999278497,0.9906658398411021,-0.009774639913252448
2016-09-28,0.9811584800308883,0.9905508004717019,-0.009392320440813506
2016-09-29,0.9818503010692469,0.9911969241723037,-0.009346623103056784
2016-09-30,0.9824964247698489,0.9909553046746142,-0.008458879904765348
2016-10-03,0.9817240151741716,0.9902118782150253,-0.008487863040853694
2016-10-04,0.9828232359434622,0.9903269175844258,-0.0075036816409636
2016-10-05,0.9824837153896075,0.9899445981119864,-0.007460882722378881
2016-10-06,0.982963935918212,0.9891173286401327,-0.006153392721920725
2016-10-07,0.9827434671032519,0.9890022892707322,-0.006258822167480305
2016-10-10,0.982208775155948,0.9879634192891246,-0.005754644133176612
2016-10-11,0.9817210262379491,0.9865727967481659,-0.004851770510216791
2016-10-12,0.9815803262631991,0.986032102493124,-0.004451776229924875
2016-10-13,0.9814960179698167,0.9862737219908134,-0.004777704020996754
2016-10-14,0.981580326263199,0.9867661421032105,-0.005185815840011432
2016-10-17,0.9813083749657623,0.9871742539222252,-0.005865878956462955
2016-10-18,0.9812240666723798,0.9869866109181709,-0.005762544245791035
2016-10-19,0.9812240666723796,0.9869866109181709,-0.005762544245791257
2016-10-20,0.9801851966907722,0.9869866109181709,-0.006801414227398661
2016-10-21,0.9806295483930085,0.9875716625951569,-0.006942114202148408
2016-10-24,0.9812146000699947,0.9887595529315686,-0.0075449528615738615
2016-10-25,0.9815426579634358,0.9891066018748179,-0.007563943911382154
2016-10-26,0.9819507697824503,0.989499348155824,-0.007548578373373638
2016-10-27,0.9816834896794114,0.9893843087864236,-0.007700819107012147
2016-10-28,0.9815251148968089,0.9893843087864236,-0.007859193889614646
2016-10-31,0.9808332938584505,0.9894993481558237,-0.008666054297373216
2016-11-01,0.980157901936397,0.9888239562337702,-0.008666054297373216
2016-11-02,0.9796172076813551,0.989430756890664,-0.00981354920930888
2016-11-03,0.9804509743860115,0.989304176762375,-0.008853202376363556
2016-11-04,0.9809916686410534,0.9897298316480164,-0.008738163006963062
2016-11-07,0.9817513688564894,0.9903148833250027,-0.008563514468513334
2016-11-08,0.982684809392537,0.9901337375537503,-0.007448928161213342
2016-11-09,0.982544109417787,0.9895930432987087,-0.007048933880921648
2016-11-10,0.9817716998221098,0.9885201923316973,-0.006748492509587534
2016-11-11,0.9807567873462014,0.9877767658721084,-0.007019978525906967
2016-11-14,0.9811341680891984,0.9886105325767646,-0.007476364487566167
2016-11-15,0.9810368653302113,0.9899038523587363,-0.008866987028525064
2016-11-16,0.9819831361689337,0.9901454718564255,-0.008162335687491806
2016-11-17,0.9826585280909872,0.9899250030414654,-0.007266474950478163
2016-11-18,0.9834922947956434,0.9901454718564258,-0.006653177060782389
2016-11-21,0.9846284675362381,0.990260511225826,-0.005632043689587918
2016-11-22,0.9843106959622907,0.9900400424108656,-0.0057293464485749235
2016-11-23,0.9835051250983181,0.9899250030414654,-0.006419877943147245
2016-11-25,0.9844296973291592,0.9897045342265051,-0.005274836897345869
2016-11-28,0.9856175876655708,0.9897045342265051,-0.004086946560934224
2016-11-29,0.9862026393425573,0.9898018369854922,-0.003599197642934926
2016-11-30,0.9861053365835701,0.9896867976160917,-0.003581461032521549
2016-12-01,0.9871768209365999,0.9894663288011314,-0.002289507864531526
2016-12-02,0.987274123695587,0.9890219770988952,-0.001747853403308186
2016-12-05,0.9877184753978234,0.9890219770988952,-0.001303501701071741
2016-12-06,0.988733387873732,0.9893210518562476,-0.0005876639825156404
2016-12-07,0.9884156162997845,0.9893210518562476,-0.0009054355564631633
2016-12-08,0.9884156162997845,0.9886456599341942,-0.00023004363440970454
2016-12-09,0.9877402243777309,0.9882013082319576,-0.00046108385422671816
2016-12-12,0.9871551727007447,0.9880606082572079,-0.0009054355564631633
2016-12-13,0.9876898646480486,0.9882013082319578,-0.0005114435839091991
2016-12-14,0.9877871674070355,0.9879293569345209,-0.00014218952748534797
2016-12-15,0.9875198873039969,0.9878390166894536,-0.0003191293854567512
2016-12-16,0.9867474777083194,0.9873512677714544,-0.0006037900631350457
2016-12-19,0.9859137110036632,0.987052193014102,-0.0011384820104387572
2016-12-20,0.9864987626806494,0.9866698735416628,-0.00017111086101340156
2016-12-21,0.9864014599216623,0.987052193014102,-0.0006507330924396815
2016-12-22,0.9857553362210605,0.9876983167147037,-0.001942980493643165
2016-12-23,0.986054410978413,0.9879702680121407,-0.0019158570337277636
2016-12-27,0.9864014599216623,0.9883959228977822,-0.0019944629761199373
2016-12-28,0.9849204971356362,0.9887429718410314,-0.003822474705395207
2016-12-29,0.9850259265811961,0.9888836718157812,-0.0038577452345850416
2016-12-30,0.9844408749042098,0.9887863690567943,-0.00434549415258445
2017-01-03,0.9839061829569062,0.9874755477777497,-0.003569364820843468
2017-01-04,0.9837796028286172,0.9875905871471498,-0.003810984318532551
2017-01-05,0.9830199026131813,0.986847160687561,-0.003827258074379669
2017-01-06,0.9821926331413271,0.9866887859049582,-0.004496152763631134
2017-01-09,0.9822769414347096,0.9865622057766692,-0.004285264341959638
2017-01-10,0.9817845213223125,0.9858025055612333,-0.0040179842389207465
2017-01-11,0.9826976308927393,0.9855997733566861,-0.002902142463946822
2017-01-12,0.9832323228400432,0.9857404733314359,-0.0025081504913926356
2017-01-13,0.9832323228400432,0.9854867928761541,-0.0022544700361109005
2017-01-17,0.9827521023114385,0.9858641736191511,-0.003112071307712627
2017-01-18,0.9835118025268746,0.984611543494869,-0.001099740967994367
2017-01-19,0.9828928022861882,0.9841237945768699,-0.0012309922906816873
2017-01-20,0.9823581103388845,0.9850369041472972,-0.0026787938084126273
2017-01-23,0.9823581103388845,0.9851423335928573,-0.002784223253972762
2017-01-24,0.9822738020455023,0.9843826333774212,-0.002108831331918859
2017-01-25,0.9819747272881498,0.9839165830673033,-0.0019418557791535118
2017-01-26,0.9811563261215023,0.9839165830673033,-0.002760256945801065
2017-01-27,0.9813979456191915,0.9839165830673033,-0.002518637448111871
2017-01-30,0.9808128939422052,0.9836961142523432,-0.0028832203101379905
2017-01-31,0.9809394740704945,0.9838226943806321,-0.0028832203101375464
2017-02-01,0.9813475858895091,0.985213316921591,-0.003865731032081876
2017-02-02,0.9818353348075081,0.9855123916789434,-0.00367705687143538
2017-02-03,0.9811892111069065,0.9860974433559296,-0.004908232249023148
2017-02-06,0.980497390068548,0.9860974433559296,-0.005600053287381668
2017-02-07,0.9809417417707845,0.9859567433811797,-0.005015001610395142
2017-02-08,0.981240816528137,0.9853716917041938,-0.004130875176056814
2017-02-09,0.9819326375664954,0.9855123916789433,-0.0035797541124479304
2017-02-10,0.9814665872563776,0.9860001405969427,-0.004533553340565155
2017-02-13,0.9815931673846667,0.9864878895149417,-0.0048947221302749755
2017-02-14,0.9825394382233891,0.9860001405969427,-0.00346070237355367
2017-02-15,0.9823810634407862,0.9864444922991789,-0.004063428858392615
2017-02-16,0.9826015322557464,0.9858594406221928,-0.0032579083664463493
2017-02-17,0.9822544833124973,0.9864308926514218,-0.004176409338924492
2017-02-21,0.983251590227368,0.9874697626330294,-0.004218172405661469
2017-02-22,0.9829045412841186,0.9873113878504268,-0.004406846566308187
2017-02-23,0.9818316903171073,0.9870697683527374,-0.005238078035630145
2017-02-24,0.9821787392603565,0.9865820194347384,-0.004403280174381963
2017-02-27,0.9823053193886454,0.9864413194599885,-0.004136000071343071
2017-02-28,0.9823053193886454,0.9873747599960363,-0.005069440607390896
2017-03-01,0.9827496710908818,0.9877570794684754,-0.005007408377593503
2017-03-02,0.981910938958614,0.9872646593560781,-0.005353720397464068
2017-03-03,0.9818136361996269,0.98656662719856,-0.004752990998933115
2017-03-06,0.9814626529853581,0.9859815755215737,-0.004518922536215664
2017-03-07,0.9821606851428761,0.9860966148909741,-0.003935929748097977
2017-03-08,0.9826531052552732,0.9862712634294242,-0.0036181581741510094
2017-03-09,0.9832245572845025,0.9868902636701103,-0.0036657063856078143
2017-03-10,0.9838313579413962,0.9866229835670715,-0.0027916256256752536
2017-03-13,0.9842570128270376,0.9869220583244239,-0.0026650454973863313
2017-03-14,0.9853298637940491,0.9865825377705691,-0.001252673976520069
2017-03-15,0.9847230631371554,0.9864241629879662,-0.0017010998508107944
2017-03-16,0.9840250309796373,0.9860418435155273,-0.0020168125358899225
2017-03-17,0.9833496390575837,0.985659524043088,-0.002309884985504329
2017-03-20,0.9833496390575837,0.9848257573384318,-0.0014761182808481488
2017-03-21,0.9832345996881836,0.984825757338432,-0.0015911576502484204
2017-03-22,0.9831080195598945,0.9841339363000734,-0.0010259167401789338
2017-03-23,0.9835161313789093,0.9844012164031123,-0.0008850850242030361
2017-03-24,0.9846943840650321,0.9840541674598628,0.0006402166051692193
2017-03-27,0.9840753838243457,0.9828276544742007,0.0012477293501449438
2017-03-28,0.9839170090417432,0.9819095794761621,0.002007429565581087
2017-03-29,0.9844577032967848,0.9824442714234658,0.002013431873319038
2017-03-30,0.9841646308471704,0.9818592197464797,0.002305411100690713
2017-03-31,0.9841646308471704,0.9812402195057934,0.002924411341376998
2017-04-03,0.9841646308471704,0.9813375222647805,0.002827108582389881
2017-04-04,0.9841646308471704,0.9815008624749948,0.0026637683721756344
2017-04-05,0.9841646308471704,0.9820355544222987,0.002129076424871701
2017-04-06,0.9841646308471704,0.9827952546377348,0.0013693762094356687
2017-04-07,0.9835931788179413,0.9815019348557629,0.002091243962178413
2017-04-10,0.9833394983626598,0.9804870223798544,0.002852475982805358
2017-04-11,0.9838801926177017,0.9794899154649839,0.004390277152717781
2017-04-12,0.9831367661581126,0.9793087696937316,0.003827996464381034
2017-04-13,0.9825960719030707,0.9796078444510842,0.0029882274519865692
2017-04-17,0.982455371928321,0.9797344245793732,0.0027209473489477887
2017-04-18,0.9814888781913473,0.9794353498220206,0.002053528369326707
2017-04-19,0.980843048723959,0.9785172748239819,0.002325773899977124
2017-04-20,0.980843048723959,0.9783426262855321,0.0025004224384268525
2017-04-21,0.9803083567766553,0.9787507381045469,0.0015576186721083518
2017-04-24,0.9813054636915259,0.9787507381045469,0.002554725586979001
2017-04-25,0.9803083567766553,0.9773601155635883,0.0029482412130670266
2017-04-26,0.9800092820193028,0.9767533149066946,0.003255967112608227
2017-04-27,0.9814014306419179,0.9765417143969407,0.004859716244977164
2017-04-28,0.9828823934279439,0.975077483762905,0.007804909665038884
2017-05-01,0.9823416991729021,0.9752979525778654,0.007043746595036704
2017-05-02,0.9823416991729021,0.9759169528185516,0.00642474635435053
2017-05-03,0.9827498109919169,0.9756753333208622,0.007074477671054735
2017-05-04,0.982262062073918,0.9758337081034648,0.00642835397045316
2017-05-05,0.9829078915413063,0.9769698808440596,0.005938010697246754
2017-05-08,0.9837262927079534,0.9780087508256674,0.005717541882286015
2017-05-09,0.9842669869629954,0.9783910702981065,0.005875916664888958
2017-05-10,0.9847594070753926,0.9792183397699604,0.005541067305432135
2017-05-11,0.9846690668303252,0.9792183397699604,0.005450727060364757
2017-05-12,0.984322017887076,0.9793237692155203,0.004998248671555627
2017-05-15,0.9838963630014343,0.9804229899848114,0.0034733730166229826
2017-05-16,0.9845717549234879,0.9808053094572505,0.003766445466237389
2017-05-17,0.9852178786240897,0.9819931997936622,0.003224678830427541
2017-05-18,0.9854715590793715,0.9827366262532511,0.002734932826120362
2017-05-19,0.9854715590793715,0.9838094772202626,0.001662081859108877
2017-05-22,0.9862312592948075,0.9838094772202626,0.0024217820745449092
2017-05-23,0.9868380599517012,0.9847429177563101,0.0020951421953910865
2017-05-24,0.9868380599517012,0.9847429177563101,0.0020951421953910865
2017-05-25,0.9876718266563576,0.9848963271113012,0.0027754995450564035
2017-05-26,0.9882432786855865,0.9851893995609157,0.003053879124670811
2017-05-30,0.9881529384405192,0.9858083998016018,0.0023445386389173706
2017-05-31,0.9879945636579165,0.9861907192740412,0.0018038443838752638
2017-06-01,0.9878795242885162,0.9866163741596826,0.0012631501288336011
2017-06-02,0.9884645759655023,0.986836842974643,0.0016277329908592764
2017-06-05,0.989382650963541,0.9879360637439336,0.0014465872196074425
2017-06-06,0.98950923109183,0.9889331706588045,0.0005760604330254937
2017-06-07,0.9903429977964864,0.9890738706335541,0.0012691271629322598
2017-06-08,0.9903429977964864,0.9889331706588045,0.001409827137681896
2017-06-09,0.9905846172941757,0.989226243108419,0.0013583741857566833
2017-06-12,0.9907253172689254,0.9894935232114578,0.00123179405746765
2017-06-13,0.9902450967403208,0.9893669430831686,0.0008781536571521587
2017-06-14,0.9905628683142682,0.9893669430831686,0.0011959252310995705
2017-06-15,0.9903212488165788,0.9893669430831686,0.0009543057334101546
2017-06-16,0.9897361971395927,0.989608562580858,0.00012763455873465723
2017-06-19,0.9898416265851527,0.9905420031169059,-0.0007003765317531441
2017-06-20,0.9898416265851527,0.9904269637475054,-0.0005853371623526504
2017-06-21,0.9893538776671535,0.9903215343019452,-0.0009676566347917026
2017-06-22,0.9898416265851527,0.9901338912978909,-0.0002922647127381328
2017-06-23,0.9897009266104029,0.9898348165405384,-0.0001338899301355223
2017-06-26,0.9901811471390075,0.9898348165405384,0.0003463305984691134
2017-06-27,0.9896933982210085,0.9902604714261798,-0.0005670732051712424
2017-06-28,0.990368790143062,0.9899931913231409,0.000375598819921108
2017-06-29,0.9902714873840749,0.989452497068099,0.000818990315975876
2017-06-30,0.9899995360866379,0.9889178051207955,0.001081730965842409
2017-07-03,0.9905845877636242,0.9884253850083983,0.002159202755225964
2017-07-05,0.9902915153140097,0.988764905562253,0.001526609751756669
2017-07-06,0.9898037663960105,0.9886383254339641,0.0011654409620464046
2017-07-07,0.9904227666366967,0.9889313978835786,0.0014913687531180608
2017-07-10,0.9906900467397358,0.9895503981242648,0.0011396486154710006
2017-07-11,0.9903126659967386,0.9899585099432796,0.00035415605345900936
2017-07-12,0.9903126659967386,0.9901461529473342,0.00016651304940440426
2017-07-13,0.9903126659967386,0.9904639245212815,-0.00015125852454289657
2017-07-14,0.9900453858936997,0.9903735842762141,-0.0003281983825144108
2017-07-17,0.9899188057654108,0.9897885325992278,0.00013027316618297036
2017-07-18,0.9901392745803713,0.9896831031536679,0.00045617142670340005
2017-07-19,0.9902658547086602,0.9896831031536679,0.0005827515549923223
2017-07-20,0.9902658547086602,0.9893360542104187,0.0009298004982415398
2017-07-21,0.9910255549240964,0.989629126660033,0.0013964282640633874
2017-07-24,0.9912282871286434,0.9900547815456744,0.0011735055829690255
2017-07-25,0.9911132477592429,0.9893113550860857,0.0018018926731572238
2017-07-26,0.9907358670162462,0.9883779145500378,0.0023579524662084017
2017-07-27,0.9908412964618061,0.9884833439955979,0.0023579524662081797
2017-07-28,0.9907005964870561,0.9888656634680372,0.0018349330190189361
2017-07-31,0.9907005964870563,0.9893100151702734,0.001390581316782935
2017-08-01,0.9905598965123066,0.9902434557063211,0.00031644080598547397
2017-08-02,0.9898618643547883,0.9896366550494273,0.00022520930536096273
2017-08-03,0.9892157406541865,0.9899039351524662,-0.0006881944982797261
2017-08-04,0.9892157406541865,0.9901244039674265,-0.0009086633132400213
2017-08-07,0.9892157406541865,0.9903271361719735,-0.0011113955177870505
2017-08-08,0.9893564406289362,0.9898469156433688,-0.0004904750144325565
2017-08-09,0.9902898811649842,0.9898469156433688,0.0004429655216153794
2017-08-10,0.990629401718839,0.9898469156433688,0.0007824860754701568
2017-08-11,0.990289881164984,0.9907714878742099,-0.0004816067092259235
2017-08-14,0.9901844517194242,0.991493327900504,-0.0013088761810798877
2017-08-15,0.9904835264767766,0.9924114028985429,-0.0019278764217662836
2017-08-16,0.9909091813624182,0.9918707086435008,-0.0009615272810825637
2017-08-17,0.991317293181433,0.9917734058845139,-0.0004561127030808798
2017-08-18,0.991805042099432,0.9919610488885683,-0.00015600678913629817
2017-08-21,0.99250307425695,0.9916679764389538,0.0008350978179961777
2017-08-22,0.9922357941539113,0.991888445253914,0.000347348899997324
2017-08-23,0.9917793814940825,0.991646825756225,0.0001325557378575315
2017-08-24,0.9916210067114798,0.9906079557746171,0.0010130509368626583
2017-08-25,0.9916210067114798,0.989988955533931,0.0016320511775488322
2017-08-28,0.9916210067114798,0.9898739161645305,0.0017470905469493259
2017-08-29,0.9913032351375323,0.9895561445905832,0.0017470905469491038
2017-08-30,0.9915448546352217,0.9892166240367283,0.002328230598493408
2017-08-31,0.9909598029582356,0.9892166240367285,0.0017431789215071047
2017-09-01,0.9906925228551967,0.9895156987940807,0.0011768240611159664
2017-09-05,0.9909598029582356,0.9892484186910421,0.0017113842671935275
2017-09-06,0.9912775745321828,0.9888227638054007,0.0024548107267821084
2017-09-07,0.9910359550344935,0.9893105127233996,0.0017254423110938388
2017-09-08,0.9905012630871898,0.9888227638054005,0.001678499281789314
2017-09-11,0.9907943355368043,0.9889200665643876,0.001874268972416715
2017-09-12,0.9907943355368043,0.9891920178618246,0.0016023176749796475
2017-09-13,0.9909093749062046,0.9884485914022356,0.002460783503968944
2017-09-14,0.9916528013657936,0.9889892856572775,0.0026635157085160843
2017-09-15,0.9913057524225442,0.989282358106892,0.0020233943156521272
2017-09-18,0.9906303605004907,0.9890796259023448,0.0015507345981459197
2017-09-19,0.9903926428521169,0.9886715140833302,0.0017211287687867172
2017-09-20,0.990923432950105,0.9886715140833302,0.0022519188667747825
2017-09-21,0.9909234329501052,0.9886715140833302,0.0022519188667750045
2017-09-22,0.9915695566507068,0.9886715140833302,0.0028980425673765797
2017-09-25,0.9920139083529433,0.9892565657603163,0.0027573425926270545
2017-09-26,0.9912704818933543,0.9885131393007273,0.0027573425926270545
2017-09-27,0.9907297876383124,0.9888601882439767,0.0018695993943357303
2017-09-28,0.9899573780426352,0.9885929081409378,0.0013644699016973627
2017-09-29,0.989736909227675,0.9885929081409378,0.0011440010867371786
2017-10-02,0.989736909227675,0.9882998356913233,0.0014370735363516962
2017-10-03,0.9899180549989269,0.9889459593919253,0.0009720956070016218
2017-10-04,0.9893330033219409,0.9891486915964723,0.00018431172546851116
2017-10-05,0.9888452544039417,0.9891486915964725,-0.0003034371925307866
2017-10-06,0.9883650338753371,0.9891486915964725,-0.0007836577211353113
2017-10-09,0.9882066590927344,0.9889282227815119,-0.0007215636887775156
2017-10-10,0.9881093563337473,0.988545903309073,-0.0004365469753256912
2017-10-11,0.9884271279076946,0.9887335463131275,-0.00030641840543288446
2017-10-12,0.9882243957031477,0.9879901198535384,0.00023427584960933334
2017-10-13,0.9876837014481057,0.9870438490148159,0.0006398524332897892
2017-10-16,0.9877891308936657,0.9867718977173792,0.0010172331762865472
2017-10-17,0.9877891308936657,0.9873569493943654,0.00043218149930035477
2017-10-18,0.9883298251487075,0.9869125976921289,0.0014172274565785736
2017-10-19,0.9890516651750015,0.9863779057448252,0.0026737594301763368
2017-10-20,0.9901231495280313,0.9869185999998671,0.00320454952816418
2017-10-23,0.9902497296563204,0.9873629517021033,0.0028867779542171013
2017-10-24,0.9903904296310702,0.9867561510452096,0.0036342785858605176
2017-10-25,0.9898497353760285,0.9864841997477728,0.0033655356282557003
2017-10-26,0.9903904296310702,0.9864841997477728,0.003906229883297363
2017-10-27,0.990846842290899,0.9864841997477729,0.004362642543126127
2017-10-30,0.990148810133381,0.986831248691022,0.0033175614423589517
2017-10-31,0.9906895043884228,0.9871031999884592,0.003586304399963658
2017-11-01,0.9906895043884228,0.9866107798760619,0.0040787245123609095
2017-11-02,0.9902813925694081,0.9864841997477728,0.0037971928216352646
2017-11-03,0.9898011720408033,0.9867514798508115,0.0030496921899918483
2017-11-06,0.9898011720408033,0.9873365315277978,0.002464640513005545
2017-11-07,0.9903418662958452,0.9882546065258366,0.002087259770008565
2017-11-08,0.9910172582178987,0.9882546065258366,0.0027626516920620237
2017-11-09,0.9907756387202095,0.9881139065510867,0.002661732169122799
2017-11-10,0.990685298475142,0.9876695548488503,0.003015743626291645
2017-11-13,0.9901446042201003,0.9870981028196211,0.00304650140047924
2017-11-14,0.9910691764509412,0.9870981028196211,0.003971073631320099
2017-11-15,0.9901446042201001,0.9872857458236758,0.002858858396424302
2017-11-16,0.9902853041948501,0.9869034263512366,0.0033818778436134345
2017-11-17,0.9906248247487048,0.9869034263512366,0.003721398397468212
2017-11-20,0.9895256039794139,0.9867006941466894,0.0028249098327245425
2017-11-21,0.989037855061415,0.9862753334942617,0.0027625215671532866
2017-11-22,0.9877852249371329,0.9859282845510121,0.0018569403861208311
2017-11-24,0.9879118050654219,0.9859282845510121,0.0019835205144097534
2017-11-27,0.9881534245631113,0.9859282845510121,0.0022251400120991693
2017-11-28,0.9878543498057588,0.9870011355180236,0.0008532142877352156
2017-11-29,0.9880354955770108,0.9872427550157129,0.0007927405612978555
2017-11-30,0.9885761898320526,0.9860162420300507,0.0025599478020019717
2017-12-01,0.9891829904889464,0.985481550082747,0.0037014404061994632
2017-12-04,0.9893576390273963,0.9840005872967208,0.005357051730675466
2017-12-05,0.9898453879453952,0.9832408870812849,0.006604500864110352
2017-12-06,0.9906177975410726,0.9835081671843238,0.007109630356748831
2017-12-07,0.9908205297456195,0.9848189884633682,0.006001541282251277
2017-12-08,0.9906939496173306,0.9846782884886185,0.006015661128712102
2017-12-11,0.9908346495920806,0.984379213731266,0.00645543586081454
2017-12-12,0.9908346495920806,0.9845199137060158,0.006314735886064793
2017-12-13,0.9907292201465204,0.9838280926676575,0.006901127478862956
2017-12-14,0.9904915024981469,0.984236204486672,0.006255298011474841
2017-12-15,0.9908385514413962,0.9846615651391002,0.006176986302296017
2017-12-18,0.9919100357944262,0.9843145161958508,0.0075955195985754065
2017-12-19,0.9922570847376754,0.9847226280148655,0.007534456722809835
2017-12-20,0.9925748563116227,0.9855613601471336,0.007013496164489097
2017-12-21,0.9923543874966625,0.9848633279896154,0.007491059507047093
2017-12-22,0.9933514944115329,0.9845960478865767,0.00875544652495619
2017-12-26,0.9933514944115329,0.985040399588813,0.008311094822719967
2017-12-27,0.9933514944115329,0.9838525092524011,0.009498985159131834
2017-12-28,0.9933514944115329,0.9830671612866798,0.010284333124853107
2017-12-29,0.9933514944115331,0.983554910204679,0.009796584206854142
2018-01-02,0.9938439145239302,0.9838221903077179,0.01002172421621228
2018-01-03,0.993602295026241,0.9833344413897185,0.010267853636522495
2018-01-04,0.9931941832072262,0.9837425532087333,0.009451629998492916
2018-01-05,0.9924507567476374,0.9832548042907341,0.0091959524569033
2018-01-08,0.9922923819650346,0.9842519112056048,0.008040470759429708
2018-01-09,0.9918046330470356,0.9841546084466177,0.00765002460041786
2018-01-10,0.9924507567476374,0.9836139141915758,0.008836842556061542
2018-01-11,0.9927498315049899,0.9836139141915758,0.00913591731341401
2018-01-12,0.9930489062623423,0.9826893419607348,0.01035956430160756
2018-01-16,0.9931896062370921,0.9829098107756952,0.010279795461396901
2018-01-17,0.9933772492411465,0.9822344188536417,0.011142830387504743
2018-01-18,0.9928895003231475,0.9822344188536417,0.010655081469505778
2018-01-19,0.9928895003231475,0.9800047601164501,0.012884740206697387
2018-01-22,0.9921460738635586,0.9788265074303272,0.0133195664332314
2018-01-23,0.9918787937605197,0.9788265074303272,0.013052286330192509
2018-01-24,0.9921460738635588,0.9788265074303272,0.013319566433231622
2018-01-25,0.9921460738635586,0.9792088269027664,0.012937246960792126
2018-01-26,0.9925717287492002,0.9790681269280165,0.013503601821183708
2018-01-29,0.9920310344941583,0.9790681269280165,0.012962907566141824
2018-01-30,0.9922726539918477,0.9783927350059629,0.01387991898588481
2018-01-31,0.9920053738888088,0.977649308546374,0.014356065342434832
2018-02-01,0.9915176249708099,0.9771146165990701,0.0144030083717398
2018-02-02,0.9907579247553737,0.9772200460446302,0.013537878710743523
2018-02-05,0.9907579247553737,0.9776764587044591,0.013081466050914647
2018-02-06,0.9908986247301235,0.9765772379351683,0.014321386794955204
2018-02-07,0.9913242796157651,0.976084817822771,0.015239461792994069
2018-02-08,0.9913242796157651,0.9763778902723853,0.014946389343379773
2018-02-09,0.9913242796157651,0.9745776298307555,0.016746649785009615
2018-02-12,0.991812028533764,0.9743239493754737,0.017488079158290315
2018-02-13,0.9912713342787224,0.9742185199299137,0.017052814348808676
2018-02-14,0.9910040541756835,0.9746008394023528,0.016403214773330732
2018-02-15,0.9908164111716291,0.9757257079219291,0.015090703249699966
2018-02-16,0.991088362469066,0.9752379590039302,0.015850403465135776
2018-02-20,0.9915327141713022,0.97501749018897,0.016515223982332183
2018-02-21,0.9915327141713024,0.9756364904296562,0.01589622374164623
2018-02-22,0.9915327141713022,0.9757771904044059,0.015755523766896262
2018-02-23,0.9923664808759586,0.9766044598762599,0.0157620209996987
2018-02-26,0.9923664808759586,0.977223460116946,0.015143020759012527
2018-02-27,0.9930418727980123,0.9765773364163441,0.016464536381668116
2018-02-28,0.9933596443719597,0.975758935249697,0.017600709122262637
2018-03-01,0.9929773248995204,0.9742517472576813,0.01872557764183913
2018-03-02,0.9934650738175194,0.9747394961756806,0.018725577641838798
2018-03-05,0.9935801131869199,0.9757544086515891,0.017825704535330722
2018-03-06,0.9929950615099337,0.974927139179735,0.018067922330198716
2018-03-07,0.9929950615099337,0.9736163179006904,0.0193787436092433
2018-03-08,0.9922516350503449,0.9733443666032535,0.01890726844709134
2018-03-09,0.9918693155779057,0.9742624416012922,0.017606873976613535
2018-03-12,0.991193923655852,0.9749378335233461,0.01625609013250595
2018-03-13,0.9917286156031557,0.9743188332826597,0.01740978232049606
2018-03-14,0.991931347807703,0.9743188332826597,0.01761251452504331
2018-03-15,0.9914435988897038,0.9745604527803489,0.01688314610935493
2018-03-16,0.9915409016486907,0.9758712740593936,0.01566962758929713
2018-03-19,0.9911327898296761,0.9763156257616298,0.01481716406804634
2018-03-20,0.9909744150470734,0.9777054789575063,0.01326893608956714
2018-03-21,0.9906566434731259,0.9790976275801215,0.011559015893004343
2018-03-22,0.9903846921756893,0.977387707383559,0.012996984792130295
2018-03-23,0.9908724410936882,0.9746844699468551,0.016187971146833124
2018-03-26,0.9905253921504389,0.9751768900592521,0.015348502091186766
2018-03-27,0.9902263173930864,0.9750503099309632,0.01517600746212322
2018-03-28,0.9893990479212325,0.9751768900592523,0.014222157861980111
2018-03-29,0.9892114049171781,0.9746421981119486,0.01456920680522944
2018-04-02,0.9888604217029092,0.9750503099309632,0.013810111771946021
2018-04-03,0.9887020469203065,0.975657110587857,0.01304493633244952
2018-04-04,0.9880952462634126,0.9767819791074334,0.011313267155979245
2018-04-05,0.9881925490223997,0.9761969274304471,0.011995621591952665
2018-04-06,0.9881925490223997,0.9757525757282107,0.012439973294189
2018-04-09,0.9883801920264543,0.9753082240259745,0.013071968000479828
2018-04-10,0.988633872481736,0.9756012964755888,0.013032576006147156
2018-04-11,0.9883665923786973,0.9756985992345759,0.01266799314412137
2018-04-12,0.9884638951376842,0.9763447229351777,0.012119172202506467
2018-04-13,0.9887311752407231,0.9778256857212039,0.010905489519519196
2018-04-16,0.9890782241839723,0.9778256857212041,0.011252538462768191
2018-04-17,0.9891836536295322,0.977922988480191,0.011260665149341209
2018-04-18,0.9893583021679822,0.9774786367779547,0.011879665390027494
2018-04-19,0.9887732504909961,0.9766448700732984,0.012128380417697704
2018-04-20,0.987848678260155,0.9759014436137096,0.011947234646445426
2018-04-23,0.9877583380150875,0.9756477631584278,0.012110574856659673
2018-04-24,0.9880761095890349,0.9763911896180167,0.01168491997101817
2018-04-25,0.9880761095890349,0.9765495644006195,0.011526545188415449
2018-04-26,0.9877290606457856,0.9763911896180167,0.011337871027768842
2018-04-27,0.9882168095637847,0.9763008493729491,0.011915960190835517
2018-04-30,0.9882168095637849,0.9760288980755125,0.012187911488272363
2018-05-01,0.9877290606457856,0.9756035374230843,0.012125523222701329
2018-05-02,0.9869017911739315,0.9762496611236863,0.010652130050245234
2018-05-03,0.9864140422559324,0.9767843530709898,0.009629689184942669
2018-05-04,0.9856706157963437,0.9770563043684268,0.00861431142791691
2018-05-07,0.9855733130373566,0.9775870944664148,0.007986218570941839
2018-05-08,0.985663653282424,0.9769409707658132,0.008722682516610791
2018-05-09,0.9860107022256731,0.9760278611953858,0.009982841030287348
2018-05-10,0.9865957539026594,0.9759305584363989,0.010665195466260546
2018-05-11,0.9869135254766068,0.9757278262318516,0.01118569924475521
2018-05-14,0.9865664765333574,0.9756374859867843,0.010928990546573036
2018-05-15,0.9857327098287012,0.9757908953417754,0.00994181448692577
2018-05-16,0.9846938398470937,0.9753031464237765,0.00939069342331722
2018-05-17,0.9839719998207996,0.9755704265268152,0.008401573293984388
2018-05-18,0.9832285733612106,0.9753827835227609,0.007845789838449746
2018-05-21,0.9838746970618125,0.9751800513182136,0.008694645743598906
2018-05-22,0.9848896095377209,0.9758261750188154,0.009063434518905455
2018-05-23,0.98501618966601,0.9758261750188156,0.009190014647194378
2018-05-24,0.985738029692304,0.9770526880044776,0.008685341687826309
2018-05-25,0.9856476894472365,0.9765602678920805,0.009087421555155961
2018-05-29,0.9856476894472365,0.9761038552322515,0.009543834214984948
2018-05-30,0.9854449572426897,0.975569163284948,0.00987579395774163
2018-05-31,0.9856033320252922,0.9758107827826372,0.009792549242654935
2018-06-01,0.9862494557258942,0.9763822348118661,0.00986722091402803
2018-06-04,0.9862494557258942,0.977560487497989,0.008688968227905214
2018-06-05,0.985856709444888,0.9773068070427072,0.008549902402180787
2018-06-06,0.985741670075488,0.9773068070427072,0.008434863032780737
2018-06-07,0.9849982436158992,0.9780665072581434,0.006931736357755791
2018-06-08,0.9849982436158989,0.9786011992054469,0.00639704441045208
2018-06-11,0.9852973183732514,0.9787595739880498,0.006537744385201605
2018-06-12,0.9846783181325652,0.9789623061925968,0.005716011939968402
2018-06-13,0.9838445514279088,0.9798010383248649,0.004043513103043961
2018-06-14,0.9826180384422469,0.9798010383248649,0.0028170001173820625
2018-06-15,0.981971914741645,0.979375383439223,0.0025965313024219894
2018-06-18,0.9825230358052536,0.9783782765243527,0.004144759280900856
2018-06-19,0.9833568025099099,0.9780008957813557,0.005355906728554127
2018-06-20,0.9822839515428984,0.9767743827956934,0.005509568747204985
2018-06-21,0.9821255767602959,0.9767743827956934,0.005351193964602485
2018-06-22,0.9825078962327349,0.9770416628987323,0.005466233334002646
2018-06-25,0.9830425881800386,0.9775763548460362,0.005466233334002424
2018-06-26,0.9831480176255988,0.9775763548460362,0.005571662779562558
2018-06-27,0.9832453203845859,0.9773347353483468,0.005910585036239091
2018-06-28,0.9832453203845859,0.9798175039700904,0.0034278164144955214
2018-06-29,0.9839887468441746,0.9799148067290775,0.004073940115097097
2018-07-02,0.9845955475010684,0.9799148067290775,0.004680740771990877
2018-07-03,0.9845955475010681,0.9803591584313138,0.0042363890697543205
2018-07-05,0.9852416712016702,0.9805796272462742,0.004662043955395934
2018-07-06,0.9851513309566028,0.980833307701556,0.004318023255046821
2018-07-09,0.9848003477423339,0.9828753234346931,0.0019250243076408546
2018-07-10,0.9841813475016478,0.9833196751369294,0.0008616723647183466
2018-07-11,0.9841813475016478,0.9833196751369294,0.0008616723647183466
2018-07-12,0.9845636669740867,0.9826216429794113,0.001942023994675357
2018-07-13,0.9842166180308376,0.9817943735075572,0.002422244523280437
2018-07-16,0.9837602053710087,0.9812229214783282,0.0025372838926804864
2018-07-17,0.9838505456160761,0.9799702913540462,0.0038802542620298697
2018-07-18,0.9829259733852351,0.9798729885950591,0.0030529847901760165
2018-07-19,0.983193253488274,0.9803654087074564,0.0028278447808176566
2018-07-20,0.9834348729859632,0.9804804480768566,0.002954424909106579
2018-07-23,0.9839226219039624,0.980798219650804,0.0031244022531583537
2018-07-24,0.9837819219292125,0.9821880728466805,0.0015938490825320173
2018-07-25,0.9837819219292125,0.983202985322589,0.0005789366066235591
2018-07-26,0.9832081744732447,0.9844556154468708,-0.0012474409736260572
2018-07-27,0.9811661587401074,0.9836283459750169,-0.002462187234909541
2018-07-30,0.9816539076581067,0.983087651719975,-0.0014337440618683583
2018-07-31,0.9812715881856675,0.983087651719975,-0.0018160635343075215
2018-08-01,0.9815132076833569,0.9840847586348457,-0.0025715509514887547
2018-08-02,0.9810688559811205,0.985697376072421,-0.0046285200913005475
2018-08-03,0.9802504548144731,0.9852530243701849,-0.005002569555711767
2018-08-06,0.9809484869719911,0.9847966117103559,-0.003848124738364822
2018-08-07,0.9817081871874273,0.9841212197883024,-0.002413032600875109
2018-08-08,0.9813801292939863,0.9836287996759052,-0.0022486703819188936
2018-08-09,0.9805617281273389,0.9822389464800287,-0.0016772183526898576
2018-08-10,0.9798398881010449,0.9818135858276006,-0.0019736977265556455
2018-08-13,0.979713307972756,0.9814312663551616,-0.0017179583824056266
2018-08-14,0.9795105757682088,0.9808905721001198,-0.0013799963319109931
2018-08-15,0.97924329566517,0.9804978258191142,-0.0012545301539441667
2018-08-16,0.9795105757682088,0.9804978258191142,-0.000987250050905386
2018-08-17,0.9771543872747542,0.9794829133432055,-0.002328526068451242
2018-08-20,0.9765533562036061,0.9784114289901755,-0.0018580727865694646
2018-08-21,0.9758779642815526,0.9766225075826157,-0.0007445433010631053
2018-08-22,0.9756363447838632,0.9757133164487582,-7.697166489506468e-05
2018-08-23,0.9747029042478155,0.9744418398709582,0.00026106437685724515
2018-08-24,0.9749445237455047,0.9744418398709582,0.000502683874546439
2018-08-27,0.9749445237455047,0.9753752804070057,-0.00043075666150105274
2018-08-28,0.9730890617729251,0.9743364104253981,-0.0012473486524730015
2018-08-29,0.9728217816698862,0.9756297302073696,-0.002807948537483451
2018-08-30,0.9715284618879146,0.9762758539079717,-0.0047473920200570285
2018-08-31,0.9713079930729541,0.9775866751870161,-0.0062786821140620175
2018-09-04,0.9708636413707177,0.9782620671090698,-0.0073984257383521435
2018-09-05,0.971448693047704,0.9782620671090698,-0.00681337406136584
2018-09-06,0.9713336536783036,0.9774710864679336,-0.006137432789629971
2018-09-07,0.971034578920951,0.9770937057249368,-0.006059126803985793
2018-09-10,0.9718171899265196,0.9783463358492188,-0.006529145922699264
2018-09-11,0.9726509566311756,0.9800707570264026,-0.007419800395226939
2018-09-12,0.9737238075981872,0.9803427083238394,-0.006618900725652188
2018-09-13,0.9723316589755719,0.9802276689544391,-0.007896009978867191
2018-09-14,0.9722166196061717,0.9807991209836682,-0.008582501377496499
2018-09-17,0.9717909647205301,0.9814244738608664,-0.009633509140336338
2018-09-18,0.9715236846174913,0.9820920454970347,-0.010568360879543381
2018-09-19,0.9715236846174913,0.9825001573160493,-0.01097647269855806
2018-09-20,0.9721990765395451,0.9838907798570081,-0.011691703317463054
2018-09-21,0.9720114335354905,0.983775740487608,-0.011764306952117498
2018-09-24,0.9713438618993223,0.9834579689136604,-0.012114107014338127
2018-09-25,0.9713438618993225,0.9826306994418065,-0.01128683754248394
2018-09-26,0.9709357500803076,0.9826306994418065,-0.011694949361498841
2018-09-27,0.9708207107109075,0.9831818205054151,-0.012361109794507663
2018-09-28,0.9711137831605217,0.9832872499509752,-0.012173466790453502
2018-10-01,0.9709872030322327,0.9842118221818161,-0.013224619149583394
2018-10-02,0.9712862777895852,0.9841063927362562,-0.012820114946671013
2018-10-03,0.9714739207936398,0.9845941416542552,-0.013120220860615373
2018-10-04,0.9712194709932757,0.9850818905722545,-0.013862419578978824
2018-10-05,0.9712194709932757,0.9860064628030953,-0.014786991809819683
2018-10-08,0.9716638226955123,0.9863887822755344,-0.014724959580022068
2018-10-09,0.9720461421679513,0.9874880030448255,-0.01544186087687427
2018-10-10,0.9729924130066737,0.9878350519880746,-0.014842638981400924
2018-10-11,0.9686427633128348,0.9873473030700756,-0.018704539757240735
2018-10-12,0.9683249917388875,0.9874623424394758,-0.019137350700588307
2018-10-15,0.9727800708782863,0.9872811966682237,-0.014501125789937341
2018-10-16,0.9755806110739771,0.9874395714508264,-0.011858960376849303
2018-10-17,0.9756956504433774,0.9872368392462794,-0.011541188802902003
2018-10-18,0.9759372699410668,0.9873518786156796,-0.011414608674612858
2018-10-19,0.9757168011261065,0.9867668269386936,-0.011050025812587072
2018-10-22,0.9750414092040528,0.9863411720530519,-0.01129976284899914
2018-10-23,0.974900709229303,0.9854230970550132,-0.010522387825710133
2018-10-24,0.9738975634777736,0.9846404860494449,-0.01074292257167131
2018-10-25,0.9734894516587588,0.9845254466800444,-0.011035995021285605
2018-10-26,0.9732867194542116,0.9832989336943824,-0.010012214240170736
2018-10-29,0.9734894516587588,0.9829998589370299,-0.009510407278271127
2018-10-30,0.973112070915762,0.9832989336943824,-0.010186862778620354
2018-10-31,0.973112070915762,0.9835662137974213,-0.010454142881659245
2018-11-01,0.9729970315463615,0.9834028735872068,-0.01040584204084527
2018-11-02,0.9734847804643606,0.9825570518950482,-0.009072271430687562
2018-11-05,0.9725123786439133,0.9823694088909938,-0.009857030247080512
2018-11-06,0.9730001275619122,0.9826366889940327,-0.009636561432120438
2018-11-07,0.9749367138494894,0.9821706386839151,-0.007233924834425642
2018-11-08,0.9746694337464507,0.9823290134665178,-0.0076595797200671445
2018-11-09,0.9738510325798033,0.9818412645485187,-0.0079902319687154
2018-11-12,0.9734429207607885,0.9811557133529425,-0.007712792592153961
2018-11-13,0.9734429207607885,0.9811557133529425,-0.007712792592153961
2018-11-14,0.9734429207607885,0.9813584455574895,-0.00791552479670099
2018-11-15,0.9737102008638274,0.9814991455322393,-0.007788944668411846
2018-11-16,0.972876434159171,0.9808530218316377,-0.007976587672466673
2018-11-19,0.9734832348160647,0.9804273669459961,-0.006944132129931391
2018-11-20,0.9727235346006285,0.9788570861793708,-0.006133551578742291
2018-11-21,0.9721045343599424,0.9786366173644103,-0.006532083004467948
2018-11-23,0.9713448341445065,0.9780515656874242,-0.006706731542917788
2018-11-26,0.9718372542569037,0.9785393146054234,-0.006702060348519723
2018-11-27,0.9728096560773515,0.9778639226833697,-0.005054266606018265
2018-11-28,0.9735693562927873,0.9773837021547651,-0.0038143458619778192
2018-11-29,0.9730816073747881,0.9759915535321501,-0.0029099461573619534
2018-11-30,0.9730816073747881,0.9757799530223964,-0.002698345647608291
2018-12-03,0.9733806821321408,0.9760790277797489,-0.002698345647608069
2018-12-04,0.9738731022445378,0.9757395072258941,-0.0018664049813562622
2018-12-06,0.9741403823475767,0.9765248551916152,-0.002384472844038532
2018-12-07,0.9750495734814342,0.9762575750885766,-0.001208001607142406
2018-12-10,0.9750495734814342,0.9762575750885766,-0.001208001607142406
2018-12-11,0.9750495734814342,0.9767286350859109,-0.0016790616044767281
2018-12-12,0.976871120399611,0.9775196157270469,-0.0006484953274359384
2018-12-13,0.9766038402965721,0.9775196157270469,-0.00091577543047483
2018-12-14,0.9771385322438758,0.9780120358394442,-0.0008735035955683701
2018-12-17,0.9778546026844247,0.9776774678581369,0.00017713482628778365
2018-12-18,0.9782369221568638,0.9778651108621915,0.00037181129467223073
2018-12-19,0.977493495697275,0.9769470358641527,0.0005464598331222925
2018-12-20,0.976102873156316,0.9759499289492821,0.00015294420703393374
2018-12-21,0.9758612536586266,0.9749864488395505,0.0008748048190760915
2018-12-24,0.9758612536586266,0.9740830478771866,0.0017782057814400565
2018-12-26,0.9751015534431909,0.9729468751365918,0.0021546783065991004
2018-12-27,0.9751015534431907,0.9721081430043239,0.002993410438866806
2018-12-28,0.9744261615211371,0.9711950334338968,0.0032311280872403536
2018-12-31,0.9748705132233735,0.9713583736441112,0.00351213957926233
2019-01-02,0.9757042799280299,0.9718891637420992,0.003815116185930667
2019-01-03,0.9746050591587389,0.9718891637420992,0.0027158954166396354
2019-01-04,0.9726414585068945,0.9714810519230844,0.001160406583810114
2019-01-07,0.9721067665595908,0.9710246392632558,0.0010821272963350559
2019-01-08,0.9721910748529735,0.9723103596980586,-0.00011928484508505477
2019-01-09,0.9725420580672421,0.9735368726837207,-0.0009948146164785454
2019-01-10,0.9730767500145459,0.9751811756799613,-0.002104425665415466
2019-01-11,0.9721586750165072,0.9757879763368549,-0.0036293013203476665
2019-01-14,0.9711615681016367,0.9759907085414021,-0.004829140439765456
2019-01-15,0.9708105848873678,0.975893405782415,-0.005082820895047191
2019-01-16,0.9717770786243415,0.9750546736501472,-0.003277595025805713
2019-01-17,0.9732842666163567,0.9747151530962922,-0.0014308864799355003
2019-01-18,0.9750029470507565,0.9741083524393986,0.0008945946113578795
2019-01-22,0.9754593597105854,0.9744906719118377,0.0009686877987477027
2019-01-23,0.9761573918681036,0.9757171848974996,0.0004402069706039846
2019-01-24,0.9770819640989447,0.9754967160825394,0.0015852480164052496
2019-01-25,0.9784718172948209,0.9750089671645404,0.0034628501302804704
2019-01-28,0.9787437685922578,0.9750089671645404,0.003734801427717316
2019-01-29,0.978743768592258,0.975489187693145,0.003254580899113013
2019-01-30,0.9796618435902966,0.9760606397223741,0.003601203867922509
2019-01-31,0.9797672730358565,0.9763597144797266,0.0034075585561299526
2019-02-01,0.9800663477932092,0.9766773651220698,0.0033889826711394067
2019-02-04,0.9800663477932092,0.9765870248770022,0.003479322916207006
2019-02-05,0.9801717772387691,0.9767616734154523,0.003410103823316857
2019-02-06,0.9809314774542053,0.9775340830111295,0.003397394443075741
2019-02-07,0.9809314774542051,0.9763033227983593,0.004628154655845762
2019-02-08,0.981472171709247,0.9769787147204128,0.004493456988834299
2019-02-11,0.9829531344952731,0.9783685679162892,0.004584566578983873
2019-02-12,0.9839680469711816,0.9793834803921978,0.004584566578983762
2019-02-13,0.985475234963197,0.979968532069184,0.005506702894013005
2019-02-14,0.9859195866654334,0.979968532069184,0.00595105459624945
2019-02-15,0.9860038949588159,0.9810585923072045,0.004945302651611416
2019-02-19,0.9857622754611265,0.9811558950661914,0.004606380394935106
2019-02-20,0.9851432752204403,0.9812824751944805,0.0038608000259597874
2019-02-21,0.9842187029895992,0.9811013294232285,0.0031173735663707625
2019-02-22,0.9842187029895992,0.9811013294232285,0.0031173735663707625
2019-02-25,0.9840780030148495,0.9806569777209919,0.0034210252938575714
2019-02-26,0.984753394936903,0.9803059945067233,0.00444740043017966
2019-02-27,0.9847533949369032,0.9796598708061215,0.005093524130781679
2019-02-28,0.9835655046004913,0.9798182455887241,0.003747259011767201
2019-03-01,0.9842873446267854,0.9792671245251154,0.005020220101669914
2019-03-04,0.9847797647391826,0.9783336839890678,0.006446080750114769
2019-03-05,0.9848770674981697,0.9786327587464203,0.006244308751749417
2019-03-06,0.984432715795933,0.9787734587211703,0.00565925707476278
2019-03-07,0.9845230560410004,0.9778271878824478,0.006695868158552609
2019-03-08,0.9841456752980037,0.9775281131250952,0.006617562172908431
2019-03-11,0.9843040500806066,0.9784743839638178,0.005829666116788812
2019-03-12,0.9845067822851534,0.9789621328818168,0.0055446494033366545
2019-03-13,0.9837470820697175,0.9788355527535278,0.004911529316189656
2019-03-14,0.9838313903631,0.9781437317151693,0.005687658647930638
2019-03-15,0.9839464297325002,0.9778042111613146,0.006142218571185687
2019-03-18,0.983454009620103,0.9772191594843285,0.006234850135774517
2019-03-19,0.9829133153650613,0.9768911015908873,0.006022213774174001
2019-03-20,0.9826202429154468,0.9756603413781171,0.006959901537329727
2019-03-21,0.9824569027052323,0.9754576091735699,0.006999293531662398
2019-03-22,0.9829133153650613,0.9749698602555709,0.00794345510949046
2019-03-25,0.9830283547344615,0.9749698602555709,0.008058494478890621
2019-03-26,0.9839464297325002,0.9755766609124645,0.008369768820035706
2019-03-27,0.98459362581387,0.9757882614222184,0.008805364391651582
2019-03-28,0.9849759452863093,0.9750964403838598,0.009879504902449487
2019-03-29,0.98459362581387,0.9755766609124645,0.009016964901405466
2019-04-01,0.9850192806995116,0.9766155308940722,0.008403749805439453
2019-04-02,0.9851247101450715,0.9780797615281078,0.007044948616963698
2019-04-03,0.9852301395906315,0.979468896523481,0.005761243067150534
2019-04-04,0.9852301395906315,0.9792484277085208,0.0059817118821107185
2019-04-05,0.9859898398060677,0.9785050012489319,0.007484838557135776
2019-04-08,0.9858748004366673,0.9773688285083372,0.008505971928330136
2019-04-09,0.9864094923839711,0.9772281285335873,0.009181363850383817
2019-04-10,0.9864094923839711,0.9774485973485474,0.008960895035423744
2019-04-11,0.9857633686833692,0.9769139054012439,0.008849463282125325
2019-04-12,0.9852286767360655,0.9758989929253356,0.00932968381072996
2019-04-15,0.9849356042864512,0.974418030139309,0.010517574147142161
2019-04-16,0.9848301748408911,0.974558730114059,0.010271444726832057
2019-04-17,0.9837309540716002,0.9754647501245953,0.008266203947004835
2019-04-18,0.9829875276120114,0.9755913302528842,0.00739619735912711
2019-04-22,0.9828609474837222,0.9755913302528845,0.007269617230837744
2019-04-23,0.9835363394057759,0.9749723300121982,0.00856400939357771
2019-04-24,0.9840710313530796,0.973491367226172,0.010579664126907584
2019-04-25,0.983265460489107,0.9723664987065959,0.010898961782511152
2019-04-26,0.9834061604638568,0.9725248734891984,0.0108812869746584
2019-04-29,0.9838142722828715,0.9726655734639483,0.01114869881892322
2019-04-30,0.9836992329134713,0.9724278558155746,0.011271377097896718
2019-05-01,0.9836992329134713,0.9712545557019993,0.012444677211472022
2019-05-02,0.9841435846157076,0.9704361545353519,0.013707430080355687
2019-05-03,0.9850898554544302,0.9709872755989606,0.014102579855469588
2019-05-06,0.9864804779953888,0.973025253688964,0.013455224306424873
2019-05-07,0.987099478236075,0.9730252536889642,0.014074224547110825
2019-05-08,0.9880240504669161,0.9737006456110177,0.014323404855898447
2019-05-09,0.9888578171715725,0.973863985821232,0.014993831350340492
2019-05-10,0.9888578171715723,0.9741985538025395,0.014659263369032782
2019-05-13,0.9880305476997185,0.9745519553823007,0.013478592317417881
2019-05-14,0.9887739741593072,0.974996307084537,0.013777667074770239
2019-05-15,0.988188922482321,0.974821658546087,0.013367263936233997
2019-05-16,0.9878711509083737,0.974668249191096,0.013202901717277782
2019-05-17,0.9873364589610699,0.9743172659768273,0.013019192984242589
2019-05-20,0.9871337267565229,0.9750152981343454,0.01211842862217749
2019-05-21,0.9871337267565229,0.9748745981595955,0.012259128596927349
2019-05-22,0.9879521279231703,0.9744181854997668,0.013533942423403555
2019-05-23,0.9879521279231703,0.9750935774218205,0.012858550501349875
2019-05-24,0.9881937474208595,0.9758761884273888,0.012317558993470756
2019-05-28,0.9885407963641089,0.9756734562228417,0.012867340141267114
2019-05-29,0.988667376492398,0.9762585078998279,0.012408868592570066
2019-05-30,0.9889851480663453,0.9765980284536827,0.01238711961266259
2019-05-31,0.9885594931807038,0.9772048291105765,0.011354664070127307
2019-06-03,0.9880083721170952,0.9777898807875626,0.010218491329532675
2019-06-04,0.9887001931554535,0.9782155356732042,0.01048465748224936
2019-06-05,0.9895185943221009,0.9789752358886403,0.010543358433460548
2019-06-06,0.9888267732837427,0.978390184211654,0.010436589072088664
2019-06-07,0.9885851537860533,0.9782636040833649,0.010321549702688393
2019-06-10,0.989065374314658,0.9773455290853262,0.011719845229331782
2019-06-11,0.9895455948432627,0.9773455290853262,0.012200065757936418
2019-06-12,0.9893428626387155,0.9764363379514689,0.012906524687246623
2019-06-13,0.9892525223936481,0.976541767397029,0.012710754996619111
2019-06-14,0.9886674707166621,0.9766390701560159,0.012028400560646135
2019-06-17,0.9883496991427148,0.9778473360472258,0.010502363095488909
2019-06-18,0.9875899989272786,0.9781146161502647,0.009475382777013874
2019-06-19,0.9877306989020284,0.9787336163909509,0.008997082511077448
2019-06-20,0.9876403586569611,0.9787336163909508,0.008906742266010292
2019-06-21,0.9876403586569609,0.9791417282099655,0.008498630446995392
2019-06-24,0.9872147037713195,0.9786010339549238,0.008613669816395664
2019-06-25,0.9872147037713195,0.9780388917643157,0.009175812007003792
2019-06-26,0.9880484704759759,0.978684721231704,0.009363749244271857
2019-06-27,0.987781190372937,0.9798726115681157,0.00790857880482132
2019-06-28,0.9874821156155845,0.9802121321219707,0.007269983493613852
2019-07-01,0.9877237351132737,0.9806377870076121,0.007085948105661655
2019-07-02,0.987243514584669,0.98045664123636,0.006786873348308964
2019-07-03,0.9869257430107216,0.9816348939224828,0.005290849088238736
2019-07-05,0.9870664429854715,0.9817982341326973,0.0052682088527742366
2019-07-08,0.9865317510381676,0.9819858771367517,0.00454587390141592
2019-07-09,0.9858563591161141,0.9819858771367517,0.003870481979362461
2019-07-10,0.986599785575703,0.9830247471183593,0.003575038457343749
2019-07-11,0.9868988603330557,0.9830247471183593,0.0038741132146964397
2019-07-12,0.9870572351156582,0.9826737639040904,0.004383471211567791
2019-07-15,0.9871838152439474,0.9823806914544759,0.004803123789471453
2019-07-16,0.9865987635669611,0.9826526427519129,0.003946120815048193
2019-07-17,0.9852879422879167,0.9815395409567156,0.0037484013312011344
2019-07-18,0.9854286422626665,0.9814245015873152,0.004004140675351264
2019-07-19,0.9858367540816813,0.9809988467016737,0.004837907380007556
2019-07-22,0.9859210623750635,0.980840471919071,0.0050805904559925175
2019-07-23,0.9850823302427957,0.9803602513904661,0.004722078852329559
2019-07-24,0.9847000107703565,0.9798195571354245,0.004880453634932058
2019-07-25,0.9847000107703567,0.9803073060534234,0.0043927047169333155
2019-07-26,0.9846096705252892,0.9799602571101741,0.004649413415115156
2019-07-29,0.9854484026575573,0.9797186376124849,0.005729765045072388
2019-07-30,0.9861402236959154,0.9796132081669249,0.006527015528990487
2019-07-31,0.9864332961455299,0.9792786401856176,0.0071546559599122705
2019-08-01,0.9869679880928336,0.9795202596833068,0.007447728409526788
2019-08-02,0.9881945010784959,0.9801663833839086,0.008028117694587333
2019-08-05,0.9875191091564423,0.9814980582800866,0.006021050876355627
2019-08-06,0.9873607343738395,0.9827695348578869,0.00459119951595266
2019-08-07,0.9868096133102309,0.9830597257510579,0.0037498875591729375
2019-08-08,0.9878245257861394,0.9832043441623775,0.0046201816237619875
2019-08-09,0.9879511059144285,0.9825853439216913,0.005365761992737195
2019-08-12,0.9875067542121918,0.9820975950036922,0.005409159208499603
2019-08-13,0.9876474541869418,0.9815569007486503,0.006090553438291457
2019-08-14,0.9874728056484919,0.9805597938337799,0.0069130118147120445
2019-08-15,0.9867293791889031,0.9808270739368186,0.005902305252084572
2019-08-16,0.9855511265027805,0.9812093934092577,0.004341733093522815
2019-08-19,0.9854104265280306,0.9817401835072456,0.0036702430207850023
2019-08-20,0.9851431464249917,0.982438215664764,0.0027049307602277084
2019-08-21,0.9858349674633501,0.9830572159054499,0.0027777515579001655
2019-08-22,0.9864810911639518,0.9834042648486992,0.0030768263152525233
2019-08-23,0.9864810911639518,0.9825858636820519,0.0038952274818998545
2019-08-26,0.9859299701003432,0.9809732462444765,0.0049567238558667626
2019-08-27,0.9859299701003433,0.9807059661414377,0.005224003958905654
2019-08-28,0.9859299701003432,0.9807059661414377,0.005224003958905543
2019-08-29,0.9859299701003432,0.9805475913588348,0.005382378741508376
2019-08-30,0.9855904495464884,0.9818131598531612,0.003777289693327246
2019-09-03,0.9860348012487248,0.9814953882792138,0.004539412969510992
2019-09-04,0.9862375334532718,0.9816830312832682,0.004554502170003638
2019-09-05,0.9865845823965211,0.9827219012648758,0.00386268113164534
2019-09-06,0.9872826145540394,0.98297635106524,0.004306263488799478
2019-09-09,0.98693556561079,0.9817498380795778,0.005185727531212159
2019-09-10,0.987317885083229,0.9806769871125665,0.006640897970662585
2019-09-11,0.9867667640196206,0.9801967665839617,0.006569997435658892
2019-09-12,0.9878659847889115,0.9805477497982303,0.007318234990681183
2019-09-13,0.987950293082294,0.9808408222478449,0.0071094708344491275
2019-09-16,0.9882973420255432,0.9806531792437905,0.007644162781752728
2019-09-17,0.9875376418101072,0.9809251305412273,0.00661251126887985
2019-09-18,0.9872703617070685,0.9810041624580591,0.0062661992490093965
2019-09-19,0.988203802243116,0.9814965825704566,0.006707219672659415
2019-09-20,0.9871309512761046,0.9813219340320065,0.0058090172440981025
2019-09-23,0.9870255218305445,0.9813219340320067,0.005703587798537746
2019-09-24,0.9858472691444219,0.9811812340572569,0.00466603508716501
2019-09-25,0.986229588616861,0.9822804548265477,0.003949133790313364
2019-09-26,0.9865226610664753,0.9826578355695447,0.0038648254969306794
2019-09-27,0.9866860012766897,0.982950908019159,0.0037350932575307416
2019-09-30,0.9869790737263042,0.9830412482642263,0.003937825462077882
2019-10-01,0.9867253932710224,0.9823658563421729,0.0043595369288494945
2019-10-02,0.9861907013237187,0.9819215046399364,0.004269196683782228
2019-10-03,0.9862810415687859,0.9810942351680825,0.005186806400703459
2019-10-04,0.986078309364239,0.9816453562316911,0.004432953132547879
2019-10-07,0.9859376093894893,0.9829386760136627,0.0029989333758265735
2019-10-08,0.985822570020089,0.9826456035640482,0.0031769664560408195
2019-10-09,0.9848891294840412,0.9822374917450336,0.002651637739007562
2019-10-10,0.9853334811862776,0.9816184915043474,0.003714989681930181
2019-10-11,0.9859185328632637,0.9813254190547329,0.00459311380853078
2019-10-14,0.9867458023351177,0.9812411107613507,0.005504691573766984
2019-10-15,0.9872022149949464,0.9816234302337896,0.0055787847611568075
2019-10-16,0.9875845344673856,0.9817500103620785,0.0058345241053070485
2019-10-17,0.9866382636286632,0.9817500103620785,0.004888253266584708
2019-10-18,0.987284387329265,0.9813243554764371,0.005960031852827896
2019-10-21,0.986638263628663,0.9818650497314789,0.004773213897184103
2019-10-22,0.9866382636286632,0.9822424304744758,0.004395833154187456
2019-10-23,0.9874438344926358,0.9824628992894361,0.0049809352031997545
2019-10-24,0.9878261539650749,0.9830035935444777,0.004822560420597144
2019-10-25,0.9885015458871286,0.9825954817254632,0.005906064161665392
2019-10-28,0.9886165852565288,0.9827766274967155,0.005839957759813386
2019-10-29,0.9880097845996351,0.9832022823823569,0.0048075022172782145
2019-10-30,0.9882125168041822,0.9838090830392506,0.004403433764931575
2019-10-31,0.9882125168041822,0.9841021554888649,0.004110361315317279
2019-11-01,0.9872662459654598,0.9841021554888649,0.0031640904765948275
2019-11-04,0.98738128533486,0.9829239028027422,0.004457382532117804
2019-11-05,0.9884541363018714,0.981851051835731,0.006603084466140441
2019-11-06,0.9889465564142687,0.981692677053128,0.007253879361140636
2019-11-07,0.9889465564142687,0.9827075895290366,0.006238966885232067
2019-11-08,0.9888315170448682,0.9830253611029839,0.005806155941884272
2019-11-11,0.9895233380832268,0.9831404004723843,0.006382937610842521
2019-11-12,0.9905961890502382,0.9838384326299022,0.006757756420335936
2019-11-13,0.9901518373480018,0.9845138245519559,0.005638012796045921
2019-11-14,0.9897074856457654,0.9850062446643532,0.004701240981412225
2019-11-15,0.9893251661733264,0.9851328247926422,0.00419234138068425
2019-11-18,0.9890835466756371,0.9857789484932438,0.00330459818239337
2019-11-19,0.9884081547535835,0.9853708366742292,0.0030373180793542565
2019-11-20,0.9877327628315298,0.9855584796782837,0.0021742831532460816
2019-11-21,0.9875451198274754,0.9858762512522309,0.0016688685752445087
2019-11-22,0.9877327628315298,0.9861940228261782,0.001538740005351591
2019-11-25,0.9872450139135308,0.98748734260815,-0.00024232869461915385
2019-11-26,0.9871395844679709,0.987864723351147,-0.0007251388831760464
2019-11-27,0.9867622037249739,0.9876231038534575,-0.0008609001284836104
2019-11-29,0.9863540919059594,0.9867958343816036,-0.00044174247564421343
2019-12-02,0.9866471643555734,0.9858777593835649,0.0007694049720085028
2019-12-03,0.9868348073596281,0.985155919357271,0.0016788880023571595
2019-12-04,0.9865675272565892,0.9847735998848317,0.0017939273717575421
2019-12-05,0.987174327913483,0.9846681704392718,0.0025061574742112347
2019-12-06,0.9875213768567324,0.9847735998848317,0.0027477769719006506
2019-12-09,0.9880091257747313,0.984396219141835,0.0036129066328963733
2019-12-10,0.9879187855296641,0.9850030197987285,0.002915765730935549
2019-12-11,0.9883268973486788,0.9854832403273335,0.0028436570213453694
2019-12-12,0.9885145403527332,0.9865221103089409,0.001992430043792348
2019-12-13,0.9877711138931442,0.9872139313472993,0.0005571825458449142
2019-12-16,0.9871996618639152,0.9874555508449886,-0.0002558889810734266
2019-12-17,0.986958042366226,0.9877228309480273,-0.0007647885818012901
2019-12-18,0.986958042366226,0.9879644504457167,-0.001006408079490706
2019-12-19,0.9873090255804946,0.9874720303333194,-0.00016300475282482463
2019-12-20,0.987550645078184,0.9876304051159224,-7.976003773835227e-05
2019-12-23,0.9869438444212904,0.9882372057728158,-0.0012933613515254683
2019-12-24,0.986358792744304,0.9875391736152979,-0.0011803808709938135
2019-12-26,0.9860597179869518,0.987921493087737,-0.0018617751007852235
2019-12-27,0.9853162915273627,0.9876542129846981,-0.002337921457335468
2019-12-30,0.9849081797083479,0.9876542129846981,-0.002746033276350257
2019-12-31,0.9843674854533061,0.9868154808524303,-0.0024479953991242143
2020-01-02,0.9845486312245583,0.9869561808271803,-0.0024075496026220167
2020-01-03,0.984548631224558,0.9874968750822217,-0.0029482438576636794
2020-01-06,0.9845486312245585,0.9877173438971822,-0.0031687126726237524
2020-01-07,0.9845486312245583,0.9873778233433274,-0.002829192118769086
2020-01-08,0.9848477059819107,0.9873778233433274,-0.0025301173614166172
2020-01-09,0.9850060807645135,0.9880758555008454,-0.003069774736331965
2020-01-10,0.9851872265357657,0.9879174807182425,-0.0027302541824767435
2020-01-13,0.9857279207908075,0.987776780743493,-0.0020488599526854445
2020-01-14,0.9862156697088066,0.9876617413740925,-0.0014460716652858752
2020-01-15,0.9865979891812459,0.987776780743493,-0.0011787915622470946
2020-01-16,0.9868007213857927,0.9873944612710537,-0.0005937398852610132
2020-01-17,0.9868007213857927,0.986258288530459,0.0005424328553336188
2020-01-21,0.9865076489361784,0.9859910084274202,0.0005166405087582149
2020-01-22,0.9860152288237811,0.9859910084274202,2.4220396360963292e-05
2020-01-23,0.9862179610283281,0.9869090834254589,-0.0006911223971307612
2020-01-24,0.9861206582693413,0.9861035125614865,1.7145707854715475e-05
2020-01-27,0.9859001894543808,0.9856470999016576,0.0002530895527232957
2020-01-28,0.9850729199825267,0.9863905263612465,-0.0013176063787198045
2020-01-29,0.9850729199825267,0.9863905263612467,-0.0013176063787200265
2020-01-30,0.9847738452251742,0.9863905263612465,-0.0016166811360722733
2020-01-31,0.9843294935229381,0.9858498321062048,-0.0015203385832667227
2020-02-03,0.9839367472419319,0.9858498321062046,-0.0019130848642726628
2020-02-04,0.9832906235413303,0.9857232519779157,-0.0024326284365853157
2020-02-05,0.9837830436537275,0.9859769324331974,-0.0021938887794699102
2020-02-06,0.983595400649673,0.9859769324331974,-0.0023815317835244043
2020-02-07,0.9831029805372757,0.985285111394839,-0.002182130857563247
2020-02-10,0.982928331998826,0.9850314309395573,-0.0021030989407312406
2020-02-11,0.9832002832962631,0.9848109621245972,-0.0016106788283341
2020-02-12,0.9830191375250109,0.9851619453388656,-0.0021428078138546747
2020-02-13,0.9831775123076134,0.9851619453388656,-0.001984433031252175
2020-02-14,0.9834765870649659,0.9852673747844257,-0.001790787719459841
2020-02-18,0.9840616387419521,0.9852673747844257,-0.0012057360424736485
2020-02-19,0.9837106555276834,0.9852673747844257,-0.0015567192567422783
2020-02-20,0.9827860832968424,0.9848899940414289,-0.00210391074458649
2020-02-21,0.9812208122174336,0.9838185096883991,-0.0025976974709654987
2020-02-24,0.9812998441342655,0.9838185096883991,-0.0025186655541336034
2020-02-25,0.9811591441595159,0.9840389785033593,-0.0028798343438434237
2020-02-26,0.9804611120019975,0.983923939133959,-0.0034628271319615544
2020-02-27,0.9804611120019975,0.9845429393746452,-0.004081827372647728
2020-02-28,0.980004699342169,0.9845429393746452,-0.00453824003247616
2020-03-02,0.9799073965831819,0.9844375099290853,-0.004530113345903364
2020-03-03,0.9795896250092344,0.985508994282115,-0.005919369272880615
2020-03-04,0.9801746766862206,0.9857809455795522,-0.005606268893331601
2020-03-05,0.9800480965579317,0.9855393260818628,-0.005491229523931107
2020-03-06,0.9789766122049016,0.9854420233228757,-0.0064654111179740514
2020-03-09,0.9784888632869027,0.9853365938773155,-0.006847730590412882
2020-03-10,0.9788359122301521,0.9855570626922759,-0.006721150462123848
2020-03-11,0.9797490218005791,0.9857597948968229,-0.00601077309624376
2020-03-12,0.9810423415825509,0.9851529942399293,-0.004110652657378422
2020-03-13,0.9821415623518418,0.9848134736860743,-0.002671911334232502
2020-03-16,0.9818999428541524,0.9843210535736773,-0.002421110719524888
2020-03-17,0.9813691527561645,0.983736001896691,-0.002366849140526428
2020-03-18,0.9823840652320729,0.984835222665982,-0.0024511574339091124
2020-03-19,0.9832971748024999,0.9850379548705288,-0.0017407800680289132
2020-03-20,0.9835962495598524,0.9850379548705288,-0.0014417053106764444
2020-03-23,0.984040601262089,0.9843918311699272,-0.00035122990783820196
2020-03-24,0.9837989817643996,0.9842945284109401,-0.0004955466465405012
2020-03-25,0.9839573565470021,0.9834672589390859,0.0004900976079161845
2020-03-26,0.9836900764439634,0.9820766363981273,0.0016134400458361897
2020-03-27,0.9835846469984036,0.981729587454878,0.0018550595435256056
2020-03-30,0.9835846469984036,0.9801169700173026,0.0034676769811010644
2020-03-31,0.9835846469984036,0.9801169700173026,0.0034676769811010644
2020-04-01,0.9841357680620121,0.9800019306479023,0.0041338374141097756
2020-04-02,0.9838077101685712,0.9799176223545198,0.003890087814051313
2020-04-03,0.9845674103840073,0.9806156545120378,0.003951755871969498
2020-04-06,0.9842278898301521,0.9811080746244353,0.0031198152057168027
2020-04-07,0.9842278898301521,0.9811080746244351,0.0031198152057170248
2020-04-08,0.9842278898301521,0.9806999628054205,0.003527927024731592
2020-04-09,0.9847156387481512,0.9812850144824066,0.0034306242657445862
2020-04-13,0.984969319203433,0.9812850144824066,0.0036843047210264324
2020-04-14,0.9852109387011222,0.9810130631849695,0.004197875516152694
2020-04-15,0.9855883194441192,0.9806952916110222,0.0048930278330969745
2020-04-16,0.9848286192286833,0.980348242667773,0.004480376560910271
2020-04-17,0.9843408703106841,0.9808284631963776,0.0035124071143064484
2020-04-20,0.9835974438510952,0.9815718896559665,0.0020255541951286204
2020-04-21,0.9822866225720509,0.9791788907085606,0.0031077318634903373
2020-04-22,0.9822866225720509,0.9780006380224378,0.004285984549613153
2020-04-23,0.9812717100961422,0.9783476869656871,0.0029240231304551445
2020-04-24,0.9811133353135393,0.9770368656866425,0.004076469626896784
2020-04-27,0.9812540352882893,0.9775170862152474,0.0037369490730418953
2020-04-28,0.9825066654125713,0.9776436663435362,0.00486299906903509
2020-04-29,0.9830413573598751,0.9779614379174836,0.005079919442391501
2020-04-30,0.9832440895644221,0.9772180114578949,0.006026078106527222
2020-05-01,0.9832440895644219,0.9772180114578947,0.006026078106527222
2020-05-04,0.9815254091300224,0.9772180114578947,0.004307397672127733
2020-05-05,0.9808500172079687,0.9772180114578947,0.003632005750074052
2020-05-06,0.98010659074838,0.9773763862404975,0.0027302045078825277
2020-05-07,0.9805509424506162,0.9775791184450444,0.0029718240055718326
2020-05-08,0.9799319422099301,0.9776941578144447,0.002237784395485387
2020-05-11,0.9793468905329439,0.9776941578144447,0.0016527327184991947
2020-05-12,0.978775438503715,0.976622673461415,0.0021527650422999978
2020-05-13,0.9790170580014039,0.9768431422763751,0.0021739157250287855
2020-05-14,0.9794972785300088,0.9771712001698162,0.002326078360192607
2020-05-15,0.97914629531574,0.977522183384085,0.0016241119316550146
2020-05-18,0.9798897217753288,0.977522183384085,0.0023675383912438175
2020-05-19,0.9800530619855433,0.977522183384085,0.0025308786014582862
2020-05-20,0.9801274394237026,0.9776968319225348,0.0024306075011678585
2020-05-21,0.9797879188698475,0.977938451420224,0.0018494674496235541
2020-05-22,0.9791811182129538,0.977938451420224,0.0012426667927298851
2020-05-26,0.9795321014272227,0.9786818778798131,0.0008502235474096009
2020-05-27,0.9797737209249121,0.9796281487185355,0.0001455722063765652
2020-05-28,0.9803248419885205,0.9800725004207718,0.0002523415677487817
2020-05-29,0.9819691449847612,0.9821145161539089,-0.0001453711691477011
2020-06-01,0.9824568939027601,0.9823349849688694,0.00012190893389074642
2020-06-02,0.9832165941181963,0.9815294141048967,0.001687180013299594
2020-06-03,0.9838355943588825,0.9818224865545112,0.0020131078043712503
2020-06-04,0.9843280144712797,0.9820429553694715,0.0022850591018082067
2020-06-05,0.98444305384068,0.9824993680293,0.001943685811379936
2020-06-08,0.98444305384068,0.9821170485568611,0.002326005283818877
2020-06-09,0.985270323312534,0.9822143513158482,0.0030559719966857246
2020-06-10,0.9856784351315485,0.9822143513158482,0.0034640838157002918
2020-06-11,0.9861348477913774,0.982486302613285,0.0036485451780924327
2020-06-12,0.9866755420464193,0.9823808731677248,0.004294668878694452
2020-06-15,0.9872823427033129,0.9829215674227669,0.004360775280546014
2020-06-16,0.9872823427033129,0.9834562593700706,0.0038260833332423028
2020-06-17,0.9872823427033129,0.9834562593700706,0.0038260833332423028
2020-06-18,0.9879577346253665,0.9853408281050829,0.0026169065202835684
2020-06-19,0.9884924265726702,0.9846947044044809,0.003797722168189299
2020-06-22,0.9887854990222847,0.9839512779448923,0.004834221077392398
2020-06-23,0.9890845737796372,0.9843335974173314,0.004750976362305814
2020-06-24,0.9893836485369897,0.9829429748763727,0.006440673660616958
2020-06-25,0.9888325274733811,0.981976481139399,0.00685604633398218
2020-06-26,0.9890741469710705,0.9818614417699987,0.007212705201071867
2020-06-29,0.9891714497300576,0.9821792133439461,0.006992236386111461
2020-06-30,0.9894892213040051,0.9822846427895062,0.0072045785144988495
2020-07-01,0.9906253940445996,0.9828193347368097,0.007806059307789881
2020-07-02,0.9911765151082083,0.9826316917327553,0.008544823375452926
2020-07-06,0.9911765151082083,0.9830140112051946,0.008162503903013651
2020-07-07,0.990858743534261,0.9827935423902341,0.008065201144026868
2020-07-08,0.990700368751658,0.9824757708162868,0.008224597935371225
2020-07-09,0.9905853293822577,0.9825812002618469,0.008004129120410819
2020-07-10,0.9915034043802966,0.9829893120808615,0.008514092299435116
2020-07-13,0.9915034043802966,0.9821620426090076,0.00934136177128897
2020-07-14,0.9909627101252548,0.9815769909320213,0.0093857191932335
2020-07-15,0.9909627101252548,0.9815769909320213,0.0093857191932335
2020-07-16,0.9910777494946552,0.98296761347298,0.008110136021675207
2020-07-17,0.9913193689923444,0.9827471446580197,0.008572224334324696
2020-07-20,0.9910520888893057,0.9828878446327697,0.008164244256536057
2020-07-21,0.9910520888893054,0.9832056162067169,0.007846472682588534
2020-07-22,0.9917274808113592,0.9823718495020609,0.009355631309298285
2020-07-23,0.9916124414419587,0.9821691172975137,0.009443324144445042
2020-07-24,0.991815173646506,0.9821691172975137,0.009646056348992293
2020-07-27,0.9922408285321476,0.9813507161308662,0.010890112401281349
2020-07-28,0.991815173646506,0.9814561455764262,0.010359028070079712
2020-07-29,0.9906790009059112,0.9807807536543729,0.009898247251538317
2020-07-30,0.9906790009059112,0.9805391341566835,0.010139866749227733
2020-07-31,0.9908601466771634,0.9806294744017507,0.010230672275412633
2020-08-03,0.9902750950001773,0.9801417254837518,0.010133369516425517
2020-08-04,0.9908601466771634,0.9812145764507632,0.009645570226400224
2020-08-05,0.990415794974927,0.9812145764507632,0.00920121852416389
2020-08-06,0.990415794974927,0.9812145764507632,0.00920121852416389
2020-08-07,0.9897404030528734,0.981011844246216,0.00872855880665735
2020-08-10,0.9899608718678337,0.980809112041669,0.009151759826164674
2020-08-11,0.99079463857249,0.980809112041669,0.009985526530820965
2020-08-12,0.9916130397391374,0.9799753453370128,0.011637694402124588
2020-08-13,0.9912307202666981,0.9794875964190136,0.0117431238476845
2020-08-14,0.9902158077907899,0.9793972561739462,0.010818551616843641
2020-08-17,0.9896646867271812,0.9801406826335352,0.009524004093646066
2020-08-18,0.9894442179122209,0.9807257343105212,0.00871848360169969
2020-08-19,0.989051471631215,0.9807257343105212,0.008325737320693749
2020-08-20,0.988563722713216,0.9807257343105212,0.007837988402694784
2020-08-21,0.988563722713216,0.9808311637560814,0.00773255895713465
2020-08-24,0.9888814942871632,0.9826314241977112,0.006250070089451998
2020-08-25,0.9893692432051623,0.9827580043260004,0.006611238879161929
2020-08-26,0.9901876443718097,0.9828730436954004,0.007314600676409322
2020-08-27,0.9900973041267425,0.9829784731409604,0.007118830985782032
2020-08-28,0.9902849471307968,0.9825703613219456,0.007714585808851204
2020-08-31,0.9901876443718097,0.9821929805789489,0.007994663792860845
2020-09-01,0.9903283443465597,0.9817005604665519,0.008627783880007844
2020-09-02,0.9905159873506141,0.9817005604665516,0.00881542688406245
2020-09-03,0.9899812954033103,0.982047609409801,0.007933685993509298
2020-09-04,0.9903283443465597,0.9827394304481593,0.00758891389840044
2020-09-08,0.9903283443465597,0.9822950787459229,0.008033265600636774
2020-09-09,0.9899812954033104,0.982400508191483,0.007580787211827422
2020-09-10,0.9894935464853112,0.9811071884095112,0.008386358075800016
2020-09-11,0.9895838867303787,0.9805724964622075,0.009011390268171215
2020-09-14,0.9896893161759386,0.9804141216796047,0.00927519449633385
2020-09-15,0.9887430453372161,0.9794678508408825,0.009275194496333627
2020-09-16,0.98790927863256,0.9778552334033068,0.010054045229253128
2020-09-17,0.9872631549319582,0.9793624213953224,0.007900733536635784
2020-09-18,0.9877075066341944,0.980927692474731,0.006779814159463382
2020-09-21,0.9871224549572082,0.9822385137537754,0.004883941203432829
2020-09-22,0.9876102038752075,0.9828846374543774,0.004725566420830107
2020-09-23,0.9877978468792619,0.9812720200168018,0.00652582686246006
2020-09-24,0.9867829344033535,0.980512319801366,0.006270614601987523
2020-09-25,0.9867829344033535,0.9808593687446151,0.005923565658738417
2020-09-28,0.987082009160706,0.9819322197116267,0.0051497894490792895
2020-09-29,0.987082009160706,0.9815065648259851,0.005575444334720903
2020-09-30,0.9867829344033535,0.982228404852279,0.004554529551074493
2020-10-01,0.9871224549572082,0.9816937129049753,0.005428742052232871
2020-10-02,0.9872374943266087,0.9812493612027389,0.00598813312386981
2020-10-05,0.9872374943266087,0.9812493612027389,0.00598813312386981
2020-10-06,0.9870967943518587,0.9804220917308849,0.006674702620973805
2020-10-07,0.9870064541067914,0.979965679071056,0.007040775035735414
2020-10-08,0.9873055288641439,0.9796937277736193,0.007611801090524617
2020-10-09,0.9879809207861976,0.9797727596904511,0.008208161095746513
2020-10-12,0.9878543406579087,0.980307451637755,0.007546889020153658
2020-10-13,0.987666697653854,0.9806848323807518,0.0069818652731021835
2020-10-14,0.9872843781814149,0.9811291840829883,0.006155194098426575
2020-10-15,0.987381680940402,0.9819629507876444,0.005418730152757623
2020-10-16,0.9872409809656523,0.9819629507876445,0.005278030178007764
2020-10-19,0.9867002867106104,0.9822349020850815,0.004465384625528923
2020-10-20,0.9863825151366631,0.9823192103784639,0.00406330475819916
2020-10-21,0.9862241403540601,0.9822041710090637,0.004019969344996488
2020-10-22,0.9862241403540601,0.9823192103784639,0.0039049299755962164
2020-10-23,0.985779788651824,0.9823192103784637,0.0034605782733603263
2020-10-26,0.9865016286781179,0.9813042979025554,0.005197330775562503
2020-10-27,0.9874478995168403,0.9814097273481156,0.006038172168724709
2020-10-28,0.9863486787475495,0.9815973703521699,0.004751308395379628
2020-10-29,0.9862079787727998,0.9803708573665078,0.005837121406292001
2020-10-30,0.9851930662968912,0.9782315388743833,0.006961527422507885
2020-11-02,0.984608014619905,0.9782315388743833,0.0063764757455216925
2020-11-03,0.984705317378892,0.9779899193766941,0.006715398002197892
2020-11-04,0.9852400093261957,0.9786817404150525,0.006558268911143195
2020-11-05,0.9844216081595486,0.9792164323623563,0.005205175797192263
2020-11-06,0.983616037295576,0.9788083205433414,0.00480771675223457
2020-11-09,0.9839934180385728,0.9792164323623563,0.0047769856762164276
2020-11-10,0.9838057750345184,0.9793067726074237,0.004499002427094667
2020-11-11,0.984844645016126,0.9786877723667375,0.006156872649388467
2020-11-12,0.9849853449908758,0.978394699917123,0.006590645073752732
2020-11-13,0.9857071850171696,0.9777756996764368,0.007931485340732736
2020-11-16,0.9857975252622371,0.9777756996764368,0.008021825585800224
2020-11-17,0.9860391447599263,0.9795972465946138,0.006441898165312487
2020-11-18,0.9860391447599263,0.9801483676582222,0.005890777101704048
2020-11-19,0.9851145725290854,0.9795972465946138,0.0055173259344716286
2020-11-20,0.9844955722883992,0.9790625546473098,0.005433017641089388
2020-11-23,0.9840874604693843,0.979159857406297,0.004927603063087371
2020-11-24,0.983997120224317,0.9793475004103515,0.0046496198139655
2020-11-25,0.9837943880197699,0.9792068004356015,0.00458758758416844
2020-11-27,0.983997120224317,0.9796870209642063,0.004310099260110611
2020-11-30,0.9840874604693843,0.97885325425955,0.00523420620983428
2020-12-01,0.9838669916544242,0.9780145221272821,0.0058524695271420235
2020-12-02,0.9845423835764776,0.9777425708298453,0.006799812746632328
2020-12-03,0.9837826833610415,0.9792497588218607,0.004532924539180749
2020-12-04,0.9837826833610418,0.9787695382932561,0.005013145067785718
2020-12-07,0.9829489166563855,0.9783872188208168,0.004561697835568701
2020-12-08,0.982130515489738,0.9767429158245764,0.005387599665161558
2020-12-09,0.9828059074117914,0.9761239155838902,0.00668199182790119
2020-12-10,0.9822344553825625,0.9761239155838902,0.006110539798672265
2020-12-11,0.981219542906654,0.9767089672608763,0.004510575645777726
2020-12-14,0.9808372234342149,0.9772436592081802,0.003593564226034629
2020-12-15,0.9806167546192548,0.9764712496125029,0.004145505006751926
2020-12-16,0.9806167546192548,0.9772985190843567,0.003318235534898073
2020-12-17,0.9801910997336132,0.9768541673821205,0.003336932351492683
2020-12-18,0.9799191484361762,0.9758570604672497,0.004062087968926487
2020-12-21,0.9793784541811343,0.9758570604672497,0.003521393713884602
2020-12-22,0.9798586747097391,0.9764760607079359,0.0033826140018031747
2020-12-23,0.9807921152457866,0.976573363466923,0.00421875177886355
2020-12-24,0.981236466948023,0.9775196343056455,0.0037168326423775433
2020-12-28,0.9808894180047737,0.9785585042872531,0.0023309137175205885
2020-12-29,0.9808894180047737,0.9785585042872531,0.0023309137175205885
2020-12-30,0.9811430984600554,0.9797367569733757,0.0014063414866797297
2020-12-31,0.9803043663277876,0.9800838059166253,0.0002205604111623627
2021-01-04,0.9803043663277876,0.9800838059166253,0.0002205604111623627
2021-01-05,0.9806438868816424,0.9794827748454769,0.0011611120361655347
2021-01-06,0.9797193146508014,0.9791053941024801,0.0006139205483213228
2021-01-07,0.9791125139939079,0.9797064251736284,-0.0005939111797205188
2021-01-08,0.9789541392113049,0.9799783764710651,-0.0010242372597601967
2021-01-11,0.9805194102907135,0.9805634281480513,-4.4017857337763644e-05
2021-01-12,0.9805194102907135,0.9800832076194466,0.0004362026712669831
2021-01-13,0.9805194102907135,0.9796575527338052,0.0008618575569083742
2021-01-14,0.9798440183686601,0.9800046016770544,-0.00016058330839430202
2021-01-15,0.9802696732543016,0.9800046016770544,0.0002650715772472001
2021-01-19,0.9803669760132887,0.980430256562696,-6.328054940729633e-05
2021-01-20,0.980811327715525,0.9803152171932956,0.0004961105222294204
2021-01-21,0.981638597187379,0.9801886370650067,0.0014499601223723069
2021-01-22,0.982465866659233,0.9798895623076542,0.00257630435157874
2021-01-25,0.9815527570888057,0.9794093417790495,0.002143415309756258
2021-01-26,0.982386523793462,0.9791373904816126,0.003249133311849395
2021-01-27,0.9833045987915009,0.9794883736958814,0.0038162250956195187
2021-01-28,0.9839799907135545,0.9805598580489112,0.0034201326646432495
2021-01-29,0.9850188606951621,0.9801034453890825,0.00491541530607964
2021-02-01,0.9839799907135545,0.9792761759172285,0.004703814796325978
2021-02-02,0.9844677396315535,0.9801034453890825,0.0043642942424710895
2021-02-03,0.9836339729268971,0.9803578951894464,0.0032760777374507555
2021-02-04,0.9839330476842499,0.9803578951894466,0.0035751524948033353
2021-02-05,0.984174667181939,0.9807088784037152,0.0034657887782237884
2021-02-08,0.9836399752346354,0.9807088784037152,0.002931096830920188
2021-02-09,0.9834816004520325,0.9807088784037152,0.0027727220483172443
2021-02-10,0.9836399752346354,0.9816269534017539,0.0020130218328815452
2021-02-11,0.9838211210058877,0.9821193735141511,0.0017017474917365716
2021-02-12,0.9835538409028488,0.9832976262002742,0.00025621470257464196
2021-02-16,0.9839794957884902,0.9835180950152342,0.00046140077325595996
2021-02-17,0.9845201900435321,0.9836587949899842,0.0008613950535478754
2021-02-18,0.9843618152609294,0.9820935239105756,0.0022682913503537794
2021-02-19,0.9845201900435321,0.9820935239105756,0.002426666132956501
2021-02-22,0.9845201900435321,0.9807036707146991,0.003816519328832979
2021-02-23,0.9845201900435321,0.9801322186854701,0.004387971358062015
2021-02-24,0.9850079389615312,0.9804252911350844,0.004582647826446795
2021-02-25,0.9854956878795303,0.9793524401680728,0.006143247711457578
2021-02-26,0.9852752190645699,0.979352440168073,0.00592277889649695
2021-03-01,0.9853725218235571,0.9807430627090319,0.0046294591145251696
2021-03-02,0.9851052417205183,0.9813145147382608,0.003790726982257464
2021-03-03,0.9851052417205183,0.9816615636815101,0.0034436780390081356
2021-03-04,0.9851052417205183,0.9832268347609188,0.00187840695959951
2021-03-05,0.9851052417205183,0.9840655668931865,0.0010396748273318046
2021-03-08,0.9860183512909454,0.9849836418912254,0.0010347093997199464
2021-03-09,0.9855381307623408,0.9848782124456654,0.0006599183166753342
2021-03-10,0.9856965055449435,0.9842931607686792,0.0014033447762642481
2021-03-11,0.9846250211919135,0.9840904285641321,0.0005345926277814383
2021-03-12,0.9854522906637675,0.9837130478211353,0.0017392428426321604
2021-03-15,0.9857195707668064,0.9839157800256825,0.0018037907411239118
2021-03-16,0.9862542627141101,0.9836620995704007,0.0025921631437093584
2021-03-17,0.9863949626888601,0.9836620995704007,0.0027328631184593277
2021-03-18,0.9871383891484489,0.9832367389179726,0.0039016502304762835
2021-03-19,0.9871383891484486,0.9818461163770139,0.005292272771434736
2021-03-22,0.9869976891736991,0.9821005661773778,0.004897122996321279
2021-03-23,0.9876438128743007,0.9821005661773778,0.005543246696922854
2021-03-24,0.9884775795789571,0.9826313562753657,0.0058462233035914135
2021-03-25,0.9884775795789571,0.9828340884799129,0.005643491099044162
2021-03-26,0.9886182795537068,0.9833747827349548,0.005243496818752025
2021-03-29,0.9886182795537071,0.9831543139199944,0.005463965633712653
2021-03-30,0.9886182795537071,0.9828870338169557,0.0057312457367513225
2021-03-31,0.9893906891493843,0.982728659034353,0.006662030115031303
2021-04-01,0.9893906891493843,0.9827286590343528,0.006662030115031525
2021-04-05,0.9893906891493843,0.9834040509564067,0.0059866381929776225
2021-04-06,0.9897730086218233,0.9832890115870062,0.006483997034817057
2021-04-07,0.9893473537361819,0.9830685427720459,0.006278810964135961
2021-04-08,0.9896146338392207,0.9827214938287968,0.006893140010423848
2021-04-09,0.9898562533369099,0.9825807938540468,0.0072754594828630115
2021-04-12,0.9901740249108574,0.9823603250390865,0.00781369987177083
2021-04-13,0.9901740249108574,0.9822630222800994,0.007911002630757946
2021-04-14,0.9905210738541065,0.9818376616276714,0.008683412226435094
2021-04-15,0.9905210738541066,0.9814866784134028,0.009034395440703835
2021-04-16,0.9897992338278128,0.9819123332990441,0.007886900528768614
2021-04-19,0.9891531101272107,0.9816132585416917,0.007539851585519064
2021-04-20,0.9887087584249746,0.9820060048226974,0.006702753602277234
2021-04-21,0.9884414783219355,0.9821467047974473,0.006294773524488262
2021-04-22,0.9887345507715498,0.9822617441668475,0.006472806604702286
2021-04-23,0.98873455077155,0.9818363835144196,0.006898167257130439
2021-04-26,0.9890523223454976,0.9820741011627929,0.006978221182704636
2021-04-27,0.9884061986448955,0.9828925023294405,0.005513696315455063
2021-04-28,0.9871796856592335,0.9833727228580451,0.0038069628011884182
2021-04-29,0.9860804648899426,0.9828925023294405,0.0031879625605021333
2021-04-30,0.9852417327576748,0.9831129711444008,0.0021287616132740217
2021-05-03,0.9850001132599854,0.9830075416988409,0.0019925715611445183
2021-05-04,0.9845747526075573,0.9835789937280699,0.0009957588794874406
2021-05-05,0.9839286289069556,0.9838206132257593,0.00010801568119633842
2021-05-06,0.9842277036643081,0.9846390143924064,-0.00041131072809830194
2021-05-07,0.983973253863944,0.985190135456015,-0.0012168815920710063
2021-05-10,0.984671286021462,0.9849228553529761,-0.0002515693315140455
2021-05-11,0.984671286021462,0.9843717342893676,0.0002995517320943941
2021-05-12,0.983746713790621,0.9828372626821718,0.0009094511084491996
2021-05-13,0.9827078438090133,0.9823808500223429,0.00032699378667044865
2021-05-14,0.9824662243113241,0.9822658106529427,0.00020041365838141534
2021-05-17,0.9821484527373767,0.9824862794679029,-0.0003378267305261806
2021-05-18,0.9815770007081475,0.9827535595709416,-0.0011765588627941082
2021-05-19,0.981924049651397,0.9827535595709418,-0.0008295099195447797
2021-05-20,0.981924049651397,0.9835719607375891,-0.001647911086192111
2021-05-21,0.9823167959324027,0.9842637817759474,-0.0019469858435446907
2021-05-24,0.9826563164862574,0.9845054012736366,-0.0018490847873792182
2021-05-25,0.9826563164862576,0.9840405618420157,-0.0013842453557580958
2021-05-26,0.9819128900266687,0.9836935128987665,-0.0017806228720977924
2021-05-27,0.9810856205548147,0.9838200930270554,-0.002734472472240679
2021-05-28,0.9798591075691525,0.9845419330533495,-0.004682825484196962
2021-06-01,0.9798591075691527,0.9849675879389909,-0.005108480369838131
2021-06-02,0.9793635059435644,0.9855390399682199,-0.006175534024655538
2021-06-03,0.9803468564871517,0.9859471517872349,-0.005600295300083213
2021-06-04,0.9805052312697545,0.9853756997580057,-0.004870468488251123
2021-06-07,0.9816834839558771,0.9848410078107019,-0.0031575238548248175
2021-06-08,0.9829943052349218,0.9856236188162704,-0.002629313581348547
2021-06-09,0.9829943052349218,0.985412459839931,-0.0024181546050091596
2021-06-10,0.9842876250168936,0.9842342071538084,5.3417863085214456e-05
2021-06-11,0.9846699444893325,0.984714427682413,-4.44831930804801e-05
2021-06-14,0.9847672472483199,0.9851400825680544,-0.00037283531973453243
2021-06-15,0.9847672472483199,0.9856278314860535,-0.0008605842377336081
2021-06-16,0.9847672472483199,0.9865370226199109,-0.0017697753715910647
2021-06-17,0.9851495667207589,0.9877152753060338,-0.0025657085852748285
2021-06-18,0.9848776154233219,0.9871084746491401,-0.002230859225818227
2021-06-21,0.9846103353202832,0.986410442491622,-0.0018001071713388272
2021-06-22,0.9843898665053229,0.9870172431485157,-0.0026273766431927914
2021-06-23,0.984543275860314,0.9876926350705693,-0.003149359210255276
2021-06-24,0.9846698559886031,0.9878510098531719,-0.003181153864568742
2021-06-25,0.9856669629034734,0.9874428980341573,-0.0017759351306838589
2021-06-28,0.9869777841825182,0.9875694781624462,-0.0005916939799279763
2021-06-29,0.9869777841825182,0.9873021980594073,-0.00032441387688908474
2021-06-30,0.9861505147106641,0.9873021980594076,-0.001151683348743493
2021-07-01,0.9867573153675578,0.9879089987163011,-0.001151683348743271
2021-07-02,0.9867573153675578,0.9882560476595504,-0.0014987322919925994
2021-07-06,0.9875845848394118,0.9881294675312613,-0.0005448826918494909
2021-07-07,0.9879023564133591,0.9874833438306594,0.0004190125826997182
2021-07-08,0.9879023564133591,0.9865741526968023,0.0013282037165568417
2021-07-09,0.9880173957827594,0.9865741526968023,0.0014432430859571133
2021-07-12,0.9879200930237725,0.9874079194014584,0.0005121736223140383
2021-07-13,0.9879200930237725,0.9874079194014584,0.0005121736223140383
2021-07-14,0.9879200930237725,0.9874079194014587,0.0005121736223138162
2021-07-15,0.9884003135523771,0.9874079194014582,0.000992394150918896
2021-07-16,0.988667593655416,0.9874079194014584,0.0012596742539575656
2021-07-19,0.9894110201150049,0.9874079194014587,0.0020031007135462575
2021-07-20,0.9894110201150049,0.9883171105353157,0.001093909579689245
2021-07-21,0.9892082879104579,0.988804859453315,0.0004034284571429181
2021-07-22,0.9889363366130208,0.9881980587964211,0.0007382778165997417
2021-07-23,0.989428756725418,0.9881980587964213,0.0012306979289966602
2021-07-26,0.9897278314827705,0.9883613990066357,0.0013664324761348823
2021-07-27,0.9902625234300744,0.9887695108256503,0.0014930126044240266
2021-07-28,0.9907549435424716,0.9887695108256505,0.001985432716821167
2021-07-29,0.9905344747275111,0.9892497313542552,0.0012847433732559033
2021-07-30,0.9908522463014586,0.9891346919848547,0.0017175543166039198
2021-08-02,0.9908522463014586,0.9889142231698944,0.001938023131564215
2021-08-03,0.990426591415817,0.9890725979524971,0.0013539934633198802
2021-08-04,0.9908522463014586,0.989339878055536,0.0015123682459226018
2021-08-05,0.9903644973834596,0.9890982585578466,0.001266238825612942
2021-08-06,0.9904548376285269,0.9900816091014341,0.0003732285270928726
2021-08-09,0.9900467258095121,0.9905740292138313,-0.0005273034043191682
2021-08-10,0.9900467258095121,0.9910183809160678,-0.0009716551065556134
2021-08-11,0.990187425784262,0.9910183809160678,-0.0008309551318057551
2021-08-12,0.9892693507862231,0.9908918007877786,-0.0016224500015554755
2021-08-13,0.988697898756994,0.9908918007877786,-0.0021939020307846224
2021-08-16,0.9888033282025541,0.9908918007877786,-0.002088472585224488
2021-08-17,0.9893883798795402,0.990049150218941,-0.000660770339400818
2021-08-18,0.9893883798795402,0.990189850193691,-0.0008014703141507873
2021-08-19,0.9897354288227896,0.9903164303219799,-0.0005810014991902701
2021-08-20,0.9891843077591811,0.9896246092836214,-0.0004403015244403008
2021-08-23,0.9885089158371276,0.989017808626728,-0.0005088927896003126
2021-08-24,0.9880525031772986,0.9888771086519782,-0.0008246054746795517
2021-08-25,0.9867998730530168,0.988674376447431,-0.0018745033944141953
2021-08-26,0.9859572224841789,0.988674376447431,-0.002717153963252006
2021-08-27,0.9859572224841789,0.988674376447431,-0.002717153963252006
2021-08-30,0.9848210497435844,0.988674376447431,-0.003853326703846527
2021-08-31,0.9846803497688345,0.988674376447431,-0.003994026678596496
2021-09-01,0.9849794245261871,0.9889921480213785,-0.004012723495191328
2021-09-02,0.9852784992835394,0.9888514480466285,-0.003572948763089112
2021-09-03,0.9852784992835394,0.9880330468799812,-0.002754547596441781
2021-09-07,0.9857228509857761,0.9883800958232303,-0.00265724483745422
2021-09-08,0.9854812314880866,0.9881384763255411,-0.002657244837454442
2021-09-09,0.9854812314880866,0.9872292851916838,-0.0017480537035972077
2021-09-10,0.9845349606493642,0.9861564342246724,-0.0016214735753081744
2021-09-13,0.984152641176925,0.9860157342499225,-0.0018630930729974793
2021-09-14,0.984152641176925,0.9859103048043626,-0.0017576636274375668
2021-09-15,0.9836648922589258,0.9867287059710099,-0.0030638137120840847
2021-09-16,0.9830798405819399,0.9862843542687735,-0.00320451368683361
2021-09-17,0.9835675894999388,0.9864250542435234,-0.0028574647435846146
2021-09-20,0.984152641176925,0.9861259794861708,-0.0019733383092457313
2021-09-21,0.9840119412021753,0.9862525596144599,-0.002240618412284623
2021-09-22,0.9840119412021753,0.9859534848571072,-0.001941543654931932
2021-09-23,0.9840119412021753,0.9859534848571072,-0.001941543654931932
2021-09-24,0.9840119412021753,0.9858384454877069,-0.0018265042855316604
2021-09-27,0.9833658175015734,0.985943874933267,-0.0025780574316935922
2021-09-28,0.9829401626159319,0.9855182200476253,-0.0025780574316934812
2021-09-29,0.9815480139933168,0.9852509399445866,-0.003702925951269753
2021-09-30,0.9812489392359643,0.984842828125572,-0.003593888889607655
2021-10-01,0.9809311676620167,0.984842828125572,-0.003911660463555289
2021-10-04,0.9806133960880694,0.9853230486541766,-0.004709652566107225
2021-10-05,0.9802738755342146,0.9848428281255718,-0.004568952591357145
2021-10-06,0.9802738755342146,0.9851823486794267,-0.004908473145212033
2021-10-07,0.9792589630583061,0.9851823486794267,-0.005923385621120603
2021-10-08,0.9788508512392915,0.9842099468589791,-0.005359095619687615
2021-10-11,0.9773866206052557,0.9842099468589791,-0.006823326253723394
2021-10-12,0.9773866206052557,0.9838628979157297,-0.006476277310473955
2021-10-13,0.9767676203645695,0.9841619726730821,-0.007394352308512597
2021-10-14,0.977066695121922,0.9837796532006432,-0.006712958078721187
2021-10-15,0.9771817344913223,0.9852606159866695,-0.00807888149534719
2021-10-18,0.9776741546037194,0.9854482589907239,-0.007774104387004432
2021-10-19,0.977375079846367,0.9845236867598828,-0.00714860691351582
2021-10-20,0.9782088465510231,0.9852671132194719,-0.007058266668448776
2021-10-21,0.977375079846367,0.9852671132194719,-0.007892033373104956
2021-10-22,0.9779157741014088,0.9854698454240187,-0.007554071322609879
2021-10-25,0.9775687251581596,0.9863156671161772,-0.008746941958017618
2021-10-26,0.9778617976077741,0.9863156671161775,-0.008453869508403322
2021-10-27,0.9783964895550779,0.9869007187931634,-0.008504229238085581
2021-10-28,0.9776530630954889,0.9859672782571158,-0.008314215161626892
2021-10-29,0.9760877920160803,0.9856999981540769,-0.009612206137996626
2021-11-01,0.976246166798683,0.9854972659495301,-0.009251099150847097
2021-11-02,0.9763434695576699,0.9845509951108077,-0.008207525553137751
2021-11-03,0.9764488990032301,0.9845509951108077,-0.008102096107577617
2021-11-04,0.9767959479464793,0.9858443148927792,-0.009048366946299957
2021-11-05,0.9768932507054664,0.9862188140793329,-0.009325563373866474
2021-11-08,0.9772213085989073,0.9858717651360838,-0.008650456537176443
2021-11-09,0.9782046591424948,0.9862700640026851,-0.008065404860190362
2021-11-10,0.9778063602758934,0.9860824209986305,-0.008276060722737122
2021-11-11,0.9760964400793312,0.9860824209986305,-0.009985980919299364
2021-11-12,0.9750993331644603,0.9866171129459342,-0.011517779781473947
2021-11-15,0.9750993331644603,0.9868047559499886,-0.01170542278552833
2021-11-16,0.975706133821354,0.9869313360782775,-0.011225202256923583
2021-11-17,0.9760239053953014,0.9864357344526893,-0.010411829057387911
2021-11-18,0.9764166516763073,0.9853628834856779,-0.008946231809370597
2021-11-19,0.9745951047581303,0.9855035834604275,-0.010908478702297275
2021-11-22,0.9742773331841831,0.9859913323784268,-0.011713999194243763
2021-11-23,0.9728131025501474,0.986106371747827,-0.013293269197679591
2021-11-24,0.9721672730827591,0.9869490223166648,-0.014781749233905739
2021-11-26,0.971702433651138,0.987331341789104,-0.015628908137966024
2021-11-29,0.972233223749126,0.987331341789104,-0.015098118039977959
2021-11-30,0.9721066436208369,0.987534073993651,-0.015427430372814133
2021-12-01,0.9722332237491259,0.9876606541219399,-0.015427430372814022
2021-12-02,0.9721066436208369,0.9873211335680849,-0.015214489947248055
2021-12-03,0.9736138316128524,0.9881395347347325,-0.014525703121880063
2021-12-06,0.9736138316128524,0.9887853642021208,-0.0151715325892684
2021-12-07,0.9736138316128524,0.9887853642021208,-0.0151715325892684
2021-12-08,0.9727711810440148,0.9881392405015188,-0.015368059457503969
2021-12-09,0.9708525083848448,0.9881392405015188,-0.017286732116673975
2021-12-10,0.9706320395698846,0.9882542798709193,-0.017622240301034653
2021-12-13,0.97015181904128,0.9887345003995239,-0.018582681358243924
2021-12-14,0.97015181904128,0.9886194610301235,-0.01846764198884354
2021-12-15,0.9700252389129909,0.9891909130593529,-0.019165674146362055
2021-12-16,0.9706320395698844,0.9891909130593527,-0.018558873489468275
2021-12-17,0.9700252389129909,0.9889704442443923,-0.018945205331401427
2021-12-20,0.9694845446579488,0.9884357522970886,-0.018951207639139822
2021-12-21,0.9693033988866968,0.9882152834821283,-0.018911884595431472
2021-12-22,0.9672654207966933,0.9882152834821283,-0.020949862685434972
2021-12-23,0.9662155296880861,0.9876302318051422,-0.021414702117056095
2021-12-27,0.9664359985030467,0.9877452711745424,-0.021309272671495627
2021-12-28,0.9664359985030465,0.9875641254032904,-0.021128126900243904
2021-12-29,0.9686107581312301,0.9870234311482485,-0.018412673017018433
2021-12-30,0.9691958098082162,0.9864519791190195,-0.017256169310803315
2021-12-31,0.9665980018170722,0.9863465496734595,-0.019748547856387244
2022-01-03,0.9656645612810246,0.9848393616814439,-0.0191748004004193
2022-01-04,0.9664701321449974,0.9850205074526962,-0.018550375307698763
2022-01-05,0.9668171810882465,0.9853675563959452,-0.018550375307698652
2022-01-06,0.9668171810882465,0.9853675563959454,-0.018550375307698874
2022-01-07,0.9663294321702475,0.9846757353575871,-0.018346303187339652
2022-01-10,0.9664444715396477,0.9848962041725474,-0.018451732632899676
2022-01-11,0.9665499009852077,0.9847907747269875,-0.01824087374177985
2022-01-12,0.9674833415212554,0.9854368984275891,-0.017953556906333712
2022-01-13,0.9674833415212554,0.9851696183245504,-0.017686276803295042
2022-01-14,0.9688062126186978,0.9850641888789904,-0.016257976260292573
2022-01-18,0.9692939615366969,0.9844183594116022,-0.015124397874905271
2022-01-19,0.9705872813186687,0.9845449395398911,-0.013957658221222413
2022-01-20,0.9711180714166565,0.9845449395398911,-0.01342686812323457
2022-01-21,0.972231173211854,0.9845449395398911,-0.012313766328037046
2022-01-24,0.9754965528391659,0.9845449395398911,-0.009048386700725164
2022-01-25,0.9764299933752134,0.9845449395398911,-0.008114946164677672
2022-01-26,0.9765450327446139,0.9826083532523139,-0.006063320507699976
2022-01-27,0.974944020572398,0.9823667337546247,-0.007422713182226648
2022-01-28,0.974723551757438,0.9845060522467489,-0.009782500489310952
2022-01-31,0.9759382980187211,0.984853101189998,-0.008914803171276908
2022-02-01,0.9754722477086033,0.9846503689854512,-0.009178121276847917
2022-02-02,0.9754722477086033,0.9845449395398911,-0.009072691831287782
2022-02-03,0.9747414653858452,0.9845449395398911,-0.009803474154045921
2022-02-04,0.9742537164678461,0.9845449395398911,-0.010291223072044997
2022-02-07,0.9756458650904609,0.9833570492034792,-0.007711184113018299
2022-02-08,0.976186559345503,0.9844819177230556,-0.008295358377552575
2022-02-09,0.9778308623417434,0.9841423971692008,-0.006311534827457388
2022-02-10,0.9785616446645016,0.9849696666410549,-0.006408021976553324
2022-02-11,0.9793442556700701,0.9856154961084432,-0.006271240438373127
2022-02-14,0.97944968511563,0.9857305354778434,-0.006280850362213375
2022-02-15,0.9803627946860572,0.9864285676353616,-0.006065772949304327
2022-02-16,0.9802093853310659,0.9865692676101114,-0.006359882279045492
2022-02-17,0.980103955885506,0.9863276481124221,-0.0062236922269161
2022-02-18,0.9799889165161058,0.985403075881581,-0.005414159365475291
2022-02-22,0.9798834870705457,0.9851826070666206,-0.005299119996074908
2022-02-23,0.9793910669581485,0.9849949640625663,-0.0056038971044177766
2022-02-24,0.9786692269318544,0.9847744952476059,-0.006105268315751422
2022-02-25,0.9797420778988662,0.984901075375895,-0.005158997477028748
2022-02-28,0.9800815984527209,0.9853091871949096,-0.005227588742188649
2022-03-01,0.9803488785557598,0.9855296560098697,-0.005180777454109942
2022-03-02,0.9807742392081876,0.9852880365121808,-0.00451379730399315
2022-03-03,0.9810461905056247,0.9852880365121808,-0.004241846006556083
2022-03-04,0.9807742392081878,0.9850160852147437,-0.0042418460065558605
2022-03-07,0.9802120970175796,0.98448139326744,-0.004269296249860388
2022-03-08,0.9801147942585925,0.9847533445648768,-0.00463855030628435
2022-03-09,0.9817158064308081,0.9846267644365879,-0.0029109580057797846
2022-03-10,0.9828575317569986,0.9851614563838916,-0.0023039246268929947
2022-03-11,0.983099151254688,0.9846737074658924,-0.001574556211204392
2022-03-14,0.98225650068585,0.9845833672208251,-0.0023268665349750473
2022-03-15,0.9817218087385463,0.9839372435202234,-0.0022154347816770725
2022-03-16,0.9825490782104005,0.9844249924382226,-0.001875914227822073
2022-03-17,0.9834825187464481,0.9844249924382226,-0.0009424736917744703
2022-03-18,0.9834825187464481,0.9841833729405332,-0.0007008541940850543
2022-03-21,0.9825733276125908,0.9822988042055208,0.0002745234070699043
2022-03-22,0.9816398870765433,0.9815391039900847,0.00010078308645855572
2022-03-23,0.9820222065489821,0.9812213324161375,0.0008008741328445756
2022-03-24,0.9821372459183826,0.9814629519138268,0.0006742940045557644
2022-03-25,0.9816064558203943,0.9815683813593866,3.807446100767553e-05
2022-03-28,0.9807677236881265,0.9816949614876755,-0.0009272377995490633
2022-03-29,0.9803903429451297,0.9826614552246491,-0.0022711122795193717
2022-03-30,0.9805169230734186,0.9826614552246491,-0.0021445321512304494
2022-03-31,0.9821179352456343,0.9822791357522103,-0.00016120050657597584
2022-04-01,0.9832171560149251,0.9806665183146348,0.0025506377002902925
2022-04-04,0.984681386648961,0.980059717657741,0.004621668991219963
2022-04-05,0.9852528386781901,0.9792413164910937,0.006011522187096441
2022-04-06,0.9858538697493385,0.9792413164910935,0.0066125532582450575
2022-04-07,0.986388561696642,0.9809512366876562,0.0054373250089858605
2022-04-08,0.9875668143827651,0.9808246565593672,0.006742157823397821
2022-04-11,0.9875668143827648,0.9802396048823809,0.007327209500383902
2022-04-12,0.9878045320311384,0.9799859244270994,0.007818607604038963
2022-04-13,0.9888016389460093,0.9802578757245363,0.008543763221472989
2022-04-14,0.9893363308933127,0.9802578757245362,0.009078455168776589
2022-04-18,0.9904355516626038,0.9800767299532839,0.010358821709319899
2022-04-19,0.9903089715343146,0.9794916782762978,0.010817293258016836
2022-04-20,0.9907346264199562,0.9793862488307379,0.011348377589218361
2022-04-21,0.9911120071629532,0.9796582001281748,0.011453807034778385
2022-04-22,0.9911120071629532,0.9796582001281748,0.011453807034778385
2022-04-25,0.9914893879059501,0.9796582001281748,0.011831187777775254
2022-04-26,0.9918974997249648,0.9796582001281748,0.012239299596789932
2022-04-27,0.9923418514272012,0.9796582001281748,0.012683651299026377
2022-04-28,0.9922268120578007,0.9793651276785603,0.012861684379240401
2022-04-29,0.9922268120578007,0.9800569487169186,0.012169863340882103
2022-05-02,0.9916200114009072,0.9807323406389723,0.010887670761934864
2022-05-03,0.9918011571721593,0.9806173012695718,0.011183855902587525
2022-05-04,0.992100231929512,0.9819106210515438,0.010189610877968214
2022-05-05,0.9916200114009072,0.9830888737376664,0.008531137663240762
2022-05-06,0.991959531954762,0.9835766226556655,0.008382909299096575
2022-05-09,0.991959531954762,0.9829304989550639,0.00902903299969815
2022-05-10,0.9926349238768157,0.983748900121711,0.008886023755104722
2022-05-11,0.9930430356958305,0.983854329567271,0.009188706128559487
2022-05-12,0.9934873873980669,0.9842013785105205,0.009286008887546382
2022-05-13,0.9938697068705058,0.9842856868039028,0.009584020066602972
2022-05-16,0.9941113263681952,0.9844733298079572,0.009637996560238005
2022-05-17,0.9936856714825538,0.9844733298079572,0.009212341674596614
2022-05-18,0.9929638314562598,0.9841262808647081,0.008837550591551668
2022-05-19,0.9932629062136122,0.9844733298079574,0.008789576405654809
2022-05-20,0.9936885610992536,0.9854196006466798,0.00826896045257386
2022-05-23,0.9946131333300949,0.9862468701185337,0.008366263211561198
2022-05-24,0.9950574850323312,0.9872617825944421,0.007795702437889074
2022-05-25,0.9951725244017315,0.987796474541746,0.007376049859985523
2022-05-26,0.9952991045300205,0.987388362722731,0.007910741807289456
2022-05-27,0.9958397987850623,0.9872072169514791,0.008632581833583286
2022-05-31,0.9958397987850623,0.9870260711802266,0.008813727604835786
2022-06-01,0.9959804987598119,0.9869206417346669,0.009059857025145002
2022-06-02,0.9958221239772094,0.9863355900576806,0.009486533919528806
2022-06-03,0.9958221239772094,0.9870574300839746,0.008764693893234754
2022-06-06,0.9955805044795202,0.9862390289173274,0.00934147556219278
2022-06-07,0.9955805044795202,0.986631775198333,0.008948729281187173
2022-06-08,0.9958009732944805,0.986631775198333,0.009169198096147468
2022-06-09,0.995501898537128,0.986631775198333,0.008870123338795
2022-06-10,0.9951841269631804,0.986631775198333,0.008552351764847366
2022-06-13,0.9947760151441658,0.986631775198333,0.008144239945832799
2022-06-14,0.9948663553892331,0.9860249745414394,0.008841380847793623
2022-06-15,0.9953107070914695,0.984952123574428,0.010358583517041553
2022-06-16,0.9953107070914695,0.9839372110985196,0.0113734959929499
2022-06-17,0.9953107070914695,0.9840426405440795,0.011268066547389988
2022-06-21,0.9949283876190304,0.9837706892466426,0.011157698372387781
2022-06-22,0.9949283876190304,0.9832782691342455,0.01165011848478481
2022-06-23,0.9944840359167941,0.9831728396886854,0.011311196228108722
2022-06-24,0.9942635671018336,0.9829191592334038,0.011344407868429829
2022-06-27,0.9942635671018336,0.9835945511554574,0.010669015946376259
2022-06-28,0.993783346573229,0.9837578913656716,0.010025455207557377
2022-06-29,0.9938983859426294,0.9831117676650698,0.010786618277559556
2022-06-30,0.9937718058143402,0.9828444875620311,0.010927318252309082
2022-07-01,0.9939529515855925,0.9833247080906357,0.010628243494956835
2022-07-05,0.9940936515603422,0.9839315087475294,0.010162142812812802
2022-07-06,0.9939670714320533,0.982806640227953,0.011160431204100263
2022-07-07,0.9936492998581058,0.9816283875418302,0.012020912316275556
2022-07-08,0.9937758799863949,0.9818956676448691,0.011880212341525809
2022-07-11,0.9937758799863949,0.9817210191064192,0.01205486087997576
2022-07-12,0.9942015348720363,0.9815182869018722,0.01268324797016418
2022-07-13,0.9944220036869967,0.9822401269281661,0.012181876758830645
2022-07-14,0.9939342547689975,0.982886250628768,0.01104800414022955
2022-07-15,0.9939342547689977,0.9831535307318069,0.01078072403719077
2022-07-18,0.9939342547689977,0.9824617096934484,0.01147254507554929
2022-07-19,0.994281303712247,0.9837272781877746,0.010554025524472377
2022-07-20,0.9940396842145576,0.9838327076333345,0.010206976581223048
2022-07-21,0.9936926352713084,0.9840743271310239,0.009618308140284415
2022-07-22,0.993399562821694,0.9840743271310239,0.009325235690670008
2022-07-25,0.9939846144986801,0.98451867883326,0.009465935665420089
2022-07-26,0.99387918505312,0.984975091493089,0.008904093560030968
2022-07-27,0.99387918505312,0.9859213623318115,0.007957822721308516
2022-07-28,0.9934535301674786,0.9866131833701697,0.006840346797308938
2022-07-29,0.9928684784904924,0.9871056034825669,0.005762875007925494
2022-08-01,0.9923760583780953,0.987377554780004,0.004998503598091286
2022-08-02,0.991804606348866,0.9870265715657351,0.00477803478313088
2022-08-03,0.9913964945298512,0.9870265715657351,0.004369922964116091
2022-08-04,0.9913964945298512,0.9873660921195899,0.004030402410261313
2022-08-05,0.9915548693124542,0.9878538410375891,0.0037010282748650702
2022-08-08,0.9915548693124541,0.9870265715657351,0.004528297746718923
2022-08-09,0.9916602987580139,0.9864415198887491,0.005218778869264806
2022-08-10,0.9922317507872431,0.9869926409523575,0.005239109834885625
2022-08-11,0.9918060959016015,0.9874182958379991,0.004387800063602398
2022-08-12,0.9919467958763514,0.9877360674119464,0.004210728464404956
2022-08-15,0.9919467958763514,0.9883075194411753,0.003639276435176031
2022-08-16,0.9919467958763514,0.9885491389388648,0.003397656937486615
2022-08-17,0.9920733760046403,0.9883286701239046,0.0037447058807357214
2022-08-18,0.9919583366352401,0.9877879758688627,0.004170360766377446
2022-08-19,0.9921999561329294,0.9888028883447709,0.0033970677881585143
2022-08-22,0.9931180311309682,0.9879641562125033,0.0051538749184648625
2022-08-23,0.9939517978356244,0.9879641562125033,0.005987641623121043
2022-08-24,0.9943599096546393,0.987145755045856,0.007214154608783274
2022-08-25,0.995103336114228,0.9871457550458558,0.007957581068372188
2022-08-26,0.994615587196229,0.987145755045856,0.007469832150373001
2022-08-29,0.994615587196229,0.987633503963855,0.006982083232374037
2022-08-30,0.9944572124136264,0.9867000634278075,0.007757148985818918
2022-08-31,0.9949449613316255,0.9869027956323543,0.008042165699271187
2022-09-01,0.9946458865742728,0.9869818275491864,0.007664059025086378
2022-09-02,0.9942202316886314,0.9867790953446391,0.0074411363439922384
2022-09-06,0.9942202316886312,0.9866736658990791,0.00754656578955204
2022-09-07,0.9941148022430715,0.9865946339822473,0.007520168260824134
2022-09-08,0.9943352710580315,0.9868619140852862,0.007473356972745315
2022-09-09,0.9942202316886312,0.9866414452703258,0.007578786418305339
2022-09-12,0.9940174994840844,0.9858141757984719,0.008203323685612496
2022-09-13,0.9942202316886314,0.9856875956701829,0.008532636018448447
2022-09-14,0.9943786064712341,0.9855725563007826,0.008806050170451551
2022-09-15,0.994252026342945,0.9854752535417954,0.008776772801149524
2022-09-16,0.9947397752609441,0.9850309018395592,0.009708873421384934
2022-09-19,0.9947397752609441,0.9843850723721709,0.01035470288877327
2022-09-20,0.9940179352346501,0.9835513056675145,0.010466629567135621
2022-09-21,0.9941329746040506,0.9834669973741322,0.010665977229918355
2022-09-22,0.9942595547323395,0.983641645912582,0.010617908819757549
2022-09-23,0.994558629489692,0.9841823401676236,0.010376289322068355
2022-09-26,0.9949409489621309,0.9835972884906375,0.011343660471493378
2022-09-27,0.9946993294644417,0.98261393794705,0.012085391517391741
2022-09-28,0.9951795499930464,0.9822211916660444,0.012958358327001984
2022-09-29,0.9952849794386063,0.9817955367804028,0.01348944265820351
2022-09-30,0.9949026599661673,0.9822398884826391,0.012662771483528235
2022-10-03,0.9947619599914174,0.981775049051018,0.012986910940399388
2022-10-04,0.9949203347740203,0.9823601007280042,0.012560234046016139
2022-10-05,0.9950353741434205,0.9819519889089896,0.013083385234430867
2022-10-06,0.9948149053284603,0.9819519889089894,0.012862916419470904
2022-10-07,0.9948149053284603,0.9819519889089894,0.012862916419470904
2022-10-10,0.9950821854314992,0.9823264880955431,0.012755697335956051
2022-10-11,0.994976755985939,0.9820592079925042,0.012917547993434808
2022-10-12,0.9945944365134999,0.9820592079925042,0.012535228520995645
2022-10-13,0.994721016641789,0.9819185080177546,0.012802508624034425
2022-10-14,0.9949882967448277,0.9818034686483541,0.013184828096473589
2022-10-17,0.9949882967448279,0.9828423386299617,0.012145958114866184
2022-10-18,0.9949882967448279,0.9829830386047117,0.012005258140116215
2022-10-19,0.995103336114228,0.9833653580771508,0.011737978037077212
2022-10-20,0.9956883877912142,0.9828246638221089,0.01286372396910529
2022-10-21,0.9954211076881753,0.9829830386047117,0.012438069083463565
2022-10-24,0.9951220329308228,0.9831414133873142,0.011980619543508597
2022-10-25,0.995609781848822,0.9823979869277255,0.013211794921096476
2022-10-26,0.9956097818488222,0.9819723320420839,0.013637449806738311
2022-10-27,0.9959088566061747,0.9817050519390451,0.01420380466712956
2022-10-28,0.9957504818235717,0.9813305527524917,0.014419929071080029
2022-10-31,0.9960495565809242,0.9811100839375312,0.014939472643393015
2022-11-01,0.9960495565809242,0.9803666574779423,0.01568289910298193
2022-11-02,0.9961761367092133,0.9798259632229006,0.016350173486312736
2022-11-03,0.9958583651352658,0.9798259632229004,0.016032401912365435
2022-11-04,0.9957433257658658,0.9789801415307418,0.016763184235124018
2022-11-07,0.9960610973398131,0.9792792162880944,0.016781881051718628
2022-11-08,0.9960610973398131,0.9800226427476834,0.016038454592129714
2022-11-09,0.995476045662827,0.9800226427476831,0.015453402915143855
2022-11-10,0.9950937261903878,0.9808564094523395,0.014237316738048289
2022-11-11,0.9952344261651376,0.9815998359119286,0.013634590253209011
2022-11-14,0.9951289967195774,0.9819821553843675,0.013146841335209936
2022-11-15,0.9955733484218141,0.9822026241993279,0.013370724222486197
2022-11-16,0.9957140483965637,0.9822026241993279,0.013511424197235833
2022-11-17,0.9955874682682747,0.9813688574946717,0.01421861077360298
2022-11-18,0.995446768293525,0.9824077274762794,0.013039040817245606
2022-11-21,0.9955521977390848,0.9817323355542257,0.013819862184859089
2022-11-22,0.9959965494413214,0.9825596050260796,0.013436944415241792
2022-11-23,0.9957292693382825,0.9822200844722249,0.013509184866057677
2022-11-25,0.9958699693130323,0.9819210097148722,0.013948959598160116
2022-11-28,0.9957292693382825,0.982329121533887,0.013400147804395579
2022-11-29,0.9959708888359717,0.9830599038566453,0.012910984979326412
2022-11-30,0.9957681566314247,0.9817884272788451,0.013979729352579628
2022-12-01,0.9951220329308228,0.9825318537384342,0.012590179192388584
2022-12-02,0.9947397134583839,0.9833776754305928,0.01136203802779101
2022-12-05,0.9948547528277839,0.9836707478802071,0.011184004947576764
2022-12-06,0.994757450068797,0.9838583908842615,0.010899059184535487
2022-12-07,0.9943317951831554,0.9845802309105557,0.009751564272599711
2022-12-08,0.9945990752861943,0.9839734302536618,0.010625645032532494
2022-12-09,0.9945990752861943,0.9836803578040475,0.01091871748214679
2022-12-12,0.9945990752861943,0.9850697694665095,0.009529305819684808
2022-12-13,0.9947045047317543,0.9859035361711659,0.00880096856058843
2022-12-14,0.9945894653623538,0.9861062683757129,0.008483196986640906
2022-12-15,0.9939433416617522,0.9861062683757129,0.007837073286039331
2022-12-16,0.9942424164191048,0.985362841916124,0.008879574502980825
2022-12-19,0.9938167615334632,0.9855212166987269,0.008295544834736268
2022-12-20,0.9940583810311524,0.9855212166987267,0.008537164332425684
2022-12-21,0.9939318009028634,0.9853007478837664,0.008631053019096946
2022-12-22,0.9934440519848644,0.9842618779021587,0.009182174082705719
2022-12-23,0.9937618235588117,0.9840414090871986,0.009720414471613092
2022-12-27,0.9940608983161642,0.9838209402722382,0.010239958043925967
2022-12-28,0.9940608983161642,0.983579320774549,0.010481577541615161
2022-12-29,0.993840429501204,0.9847210461007391,0.00911938340046492
2022-12-30,0.9936199606862437,0.9845626713181364,0.009057289368107346
2023-01-03,0.9940456155718853,0.9837354018462824,0.010310213725602924
2023-01-04,0.9936632960994459,0.9840531734202297,0.009610122679216238
2023-01-05,0.993565993340459,0.9850920434018373,0.008473949938621717
2023-01-06,0.9930252990854171,0.9857381671024392,0.0072871319829779235
2023-01-09,0.9926782501421679,0.9866512766728665,0.006026973469301478
2023-01-10,0.9932189443972098,0.9858240072010123,0.0073949371961975485
2023-01-11,0.9933596443719597,0.9852728861374038,0.008086758234555846
2023-01-12,0.9936012638696489,0.9850852431333492,0.008516020736299645
2023-01-13,0.9941863155466351,0.9850852431333492,0.009101072413285838
2023-01-17,0.9946740644646342,0.9854322920765988,0.009241772388035474
2023-01-18,0.9940890127876479,0.9852295598720515,0.008859452915596422
2023-01-19,0.9942297127623976,0.98393624009008,0.010293472672317616
2023-01-20,0.9946740644646342,0.98286475573705,0.011809308727584233
2023-01-23,0.9946740644646342,0.9832042762909049,0.011469788173729345
2023-01-24,0.9944324449669448,0.9831069735319178,0.011325471435027046
2023-01-25,0.9948767966691813,0.9827892019579706,0.01208759471121068
2023-01-26,0.9949822261147411,0.981842931119248,0.013139294995493045
2023-01-27,0.9952026949297015,0.9820013059018506,0.01320138902785084
2023-01-30,0.9953292750579906,0.9833919284428098,0.011937346615180866
2023-01-31,0.9948415261399914,0.9841353549023986,0.010706171237592876
2023-02-01,0.9954876498405931,0.9842760548771483,0.011211594963444815
2023-02-02,0.9953292750579906,0.9852223257158708,0.010106949342119864
2023-02-03,0.9955708945556798,0.9857025462444753,0.009868348311204533
2023-02-06,0.9958381746587186,0.9847562754057531,0.011081899252965544
2023-02-07,0.9962638295443603,0.9843306205201114,0.01193320902424888
2023-02-08,0.9958194778421237,0.9843306205201116,0.011488857322012103
2023-02-09,0.9958194778421237,0.9846483920940589,0.011171085748064802
2023-02-10,0.9951733541415221,0.9845333527246584,0.01064000141686372
2023-02-13,0.9949060740384832,0.9836087804938175,0.011297293544665687
2023-02-14,0.9944804191528415,0.9826907054957786,0.011789713657062828
2023-02-15,0.9943397191780919,0.9813973857138069,0.012942333464285083
2023-02-16,0.994072439075053,0.9817444346570562,0.012328004417996863
2023-02-17,0.9934656384181592,0.981362115184617,0.012103523233542135
2023-02-21,0.9934656384181594,0.9815825839995774,0.011883054418581951
2023-02-22,0.9934656384181592,0.9814242092169746,0.012041429201184561
2023-02-23,0.9934656384181592,0.9814242092169746,0.012041429201184561
2023-02-24,0.9934656384181594,0.9814242092169746,0.012041429201184783
2023-02-27,0.9929778895001602,0.9813269064579875,0.011650983042172713
2023-02-28,0.9936997295264541,0.9814676064327374,0.012232123093716685
2023-03-01,0.9942847812034402,0.9808214827321355,0.013463298471304674
2023-03-02,0.9941697418340402,0.9814676064327374,0.012702135401302717
2023-03-03,0.9941697418340399,0.9821894464590313,0.011980295375008665
2023-03-06,0.9938519702600926,0.9813507143267637,0.012501255933328959
2023-03-07,0.9936492380555457,0.9805234448549095,0.013125793200636227
2023-03-08,0.9933314664815982,0.9801839243010547,0.013147542180543481
2023-03-09,0.992497699776942,0.9792174305640812,0.013280269212860851
2023-03-10,0.9929233546625834,0.9789243581144667,0.01399899654811676
2023-03-13,0.9930640546373334,0.9793497187668946,0.013714335870438799
2023-03-14,0.9930640546373334,0.9793497187668946,0.013714335870438799
2023-03-15,0.9930640546373332,0.9793497187668948,0.013714335870438354
2023-03-16,0.9926383997516915,0.9796967677101439,0.012941632041547635
2023-03-17,0.9922913508084424,0.9799640478131828,0.012327302995259637
2023-03-20,0.9919090313360034,0.9794716277007856,0.012437403635217836
2023-03-21,0.9920144607815633,0.9791538561268383,0.01286060465472505
2023-03-22,0.9922349295965236,0.9787095044246018,0.01352542517192179
2023-03-23,0.9912200171206152,0.9778822349527478,0.013337782167867407
2023-03-24,0.9906853251733113,0.9775891625031333,0.013096162670177991
2023-03-27,0.9904180450702726,0.9773514448547598,0.013066600215512869
2023-03-28,0.9902773450955229,0.9774487476137469,0.012828597481776005
2023-03-29,0.9909527370175764,0.9779364965317461,0.013016240485830277
2023-03-30,0.9911403800216307,0.9777957965569962,0.013344583464634518
2023-03-31,0.9909199112066706,0.9780502463573602,0.012869664849310403
2023-04-03,0.9899953389758294,0.9788226559530374,0.011172683022791952
2023-04-04,0.9903348595296845,0.9788226559530376,0.01151220357664684
2023-04-05,0.9907171790021234,0.9791404275269848,0.011576751475138591
2023-04-06,0.9901824870548197,0.9780042547863901,0.012178232268429623
2023-04-10,0.9898354381115704,0.9770011090348608,0.01283432907670956
2023-04-11,0.9895363633542179,0.9767806402199004,0.012755723134317498
2023-04-12,0.9898354381115704,0.9773520922491294,0.012483345862440931
2023-04-13,0.9905108300336241,0.9780501244066475,0.012460705626976543
2023-04-14,0.9910958817106101,0.9791493451759384,0.011946536534671703
2023-04-17,0.9908754128956498,0.9795267259189354,0.011348686976714428
2023-04-18,0.9911744876530025,0.9801457261596216,0.011028761493380945
2023-04-19,0.9906337933979606,0.9800484234006345,0.010585369997326177
2023-04-20,0.9906337933979604,0.9800484234006345,0.010585369997325955
2023-04-21,0.9901460444799615,0.9800484234006345,0.01009762107932699
2023-04-24,0.9893863442645255,0.9799218432723453,0.009464500992180214
2023-04-25,0.9891987012604709,0.9821515020095372,0.007047199250933778
2023-04-26,0.9887543495582347,0.9825596138285518,0.0061947357296828764
2023-04-27,0.9888809296865236,0.9823719708244975,0.006508958862026182
2023-04-28,0.989122549184213,0.9832965430553385,0.005826006128874517
2023-05-01,0.9897415494248992,0.9827618511080348,0.006979698316864402
2023-05-02,0.9902292983428982,0.981573960771623,0.008655337571275235
2023-05-03,0.9909046902649519,0.9811916412991838,0.009713048965768079
2023-05-04,0.9908143500198844,0.981433260796873,0.009381089223011396
2023-05-05,0.9906736500451346,0.9823795316355955,0.008294118409539086
2023-05-08,0.9900546498044482,0.9811916412991838,0.008863008505264447
2023-05-09,0.9905470699168455,0.980092420529893,0.010454649386952508
2023-05-10,0.9904063699420957,0.980474740002332,0.009931629939763709
2023-05-11,0.990406369942096,0.9814896524782407,0.00891671746385525
2023-05-12,0.9901647504444065,0.9817827249278548,0.008382025516551761
2023-05-15,0.9903852192593668,0.9815950819238004,0.00879013733556644
2023-05-16,0.9897098273373133,0.9812480329805513,0.008461794356761976
2023-05-17,0.9897098273373133,0.9813746131088402,0.008335214228473053
2023-05-18,0.9896255190439308,0.9815622561128946,0.008063262931036208
2023-05-19,0.9896255190439308,0.981308575657613,0.008316943386317832
2023-05-22,0.9901602109912345,0.981308575657613,0.008851635333621544
2023-05-23,0.9906479599092335,0.9815501951553023,0.009097764753931203
2023-05-24,0.9906479599092335,0.9818679667292496,0.008779993179983903
2023-05-25,0.9906479599092335,0.9817706639702627,0.008877295938970797
2023-05-26,0.9908506921137807,0.9816652345247026,0.009185457589078183
2023-05-30,0.9910923116114702,0.9813721620750883,0.009720149536381895
2023-05-31,0.9916773632884562,0.980989842602649,0.01068752068580725
2023-06-01,0.9915507831601673,0.9808314678200464,0.010719315340120938
2023-06-02,0.9920914774152092,0.9816498689866937,0.010441608428515492
2023-06-05,0.9919941746562219,0.9814752204482439,0.010518954207977993
2023-06-06,0.9921969068607691,0.9818526011912407,0.010344305669528375
2023-06-07,0.9920562068860194,0.9819676405606411,0.010088566325378245
2023-06-08,0.9915684579680201,0.9820826799300414,0.009485778037978676
2023-06-09,0.9915684579680201,0.9825083348156828,0.009060123152337285
2023-06-12,0.9908466179417262,0.9834546056544053,0.007392012287320893
2023-06-13,0.9908466179417262,0.9823184329138106,0.008528185027915636
2023-06-14,0.990846617941726,0.9841186933554403,0.006727924586285683
2023-06-15,0.990846617941726,0.9841186933554403,0.006727924586285683
2023-06-16,0.9909616573111263,0.9848621198150295,0.0060995374960968185
2023-06-20,0.9903766056341402,0.9850648520195763,0.00531175361456393
2023-06-21,0.9902711761885803,0.9847975719165376,0.005473604272042687
2023-06-22,0.9905384562916192,0.9850180407314979,0.005520415560121283
2023-06-23,0.9903800815090164,0.9852853208345368,0.005094760674479559
2023-06-26,0.9907196020628711,0.9856676403069757,0.0050519617558953955
2023-06-27,0.99098688216591,0.9851798913889767,0.005806990776933363
2023-06-28,0.9915275764209519,0.9851798913889767,0.006347685031975248
2023-06-29,0.9912859569232625,0.9838865716070051,0.00739938531625739
2023-06-30,0.9910443374255733,0.9838865716070051,0.007157765818568196
2023-07-03,0.9903009109659843,0.983789268848018,0.0065116421179662876
2023-07-05,0.9893763387351432,0.983992001052565,0.0053843376825781775
2023-07-06,0.9897537194781402,0.9837503815548758,0.006003337923264351
2023-07-07,0.9891469188212465,0.9835476493503287,0.005599269470917823
2023-07-10,0.9894939677644958,0.9835476493503287,0.005946318414167151
2023-07-11,0.9901693596865493,0.9834503465913416,0.0067190130952077265
2023-07-12,0.9902666624455363,0.9834503465913416,0.006816315854194732
2023-07-13,0.9890401494598745,0.9834503465913416,0.005589802868532945
2023-07-14,0.9884890283962656,0.9834503465913416,0.005038681804924061
2023-07-17,0.987842904695664,0.9832298777763814,0.00461302691928267
2023-07-18,0.9882872563979003,0.9824026083045272,0.005884648093373079
2023-07-19,0.9886343053411497,0.9821095358549127,0.0065247694862370365
2023-07-20,0.988335230583797,0.9819944964855126,0.006340734098284395
2023-07-21,0.9885556993987572,0.9818971937265253,0.006658505672231918
2023-07-24,0.9886611288443173,0.9813625017792216,0.007298627065095764
2023-07-25,0.9881809083157126,0.9815032017539715,0.006677706561741048
2023-07-26,0.987714858005595,0.9827965215359431,0.004918336469651896
2023-07-27,0.9879564775032842,0.9825760527209829,0.005380424782301274
2023-07-28,0.9871292080314302,0.9821937332485439,0.004935474782886362
2023-07-31,0.9873836578317944,0.9820883038029837,0.00529535402881065
2023-08-01,0.9861957674953826,0.9815575137049959,0.004638253790386737
2023-08-02,0.9871292080314302,0.9814602109460088,0.005668997085421457
2023-08-03,0.9872265107904173,0.9823733205164358,0.004853190273981567
2023-08-04,0.9872265107904173,0.9832978927472771,0.003928618043140264
2023-08-07,0.9874469796053775,0.9839450888286468,0.0035018907767306873
2023-08-08,0.9874469796053775,0.9841034636112496,0.0033435159941279657
2023-08-09,0.986374128638366,0.9850369041472972,0.001337224491068878
2023-08-10,0.9862768258793789,0.9850369041472972,0.0012399217320817613
2023-08-11,0.9865698983289934,0.984654584674858,0.001915313654135442
2023-08-14,0.9866849376983939,0.9860444378707345,0.0006404998276594576
2023-08-15,0.986887669902941,0.9864887895729709,0.00039888032997004164
2023-08-16,0.9876095099292348,0.9861417406297216,0.0014677692995131997
2023-08-17,0.9870748179819311,0.9862824406044713,0.0007923773774597409
2023-08-18,0.9869693885363712,0.986889241261365,8.014727500615937e-05
2023-08-21,0.9873775003553857,0.9874403623249736,-6.286196958782408e-05
2023-08-22,0.987377500355386,0.9861295410459289,0.0012479593094570918
2023-08-23,0.9871570315404257,0.9867145927229152,0.0004424388175104932
2023-08-24,0.9871570315404257,0.9865738927481654,0.0005831387922602405
2023-08-25,0.9868392599664784,0.9869209416914148,-8.168172493638881e-05
2023-08-28,0.9869542993358784,0.986920941691415,3.3357644463438696e-05
2023-08-29,0.9871747681508388,0.9870793164740175,9.545167682134537e-05
2023-08-30,0.9870597287814386,0.987487428293032,-0.0004276995115934934
2023-08-31,0.9863378887551446,0.9879798484054293,-0.0016419596502846856
2023-09-01,0.985662496833091,0.9875354967031931,-0.0018729998701020323
2023-09-05,0.9859297769361298,0.9882789231627818,-0.0023491462266519436
2023-09-06,0.9845376283135148,0.9878966036903428,-0.003358975376828055
2023-09-07,0.9837192271468673,0.9877382289077401,-0.004019001760872776
2023-09-08,0.9834987583319071,0.9882893499713488,-0.0047905916394416215
2023-09-11,0.9823625855913122,0.9871531772307538,-0.0047905916394416215
2023-09-12,0.982247546221912,0.9877382289077399,-0.0054906826858278635
2023-09-13,0.9830659473885595,0.9870921052071384,-0.004026157818578957
2023-09-14,0.984359267170531,0.9861675329762971,-0.001808265805766096
2023-09-15,0.9848036188727675,0.9866118846785337,-0.001808265805766207
2023-09-18,0.984615975868713,0.9867022249236009,-0.0020862490548879675
2023-09-19,0.9845009364993127,0.9872429191786428,-0.002741982679330124
2023-09-20,0.9845009364993126,0.986404187046375,-0.0019032505470624184
2023-09-21,0.9845009364993127,0.9860864154724276,-0.0015854789731148955
2023-09-22,0.9845009364993126,0.9860864154724276,-0.0015854789731150065
2023-09-25,0.9845009364993127,0.9869136849442816,-0.0024127484449688597
2023-09-26,0.9842804676843524,0.9868233446992142,-0.0025428770148617774
2023-09-27,0.9845009364993127,0.9869640446739641,-0.0024631081746514516
2023-09-28,0.9841538875560633,0.987061347432951,-0.0029074598768877857
2023-09-29,0.9839511553515164,0.9867893961355142,-0.0028382407839977475
2023-10-02,0.983604106408267,0.9866920933765271,-0.0030879869682600702
2023-10-03,0.984347532867856,0.987451793591963,-0.0031042607241069664
2023-10-04,0.9848986539314645,0.9875783737202521,-0.002679719788787671
2023-10-05,0.98640584192348,0.9881634253972382,-0.0017575834737582063
2023-10-06,0.9872242430901272,0.9881634253972382,-0.0009391823071109862
2023-10-09,0.9872242430901272,0.9876832048686335,-0.0004589617785062394
2023-10-10,0.9875712920333766,0.9871524147706456,0.0004188772627309323
2023-10-11,0.9872242430901272,0.9868346431966982,0.0003895998934290157
2023-10-12,0.9867798913878909,0.9861592512746445,0.0006206401132463624
2023-10-13,0.986512611284852,0.9857148995724083,0.0007977117124436939
2023-10-16,0.9860682595826157,0.9853678506291589,0.0007004089534567992
2023-10-17,0.9859628301370555,0.9862809601995861,-0.00031813006253056386
2023-10-18,0.9865696307939493,0.9875074731852481,-0.0009378423912987932
2023-10-19,0.9868874023678968,0.9870993613662336,-0.00021195899833670317
2023-10-20,0.9869928318134569,0.9874816808386727,-0.0004888490252158428
2023-10-23,0.9871078711828571,0.9867898598003143,0.00031801138254283767
2023-10-24,0.9869928318134569,0.9871293803541691,-0.00013654854071221134
2023-10-25,0.9869928318134568,0.9877144320311552,-0.0007216002176984038
2023-10-26,0.9869085235200743,0.9876171292721682,-0.0007086057520938605
2023-10-27,0.9866412434170356,0.987032077595182,-0.0003908341781463376
2023-10-30,0.9877404641863264,0.9867647974921431,0.0009756666941833636
2023-10-31,0.9872961124840901,0.9864657227347906,0.0008303897492994983
2023-11-01,0.9866499887834881,0.9876018954753853,-0.0009519066918972641
2023-11-02,0.9871377377014873,0.9876018954753853,-0.00046415777389807733
2023-11-03,0.986844665251873,0.9869828952346992,-0.00013822998282619903
2023-11-06,0.986436553432858,0.9875543472639282,-0.0011177938310702462
2023-11-07,0.986436553432858,0.9873796987254786,-0.0009431452926206285
2023-11-08,0.9855031128968105,0.9876787734828311,-0.002175660586020589
2023-11-09,0.9845366191598368,0.9875637341134307,-0.003027114953593868
2023-11-10,0.9852284401981953,0.9881827343541169,-0.002954294155921522
2023-11-13,0.9869383603947577,0.988801734594803,-0.0018633742000453424
2023-11-14,0.9869383603947577,0.9885344544917644,-0.0015960940970066728
2023-11-15,0.9874730523420616,0.987716053325117,-0.00024300098305540807
2023-11-16,0.9878553718145006,0.9875414047866671,0.00031396702783348385
2023-11-17,0.9875376002405533,0.9875414047866671,-3.8045461138169756e-06
2023-11-20,0.9881847963219232,0.987053655868668,0.0011311404532552416
2023-11-21,0.9881847963219232,0.9871943558434177,0.0009904404785054943
2023-11-22,0.9877766845029083,0.9879540560588537,-0.00017737155594532705
2023-11-24,0.9883278055665169,0.9884418049768529,-0.00011399941033596317
2023-11-27,0.9880605254634781,0.9884418049768529,-0.00038127951337474375
2023-11-28,0.9888942921681345,0.988929553894852,-3.526172671752814e-05
2023-11-29,0.9886223408706973,0.988547234422413,7.510644828434554e-05
2023-11-30,0.9895469131015386,0.98892461516541,0.0006222979361286685
2023-12-01,0.9895469131015386,0.9894653094204514,8.160368108722782e-05
2023-12-04,0.9895469131015386,0.9900000013677553,-0.0004530882662167057
2023-12-05,0.9896734932298276,0.9899026986087682,-0.00022920537894066673
2023-12-06,0.9896734932298276,0.9900292787370572,-0.000355785507229589
2023-12-07,0.9900816050488424,0.9902169217411116,-0.00013531669226929388
2023-12-08,0.9896559501632007,0.9899178469837591,-0.0002618968205583272
2023-12-11,0.9892736306907618,0.9895404662407623,-0.0002668355500005104
2023-12-12,0.9896559501632007,0.9901594664814485,-0.0005035163182477431
2023-12-13,0.9899954707170555,0.9904267465844874,-0.0004312758674318573
2023-12-14,0.9903777901894948,0.9907445181584347,-0.0003667279689398839
2023-12-15,0.9904928295588951,0.9906390887128748,-0.0001462591539796998
2023-12-18,0.9903777901894947,0.9905125085845856,-0.00013471839509093808
2023-12-19,0.9901361706918055,0.9903718086098359,-0.0002356379180303847
2023-12-20,0.9901361706918055,0.9903718086098359,-0.0002356379180303847
2023-12-21,0.9901361706918055,0.9905301833924386,-0.00039401270063310623
2023-12-22,0.9901361706918055,0.9902885638947494,-0.00015239320294391234
2023-12-26,0.9901361706918055,0.9915150768804115,-0.0013789061886060328
2023-12-27,0.9899550249205532,0.9916557768551613,-0.001700751934608058
2023-12-28,0.9892115984609644,0.9912114251529248,-0.0019998266919604157
2023-12-29,0.9894788785640031,0.9915291967268723,-0.002050318162869269
2024-01-02,0.9893734491184433,0.9914141573574718,-0.002040708239028577
2024-01-03,0.9899585007954295,0.9910671084142227,-0.001108607618793278
2024-01-04,0.9899585007954295,0.9906414535285811,-0.0006829527331516649
2024-01-05,0.9894782802668247,0.9907564928979814,-0.0012782126311566833
2024-01-08,0.9896189802415745,0.9902053718343727,-0.0005863915927982744
2024-01-09,0.9901596744966161,0.9897972600153582,0.0003624144812579555
2024-01-10,0.98957462281963,0.9904726519374116,-0.0008980291177815847
2024-01-11,0.9890339285645882,0.9909170036396481,-0.0018830750750599146
2024-01-12,0.9894782802668247,0.9914681247032565,-0.001989844436431798
2024-01-16,0.9893375802920749,0.992053176380243,-0.0027155960881681818
2024-01-17,0.9899837039926768,0.9919558736212559,-0.001972169628579157
2024-01-18,0.9899837039926768,0.9921974931189451,-0.0022137891262683507
2024-01-19,0.9901102841209657,0.9916567988639032,-0.0015465147429375437
2024-01-22,0.9901102841209657,0.9914691558598485,-0.0013588717388828275
2024-01-23,0.9899075519164185,0.9912664236553017,-0.0013588717388831606
2024-01-24,0.9895897803424712,0.9912664236553017,-0.0016766433128304614
2024-01-25,0.9888917481849532,0.9910852778840495,-0.0021935296990963637
2024-01-26,0.9887651680566643,0.990393456845691,-0.001628288789026766
2024-01-29,0.9882140469930558,0.9905341568204409,-0.002320109827385064
2024-01-30,0.9886397018786972,0.9901518373480019,-0.0015121354693047317
2024-01-31,0.9881050099313933,0.9911907073296095,-0.0030856973982161806
2024-02-01,0.9887968309697519,0.9911907073296097,-0.0023938763598577717
2024-02-02,0.9898117434456603,0.9917757590065955,-0.001964015560935284
2024-02-05,0.9903831954748893,0.9912880100885966,-0.0009048146137072832
2024-02-06,0.9892049427887666,0.9911729707191963,-0.0019680279304297166
2024-02-07,0.9889376626857276,0.9916607196371953,-0.002723056951467684
2024-02-08,0.9889376626857276,0.9909010194217595,-0.0019633567360318738
2024-02-09,0.9888226233163273,0.9907603194470095,-0.001937696130682176
2024-02-12,0.9889376626857276,0.9912527395594067,-0.002315076873679156
2024-02-13,0.9895227143627141,0.990718047612103,-0.001195333249388919
2024-02-14,0.9896810891453166,0.990718047612103,-0.0010369584667864196
2024-02-15,0.9894934461412622,0.9909596671097922,-0.0014662209685299965
2024-02-16,0.9889527518862203,0.990515315407556,-0.0015625635213356581
2024-02-20,0.9881189851815639,0.9899302637305697,-0.001811278549005757
2024-02-21,0.9878812675331906,0.9899302637305697,-0.0020489961973790827
2024-02-22,0.9875881950835761,0.9902233361801842,-0.002635141096608118
2024-02-23,0.9871625401979346,0.9895479442581308,-0.0023854040601961612
2024-02-26,0.9871625401979345,0.9889289440174444,-0.0017664038195098763
2024-02-27,0.9875881950835761,0.9890262467764315,-0.00143805169285538
2024-02-28,0.9881228870308798,0.9888057779614712,-0.0006828909305913733
2024-02-29,0.9879024182159194,0.988700348515911,-0.0007979302999916449
2024-03-01,0.9881051504204666,0.9889934209655256,-0.0008882705450589112
2024-03-04,0.9873833103941726,0.9890777292589082,-0.0016944188647356473
2024-03-05,0.9870009909217334,0.9888057779614712,-0.001804787039737743
2024-03-06,0.9874887398397326,0.9883180290434721,-0.0008292892037394806
2024-03-07,0.9878968516587472,0.9876719053428702,0.00022494631587699487
2024-03-08,0.9877914222131872,0.9867538303448316,0.001037591868355614
2024-03-11,0.9873833103941726,0.9862131360897897,0.0011701743043829316
2024-03-12,0.9870009909217337,0.9865905168327868,0.0004104740889468994
2024-03-13,0.986575336036092,0.9856724418347478,0.000902894201344262
2024-03-14,0.9857480665642379,0.9846753349198774,0.0010727316443605028
2024-03-15,0.986235815482237,0.9836604224439688,0.002575393038268259
2024-03-18,0.9868426161391307,0.9830536217870751,0.003788994352055597
2024-03-19,0.987063084954091,0.982927041658786,0.004136043295305036
2024-03-20,0.9858365719684288,0.982724309454239,0.003112262514189723
2024-03-21,0.9858365719684288,0.9823315631732333,0.003505008795195441
2024-03-22,0.9856958719936793,0.982178153818242,0.0035177181754372233
2024-03-25,0.9855904425481191,0.9823315631732333,0.0032588793748857814
2024-03-26,0.9860781914661182,0.9821110943582728,0.003967097107845374
2024-03-27,0.9851447509300706,0.9818906255433126,0.0032541253867579556
2024-03-28,0.9851447509300706,0.9828151977741537,0.0023295531559168747
2024-04-01,0.9845379502731769,0.9820717713145648,0.0024661789586121197
2024-04-02,0.9848052303762156,0.9820717713145648,0.0027334590616507892
2024-04-03,0.9842041993050672,0.9819744685555777,0.0022297307494895113
2024-04-04,0.9837164503870682,0.9813272724742079,0.0023891779128603075
2024-04-05,0.9842571446421101,0.9811461267029556,0.00311101793915447
2024-04-08,0.9839898645390712,0.9811461267029556,0.0028437378361155785
2024-04-09,0.984130564513821,0.9823243793890784,0.0018061851247426208
2024-04-10,0.9849732150826588,0.9823243793890785,0.0026488356935803203
2024-04-11,0.9847315955849694,0.9829094310660647,0.001822164518904712
2024-04-12,0.9846261661394092,0.9825699105122099,0.002056255627199355
2024-04-15,0.9851139150574085,0.9821875910397706,0.002926324017637927
2024-04-16,0.9851139150574086,0.9834809108217423,0.0016330042356663688
2024-04-17,0.9853555345550977,0.9845801315910332,0.000775402964064531
2024-04-18,0.9848148403000558,0.9849196521448882,-0.00010481184483235317
2024-04-19,0.98405514008462,0.984793072016599,-0.000737931931979019
2024-04-22,0.9842756088995802,0.9841012509782406,0.00017435792133957406
2024-04-23,0.9829822891176087,0.9838985187736936,-0.0009162296560849548
2024-04-24,0.9831088692458976,0.9836265674762568,-0.000517698230359187
2024-04-25,0.9826164491335003,0.982448314790134,0.00016813434336637734
2024-04-26,0.9819003786929517,0.9821552423405197,-0.0002548636475679933
2024-04-29,0.9813153270159656,0.9826899342878234,-0.0013746072718577862
2024-04-30,0.9820313974565142,0.9835083354544706,-0.0014769379979563402
2024-05-01,0.9809925274749066,0.9830826805688292,-0.0020901530939225754
2024-05-02,0.9812129962898667,0.9830826805688292,-0.0018696842789625023
2024-05-03,0.9801401453228553,0.9833817553261817,-0.003241610003326345
2024-05-06,0.980439220080208,0.9839885559830753,-0.0035493359028673233
2024-05-07,0.9819034507142436,0.9850034684589839,-0.0031000177447403354
2024-05-08,0.9812054185567253,0.9848158254549295,-0.0036104068982042437
2024-05-09,0.9818122192136192,0.983800912979021,-0.0019886937654017833
2024-05-10,0.9819387993419083,0.9828546421402984,-0.0009158427983900763
2024-05-13,0.9820538387113085,0.9830130169229011,-0.0009591782115926373
2024-05-14,0.9818954639287057,0.9823940166822152,-0.000498552753509407
2024-05-15,0.9803882759366903,0.9818593247349112,-0.0014710487982209086
2024-05-16,0.9800059564642511,0.982000024709661,-0.001994068245409819
2024-05-17,0.9800059564642514,0.9817795558947007,-0.001773599430449302
2024-05-20,0.9801325365925403,0.9822052107803423,-0.0020726741878019928
2024-05-21,0.9800271071469802,0.9822052107803425,-0.0021781036333623494
2024-05-22,0.9801325365925403,0.9825522597235915,-0.00241972313105121
2024-05-23,0.9802732365672902,0.9814807753705618,-0.0012075388032716239
2024-05-24,0.9808139308223319,0.9822404755859979,-0.0014265447636659934
2024-05-28,0.9809772710325461,0.983012885181675,-0.002035614149128895
2024-05-29,0.9818160031648141,0.9836318854223614,-0.0018158822575472522
2024-05-30,0.98257570338025,0.9840399972413759,-0.0014642938611258982
2024-05-31,0.9820832832678528,0.9842276402454304,-0.002144356977577644
2024-06-03,0.9822098633961419,0.9847683345004722,-0.0025584711043302732
2024-06-04,0.9822098633961419,0.9852485550290772,-0.003038691632935242
2024-06-05,0.9815118312386238,0.9846635033520909,-0.003151672113467008
2024-06-06,0.98277739973295,0.9849051228497802,-0.0021277231168301824
2024-06-07,0.983475431890468,0.9844797621973522,-0.0010043303068841825
2024-06-10,0.9833120916802538,0.9838607619566658,-0.0005486702764120333
2024-06-11,0.98277739973295,0.9830269952520096,-0.0002495955190596755
2024-06-12,0.9825357802352606,0.9831853700346124,-0.0006495897993518129
2024-06-13,0.9823950802605108,0.9830587899063234,-0.0006637096458126379
2024-06-14,0.9816970481029929,0.9830587899063234,-0.0013617418033305961
2024-06-17,0.9816970481029927,0.982895449696109,-0.0011984015931162384
2024-06-18,0.9809990159454746,0.9825963749387565,-0.0015973589932819499
2024-06-20,0.9816970481029927,0.9827547497213591,-0.00105770161836638
2024-06-21,0.9807839385325656,0.9818213091853115,-0.0010373706527458948
2024-06-24,0.9807839385325655,0.982265660887548,-0.001481722354982451
2024-06-25,0.9807839385325655,0.9821072861049451,-0.0013233475723796184
2024-06-26,0.9815895093965382,0.9815004854480516,8.902394848664397e-05
2024-06-27,0.9811638545108966,0.9817209542630118,-0.0005570997521151533
2024-06-28,0.980517730810295,0.9816306140179444,-0.0011128832076493511
2024-07-01,0.9795842902742471,0.9827020983709743,-0.003117808096727237
2024-07-02,0.9795842902742471,0.9826177900775919,-0.0030334998033447746
2024-07-03,0.9797426650568498,0.9831584843326338,-0.003415819275783938
2024-07-05,0.9799631338718102,0.9838803243589277,-0.003917190487117472
2024-07-08,0.98010383384656,0.9834546694732861,-0.003350835626726112
2024-07-09,0.98075102992793,0.9822020393490041,-0.0014510094210741231
2024-07-10,0.9794577101459582,0.9816509182853954,-0.0021932081394372416
2024-07-11,0.9794577101459582,0.9819181983884343,-0.002460488242476133
2024-07-12,0.9802301197416354,0.9827365995550817,-0.002506479813446316
2024-07-15,0.9811481947396743,0.9816117310355054,-0.0004635362958310685
2024-07-16,0.981288894714424,0.9816117310355054,-0.0003228363210813212
2024-07-17,0.9814765377184784,0.9823841406311828,-0.0009076029127044194
2024-07-18,0.9811834652688639,0.9823841406311828,-0.001200675362318937
2024-07-19,0.9808011457964251,0.9837762892537979,-0.0029751434573728197
2024-07-22,0.981288894714424,0.9841690355348036,-0.002880140820379573
2024-07-23,0.981288894714424,0.9841690355348036,-0.002880140820379573
2024-07-24,0.9808011457964251,0.9849124619943926,-0.004111316197967563
2024-07-25,0.9795485156721431,0.9846451818913539,-0.005096666219210788
2024-07-26,0.9796275475889747,0.9846451818913539,-0.005017634302379115
2024-07-29,0.9797541277172638,0.9849124619943925,-0.005158334277128751
2024-07-30,0.9803052487808723,0.9851329308093528,-0.0048276820284804955
2024-07-31,0.9812183583512996,0.9859716629416206,-0.0047533045903210835
2024-08-01,0.9813930068897492,0.9859716629416206,-0.004578656051871466
2024-08-02,0.9817753263621884,0.9855463022891927,-0.003770975927004261
2024-08-05,0.9817753263621884,0.9851992533459434,-0.0034239269837549324
2024-08-06,0.9823100183094922,0.9849001785885909,-0.002590160279098752
2024-08-07,0.9825636987647739,0.9853925987009882,-0.0028288999362142686
2024-08-08,0.9827513417688285,0.985172129886028,-0.0024207881171994794
2024-08-09,0.9834431628071867,0.9855191788292771,-0.002076016022090399
2024-08-12,0.9833528225621194,0.9854041394598767,-0.0020513168977572827
2024-08-13,0.9825140904298515,0.9849117193474796,-0.0023976289176280696
2024-08-14,0.9836923431159742,0.9846444392444409,-0.0009520961284666951
2024-08-15,0.9836923431159743,0.9851851334994826,-0.0014927903835082468
2024-08-16,0.9844357695755632,0.9855625142424796,-0.0011267446669164238
2024-08-19,0.9844357695755632,0.9862843542687735,-0.0018485846932102534
2024-08-20,0.9853820404142857,0.9857966053507743,-0.00041456493648861503
2024-08-21,0.9861038804405794,0.9860956801081268,8.20033245263474e-06
2024-08-22,0.9859455056579769,0.9853522536485381,0.0005932520094388272
2024-08-23,0.9855373938389621,0.9851938788659353,0.0003435149730267595
2024-08-26,0.9856639739672513,0.9850788394965351,0.0005851344707161754
2024-08-27,0.9853966938642124,0.9850788394965351,0.0003178543676772838
2024-08-28,0.9852993911052252,0.9853165571449086,-1.7166039683380596e-05
2024-08-29,0.9859183913459114,0.98574221203055,0.0001761793153614022
2024-08-30,0.98549273646027,0.9860352844801648,-0.0005425480198947286
2024-09-03,0.9845592959242222,0.9866067365093936,-0.0020474405851713673
2024-09-04,0.9851104169878306,0.987099156621791,-0.0019887396339604013
2024-09-05,0.9847708964339759,0.9879329233264472,-0.003162026892471359
2024-09-06,0.9845292769362866,0.9868940533448395,-0.0023647764085529266
2024-09-09,0.9842573256388496,0.9868940533448395,-0.002636727705989883
2024-09-10,0.9840939854286355,0.9868940533448395,-0.0028000679162040187
2024-09-11,0.9833342852131993,0.9871356728425287,-0.003801387629329356
2024-09-12,0.9824097129823585,0.9872763728172786,-0.004866659834920184
2024-09-13,0.9816878729560643,0.9868320211150421,-0.00514414815897779
2024-09-16,0.981828572930814,0.9862469694380559,-0.004418396507241851
2024-09-17,0.982168093484669,0.9861566291929886,-0.003988535708319585
2024-09-18,0.9831015340207165,0.9861566291929886,-0.003055095172272093
2024-09-19,0.9840196090187553,0.9864497016426031,-0.002430092623847857
2024-09-20,0.9849441812495965,0.9865470044015903,-0.001602823151993782
2024-09-23,0.9854848755046383,0.9865470044015903,-0.0010621288969520082
2024-09-24,0.9851858007472857,0.9863886296189875,-0.0012028288717018665
2024-09-25,0.9849981577432313,0.98607085804504,-0.0010727003018087267
2024-09-26,0.9848397829606286,0.9857238091017909,-0.0008840261411623418
2024-09-27,0.9846193141456684,0.9851387574248046,-0.0005194432791362225
2024-09-30,0.9846193141456682,0.9854565289987521,-0.0008372148530839674
2024-10-01,0.9843520340426295,0.9854565289987521,-0.001104494956122637
2024-10-02,0.9845153742528437,0.9861999554583408,-0.0016845812054970821
2024-10-03,0.985007794365241,0.9863265355866299,-0.0013187412213888638
2024-10-04,0.984735843067804,0.9865470044015903,-0.0018111613337862265
2024-10-07,0.9852765373228459,0.9869913561038266,-0.0017148187809806759
2024-10-08,0.9858833379797396,0.9876667480258801,-0.0017834100461404656
2024-10-09,0.9860099181080285,0.9877640507848672,-0.00175413267683866
2024-10-10,0.986685310030082,0.9873196990826308,-0.0006343890525488671
2024-10-11,0.9868436848126849,0.9873196990826308,-0.00047601426994592355
2024-10-14,0.9863872721528559,0.9871789991078809,-0.0007917269550249406
2024-10-15,0.9865749151569104,0.9866987785792762,-0.00012386342236581083
2024-10-16,0.9864002666184608,0.9868394785540261,-0.0004392119355652868
2024-10-17,0.9865409665932106,0.9868394785540261,-0.00029851196081553955
2024-10-18,0.9865409665932108,0.9867244391846258,-0.0001834725914150459
2024-10-21,0.9868400413505632,0.9866271364256387,0.0002129049249245396
2024-10-22,0.9863956896483267,0.9866271364256389,-0.00023144677731223862
2024-10-23,0.9856738496220327,0.986092444478335,-0.0004185948563022457
2024-10-24,0.9852174369622039,0.984826875984009,0.0003905609781948982
2024-10-25,0.9851430595240447,0.9836389856475972,0.0015040738764474648
2024-10-28,0.9846866468642159,0.9832133307619556,0.0014733161022603136
2024-10-29,0.9844193667611771,0.9830105985574086,0.0014087682037685623
2024-10-30,0.9846005125324293,0.9834908190860131,0.0011096934464162045
2024-10-31,0.9852073131893229,0.982905767409027,0.002301545780295844
2024-11-01,0.9853656879719257,0.983080415947477,0.0022852720244487257
2024-11-04,0.9849400330862842,0.982592667029478,0.0023473660568061883
2024-11-05,0.9850666132145732,0.9828857394790923,0.002180873735480926
2024-11-06,0.9853843847885204,0.9830733824831469,0.0023110023053735107
2024-11-07,0.9852260100059177,0.983658434160133,0.0015675758457847078
2024-11-08,0.9862974943589476,0.9835680939150657,0.002729400443881924
2024-11-11,0.9869955265164657,0.983275021465451,0.003720505051014733
2024-11-12,0.9871221066447545,0.9830030701680141,0.00411903647674039
2024-11-13,0.9876098555627539,0.9835881218450004,0.004021733717753495
2024-11-14,0.988102275675151,0.9829127299229468,0.0051895457522042054
2024-11-15,0.9890993825900216,0.9821530297075108,0.006946352882510776
2024-11-18,0.9895871315080208,0.9815679780305245,0.008019153477496266
2024-11-19,0.9898802039576351,0.9808245515709356,0.009055652386699475
2024-11-20,0.9902575847006321,0.9808245515709356,0.009433033129696455
2024-11-21,0.9898011720408033,0.981045020385896,0.008756151654907285
2024-11-22,0.9892604777857615,0.9811423231448829,0.008118154640878616
2024-11-25,0.9893577805447485,0.9811423231448831,0.0082154573998654
2024-11-26,0.9897658923637633,0.9807342113258681,0.0090316810378952
2024-11-27,0.9904639245212815,0.9810519828998158,0.009411941621465747
2024-11-29,0.9907816960952287,0.9810519828998157,0.009729713195413048
2024-12-02,0.9905789638906818,0.9809112829250659,0.009667680965615877
2024-12-03,0.9907816960952287,0.9804669312228295,0.01031476487239924
2024-12-04,0.9910489761982676,0.9798479309821431,0.011201045216124528
2024-12-05,0.991290595695957,0.9799533604277032,0.011337235268253809
2024-12-06,0.9918973963528507,0.9805384121046893,0.011358984248161397
2024-12-09,0.9911755563265565,0.9802664608072527,0.010909095519303857
2024-12-10,0.990568755669663,0.9807542097252516,0.009814545944411335
2024-12-11,0.9913960251415169,0.9804146891713968,0.010981335970120076
2024-12-12,0.9913960251415169,0.9809071092837939,0.010488915857723047
2024-12-13,0.991616493956477,0.9811487287814831,0.010467765174993926
2024-12-16,0.9916164939564772,0.9826559167734986,0.008960577182978602
2024-12-17,0.9916164939564772,0.981722476237451,0.009894017719026205
2024-12-18,0.9908946539301832,0.9812300561250539,0.009664597805129294
2024-12-19,0.9906919217256361,0.9812300561250539,0.009461865600582264
2024-12-20,0.9900457980250343,0.9811150167556537,0.008930781269380628
2024-12-23,0.9893239579987403,0.9820330917536922,0.007290866245048044
2024-12-24,0.9888675453389114,0.9826520919943784,0.006215453344532995
2024-12-26,0.9880491441722641,0.9829240432918153,0.0051251008804488185
2024-12-27,0.9881641835416644,0.982839734998433,0.00532444854323133
2024-12-30,0.9872307430056168,0.9834247866754191,0.0038059563301976462
2024-12-31,0.986963462902578,0.9846126770118309,0.002350785890747109
2025-01-02,0.9868580334570181,0.9858005673482425,0.001057466108775551
2025-01-03,0.9868580334570178,0.9858005673482425,0.001057466108775329
2025-01-06,0.9867429940876176,0.9861828868206817,0.0005601072669358942
2025-01-07,0.9858095535515701,0.9864819615780344,-0.0006724080264642884
2025-01-08,0.9854014417325553,0.9863412616032844,-0.0009398198707291083
2025-01-10,0.9847946410756616,0.9857222613625982,-0.0009276202869366035
2025-01-13,0.983989070211689,0.9862146814749955,-0.0022256112633064484
2025-01-14,0.9836712986377414,0.9865920622179922,-0.0029207635802508403
2025-01-15,0.9829959067156879,0.9870844823303895,-0.004088575614701551
2025-01-16,0.9831835497197424,0.9867667107564421,-0.0035831610366996447
2025-01-17,0.9835013212936896,0.9868932908847312,-0.0033919695910415992
2025-01-21,0.9836067507392497,0.9868932908847312,-0.0032865401454814647
2025-01-22,0.9833862819242896,0.9869836311297985,-0.003597349205508915
2025-01-23,0.9836793543739041,0.9866658595558512,-0.0029865051819470967
2025-01-24,0.983679354373904,0.9865755193107837,-0.0028961649368797193
2025-01-27,0.9841357670337328,0.9859565190700977,-0.0018207520363648921
2025-01-28,0.983727655214718,0.9855791383271008,-0.0018514831123827014
2025-01-29,0.9836010750864289,0.9850384440720589,-0.001437368985629961
2025-01-30,0.9831208545578244,0.9856574443127448,-0.0025365897549204375
2025-01-31,0.9831208545578244,0.9853643718631305,-0.002243517305306142
2025-02-03,0.9833624740555136,0.9851897233246808,-0.0018272492691672193
2025-02-04,0.984377386531422,0.9845707230839945,-0.00019333655257247617
2025-02-05,0.984377386531422,0.9833828327475829,0.0009945537838391694
2025-02-06,0.984754767274419,0.9829384810453465,0.0018162862290724835
2025-02-07,0.9854465883127774,0.9822404488878284,0.0032061394249490727
2025-02-10,0.9854465883127774,0.982077108677614,0.0033694796351634304
2025-02-11,0.9856882078104667,0.9823490599750508,0.00333914783541589
2025-02-12,0.9853411588672173,0.9825124001852653,0.0028287586819519817
2025-02-13,0.9860845853268063,0.9820559875254365,0.004028597801369771
2025-02-14,0.9855438910717645,0.9821463277705039,0.00339756330126062
2025-02-18,0.9860241116003692,0.9827177797997328,0.0033063318006363307
2025-02-19,0.9875050743863953,0.982844359928022,0.0046607144583733495
2025-02-20,0.9878521233296444,0.9831434346853745,0.004708688644269987
2025-02-21,0.9886793928014984,0.9823047025531066,0.006374690248391768
2025-02-24,0.9876644803255901,0.9828393945004106,0.004825085825179487
2025-02-25,0.987176731407591,0.9837856653391326,0.0033910660684584037
2025-02-26,0.9868589598336436,0.9849218380797274,0.0019371217539161378
2025-02-27,0.985565640051672,0.9857402392463749,-0.00017459919470286245
2025-02-28,0.9858329201547108,0.9855995392716251,0.0002333808830856654
2025-03-03,0.986053388969671,0.9848561128120362,0.0011972761576347635
2025-03-04,0.9859479595241111,0.9853004645142724,0.0006474950098386278
2025-03-05,0.9863302789965502,0.9858515855778811,0.0004786934186691294
2025-03-06,0.9860372065469357,0.9860327313491333,4.475197802444875e-06
2025-03-07,0.98564446026593,0.9854259306922395,0.00021852957369050685
2025-03-10,0.9863362813042882,0.9845921639875833,0.001744117316704874
2025-03-11,0.9874091322712997,0.9842098445151441,0.003199287756155522
2025-03-12,0.987141852168261,0.9839982440053905,0.003143608162870515
2025-03-13,0.9871418521682608,0.9850371139869981,0.0021047381812626664
2025-03-14,0.9868427774109083,0.9856085660162272,0.0012342113946811617
2025-03-17,0.9869578167803086,0.986064978676056,0.0008928381042525579
2025-03-18,0.9869578167803087,0.9857719062264415,0.0011859105538671866
2025-03-19,0.9866858654828716,0.9859126062011913,0.0007732592816803718
2025-03-20,0.9869789379324861,0.9859126062011915,0.0010663317312946674
2025-03-21,0.9867912949284318,0.9859126062011915,0.0008786887272402844
2025-03-24,0.9866647148001426,0.9866723064166274,-7.591616484781127e-06
2025-03-25,0.9865496754307423,0.9866723064166274,-0.00012263098588505272
2025-03-26,0.9873680765973898,0.9866723064166274,0.0006957701807623895
2025-03-27,0.9876858481713371,0.9866723064166274,0.0010135417547096903
2025-03-28,0.987580418725777,0.9865879981232449,0.0009924206025320181
2025-03-31,0.9873992729545248,0.9868810705728595,0.0005182023816653336
2025-04-01,0.9877766536975218,0.9864987511004201,0.0012779025971016988
2025-04-02,0.9875739214929747,0.9868458000436696,0.0007281214493051191
2025-04-03,0.986927797792373,0.9867403705981095,0.00018742719426356746
2025-04-04,0.9861843713327841,0.9869431028026567,-0.0007587314698725978
2025-04-07,0.9862898007783443,0.9873254222750956,-0.0010356214967512933
2025-04-08,0.9860693319633839,0.9875973735725325,-0.001528041609148656
2025-04-09,0.9853939400413303,0.9875973735725327,-0.0022034335312024478
2025-04-10,0.985076168467383,0.9875973735725327,-0.0025212051051497486
2025-04-11,0.9850761684673828,0.9867701041006786,-0.0016939356332957844
2025-04-14,0.985191207836783,0.9861633034437849,-0.0009720956070018438
2025-04-15,0.9849192565393463,0.9854879115217314,-0.0005686549823851195
2025-04-16,0.9859341690152545,0.9850797997027165,0.000854369312538017
2025-04-17,0.9855567882722578,0.9856144916500204,-5.770337776256351e-05
2025-04-21,0.9852637158226433,0.985170139947784,9.3575874859253e-05
2025-04-22,0.9858487674996296,0.9846899194191793,0.0011588480804503032
2025-04-23,0.9861418399492439,0.9835537466785848,0.0025880932706591198
2025-04-24,0.9864813605030989,0.9836687860479848,0.0028125744551140697
2025-04-25,0.9875805812723897,0.9831340941006811,0.004446487171708591
2025-04-28,0.9872875088227754,0.9833368263052281,0.003950682517547266
2025-04-29,0.987045889325086,0.9830695462021894,0.00397634312289652
2025-04-30,0.9863024628654969,0.982954506832789,0.0033479560327079882
2025-05-01,0.9858222423368924,0.9824138125777473,0.0034084297591451262
2025-05-02,0.9857072029674921,0.9822022120679934,0.003504990899498739
2025-05-05,0.9846922904915836,0.9822022120679936,0.0024900784235899476
2025-05-06,0.9835930697222927,0.9815560883673918,0.002036981354900824
2025-05-07,0.982946946021691,0.9820907803146955,0.0008561657069954265
2025-05-08,0.9829469460216907,0.982389855072048,0.0005570909496427356
2025-05-09,0.9840831187622857,0.9834287250536558,0.0006543937086299634
2025-05-12,0.9834763181053918,0.9828219243967621,0.0006543937086297413
2025-05-13,0.9834763181053918,0.9823341754787629,0.001142142626628928
2025-05-14,0.9834763181053918,0.9814161004807243,0.0020602176246675707
2025-05-15,0.9828573178647056,0.9809904455950826,0.00186687226962301
2025-05-16,0.9820300483928519,0.980778845085329,0.00125120330752293
2025-05-19,0.9827518884191456,0.9813195393403708,0.001432349078774875
2025-05-20,0.9819131562868778,0.9811168071358236,0.0007963491510541987
2025-05-21,0.9822526768407327,0.9810264668907562,0.0012262099499764645
2025-05-22,0.9815308368144389,0.9816115185677426,-8.068175330377958e-05
2025-05-23,0.9810864851122022,0.9817861671061924,-0.0006996819939901755
2025-05-27,0.980768713538255,0.9818915965517525,-0.0011228830134974999
2025-05-28,0.980943362076705,0.9819759048451348,-0.0010325427684297894
2025-05-29,0.9812828826305597,0.9818608654757345,-0.0005779828451747404
2025-05-30,0.9810412631328703,0.9811390254494404,-9.77623165701047e-05
2025-06-02,0.9810412631328703,0.9803117559775865,0.0007295071552838595
2025-06-03,0.9804901420692619,0.9808524502326283,-0.0003623081633664649
2025-06-04,0.9811091423099481,0.9806408497228747,0.0004682925870733712
2025-06-05,0.9820337145407891,0.9798974232632858,0.002136291277503366
2025-06-06,0.9823267869904037,0.9797227747248358,0.0026040122655678344
2025-06-09,0.9830021789124571,0.979235025806837,0.003767153105620147
2025-06-10,0.9828145359084027,0.9786943315517949,0.0041202043566078705
2025-06-11,0.9836329370750502,0.9771290604723865,0.006503876602663716
2025-06-12,0.9846478495509584,0.9762044882415454,0.008443361309413033
2025-06-13,0.9844667037797064,0.9758535050272765,0.00861319875242983
2025-06-16,0.9845640065386934,0.9753128107722346,0.00925119576645872
2025-06-17,0.9841196548364571,0.9750408594747977,0.009078795361659453
2025-06-18,0.9849534215411133,0.9740019894931903,0.010951432047923038
2025-06-20,0.9849534215411135,0.9736549405499408,0.011298480991172699
2025-06-23,0.984660349091499,0.9739086210052226,0.010751728086276446
2025-06-24,0.9851047007937351,0.9744493152602643,0.010655385533470785
2025-06-25,0.9859434329260031,0.9749900095153062,0.010953423410696828
2025-06-26,0.9861850524236924,0.9762165225009684,0.009968529922724012
2025-06-27,0.9856503604763887,0.9763068627460356,0.009343497730353034
2025-06-30,0.9854627174723343,0.9763911710394181,0.009071546432916189
2025-07-01,0.9857346687697711,0.9755574043347618,0.010177264435009326
2025-07-02,0.9859551375847313,0.9748655832964034,0.011089554288327919
2025-07-03,0.9859551375847313,0.975904453278011,0.010050684306720292
2025-07-07,0.986435358113336,0.977003674047302,0.009431684066034007
2025-07-08,0.9865256983584038,0.9777255140735962,0.008800184284807555
2025-07-09,0.986818770808018,0.9785592807782524,0.00825949002976567
2025-07-10,0.9870603903057072,0.97959815075986,0.007462239545847238
2025-07-11,0.9862331208338533,0.9807343235004548,0.005498797333398531
2025-07-14,0.9851339000645623,0.981052095074402,0.004081804990160198
2025-07-15,0.9845827790009538,0.9808774465359522,0.0037053324650015984
2025-07-16,0.9844854762419667,0.9808774465359524,0.0036080297060142597
2025-07-17,0.9835520357059193,0.9806963007647003,0.002855734941219046
2025-07-18,0.9835520357059191,0.9805379259820973,0.0030141097238217673
2025-07-21,0.9819077327096785,0.9797525780163758,0.00215515469330263
2025-07-22,0.9815254132372395,0.9786164052757811,0.002909007961458432
2025-07-23,0.9812581331342007,0.9774802325351866,0.0037779005990141723
2025-07-24,0.9813554358931879,0.9769087805059573,0.004446655387230547
2025-07-25,0.9808246457951997,0.9758699105243497,0.004954735270849997
2025-07-28,0.9799973763233457,0.9742256075281093,0.005771768795236443
2025-07-29,0.9801507856783368,0.9745186799777238,0.00563210570061301
2025-07-30,0.9807969093789388,0.9748364515516711,0.005960457827267729
2025-07-31,0.9806385345963359,0.9741906220842828,0.006447912512053122
2025-08-01,0.9806385345963359,0.9741906220842828,0.006447912512053122
2025-08-04,0.9799467135579777,0.97428096232935,0.005665751228627669
2025-08-05,0.9784395255659621,0.9739529044359093,0.004486621130052826
2025-08-06,0.9774424186510914,0.9736351328619617,0.0038072857891296996
2025-08-07,0.9778867703533279,0.9735447926168944,0.004341977736433522
2025-08-08,0.9778867703533279,0.9738728505103355,0.004013919842992486
2025-08-11,0.9769621981224867,0.9741906220842828,0.0027715760382039933
2025-08-12,0.9769621981224867,0.9733633526124288,0.0035988455100579575
2025-08-13,0.977059500881474,0.9733633526124288,0.0036961482690451852
2025-08-14,0.9779840731123149,0.9733633526124288,0.004620720499886155
2025-08-15,0.9790229430939228,0.9736010702608023,0.005421872833120456
2025-08-18,0.9783768193933208,0.9737064997063625,0.004670319686958302
2025-08-19,0.9785351941759235,0.9737064997063625,0.0048286944695610234
2025-08-20,0.9782071362824825,0.9737064997063622,0.004500636576120209
2025-08-21,0.9789289763087765,0.9737855316231941,0.005143444685582366
2025-08-22,0.9805415937463521,0.9735978886191398,0.0069437051272123185
2025-08-25,0.9802238221724047,0.9740543012789684,0.006169520893436253
2025-08-26,0.9814764522966867,0.9740543012789684,0.007422151017718259
2025-08-27,0.9805518800658457,0.9739752693621365,0.006576610703709185
2025-08-28,0.9797665321001243,0.9739752693621365,0.005791262737987801
2025-08-29,0.9805849332667714,0.9724099982827279,0.008174934984043536
2025-09-02,0.9809027048407188,0.971582728810874,0.009319976029844801
2025-09-03,0.9814741568699481,0.970658156580033,0.01081600028991514
2025-09-04,0.9814741568699481,0.9714968887123009,0.009977268157647212
2025-09-05,0.9823128890022159,0.9719412404145372,0.010371648587678695
2025-09-08,0.9829590127028177,0.9728658126453785,0.010093200057439189
2025-09-09,0.9830644421483775,0.973164887402731,0.009899554745646522
2025-09-10,0.9837862821746717,0.9747775048403062,0.009008777334365448
2025-09-11,0.9852934701666871,0.9763427759197149,0.008950694246972257
2025-09-12,0.9848491184644508,0.9771700453915688,0.007679073072881959
2025-09-15,0.9846679726931985,0.9773576883956234,0.007310284297575076
2025-09-16,0.9850453534361955,0.9771040079403418,0.00794134549585368
2025-09-17,0.9850453534361955,0.9777501316409433,0.007295221795252216
2025-09-18,0.9863386732181672,0.9790434514229153,0.007295221795251883
2025-09-19,0.9862483329730998,0.9803542727019596,0.005894060271140145
2025-09-22,0.9869237248951535,0.9804693120713601,0.006454412823793332
2025-09-23,0.9869237248951535,0.9805596523164274,0.0063640725787260655
2025-09-24,0.9859266179802828,0.9804542228708674,0.00547239510941544
2025-09-25,0.9857061491653225,0.980161150421253,0.005544998744069551
2025-09-26,0.9857061491653223,0.9800768421278705,0.005629307037451792
2025-09-29,0.9846672791837149,0.9806958423685567,0.0039714368151582136
2025-09-30,0.9841161581201064,0.9806958423685567,0.003420315751549774
2025-10-01,0.9831012456441979,0.9804238910711198,0.00267735457307805
2025-10-02,0.9833428651418872,0.9817347123501644,0.0016081527917227723
2025-10-03,0.9833428651418871,0.9819223553542188,0.0014205097876682782
2025-10-06,0.9830709138444501,0.9818073159848185,0.0012635978596315933
2025-10-07,0.9836220349080588,0.9819223553542188,0.0016996795538399834
2025-10-08,0.9839151073576733,0.9821250875587659,0.0017900197989073607
2025-10-09,0.9828422563906618,0.9818073159848187,0.0010349404058430656
2025-10-10,0.9833829506457037,0.9826345854566725,0.0007483651890312082
2025-10-13,0.9833829506457037,0.9813412656747009,0.0020416849710027662
2025-10-14,0.9837339338599723,0.9807344650178073,0.002999468842165065
2025-10-15,0.9832775212001437,0.9800883413172053,0.00318917988293832
2025-10-16,0.9830747889955966,0.9798506236688318,0.0032241653267648385
2025-10-17,0.982863188485843,0.9798506236688316,0.0030125648170113983
2025-10-20,0.9839993612264377,0.9806230332645091,0.00337632796192866
2025-10-21,0.983519140697833,0.9799011932382151,0.003617947459617854
2025-10-22,0.9837864208008719,0.9800645334484296,0.003721887352442277
2025-10-23,0.9835448013031824,0.9808918029202833,0.002652998382899119
2025-10-24,0.9835448013031824,0.9808918029202833,0.002652998382899119
2025-10-27,0.9826316917327553,0.9818163751511244,0.0008153165816309205
2025-10-28,0.982313920158808,0.9827409473819653,-0.0004270272231572392
2025-10-29,0.9816385282367543,0.9816417266126747,-3.1983759203324524e-06
2025-10-30,0.9816385282367543,0.9816417266126747,-3.1983759203324524e-06
2025-10-31,0.9822453288936482,0.9816417266126747,0.0006036022809735586
2025-11-03,0.9820037093959588,0.9816417266126747,0.0003619827832841427
2025-11-04,0.9815472967361298,0.9824689960845284,-0.0009216993483985858
2025-11-05,0.9815472967361301,0.9821512245105811,-0.0006039277744510629
2025-11-06,0.9820037093959588,0.9819484923060341,5.521708992473062e-05
2025-11-07,0.9825887610729449,0.982220443603471,0.0003683174694738556
2025-11-10,0.9825887610729449,0.9835137633854428,-0.0009250023124979245
2025-11-11,0.9841540321523536,0.9847016537218545,-0.0005476215695008335
2025-11-12,0.9851929021339613,0.9852423479768964,-4.944584293509191e-05
2025-11-13,0.9845739018932751,0.9856197287198931,-0.0010458268266180237
2025-11-14,0.9845739018932751,0.9859128011695076,-0.0013388992762325413
2025-11-17,0.9845739018932751,0.9858224609244404,-0.001248559031165275
2025-11-18,0.9843322823955857,0.9853781092222039,-0.0010458268266182458
2025-11-19,0.9842057022672968,0.9861965103888513,-0.0019908081215544993
2025-11-20,0.9830639769411065,0.9867372046438931,-0.0036732277027866633
2025-11-21,0.9824789252641204,0.9869399368484402,-0.004461011584319774
2025-11-24,0.9818938735871342,0.9869399368484402,-0.005046063261305966
2025-11-25,0.9827276402917904,0.9871604056634005,-0.004432765371610081
2025-11-26,0.9832683345468323,0.9867522938443857,-0.0034839592975534073
2025-11-28,0.9841929067776733,0.9866468643988259,-0.002453957621152525
2025-12-01,0.9831957998628028,0.9867372046438931,-0.0035414047810903293
2025-12-02,0.9837808515397889,0.9862494557258942,-0.002468604186105283
2025-12-03,0.9845026915660829,0.9866317751983332,-0.0021290836322502837
2025-12-04,0.9854361321021305,0.9863901557006438,-0.000954023598513265
2025-12-05,0.9850538126296914,0.9869969563575377,-0.0019431437278463193
2025-12-08,0.9850538126296916,0.9869969563575375,-0.0019431437278458752
2025-12-09,0.9856548437008398,0.9869969563575375,-0.0013421126566977026
2025-12-10,0.986239895377826,0.9869969563575375,-0.0007570609797115102
2025-12-11,0.9863664755061149,0.9879303968935852,-0.0015639213874703017
2025-12-12,0.9866080950038043,0.9880710968683349,-0.001463001864530633
2025-12-15,0.9869551439470535,0.9874860451913486,-0.0005309012442951122
2025-12-16,0.9874428928650526,0.9870779333723341,0.0003649594927185307
2025-12-17,0.9872617470938005,0.987612625319638,-0.00035087822583745876
2025-12-18,0.98750336659149,0.986890785293344,0.0006125812981460088
2025-12-19,0.9878024413488424,0.986890785293344,0.0009116560554984776
2025-12-22,0.9879431413235924,0.9860723841266964,0.0018707571968960002
2025-12-23,0.9872970176229904,0.9857793116770819,0.0015177059459084985
2025-12-24,0.987564297726029,0.9851039197550284,0.002460377971000627
2025-12-26,0.9875642977260293,0.9850196114616462,0.002544686264383089
2025-12-29,0.9867216471571915,0.9847659310063642,0.001955716150827236
2025-12-30,0.9861908570592034,0.9840225045467754,0.0021683525124279734
