date,pe_sp600,pe_sp500,diff
1995-10-27,0.9858824954156848,0.9986738752675111,-0.012791379851826212
1995-10-30,0.9855876677243829,0.9983425191488734,-0.01275485142449051
1995-10-31,0.9865511911006009,0.9983944410972332,-0.011843249996632332
1995-11-01,0.987184299921321,0.9986738752675111,-0.011489575346190106
1995-11-02,0.9861487497760396,0.9983425191488734,-0.012193769372833785
1995-11-03,0.987042497964711,0.9983944410972332,-0.011351943132522191
1995-11-06,0.9857687294346835,0.9981936283508852,-0.012424898916201688
1995-11-07,0.9857687294346835,0.9981936283508852,-0.012424898916201688
1995-11-08,0.9864435774673416,0.9983425191488734,-0.011898941681531827
1995-11-09,0.9861487497760398,0.9986151199978687,-0.012466370221828837
1995-11-10,0.9855876677243829,0.998193628350885,-0.0126059606265021
1995-11-13,0.9855876677243829,0.9981936283508852,-0.012605960626502322
1995-11-14,0.9855876677243829,0.9981936283508852,-0.012605960626502322
1995-11-15,0.9847725167335591,0.9983425191488734,-0.013570002415314253
1995-11-16,0.9843245121947493,0.9987154756137328,-0.014390963418983493
1995-11-17,0.9856288882449588,0.9987154756137328,-0.013086587368773994
1995-11-20,0.9849932078796654,0.9986151199978687,-0.013621912118203294
1995-11-21,0.9861487497760398,0.9985631980495091,-0.01241444827346927
1995-11-22,0.985139663185573,0.998563198049509,-0.013423534863935993
1995-11-24,0.9847014620366363,0.9989949097840107,-0.0142934477473744
1995-11-27,0.9852067272105319,0.9992610039418635,-0.014054276731331528
1995-11-28,0.9858955659920209,0.9992102622433912,-0.013314696251370273
1995-11-29,0.9864413280731947,0.999312925890223,-0.01287159781702829
1995-11-30,0.9861906904406423,0.9990975734308426,-0.012906882990200264
1995-12-01,0.9852951635073487,0.9990468317323705,-0.01375166822502183
1995-12-04,0.9860231699562023,0.9990468317323705,-0.013023661776168205
1995-12-05,0.9868795292221314,0.9991571038271955,-0.012277574605064068
1995-12-06,0.9861906904406423,0.999312925890223,-0.013122235449580688
1995-12-07,0.9858562333135349,0.999312925890223,-0.013456692576688134
1995-12-08,0.9862042194210324,0.9995336047908586,-0.013329385369826197
1995-12-11,0.9869837948956374,0.9995855267392185,-0.012601731843581154
1995-12-12,0.9864712673140873,0.9995855267392185,-0.013114259425131225
1995-12-13,0.9862505884134517,0.9993129258902232,-0.013062337476771546
1995-12-14,0.9874295195649476,0.9993129258902232,-0.011883406325275625
1995-12-15,0.9867161792370496,0.9993129258902232,-0.012596746653173674
1995-12-18,0.9861172766529427,0.999312925890223,-0.013195649237280338
1995-12-19,0.9858378424826648,0.9990468317323705,-0.013208989249705705
1995-12-20,0.9854244895628929,0.9989308280731132,-0.013506338510220317
1995-12-21,0.9863423042005487,0.9991571038271955,-0.012814799626646778
1995-12-22,0.9863423042005487,0.9992647174604549,-0.012922413259906174
1995-12-26,0.9855539149543596,0.9992647174604549,-0.013710802506095243
1995-12-27,0.9863465593566988,0.9992647174604549,-0.012918158103756072
1995-12-28,0.9863465593566988,0.998933361341817,-0.01258680198511819
1995-12-29,0.9856058369027193,0.9986734701443339,-0.01306763324161464
1996-01-02,0.9851521168833077,0.9987279253613975,-0.013575808478089813
1996-01-03,0.9854315510535857,0.9984413059756743,-0.013009754922088557
1996-01-04,0.9846584846982169,0.9982310286955833,-0.013572543997366404
1996-01-05,0.9846584846982169,0.9987230840617257,-0.01406459936350879
1996-01-08,0.984780848598991,0.9987230840617257,-0.013942235462734764
1996-01-09,0.9831047006058958,0.9988789061247534,-0.015774205518857554
1996-01-10,0.983866693180524,0.9988789061247534,-0.015012212944229386
1996-01-11,0.9838666931805241,0.9986128119669008,-0.01474611878637666
1996-01-12,0.9838666931805238,0.9988789061247534,-0.015012212944229608
1996-01-15,0.9838666931805238,0.9988789061247534,-0.015012212944229608
1996-01-16,0.9846757682344356,0.9987785505088893,-0.014102782274453718
1996-01-17,0.9839137756598073,0.9984387727069705,-0.014524997047163146
1996-01-18,0.9839137756598073,0.9987253920926937,-0.01481161643288642
1996-01-19,0.9839137756598073,0.9986151199978687,-0.014701344338061362
1996-01-22,0.9835739978578885,0.9987154756137328,-0.01514147775584429
1996-01-23,0.9847387639635358,0.9984428747647375,-0.013704110801201708
1996-01-24,0.9856058369027193,0.9984428747647375,-0.012837037862018175
1996-01-25,0.9856058369027193,0.9984428747647375,-0.012837037862018175
1996-01-26,0.9856058369027193,0.9984428747647375,-0.012837037862018175
1996-01-29,0.9859456147046383,0.9984428747647375,-0.012497260060099213
1996-01-30,0.985840534340083,0.9984428747647375,-0.012602340424654468
1996-01-31,0.9860123548771016,0.9986103952491774,-0.012598040372075792
1996-02-01,0.9856302570599916,0.9982870527017099,-0.012656795641718288
1996-02-02,0.9866980804764587,0.9982870527017098,-0.011588972225251126
1996-02-05,0.9866980804764587,0.9977949973355671,-0.011096916859108408
1996-02-06,0.9864659163077993,0.9980675981845626,-0.011601681876763248
1996-02-07,0.9867892588552668,0.9980675981845626,-0.011278339329295783
1996-02-08,0.9873093024086105,0.9976946417197031,-0.010385339311092645
1996-02-09,0.9884002603588601,0.9972409217002915,-0.008840661341431466
1996-02-12,0.9877010021588891,0.9975351061380843,-0.009834103979195152
1996-02-13,0.9866331787424221,0.9975351061380843,-0.010901927395662203
1996-02-14,0.9858405343400828,0.9975351061380843,-0.011694571798001485
1996-02-15,0.9860123548771016,0.998027161504227,-0.012014806627125396
1996-02-16,0.9865896468200605,0.998027161504227,-0.011437514684166539
1996-02-20,0.986648402089703,0.9976450636871168,-0.01099666159741386
1996-02-21,0.986266304272593,0.9976450636871168,-0.01137875941452382
1996-02-22,0.9872753724194177,0.997855340967208,-0.010579968547790308
1996-02-23,0.9875987149668853,0.9978553409672082,-0.010256626000322844
1996-02-26,0.9864705479187773,0.9974128995184572,-0.010942351599679934
1996-02-27,0.9849048371610694,0.9974128995184572,-0.012508062357387884
1996-02-28,0.9845814946136018,0.9974128995184572,-0.012831404904855459
1996-02-29,0.984700593514885,0.9968102887010575,-0.012109695186172442
1996-03-01,0.984700593514885,0.9967606747836657,-0.012060081268780665
1996-03-04,0.984700593514885,0.9969661107640849,-0.012265517249199887
1996-03-05,0.9845814946136019,0.9969661107640849,-0.01238461615048303
1996-03-06,0.9849048371610694,0.9969661107640848,-0.012061273603015454
1996-03-07,0.9852437615439968,0.996779954110765,-0.011536192566768189
1996-03-08,0.984666469601038,0.9962522048330309,-0.01158573523199291
1996-03-11,0.9844003754431855,0.9963978562936552,-0.0119974808504697
1996-03-12,0.9849048371610694,0.9969661107640848,-0.012061273603015454
1996-03-13,0.9845814946136019,0.996779954110765,-0.012198459497163139
1996-03-14,0.9841061214246968,0.9965005199404873,-0.012394398515790495
1996-03-15,0.9829053466205065,0.996500519940487,-0.013595173319980502
1996-03-18,0.9818609220263206,0.9960580784917363,-0.01419715646541575
1996-03-19,0.9818609220263206,0.9952785030171312,-0.013417580990810585
1996-03-20,0.9806850537702693,0.9952288890997394,-0.014543835329470123
1996-03-21,0.981237422998313,0.9945273049555381,-0.013289881957225136
1996-03-22,0.981356521899596,0.9946276605714022,-0.013271138671806182
1996-03-25,0.9824736348860049,0.9953292447156035,-0.012855609829598547
1996-03-26,0.9824736348860047,0.9952288890997394,-0.01275525421373469
1996-03-27,0.9824736348860049,0.9949340614084374,-0.01246042652243251
1996-03-28,0.9824736348860049,0.9954261167745801,-0.012952481888575229
1996-03-29,0.9831338191419282,0.9960092990900887,-0.012875479948160518
1996-04-01,0.9825814499138846,0.9961518492171668,-0.013570399303282188
1996-04-02,0.9813806751096945,0.9962776622388456,-0.014896987129151107
1996-04-03,0.9813806751096945,0.995812071415248,-0.014431396305553457
1996-04-04,0.9813806751096945,0.9959124270311118,-0.014531751921417313
1996-04-08,0.9811423075496631,0.9960580784917363,-0.014915770942073192
1996-04-09,0.9817549894444781,0.9965005199404873,-0.01474553049600913
1996-04-10,0.9829817758192587,0.9969661107640849,-0.013984334944826204
1996-04-11,0.9829817758192587,0.997446357680711,-0.014464581861452275
1996-04-12,0.9834753373741459,0.9971669235104329,-0.01369158613628696
1996-04-15,0.9845059516927543,0.9971669235104329,-0.012660971817678557
1996-04-16,0.985021458284692,0.9969661107640849,-0.011944652479392914
1996-04-17,0.9849083930173156,0.9967606747836657,-0.011852281766350115
1996-04-18,0.9842117672549617,0.9969324953206845,-0.012720728065722775
1996-04-19,0.9853269056539116,0.9975351061380843,-0.012208200484172704
1996-04-22,0.9868939007165319,0.9971530083209742,-0.010259107604442264
1996-04-23,0.9875285062097529,0.9971530083209742,-0.009624502111221345
1996-04-24,0.9867460445438355,0.9967887650636057,-0.010042720519770176
1996-04-25,0.9882360435673175,0.9972690119802315,-0.009032968412914011
1996-04-26,0.9889793375658703,0.9973293556118726,-0.008350018046002328
1996-04-29,0.988591972308033,0.9973881108815148,-0.008796138573481826
1996-04-30,0.9878095106421159,0.9973881108815148,-0.009578600239398938
1996-05-01,0.9867460445438355,0.9977610673463743,-0.011015022802538743
1996-05-02,0.9865742240068167,0.9976629182468584,-0.011088694240041663
1996-05-03,0.9872817613643815,0.9974865709559602,-0.010204809591578656
1996-05-06,0.9867460445438355,0.9975438193455751,-0.010797774801739601
1996-05-07,0.9856929264140186,0.996893706167067,-0.01120077975304834
1996-05-08,0.986344646893822,0.996893706167067,-0.01054905927324501
1996-05-09,0.9858692737049168,0.9970748253374832,-0.011205551632566313
1996-05-10,0.9858692737049168,0.9972204767981077,-0.01135120309319082
1996-05-13,0.9858692737049171,0.9975438193455751,-0.011674545640658063
1996-05-14,0.9862877863415132,0.9973474261864785,-0.011059639844965385
1996-05-15,0.9856163182121863,0.9973981678849508,-0.011781849672764522
1996-05-16,0.9845632000823695,0.9970748253374832,-0.012511625255113623
1996-05-17,0.9840021302761831,0.9966927275203734,-0.012690597244190305
1996-05-20,0.9849361495047168,0.9972204767981077,-0.012284327293390906
1996-05-21,0.9849361495047168,0.9970748253374832,-0.012138675832766399
1996-05-22,0.9865031445673371,0.9969744697216191,-0.010471325154281952
1996-05-23,0.9857744280483954,0.9964589631296816,-0.010684535081286195
1996-05-24,0.9862647770073059,0.9964002078600395,-0.010135430852733607
1996-05-28,0.9859626166947286,0.9956580188834366,-0.009695402188708013
1996-05-29,0.98512433815105,0.9958214493944573,-0.01069711124340722
1996-05-30,0.98512433815105,0.996253161128959,-0.011128822977908959
1996-05-31,0.9854264984636273,0.996253161128959,-0.010826662665331721
1996-06-03,0.9862647770073057,0.9963076163460226,-0.010042839338716858
1996-06-04,0.9859303198801983,0.9964206816133993,-0.010490361733200948
1996-06-05,0.9865247919703867,0.9969245030299704,-0.010399711059583705
1996-06-06,0.9870402985623242,0.9966867757712518,-0.009646477208927529
1996-06-07,0.9858613674108283,0.9966309588934903,-0.010769591482661989
1996-06-10,0.9853458608188908,0.9973731478700928,-0.01202728705120204
1996-06-11,0.9846383234613261,0.9973186926530292,-0.012680369191703122
1996-06-12,0.9851740402818723,0.9970980137523936,-0.01192397347052132
1996-06-13,0.985748302143452,0.9967159159352835,-0.010967613791831532
1996-06-14,0.9862095904271535,0.9967159159352835,-0.010506325508130021
1996-06-17,0.9873885215786491,0.9965636383710599,-0.009175116792410787
1996-06-18,0.9879162708563836,0.9963755250297329,-0.008459254173349362
1996-06-19,0.9883055323710214,0.9965636383710599,-0.008258106000038512
1996-06-20,0.9892598145739575,0.9967899141251424,-0.007530099551184888
1996-06-21,0.9883428037815852,0.9968471625147575,-0.008504358733172235
1996-06-24,0.9879303713741829,0.9969662614160406,-0.009035890041857675
1996-06-25,0.9867242629743762,0.9966796420303172,-0.009955379055941016
1996-06-26,0.9854120021491087,0.9964589631296816,-0.011046960980572895
1996-06-27,0.9848377402875288,0.9959787162130558,-0.011140975925526986
1996-06-28,0.984695938330919,0.9966133217062765,-0.011917383375357526
1996-07-01,0.9840970178335494,0.9966133217062765,-0.012516303872727064
1996-07-02,0.9826771420003029,0.9959787162130558,-0.013301574212752909
1996-07-03,0.981548974952195,0.9961993951136913,-0.014650420161496314
1996-07-05,0.981548974952195,0.9958058457919451,-0.014256870839750135
1996-07-08,0.9825845250974763,0.9961700890493135,-0.013585563951837187
1996-07-09,0.9832532207823922,0.9960477251485396,-0.012794504366147375
1996-07-10,0.9840416100285814,0.9963419095863323,-0.012300299557750916
1996-07-11,0.9835015358898486,0.9966018007838153,-0.013100264893966762
1996-07-12,0.9828514227113403,0.9970498053226253,-0.014198382611285032
1996-07-15,0.9840416100285814,0.9966018007838154,-0.012560190755234069
1996-07-16,0.9849586208209535,0.9967576228468428,-0.011799002025889238
1996-07-17,0.985557541318323,0.9965765036764266,-0.011018962358103623
1996-07-18,0.9857583540646709,0.9967918561358069,-0.011033502071135959
1996-07-19,0.9849699648184819,0.9962433828920453,-0.011273418073563413
1996-07-22,0.9849699648184819,0.9967360392580457,-0.01176607443956379
1996-07-23,0.9842972540789772,0.9967360392580457,-0.01243878517906849
1996-07-24,0.9837431784437015,0.9970245082152365,-0.013281329771534955
1996-07-25,0.9850994271145787,0.9970803250929977,-0.011980897978419058
1996-07-26,0.9858878163607678,0.997482766417559,-0.01159495005679112
1996-07-29,0.9844307314296626,0.9972398606746168,-0.012809129244954143
1996-07-30,0.98456816674743,0.9972398606746168,-0.012671693927186811
1996-07-31,0.9845681667474299,0.9972398606746168,-0.012671693927186922
1996-08-01,0.9850994271145789,0.9972398606746167,-0.0121404335600378
1996-08-02,0.9863534071843657,0.9968818834842781,-0.010528476299912382
1996-08-05,0.9860865095705015,0.996488334162532,-0.01040182459203054
1996-08-06,0.9867020468392219,0.9964338789454685,-0.009731832106246618
1996-08-07,0.9878550250586045,0.9967360392580457,-0.008881014199441206
1996-08-08,0.9883470804247472,0.9968994697690661,-0.0085523893443189
1996-08-09,0.9874882866431572,0.9964338789454682,-0.008945592302310956
1996-08-12,0.9881898707873589,0.996487037361664,-0.008297166574305126
1996-08-13,0.9883058744466162,0.9955707342617741,-0.007264859815157898
1996-08-14,0.9889543909481148,0.9955707342617741,-0.006616343313659345
1996-08-15,0.9898311617870333,0.996487037361664,-0.006655875574630654
1996-08-16,0.9898311617870333,0.996487037361664,-0.006655875574630654
1996-08-19,0.989650042616617,0.9972930190908122,-0.007642976474195207
1996-08-20,0.9887160233880834,0.997347474307876,-0.00863145091979256
1996-08-21,0.9880675068865846,0.997347474307876,-0.009279967421291335
1996-08-22,0.9876854090694748,0.9976954604153734,-0.010010051345898607
1996-08-23,0.9871941022053646,0.997347474307876,-0.010153372102511327
1996-08-26,0.9859401221355778,0.9969350419004739,-0.010994919764896083
1996-08-27,0.985256584204205,0.9968818834842783,-0.011625299280073276
1996-08-28,0.9854480667694351,0.997347474307876,-0.011899407538440876
1996-08-29,0.9859401221355778,0.997347474307876,-0.011407352172298157
1996-08-30,0.9864314289996878,0.9976423019991779,-0.011210872999490085
1996-09-03,0.9876854090694747,0.9976423019991779,-0.009956892929703254
1996-09-04,0.9881898707873586,0.9979364864369707,-0.0097466156496121
1996-09-05,0.9881898707873586,0.9975878467821143,-0.00939797599475567
1996-09-06,0.9888383872888572,0.9975878467821143,-0.008749459493257117
1996-09-09,0.9890486645689486,0.9971222559585164,-0.008073591389567869
1996-09-10,0.9879577066186991,0.9966639977561937,-0.00870629113749466
1996-09-11,0.9886062231201976,0.9969069034991362,-0.008300680378938607
1996-09-12,0.9890486645689484,0.9968018231345811,-0.007753158565632745
1996-09-13,0.9890486645689486,0.9964784805871132,-0.0074298160181646145
1996-09-16,0.9890486645689486,0.9962863165426434,-0.007237651973694859
1996-09-17,0.9890486645689486,0.996634302650141,-0.007585638081192392
1996-09-18,0.9890486645689486,0.9966862245985005,-0.00763756002955196
1996-09-19,0.9902932652639954,0.9969588254474959,-0.006665560183500507
1996-09-20,0.9906246213826332,0.9963756431319872,-0.005751021749354046
1996-09-23,0.9906246213826332,0.9960808154406855,-0.0054561940580523105
1996-09-24,0.9910902122062308,0.9960808154406855,-0.00499060323445466
1996-09-25,0.9910902122062308,0.9965390736430081,-0.0054488614367772525
1996-09-26,0.9917650602388889,0.9971222559585164,-0.005357195719627561
1996-09-27,0.9916392472172099,0.9971222559585164,-0.005483008741306583
1996-09-30,0.9917650602388887,0.9965390736430081,-0.004774013404119426
1996-10-01,0.9921048380408077,0.9962729794851556,-0.00416814144434785
1996-10-02,0.9919972244075486,0.9955217814235622,-0.0035245570160136186
1996-10-03,0.9927405184061012,0.9952269537322602,-0.0024864353261589978
1996-10-04,0.9927405184061012,0.9953372258270853,-0.002596707420984057
1996-10-07,0.9927405184061012,0.9960884238886785,-0.0033479054825772403
1996-10-08,0.9919972244075485,0.9961910875355107,-0.004193863127962216
1996-10-09,0.9919972244075485,0.9964339932784527,-0.004436768870904273
1996-10-10,0.9925809828244821,0.9965935288600718,-0.004012546035589648
1996-10-11,0.9929123389431199,0.9963832515799804,-0.0034709126368605014
1996-10-14,0.9927405184061011,0.9963832515799804,-0.003642733173879309
1996-10-15,0.9918254038705296,0.9962237159983615,-0.004398312127831816
1996-10-16,0.9918254038705296,0.9965796447390769,-0.004754240868547255
1996-10-17,0.9918254038705296,0.996319753541594,-0.004494349671064324
1996-10-18,0.9918254038705296,0.996319753541594,-0.004494349671064324
1996-10-21,0.9918254038705298,0.996319753541594,-0.004494349671064213
1996-10-22,0.9918254038705298,0.996319753541594,-0.004494349671064213
1996-10-23,0.9918254038705296,0.996319753541594,-0.004494349671064324
1996-10-24,0.9915387844848064,0.9962237159983615,-0.004684931513555091
1996-10-25,0.9914337041202511,0.9965796447390769,-0.005145940618825784
1996-10-28,0.9912475474669313,0.9970032914729666,-0.0057557440060352905
1996-10-29,0.9901709013632212,0.9972135687530579,-0.007042667389836721
1996-10-30,0.98996062408313,0.9978799723230035,-0.007919348239873503
1996-10-31,0.9910372701868402,0.9979850526875589,-0.006947782500718702
1996-11-01,0.9918936294527695,0.9977842399412109,-0.005890610488441417
1996-11-04,0.992461883923199,0.9978386951582745,-0.005376811235075496
1996-11-05,0.992461883923199,0.9972704406878447,-0.004808556764645644
1996-11-06,0.9925809828244824,0.9970650047074254,-0.004484021882943057
1996-11-07,0.9932844096593333,0.9967090759667099,-0.0034246663073765893
1996-11-08,0.9932844096593333,0.9970650047074254,-0.003780595048092139
1996-11-11,0.9937381296787449,0.9967090759667099,-0.002970946287965015
1996-11-12,0.9936190307774616,0.9962309740157567,-0.002611943238295056
1996-11-13,0.9929156039426108,0.9962854292328203,-0.0033698252902094605
1996-11-14,0.9934594951958426,0.9959770028532131,-0.0025175076573704658
1996-11-15,0.9932211276358113,0.9964006495871028,-0.003179521951291564
1996-11-18,0.9932211276358113,0.9959770028532133,-0.0027558752174020595
1996-11-19,0.9932211276358115,0.9959770028532131,-0.0027558752174016155
1996-11-20,0.9934594951958426,0.9959770028532131,-0.0025175076573704658
1996-11-21,0.9936190307774616,0.9959225476361494,-0.002303516858687793
1996-11-22,0.9933464299284662,0.996278476376865,-0.0029320464483987285
1996-11-25,0.9941223299302925,0.9959770028532133,-0.0018546729229208525
1996-11-26,0.9941223299302925,0.9956210741124977,-0.0014987441822051917
1996-11-27,0.9945140296805711,0.9959770028532131,-0.0014629731726419903
1996-11-29,0.9945698465583324,0.9951297672483875,-0.0005599206900551712
1996-12-02,0.9945698465583324,0.9956210741124977,-0.0010512275541653127
1996-12-03,0.9950318018200333,0.9956210741124977,-0.0005892722924644156
1996-12-04,0.9951913374016522,0.9956210741124977,-0.00042973671084545195
1996-12-05,0.9953073410609095,0.9956210741124977,-0.0003137330515882164
1996-12-06,0.9958322526308865,0.9956210741124977,0.0002111785183888104
1996-12-09,0.9958322526308865,0.9956210741124977,0.0002111785183888104
1996-12-10,0.9958322526308865,0.9964006495871026,-0.0005683969562161328
1996-12-11,0.9958322526308865,0.9964006495871026,-0.0005683969562161328
1996-12-12,0.9964817504520764,0.9966546207496464,-0.0001728702975699603
1996-12-13,0.9964817504520767,0.9966546207496462,-0.00017287029756951622
1996-12-16,0.9958322526308867,0.9966546207496462,-0.0008223681187594645
1996-12-17,0.995611573730251,0.9965988038718849,-0.0009872301416339324
1996-12-18,0.9959513515321698,0.9957727158134342,0.00017863571873566464
1996-12-19,0.9966008493533598,0.9952116460072478,0.0013892033461120334
1996-12-20,0.9958925962625275,0.9952116460072478,0.0006809502552796998
1996-12-23,0.9953676846925507,0.9952116460072478,0.000156038685302895
1996-12-24,0.9956471188628285,0.9952116460072478,0.0004354728555807652
1996-12-26,0.9956471188628285,0.9952116460072478,0.0004354728555807652
1996-12-27,0.9956471188628285,0.9952116460072478,0.0004354728555807652
1996-12-30,0.99611887201661,0.9952116460072478,0.0009072260093622164
1996-12-31,0.9963983061868877,0.9949322118369699,0.0014660943499178458
1997-01-02,0.9962307857024477,0.9955520369127986,0.0006787487896491307
1997-01-03,0.9966596046230021,0.9953639235714716,0.0012956810515304396
1997-01-06,0.9966008493533599,0.9958951839386205,0.0007056654147393759
1997-01-07,0.9966008493533598,0.996008249205997,0.0005926001473628428
1997-01-08,0.9966008493533598,0.9953247112746243,0.0012761380787355003
1997-01-09,0.9969339701377412,0.995379166491688,0.0015548036460532044
1997-01-10,0.9971493225971214,0.9958028132255776,0.0013465093715437915
1997-01-13,0.9964245020624615,0.9960082492059967,0.0004162528564647383
1997-01-14,0.9962091496030813,0.9958951839386205,0.0003139656644607358
1997-01-15,0.996261071551441,0.9960832972799474,0.00017777427149356928
1997-01-16,0.9954304545598345,0.9964562537448066,-0.0010257991849721426
1997-01-17,0.9953785326114749,0.9960627044230604,-0.0006841718115855322
1997-01-20,0.9955008965122488,0.9958028132255775,-0.0003019167133286871
1997-01-21,0.9952802176116132,0.9961185213008219,-0.0008383036892086748
1997-01-22,0.9944686866559129,0.996420681613399,-0.0019519949574861029
1997-01-23,0.9948084644578318,0.996008249205997,-0.001199784748165178
1997-01-24,0.9948603864061916,0.9960082492059967,-0.001147862799805166
1997-01-27,0.994067075025853,0.9950919461061069,-0.0010248710802538419
1997-01-28,0.994067075025853,0.994609968769357,-0.0005428937435040249
1997-01-29,0.9943465091961311,0.9940306019823165,0.0003159072138145813
1997-01-30,0.9939548094458525,0.9932960458716201,0.000658763574232335
1997-01-31,0.9937736902754363,0.9925448478100269,0.00122884246540933
1997-02-03,0.99316531075805,0.9925448478100269,0.0006204629480230928
1997-02-04,0.9921676994854064,0.992544847810027,-0.0003771483246206575
1997-02-05,0.9913113402194771,0.992544847810027,-0.0012335075905499648
1997-02-06,0.9918443569379387,0.992544847810027,-0.000700490872088344
1997-02-07,0.9928419682105823,0.9921419042730604,0.0007000639375219775
1997-02-10,0.9929977902736098,0.9918261961978159,0.0011715940757939247
1997-02-11,0.9931201541743839,0.9918261961978159,0.0012939579765680609
1997-02-12,0.9930581339052508,0.9918261961978159,0.0012319377074349047
1997-02-13,0.9932844096593333,0.992577394259409,0.0007070153999242379
1997-02-14,0.9927405184061012,0.9924613906001517,0.00027912780594951947
1997-02-18,0.9928025386752342,0.9931242253346015,-0.0003216866593673817
1997-02-19,0.9928025386752342,0.9931242253346015,-0.0003216866593673817
1997-02-20,0.9928025386752342,0.9931242253346013,-0.0003216866593671597
1997-02-21,0.9937381296787449,0.9932960458716201,0.00044208380712473794
1997-02-24,0.9940779074806637,0.9932960458716201,0.0007818616090435881
1997-02-25,0.9940779074806637,0.993929969885601,0.0001479375950627082
1997-02-26,0.9940779074806636,0.9937581493485822,0.0003197581320814047
1997-02-27,0.994304183234746,0.9943251849748383,-2.1001740092341237e-05
1997-02-28,0.9943041832347462,0.9940733587779675,0.0002308244567786888
1997-03-03,0.9944760037717648,0.9935063231517115,0.0009696806200533148
1997-03-04,0.9944172485021227,0.9932402289938588,0.0011770195082638768
1997-03-05,0.9944744968917376,0.9935635715413267,0.0009109253504109294
1997-03-06,0.9937710700568867,0.9938741530078393,-0.00010308295095262654
1997-03-07,0.9938298253265291,0.9935063231517115,0.00032350217481758037
1997-03-10,0.9938870737161443,0.9927876715395002,0.0010994021766440598
1997-03-11,0.9930307144502151,0.9932402289938588,-0.00020951454364370736
1997-03-12,0.993030714450215,0.9933960510568864,-0.0003653366066714847
1997-03-13,0.9921351875169213,0.9931166168866083,-0.0009814293696870369
1997-03-14,0.9921351875169213,0.9934479730052462,-0.001312785488324919
1997-03-17,0.993030714450215,0.9939792333723948,-0.0009485189221798418
1997-03-18,0.993030714450215,0.9936997992021168,-0.0006690847519018606
1997-03-19,0.9929734660605998,0.994377106923198,-0.0014036408625982544
1997-03-20,0.9928574624013426,0.9933319693459888,-0.00047450694464612475
1997-03-21,0.9926856418643236,0.9924369704428793,0.0002486714214443575
1997-03-24,0.9917313596613877,0.9918411572412876,-0.00010979757989992844
1997-03-25,0.9917313596613877,0.9916777267302672,5.363293112048417e-05
1997-03-26,0.9917313596613877,0.9912422367439183,0.0004891229174693867
1997-03-27,0.9909104057002305,0.9907885167245065,0.00012188897572396051
1997-03-31,0.9909104057002305,0.9900678990912308,0.0008425066089996491
1997-04-01,0.9917313596613877,0.9905216191106424,0.0012097405507452974
1997-04-02,0.9917313596613877,0.9911903147955584,0.0005410448658292877
1997-04-03,0.9914991954927281,0.9912447700126221,0.00025442548010601307
1997-04-04,0.9916710160297468,0.9905014760140692,0.0011695400156775948
1997-04-07,0.9916710160297469,0.9905014760140692,0.0011695400156777058
1997-04-08,0.9916710160297468,0.9903912039192444,0.0012798121105024318
1997-04-09,0.9917870196890043,0.9910268842845379,0.0007601354044663999
1997-04-10,0.991847363320645,0.99178612799715,6.123532349500138e-05
1997-04-11,0.9907942451908283,0.9917861279971502,-0.0009918828063218976
1997-04-14,0.99061789789993,0.9921259057990689,-0.0015080078991388524
1997-04-15,0.9907942451908283,0.9913666620864566,-0.0005724168956283693
1997-04-16,0.9907942451908283,0.9913666620864569,-0.0005724168956285913
1997-04-17,0.9897636308722196,0.9910268842845379,-0.0012632534123182548
1997-04-18,0.9898194477499811,0.9917861279971502,-0.0019666802471690614
1997-04-21,0.9909104057002305,0.9917861279971502,-0.0008757222969196787
1997-04-22,0.9909104057002304,0.9919624752880484,-0.0010520695878180053
1997-04-23,0.9908500620685896,0.9919624752880484,-0.0011124132194587633
1997-04-24,0.9919031801984064,0.9916898744390531,0.00021330575935329943
1997-04-25,0.9919031801984065,0.9916391327405808,0.00026404745782571126
1997-04-28,0.9919031801984064,0.9916391327405808,0.00026404745782560024
1997-04-29,0.9917840812971233,0.9910433195389892,0.0007407617581340897
1997-04-30,0.9915519171284635,0.9907035417370703,0.0008483753913931524
1997-05-01,0.9907309631673064,0.9911470773744381,-0.00041611420713172365
1997-05-02,0.9915519171284637,0.9913677562750737,0.0001841608533900141
1997-05-05,0.991257732690671,0.9905512641728464,0.0007064685178245211
1997-05-06,0.9903237134621373,0.9898825684879304,0.00044114497420688625
1997-05-07,0.9892930991435287,0.9894023215713046,-0.0001092224277758902
1997-05-08,0.989238643926465,0.9902775689431741,-0.0010389250167091024
1997-05-09,0.9892930991435287,0.9909462646280903,-0.001653165484561625
1997-05-12,0.9889444594886723,0.9913677562750738,-0.0024232967864015187
1997-05-13,0.9900974377080548,0.9915200338392974,-0.001422596131242626
1997-05-14,0.990446077362911,0.9916391327405808,-0.0011930553776697828
1997-05-15,0.99061789789993,0.9916391327405808,-0.0010212348406507532
1997-05-16,0.9916710160297468,0.9916391327405808,3.188328916603478e-05
1997-05-19,0.9916710160297468,0.9916391327405808,3.188328916603478e-05
1997-05-20,0.9917282644193619,0.9910433195389892,0.0006849448803727398
1997-05-21,0.9914898968593305,0.9907638853687112,0.0007260114906193493
1997-05-22,0.9915519171284637,0.9906116078044873,0.0009403093239763738
1997-05-23,0.9923901956721423,0.9905512641728464,0.001838931499295815
1997-05-27,0.9923901956721422,0.9917459978718075,0.0006441978003346449
1997-05-28,0.9915519171284637,0.9909462646280903,0.0006056525003733659
1997-05-29,0.9907309631673065,0.9902961514495819,0.00043481171772452587
1997-05-30,0.9915519171284637,0.9910720514514082,0.000479865677055491
1997-06-02,0.9913135495684323,0.9921848491588383,-0.0008712995904059939
1997-06-03,0.9913135495684321,0.9925334888136947,-0.0012199392452626467
1997-06-04,0.9923901956721422,0.9921848491588383,0.00020534651330383902
1997-06-05,0.9923901956721422,0.9917493591724894,0.0006408364996527416
1997-06-06,0.9923901956721423,0.9914837970698851,0.0009063986022571635
1997-06-09,0.9913135495684323,0.9922835303136025,-0.0009699807451701847
1997-06-10,0.9901984111694823,0.991919287056234,-0.0017208758867517382
1997-06-11,0.9901984111694823,0.9922679267110902,-0.002069515541607947
1997-06-12,0.9901984111694824,0.9914920267092642,-0.0012936155397818005
1997-06-13,0.9897859787620801,0.9919156734431535,-0.0021296946810733797
1997-06-16,0.98978597876208,0.9913879241654192,-0.0016019454033392444
1997-06-17,0.98978597876208,0.9916483175753079,-0.0018623388132279484
1997-06-18,0.9900881390746574,0.991821803879818,-0.001733664805160573
1997-06-19,0.9900881390746574,0.9915699776829473,-0.001481838608289876
1997-06-20,0.9912032774736073,0.9924416289556467,-0.0012383514820394348
1997-06-23,0.9912032774736073,0.9924416289556466,-0.0012383514820393238
1997-06-24,0.9912032774736071,0.9924416289556466,-0.0012383514820394348
1997-06-25,0.9914898968593305,0.9924416289556466,-0.0009517320963160492
1997-06-26,0.9916710160297468,0.9925019725872875,-0.0008309565575406186
1997-06-27,0.9923990224786005,0.9918246648662064,0.0005743576123941052
1997-06-30,0.993034702843894,0.9919504778878853,0.0010842249560086836
1997-07-01,0.9939099502157637,0.9920092331575275,0.0019007170582361343
1997-07-02,0.9939099502157637,0.9910522139852851,0.0028577362304785803
1997-07-03,0.9939099502157637,0.9920092331575275,0.0019007170582361343
1997-07-07,0.9938511949461213,0.991267044180925,0.002584150765196247
1997-07-08,0.9945140296805711,0.9920092331575275,0.0025047965230435842
1997-07-09,0.9945698465583322,0.9918281139871113,0.0027417325712209006
1997-07-10,0.9947461938492307,0.9920092331575275,0.0027369606917031497
1997-07-11,0.9943544940989522,0.9920092331575275,0.0023452609414246206
1997-07-14,0.9945698465583324,0.9921827194620375,0.00238712709629485
1997-07-15,0.9945698465583324,0.9928751515164544,0.0016946950418779139
1997-07-16,0.9950318018200331,0.9921239641923951,0.0029078376276380213
1997-07-17,0.9956111686070739,0.9927437892682238,0.0028673793388500624
1997-07-18,0.9963194216979063,0.9927437892682238,0.003575632429682507
1997-07-21,0.9962091496030813,0.9927437892682238,0.003465360334857448
1997-07-22,0.9964245020624615,0.9927437892682238,0.0036807127942376505
1997-07-23,0.9964245020624615,0.9935553202239241,0.002869181838537349
1997-07-24,0.9964245020624615,0.993677684124698,0.002746817937763435
1997-07-25,0.995716248971629,0.9935553202239239,0.0021609287477051264
1997-07-28,0.9959956831419071,0.9936437482389276,0.002351934902979469
1997-07-29,0.9959956831419071,0.9941922214826894,0.0018034616592177422
1997-07-30,0.9959956831419071,0.9941922214826894,0.0018034616592177422
1997-07-31,0.9959956831419071,0.9941922214826894,0.0018034616592177422
1997-08-01,0.9952444958178478,0.9933415879263504,0.0019029078914973852
1997-08-04,0.9954707715719303,0.9931094237576911,0.0023613478142392452
1997-08-05,0.9954707715719303,0.9938342442923508,0.001636527279579525
1997-08-06,0.9962823025276304,0.9933561423413978,0.002926160186232596
1997-08-07,0.9955311152035711,0.9939172121475841,0.001613903055986965
1997-08-08,0.9949096243602512,0.9933114905142073,0.0015981338460439032
1997-08-11,0.9950256280195088,0.9927125700168378,0.002313058002671009
1997-08-12,0.9946858502175899,0.9927125700168378,0.001973280200752159
1997-08-13,0.9943544940989522,0.9933114905142071,0.0010430035847450725
1997-08-14,0.9940883999410995,0.9926313218067376,0.001457078134361911
1997-08-15,0.9947657076621808,0.9932370434401144,0.0015286642220663227
1997-08-18,0.9955168949862401,0.992638122942745,0.0028787720434950703
1997-08-19,0.9951439385213807,0.992638122942745,0.0025058155786357172
1997-08-20,0.9951439385213807,0.9927572218440283,0.002386716677352463
1997-08-21,0.9951439385213807,0.9917034834263712,0.0034404550950095647
1997-08-22,0.9950851832517383,0.9927125700168378,0.002372613234900567
1997-08-25,0.9950851832517383,0.9927125700168378,0.002372613234900567
1997-08-26,0.9950851832517383,0.9927125700168378,0.002372613234900567
1997-08-27,0.9951439385213807,0.9919919523835621,0.003151986137818641
1997-08-28,0.9956359938875232,0.9925074589754995,0.003128534912023695
1997-08-29,0.9959593364349909,0.9928363768584968,0.003122959576494111
1997-09-02,0.9956932422771384,0.9929265918999359,0.002766650377202473
1997-09-03,0.9955772386178808,0.9933182916502146,0.0022589469676662643
1997-09-04,0.9947657076621805,0.9942120398388861,0.0005536678232944681
1997-09-05,0.9955168949862401,0.9942120398388861,0.0013048551473540115
1997-09-08,0.9955772386178808,0.9942120398388858,0.0013651987789949915
1997-09-09,0.9952081491109315,0.9942120398388858,0.000996109272045631
1997-09-10,0.9947461938492307,0.9946237854573629,0.00012240839186783425
1997-09-11,0.9938511949461213,0.994991615313491,-0.001140420367369721
1997-09-12,0.9946858502175899,0.9950836911115852,-0.00039784089399530487
1997-09-15,0.9955395052295692,0.9956579529731653,-0.0001184477435960396
1997-09-16,0.9955395052295692,0.9956579529731653,-0.0001184477435960396
1997-09-17,0.9956471188628285,0.9961269469812573,-0.00047982811842872675
1997-09-18,0.9957601841302048,0.9963718589042193,-0.0006116747740144701
1997-09-19,0.9958189393998473,0.9967836045226963,-0.0009646651228489844
1997-09-22,0.9957029357405899,0.9967836045226963,-0.001080668782106442
1997-09-23,0.9958189393998473,0.9968408529123113,-0.0010219135124639456
1997-09-24,0.9951416316787661,0.9965925378048549,-0.0014509061260887801
1997-09-25,0.9943069764072975,0.9971951486222549,-0.0028881722149574074
1997-09-26,0.9942497280176824,0.9971951486222549,-0.0029454206045724796
1997-09-29,0.9940862975066619,0.9971951486222549,-0.003108851115593003
1997-09-30,0.9940862975066619,0.9971951486222549,-0.003108851115593003
1997-10-01,0.9940862975066619,0.9974817680079782,-0.003395470501316278
1997-10-02,0.9937549413880242,0.9974817680079782,-0.003726826619953938
1997-10-03,0.9945308413898505,0.9974817680079782,-0.0029509266181276805
1997-10-06,0.9945308413898505,0.9977832415316301,-0.003252400141779632
1997-10-07,0.9937549413880242,0.9975292703690862,-0.003774328981062003
1997-10-08,0.9932110501347922,0.997893513626455,-0.004682463491662792
1997-10-09,0.9932698054044345,0.9979522688960974,-0.004682463491662903
1997-10-10,0.9941450527763043,0.9983737605430809,-0.00422870776677664
1997-10-13,0.9941450527763043,0.9981474847889984,-0.004002432012694124
1997-10-14,0.9932698054044348,0.9981474847889984,-0.004877679384563627
1997-10-15,0.9926341250391412,0.9984073759864814,-0.005773250947340269
1997-10-16,0.991679842836205,0.9980989496068742,-0.006419106770669147
1997-10-17,0.991679842836205,0.9980989496068744,-0.006419106770669369
1997-10-20,0.991679842836205,0.9980989496068744,-0.006419106770669369
1997-10-21,0.9914004086659269,0.9977832415316299,-0.006382832865702959
1997-10-22,0.9914004086659269,0.9976068942407317,-0.006206485574804743
1997-10-23,0.990407634167751,0.9971379002326397,-0.00673026606488869
1997-10-24,0.9914004086659272,0.997424519618363,-0.006024110952435824
1997-10-27,0.9913400650342861,0.9972526990813442,-0.005912634047058107
1997-10-28,0.991679842836205,0.9972526990813444,-0.005572856245139368
1997-10-29,0.991679842836205,0.997424519618363,-0.005744676782157954
1997-10-30,0.9906870683380291,0.9967899141251424,-0.006102845787113287
1997-10-31,0.9909133440921114,0.9969953501055616,-0.006082006013450214
1997-11-03,0.9909133440921114,0.9969953501055616,-0.006082006013450214
1997-11-04,0.9909133440921116,0.9969953501055616,-0.006082006013449992
1997-11-05,0.9919061185902874,0.9969953501055616,-0.005089231515274184
1997-11-06,0.991847363320645,0.9969953501055615,-0.0051479867849164584
1997-11-07,0.9909133440921114,0.9969953501055616,-0.006082006013450214
1997-11-10,0.991847363320645,0.9972819694912849,-0.005434606170639844
1997-11-11,0.9919061185902875,0.9972819694912849,-0.005375850900997348
1997-11-12,0.9909133440921114,0.9971101489542661,-0.006196804862154681
1997-11-13,0.9907942451908283,0.9974581350617636,-0.006663889870935358
1997-11-14,0.9907942451908283,0.9972526990813444,-0.006458453890516136
1997-11-17,0.9907942451908283,0.9967121085330773,-0.005917863342249086
1997-11-18,0.9907942451908283,0.9970135820567293,-0.006219336865901037
1997-11-19,0.9909133440921114,0.997185402593748,-0.00627205850163659
1997-11-20,0.9906870683380291,0.997185402593748,-0.006498334255718885
1997-11-21,0.991679842836205,0.997185402593748,-0.005505559757542966
1997-11-24,0.9906267247063881,0.9966576533160136,-0.006030928609625508
1997-11-25,0.9906870683380289,0.9969660796956209,-0.0062790113575920126
1997-11-26,0.9914004086659269,0.9969660796956209,-0.005565671029693964
1997-11-28,0.9910690525472893,0.9974938289733554,-0.006424776426066092
1997-12-01,0.9906266110985384,0.9970135820567293,-0.006386970958190852
1997-12-02,0.9906266110985384,0.9972143948030773,-0.00658778370453883
1997-12-03,0.9906266110985384,0.9974938289733551,-0.0068672178748167
1997-12-04,0.9905662674668976,0.9973862153400961,-0.006819947873198506
1997-12-05,0.9906266110985384,0.9970920309023034,-0.006465419803764916
1997-12-08,0.9911491815669728,0.9976946417197031,-0.006545460152730276
1997-12-09,0.9911491815669726,0.9976946417197031,-0.006545460152730498
1997-12-10,0.9901345557323957,0.9978077069870795,-0.007673151254683819
1997-12-11,0.9901345557323957,0.997353986967668,-0.0072194312352722445
1997-12-12,0.9901345557323957,0.997353986967668,-0.0072194312352722445
1997-12-15,0.9905662674668977,0.997353986967668,-0.006787719500770284
1997-12-16,0.9905662674668977,0.9979080626029436,-0.007341795136045937
1997-12-17,0.9915205496698337,0.9977591718049553,-0.006238622135121608
1997-12-18,0.9915205496698337,0.9977591718049555,-0.00623862213512183
1997-12-19,0.9915205496698337,0.9977591718049555,-0.00623862213512183
1997-12-22,0.9915205496698337,0.9977591718049555,-0.00623862213512183
1997-12-23,0.9915205496698337,0.9977591718049555,-0.00623862213512183
1997-12-24,0.9915808933014745,0.9980675981845626,-0.0064867048830881124
1997-12-26,0.9915808933014745,0.9980675981845626,-0.0064867048830881124
1997-12-29,0.9910268176661987,0.9977591718049555,-0.006732354138756835
1997-12-30,0.990486227117932,0.9977591718049555,-0.007272944687023553
1997-12-31,0.990608591018706,0.9973054517855438,-0.006696860766837731
1998-01-02,0.989593965184129,0.9973054517855438,-0.007711486601414741
1998-01-05,0.9895939651841291,0.9977591718049555,-0.008165206620826426
1998-01-06,0.989531944914996,0.9973862153400961,-0.007854270425100118
1998-01-07,0.989409581014222,0.9970920309023034,-0.007682449888081311
1998-01-08,0.9903638632171581,0.997646106537579,-0.007282243320420934
1998-01-09,0.9892234243609024,0.9972143948030773,-0.007990970442174894
1998-01-12,0.9894095810142219,0.9974938289733551,-0.008084247959133206
1998-01-13,0.9898361139394238,0.9971379002326397,-0.007301786293215873
1998-01-14,0.9897723211868777,0.9973862153400961,-0.007613894153218337
1998-01-15,0.9893457882616762,0.9971854025937481,-0.00783961433207192
1998-01-16,0.9894716012833551,0.9972426509833633,-0.007771049700008192
1998-01-20,0.9898981342085569,0.9965925378048549,-0.006694403596298026
1998-01-21,0.9899584778401976,0.9967933505512029,-0.0068348727110052465
1998-01-22,0.988943852005621,0.9963718589042193,-0.007428006898598349
1998-01-23,0.990020498109331,0.9967836045226961,-0.006763106413365083
1998-01-26,0.9899584778401979,0.9967836045226961,-0.006825126682498239
1998-01-27,0.990020498109331,0.9967836045226961,-0.006763106413365083
1998-01-28,0.989323872346977,0.9973862153400961,-0.008062342993119032
1998-01-29,0.9893238723469769,0.9971379002326397,-0.007814027885662767
1998-01-30,0.9893238723469769,0.9971379002326397,-0.007814027885662767
1998-02-02,0.9903613507833224,0.9971379002326397,-0.006776549449317271
1998-02-03,0.9912969417868329,0.9974245196183629,-0.006127577831529951
1998-02-04,0.991174577886059,0.9968502577567829,-0.0056756798707239264
1998-02-05,0.9918091833792798,0.9966621444154561,-0.004852961036176273
1998-02-06,0.9908735923757693,0.9966621444154561,-0.005788552039686756
1998-02-09,0.9909959562765432,0.9966018007838154,-0.005605844507272195
1998-02-10,0.9909959562765432,0.9970442422325664,-0.006048285956023136
1998-02-11,0.9909959562765432,0.9970442422325663,-0.006048285956023025
1998-02-12,0.9909959562765432,0.997664067308395,-0.00666811103185172
1998-02-13,0.9909959562765432,0.9974922467713762,-0.0064962904948329125
1998-02-17,0.9909959562765432,0.9976640673083947,-0.006668111031851498
1998-02-18,0.9919315472800537,0.9978562313528647,-0.005924684072810993
1998-02-19,0.9918712036484127,0.9978562313528647,-0.005985027704451973
1998-02-20,0.9915237055542775,0.9981795739003324,-0.006655868346054916
1998-02-23,0.9915237055542775,0.9981795739003324,-0.006655868346054916
1998-02-24,0.992459296557788,0.9981795739003324,-0.005720277342544433
1998-02-25,0.9922781773873717,0.998535502641048,-0.0062573252536762825
1998-02-26,0.9927584243039976,0.9986485679084244,-0.005890143604426745
1998-02-27,0.9923148886666299,0.998452174749328,-0.006137286082698146
1998-03-02,0.9928193503845137,0.9980497334247668,-0.005230383040253028
1998-03-03,0.9928193503845137,0.9980497334247665,-0.005230383040252806
1998-03-04,0.9928193503845137,0.9979366681573902,-0.005117317772876495
1998-03-05,0.9917818719481682,0.9973755983512039,-0.0055937264030356815
1998-03-06,0.9916658682889107,0.9974832119844632,-0.005817343695552535
1998-03-09,0.9925809828244824,0.9975962772518395,-0.005015294427357153
1998-03-10,0.993578594097126,0.9981573470580258,-0.004578752960899823
1998-03-11,0.9943544940989522,0.9986156052603484,-0.004261111161396269
1998-03-12,0.9936358424867411,0.9982131639357872,-0.004577321449046101
1998-03-13,0.9937549413880242,0.9977093425192162,-0.0039544011311919425
1998-03-16,0.9933124999392734,0.9981573470580258,-0.004844847118752438
1998-03-17,0.9933124999392734,0.9981000986684108,-0.004787598729137366
1998-03-18,0.9934315988405565,0.9982676191528509,-0.0048360203122943535
1998-03-19,0.992939543474414,0.998267619152851,-0.005328075678436961
1998-03-20,0.9937154434762402,0.9981573470580258,-0.0044419035817856445
1998-03-23,0.9937154434762401,0.9981573470580258,-0.0044419035817857555
1998-03-24,0.9931128326588403,0.9979366681573902,-0.004823835498549922
1998-03-25,0.9940285079399528,0.9979366681573902,-0.003908160217437451
1998-03-26,0.9947209399943697,0.9984521747493278,-0.0037312347549580682
1998-03-27,0.9945445927034715,0.998559788382587,-0.0040151956791154575
1998-03-30,0.993671041478638,0.9986156052603484,-0.004944563781710376
1998-03-31,0.993671041478638,0.9986156052603484,-0.004944563781710376
1998-04-01,0.9942736522960381,0.998559788382587,-0.00428613608654882
1998-04-02,0.9933579770149256,0.9984521747493276,-0.005094197734402006
1998-04-03,0.9933579770149256,0.9987536482729795,-0.005395671258053958
1998-04-06,0.9925820770130993,0.9987536482729795,-0.006171571259880215
1998-04-07,0.9918228333004871,0.9982846542648877,-0.006461820964400511
1998-04-08,0.9927584243039976,0.998452174749328,-0.005693750445330381
1998-04-09,0.9922178337557308,0.9986156052603484,-0.006397771504617622
1998-04-13,0.9925820770130993,0.998559788382587,-0.005977711369487659
1998-04-14,0.992337165090137,0.9986156052603484,-0.006278440170211397
1998-04-15,0.9933579770149256,0.9989715340010639,-0.005613556986138302
1998-04-16,0.9924009578426831,0.9985597883825871,-0.006158830539903959
1998-04-17,0.9926393254027145,0.9984521747493278,-0.0058128493466133024
1998-04-20,0.9928204445731307,0.9985053331655234,-0.0056848885923926895
1998-04-21,0.9933124999392734,0.9986156052603484,-0.00530310532107503
1998-04-22,0.9933124999392734,0.9990273508788252,-0.005714850939551819
1998-04-23,0.9933124999392733,0.9993357772584324,-0.006023277319159082
1998-04-24,0.9931934010379901,0.9990818060958889,-0.005888405057898782
1998-04-27,0.9934594951958429,0.9986700604774119,-0.005210565281569046
1998-04-28,0.9933974749267097,0.9986156052603484,-0.005218130333638715
1998-04-29,0.9938500323810681,0.9990273508788252,-0.005177318497757155
1998-04-30,0.9933579770149256,0.9990818060958889,-0.005723829080963361
1998-05-01,0.992999999824587,0.9990818060958889,-0.006081806271301948
1998-05-04,0.992999999824587,0.9987258773551734,-0.0057258775305863985
1998-05-05,0.992999999824587,0.9987258773551734,-0.0057258775305863985
1998-05-06,0.9927616322645556,0.9983234360306124,-0.00556180376605675
1998-05-07,0.9922835303136024,0.9983234360306121,-0.0060399057170097414
1998-05-08,0.9922835303136025,0.9982676191528509,-0.0059840888392483915
1998-05-11,0.9927616322645556,0.9982118022750895,-0.005450170010533939
1998-05-12,0.9927616322645556,0.9982118022750895,-0.005450170010533939
1998-05-13,0.9927616322645556,0.9981573470580258,-0.00539571479347023
1998-05-14,0.9927616322645556,0.9975962772518396,-0.004834644987284031
1998-05-15,0.9920429806523445,0.9971036208858391,-0.005060640233494618
1998-05-18,0.992358688727589,0.997047804008078,-0.004689115280488987
1998-05-19,0.9916751507962163,0.9969318003488203,-0.005256649552604076
1998-05-20,0.9920429806523445,0.9974244567148207,-0.005381476062476187
1998-05-21,0.9923586887275886,0.9974832119844632,-0.005124523256874625
1998-05-22,0.9918805867766356,0.9974832119844632,-0.005602625207827616
1998-05-26,0.9918805867766356,0.9980442817906494,-0.006163695014013815
1998-05-27,0.9925434215110853,0.998559788382587,-0.006016366871501644
1998-05-28,0.9919255531232638,0.998392267898147,-0.006466714774883142
1998-05-29,0.9926090910546365,0.9984480847759083,-0.005838993721271835
1998-06-01,0.9920007115372501,0.9984480847759083,-0.006447373238658183
1998-06-02,0.9920007115372501,0.9982846542648878,-0.006283942727637659
1998-06-03,0.9925689660076799,0.9981686506056303,-0.005599684597950461
1998-06-04,0.9925689660076799,0.9984480847759083,-0.005879118768228442
1998-06-05,0.9935897779324684,0.9982846542648877,-0.004694876332419273
1998-06-08,0.9941568135587244,0.9986405830056031,-0.0044837694468786715
1998-06-09,0.9941568135587244,0.9986405830056031,-0.0044837694468786715
1998-06-10,0.9936948582970235,0.9986937414217987,-0.004998883124775144
1998-06-11,0.9937480167132193,0.9982247474137068,-0.004476730700487486
1998-06-12,0.9936948582970238,0.9986937414217987,-0.004998883124774922
1998-06-15,0.9936948582970238,0.9988945541681469,-0.005199695871123122
1998-06-16,0.9940434979518802,0.9992102622433912,-0.005166764291510972
1998-06-17,0.9935897779324684,0.9990468317323705,-0.005457053799902134
1998-06-18,0.9935897779324684,0.9987154756137328,-0.005125697681264363
1998-06-19,0.9941568135587244,0.9987154756137328,-0.004558662055008322
1998-06-22,0.9935885590882948,0.9987154756137328,-0.005126916525437952
1998-06-23,0.9933286678908119,0.9983237758634541,-0.004995107972642243
1998-06-24,0.9936773075456682,0.9986103952491774,-0.004933087703509198
1998-06-25,0.9933157078998315,0.9985100396333135,-0.005194331733482049
1998-06-26,0.9934715299628589,0.9982234202475903,-0.0047518902847313305
1998-06-29,0.9932054358050064,0.9979508193985949,-0.004745383593588448
1998-06-30,0.992999999824587,0.9979000777001226,-0.004900077875535591
1998-07-01,0.992999999824587,0.9977189585297062,-0.004718958705119181
1998-07-02,0.992999999824587,0.998273034164982,-0.005273034340395055
1998-07-06,0.9925218978736338,0.998273034164982,-0.005751136291348269
1998-07-07,0.9925218978736338,0.998273034164982,-0.005751136291348269
1998-07-08,0.992999999824587,0.9983833062598071,-0.005383306435220114
1998-07-09,0.9934920551907296,0.9978292306245312,-0.004337175433801632
1998-07-10,0.9927161551889033,0.9979850526875587,-0.005268897498655334
1998-07-13,0.9930741323792419,0.99822342024759,-0.005149287868348118
1998-07-14,0.9934562301963519,0.9983868507586107,-0.004930620562258792
1998-07-15,0.993578594097126,0.9983868507586107,-0.004808256661484656
1998-07-16,0.993635842486741,0.9984387727069705,-0.004802930220229484
1998-07-17,0.9927002514832305,0.9986151199978687,-0.005914868514638183
1998-07-20,0.9916627730468851,0.9985100396333132,-0.006847266586428091
1998-07-21,0.9907672461135913,0.9980675981845626,-0.007300352070971239
1998-07-22,0.9907672461135913,0.9982310286955832,-0.0074637825819918735
1998-07-23,0.9907672461135913,0.9982310286955832,-0.0074637825819918735
1998-07-24,0.9909483652840075,0.9984413059756744,-0.007492940691666838
1998-07-27,0.9912209661330029,0.9983868507586107,-0.0071658846256077435
1998-07-28,0.9914416450336386,0.9981328795960673,-0.006691234562428705
1998-07-29,0.9910398469625866,0.9983336923424153,-0.0072938453798286895
1998-07-30,0.9916627730468849,0.9984387727069705,-0.006775999660085574
1998-07-31,0.9918438922173012,0.998074529449602,-0.006230637232300773
1998-08-03,0.9921164930662967,0.9976208094301902,-0.00550431636389348
1998-08-04,0.9922355919675798,0.9971518154220982,-0.004916223454518365
1998-08-05,0.9932110501347922,0.9976208094301902,-0.004409759295397997
1998-08-06,0.9937549413880242,0.9980226075012422,-0.004267666113217938
1998-08-07,0.9934315988405565,0.9978019286006067,-0.00437032976005014
1998-08-10,0.9938136966576666,0.997348208581195,-0.003534511923528383
1998-08-11,0.9932698054044348,0.9972974668827227,-0.004027661478287925
1998-08-12,0.9935492395747126,0.9974649873671628,-0.003915747792450186
1998-08-13,0.9934904843050703,0.9980675981845626,-0.004577113879492334
1998-08-14,0.9934904843050703,0.9976946417197031,-0.00420415741463287
1998-08-17,0.9934904843050703,0.9978077069870794,-0.004317222682009181
1998-08-18,0.9932698054044345,0.9978077069870794,-0.004537901582644888
1998-08-19,0.9941450527763043,0.9978077069870795,-0.0036626542107752735
1998-08-20,0.9941450527763043,0.9976068942407317,-0.0034618414644274065
1998-08-21,0.9943657316769399,0.9969567810622235,-0.0025910493852836503
1998-08-24,0.9943069764072975,0.9973685266807004,-0.0030615502734029354
1998-08-25,0.9942497280176825,0.9976068942407317,-0.0033571662230491572
1998-08-26,0.9934904843050703,0.9975108566974992,-0.004020372392428917
1998-08-27,0.9925753697694987,0.9971628705900017,-0.0045875008205030765
1998-08-28,0.9927428902539387,0.9970525984951768,-0.004309708241238108
1998-08-31,0.9927428902539387,0.9964985228599009,-0.0037556326059622336
1998-09-01,0.9935420011302528,0.996608794954726,-0.0030667938244731685
1998-09-02,0.9935420011302528,0.9971628705900016,-0.003620869459748821
1998-09-03,0.9927428902539387,0.9967148660511918,-0.003971975797253058
1998-09-04,0.99365800478951,0.996109144417815,-0.002451139628304899
1998-09-08,0.9943069764072975,0.9963194216979061,-0.002012445290608622
1998-09-09,0.9951416316787661,0.9960533275400536,-0.0009116958612874759
1998-09-10,0.9951416316787661,0.9953450744492213,-0.00020344277045514225
1998-09-11,0.9949209527781305,0.994996434794365,-7.54820162344183e-05
1998-09-14,0.9948621975084879,0.9953450744492213,-0.00048287694073334553
1998-09-15,0.9940275422370196,0.994471523224388,-0.00044398098736841973
1998-09-16,0.9940275422370196,0.9937369671136919,0.00029057512332775204
1998-09-17,0.9940862975066619,0.9927161551889034,0.0013701423177584493
1998-09-18,0.9940862975066619,0.9928292204562797,0.0012570770503821382
1998-09-21,0.9940862975066619,0.9932113182733898,0.0008749792332720663
1998-09-22,0.994804949118873,0.9939872182752159,0.0008177308436571051
1998-09-23,0.9952669043805739,0.9939299698856009,0.0013369344949729633
1998-09-24,0.9951478054792907,0.9936638757277483,0.0014839297515424343
1998-09-25,0.9953073410609097,0.9936638757277483,0.001643465333161398
1998-09-28,0.9949759849422718,0.993987218275216,0.0009887666670558293
1998-09-29,0.9950318018200333,0.9936638757277485,0.0013679260922847547
1998-09-30,0.9951913374016523,0.992577394259409,0.00261394314224328
1998-10-01,0.9949591732329927,0.9933532942612353,0.0016058789717573463
1998-10-02,0.9957707041886927,0.9933532942612353,0.0024174099274574257
1998-10-05,0.9962526815254427,0.9937211241173635,0.002531557408079199
1998-10-06,0.9966908826743793,0.9939872182752162,0.0027036643991631415
1998-10-07,0.9969775020601026,0.9937211241173635,0.0032563779427391415
1998-10-08,0.9965393009111662,0.9933532942612353,0.0031860066499308504
1998-10-09,0.9972037778141853,0.9932960458716201,0.003907731942565218
1998-10-12,0.9978236028900138,0.9936638757277485,0.004159727162265314
1998-10-13,0.9978236028900138,0.9932113182733898,0.004612284616623996
1998-10-14,0.9981715889975112,0.9938741530078393,0.004297435989671916
1998-10-15,0.9983679821566079,0.9945514607289204,0.0038165214276875137
1998-10-16,0.9983092268869656,0.9941693629118108,0.004139863975154756
1998-10-19,0.998112833727869,0.9934920551907297,0.0046207785371392696
1998-10-20,0.9977103924033078,0.993039497736371,0.00467089466693682
1998-10-21,0.9977103924033079,0.993647877253757,0.004062515149550916
1998-10-22,0.9973168430815618,0.9937581493485821,0.0035586937329796786
1998-10-23,0.9967683698377999,0.9937581493485821,0.003010220489217841
1998-10-26,0.9964817504520764,0.9934715299628589,0.0030102204892175077
1998-10-27,0.9964245020624615,0.9934715299628588,0.0029529720996026576
1998-10-28,0.9964245020624615,0.9943251849748381,0.0020993170876233425
1998-10-29,0.9964245020624617,0.9940930208061788,0.002331481256282908
1998-10-30,0.9966451809630973,0.9944509979965173,0.002194182966580027
1998-11-02,0.9968215282539953,0.994502919944877,0.002318608309118231
1998-11-03,0.9969318003488203,0.9944509979965173,0.0024808023523030798
1998-11-04,0.9968215282539955,0.994502919944877,0.002318608309118453
1998-11-05,0.9973700014977572,0.9950822867319175,0.0022877147658397767
1998-11-06,0.9970302236958383,0.9950303647835579,0.0019998589122803834
1998-11-09,0.9970302236958383,0.9944509979965173,0.0025792256993210083
1998-11-10,0.9973186926530293,0.9945029199448769,0.0028157727081523642
1998-11-11,0.9970245082152366,0.9945029199448769,0.0025215882703596426
1998-11-12,0.9968686861522091,0.9942875674854967,0.002581118666712401
1998-11-13,0.9969245030299704,0.9942875674854967,0.0026369355444736398
1998-11-16,0.9972186874677631,0.9944509979965173,0.0027676894712458378
1998-11-17,0.9974289647478541,0.994502919944877,0.0029260448029770902
1998-11-18,0.9976053120387524,0.9942875674854967,0.0033177445532556193
1998-11-19,0.9976611289165139,0.9944509979965171,0.0032101309199967787
1998-11-20,0.9980635702410751,0.9950303647835579,0.003033205457517174
1998-11-23,0.9980635702410751,0.9946179323761556,0.0034456378649194708
1998-11-24,0.9980077533633136,0.9942161343051036,0.003791619058210016
1998-11-25,0.997684410815846,0.9942161343051036,0.0034682765107424407
1998-11-27,0.997684410815846,0.9942161343051036,0.0034682765107424407
1998-11-30,0.997684410815846,0.9942161343051036,0.0034682765107424407
1998-12-01,0.997684410815846,0.9947336470770612,0.0029507637387847785
1998-12-02,0.9976844108158461,0.995135445148113,0.002548965667733105
1998-12-03,0.9970498053226252,0.9941981011707339,0.002851704151891288
1998-12-04,0.9971101489542661,0.9942618939232798,0.002848255030986291
1998-12-07,0.9970556937372024,0.995135445148113,0.0019202485890893461
1998-12-08,0.9970556937372024,0.9946636919943317,0.0023920017428706863
1998-12-09,0.9970556937372024,0.994610533578136,0.002445160159066373
1998-12-10,0.9963755250297329,0.9941981011707339,0.0021774238589989947
1998-12-11,0.9961700890493135,0.9940930208061788,0.0020770682431346943
1998-12-14,0.9958759046115208,0.9936912227351266,0.002184681876394201
1998-12-15,0.9961700890493135,0.9946285667125059,0.0015415223368075992
1998-12-16,0.9966180935881236,0.9954591837041122,0.0011589098840113499
1998-12-17,0.997110148954266,0.9954591837041122,0.0016509652501537353
1998-12-18,0.997110148954266,0.9956913478727718,0.0014188010814941698
1998-12-21,0.997110148954266,0.9955886842259399,0.0015214647283260385
1998-12-22,0.9968724216955472,0.9956913478727718,0.0011810738227754358
1998-12-23,0.9968120780639067,0.9959297154328032,0.0008823626311035282
1998-12-24,0.99646343840905,0.9956571145838078,0.0008063238252422611
1998-12-28,0.9958951839386205,0.9952750167666979,0.0006201671719225921
1998-12-29,0.996253161128959,0.9956063728853357,0.0006467882436232975
1998-12-30,0.9965935520345098,0.9956571145838078,0.0009364374507020434
1998-12-31,0.9969168945819773,0.9952146731350571,0.0017022214469202268
1999-01-04,0.9969168945819773,0.9958203947684339,0.0010964998135434278
1999-01-05,0.9969168945819773,0.9960864889262864,0.0008304056556909245
1999-01-06,0.9971552621420087,0.9957923044884937,0.0013629576535150179
1999-01-07,0.9976135203443313,0.9960300317472124,0.0015834885971188761
1999-01-08,0.9972901777968635,0.9955255700293283,0.0017646077675351757
1999-01-11,0.9968364577774518,0.9952656788318454,0.0015707789456064214
1999-01-12,0.9965935520345096,0.9950775654905186,0.001515986543990988
1999-01-13,0.9967361021615879,0.9958197544671211,0.0009163476944668014
1999-01-14,0.9965642816245689,0.9958197544671211,0.0007445271574477719
1999-01-15,0.9963781249712491,0.9960581220271524,0.00032000294409673113
1999-01-19,0.9962185893896303,0.9965005634759033,-0.0002819740862730624
1999-01-20,0.9962660917507387,0.9965005634759033,-0.0002344717251646644
1999-01-21,0.9960942712137199,0.9957583744993007,0.00033589671441913715
1999-01-22,0.9958978780546233,0.9953854180344412,0.0005124600201820151
1999-01-25,0.9955061783043448,0.9953854180344412,0.000120760269903597
1999-01-26,0.9953146957391149,0.995266319133158,4.83766059569124e-05
1999-01-27,0.99541977610367,0.9955040463918767,-8.427028820667815e-05
1999-01-28,0.9953257611587161,0.9962006721542306,-0.0008749109955145107
1999-01-29,0.995517243723946,0.9961386518850975,-0.0006214081611515265
1999-02-01,0.995517243723946,0.9955040463918767,1.3197332069281309e-05
1999-02-02,0.9956112586689,0.9955040463918767,0.00010721227702326086
1999-02-03,0.9959510364708188,0.9962006721542306,-0.0002496356834117419
1999-02-04,0.9961518492171668,0.9956465965189549,0.0005052526982118888
1999-02-05,0.995517243723946,0.9950439857015551,0.0004732580223909544
1999-02-08,0.995517243723946,0.9954082289589236,0.00010901476502245266
1999-02-09,0.9954121633593905,0.9947418253889777,0.0006703379704128265
1999-02-10,0.9952240500180639,0.9952959010242535,-7.185100618956053e-05
1999-02-11,0.9960300317472124,0.9956043274038606,0.00042570434335176266
1999-02-12,0.9960300317472124,0.9955061783043446,0.000523853442867761
1999-02-16,0.9952878427706097,0.9952959010242535,-8.058253643805635e-06
1999-02-17,0.9950775654905186,0.9959623045941991,-0.0008847391036804764
1999-02-18,0.9955820272084025,0.99640474604295,-0.0008227188345475422
1999-02-19,0.9955820272084025,0.99640474604295,-0.0008227188345475422
1999-02-22,0.9960244686571532,0.9969324953206843,-0.0009080266635310696
1999-02-23,0.9954562141867235,0.9964522484040584,-0.0009960342173349623
1999-02-24,0.995190120028871,0.9957383424730042,-0.0005482224441332173
1999-02-25,0.995190120028871,0.9958839939336286,-0.0006938739047576137
1999-02-26,0.995190120028871,0.9961924203132358,-0.0010023002843648765
1999-03-01,0.9952488752985134,0.9959058009275126,-0.0006569256289992165
1999-03-02,0.9955722178459809,0.9959058009275125,-0.00033358308153152993
1999-03-03,0.9955722178459808,0.9963978562936552,-0.0008256384476743595
1999-03-04,0.9955722178459809,0.9960580784917363,-0.0004858606457553982
1999-03-05,0.9955722178459809,0.9954748961762279,9.732166975306988e-05
1999-03-08,0.9958099451046997,0.9953292447156036,0.00048070038909608925
1999-03-09,0.9954369886398401,0.9945780466540103,0.0008589419858298086
1999-03-10,0.9952488752985135,0.9946276605714022,0.0006212147271112967
1999-03-11,0.9958099451046997,0.9946276605714022,0.0011822845332974952
1999-03-12,0.9953782333701978,0.9939310348090483,0.0014471985611494986
1999-03-15,0.9959464878406277,0.9936641371951843,0.002282350645443354
1999-03-16,0.99640474604295,0.9944354965269322,0.001969249516017846
1999-03-17,0.9958641554946834,0.9936641371951843,0.002200018299499118
1999-03-18,0.995621249751741,0.9936641371951843,0.0019571125565567282
1999-03-19,0.9958641554946834,0.9936641371951843,0.002200018299499118
1999-03-22,0.9952140423161753,0.9931596754773004,0.0020543668388748326
1999-03-23,0.9947557841138525,0.9931596754773004,0.0015961086365520183
1999-03-24,0.9954058972923608,0.9936641371951841,0.0017417600971767477
1999-03-25,0.9958596173117724,0.9938066873222624,0.0020529299895100106
1999-03-26,0.9961025230547148,0.9935637815793202,0.002538741475394568
1999-03-29,0.9954524098762064,0.9940558369454627,0.0013965729307436892
1999-03-30,0.9954524098762064,0.9929747235859328,0.002477686290273673
1999-03-31,0.9954524098762064,0.99248266821979,0.0029697416564163914
1999-04-01,0.9954058972923608,0.9931628369272597,0.002243060365101135
1999-04-05,0.9959464878406274,0.9931628369272597,0.002783650913367741
1999-04-06,0.9959961017580192,0.9929251096685408,0.003070992089478475
1999-04-07,0.995190120028871,0.992925109668541,0.00226501036033
1999-04-08,0.9951901200288711,0.9929251096685408,0.002265010360330333
1999-04-09,0.9955722178459809,0.9917249159449759,0.003847301901005018
1999-04-12,0.9960760392625522,0.9917249159449759,0.004351123317576255
1999-04-13,0.9957603311873077,0.9904039499944591,0.005356381192848536
1999-04-14,0.9963781995751294,0.9904039499944592,0.005974249580670166
1999-04-15,0.9960760392625522,0.9904039499944592,0.005672089268092928
1999-04-16,0.9963781995751293,0.9892312431705643,0.007146956404564975
1999-04-19,0.9958099451046997,0.9887594900167829,0.007050455087916796
1999-04-20,0.9955722178459809,0.9892397369334087,0.006332480912572214
1999-04-21,0.9958955603934486,0.9895106773408422,0.006384883052606427
1999-04-22,0.9963993818100196,0.990534493366749,0.0058648884432705994
1999-04-23,0.9963486401115476,0.990534493366749,0.005814146744798521
1999-04-26,0.9963486401115473,0.9902550591964709,0.006093580915076391
1999-04-27,0.9963486401115473,0.9913480189727814,0.005000621138765982
1999-04-28,0.9960760392625522,0.9914483745886454,0.0046276646739067395
1999-04-29,0.9959756836466881,0.99182527156084,0.004150412085848099
1999-04-30,0.9959756836466881,0.9917249159449759,0.004250767701712177
1999-05-03,0.9965935520345096,0.991524103198628,0.005069448835881563
1999-05-04,0.9969959933590709,0.991042125861878,0.005953867497192844
1999-05-05,0.9967011656677688,0.991042125861878,0.005659039805890775
1999-05-06,0.9962887332603665,0.99205808959905,0.0042306436613165355
1999-05-07,0.996701165667769,0.9911402749613941,0.005560890706374888
1999-05-10,0.9972166722597064,0.99205808959905,0.005158582660656497
1999-05-11,0.9970491517752665,0.9915223727785041,0.00552677899676246
1999-05-12,0.9968437157948472,0.9922299101360688,0.004613805658778447
1999-05-13,0.9973977914301227,0.9922299101360685,0.005167881294054211
1999-05-14,0.9976992649537745,0.9923894457176875,0.005309819236086977
1999-05-17,0.9971715156760403,0.9924898013335517,0.004681714342488652
1999-05-18,0.9973977914301227,0.9933331874343629,0.004064603995759808
1999-05-19,0.9978667854382146,0.993982685255553,0.0038841001826616095
1999-05-20,0.9979770575330397,0.9947033028888286,0.003273754644211091
1999-05-21,0.9981328795960673,0.9951415040377655,0.0029913755583018675
1999-05-24,0.9982310286955833,0.9949208251371299,0.0033102035584534617
1999-05-25,0.9979153206203389,0.9949208251371299,0.0029944954832090698
1999-05-26,0.9982019400060621,0.9952092940943208,0.0029926459117413096
1999-05-27,0.9984073759864814,0.9949208251371296,0.0034865508493517883
1999-05-28,0.9988390877209834,0.9951934259861253,0.003645661734858141
1999-06-01,0.9988390877209834,0.9961327373890452,0.002706350331938223
1999-06-02,0.9984073759864814,0.9958601365400498,0.0025472394464316483
1999-06-03,0.9981534048239379,0.9958601365400499,0.0022932682838879836
1999-06-04,0.998535502641048,0.9961030422829921,0.002432460358055888
1999-06-07,0.9984810474239842,0.9966862245985005,0.0017948228254837106
1999-06-08,0.9984810474239844,0.9968826177575971,0.0015984296663872355
1999-06-09,0.9984810474239844,0.9968826177575971,0.0015984296663872355
1999-06-10,0.9983679821566077,0.9970687744109169,0.0012992077456908113
1999-06-11,0.9981577048765167,0.9971669235104327,0.0009907813660839926
1999-06-14,0.9979858843394979,0.996724482061682,0.001261402277815904
1999-06-15,0.9979858843394979,0.996724482061682,0.001261402277815904
1999-06-16,0.9981577048765167,0.996724482061682,0.0014332228148347115
1999-06-17,0.9982603685233487,0.997126280132734,0.0011340883906146848
1999-06-18,0.9977326192456144,0.9967244820616821,0.0010081371839323339
1999-06-21,0.997613520344331,0.9967244820616821,0.0008890382826489684
1999-06-22,0.9976135203443313,0.9961704064264063,0.0014431139179249541
1999-06-23,0.9976135203443313,0.9959695936800583,0.0016439266642729322
1999-06-24,0.9973706146013891,0.9959695936800583,0.0014010209213307645
1999-06-25,0.9971322470413577,0.9964740553979424,0.0006581916434152957
1999-06-28,0.9971322470413577,0.9965722044974583,0.0005600425438994083
1999-06-29,0.9966147342694001,0.9960181288621824,0.0005966054072176208
1999-06-30,0.9963993818100199,0.9953517252922368,0.0010476565177830466
1999-07-01,0.9966147342694001,0.9953031901101127,0.001311544159287359
1999-07-02,0.9961109128528288,0.9953517252922368,0.0007591875605920118
1999-07-06,0.9955624396090672,0.994685321722291,0.0008771178867762464
1999-07-07,0.9951855426368724,0.9946853217222911,0.0005002209145813508
1999-07-08,0.9957777920684474,0.9953517252922368,0.0004260667762105985
1999-07-09,0.9960799523810246,0.9953517252922368,0.0007282270887878362
1999-07-12,0.9960799523810246,0.994685321722291,0.0013946306587336865
1999-07-13,0.9954304545598345,0.9948861344686389,0.0005443200911955381
1999-07-14,0.9956511334604703,0.9955040028564605,0.00014713060400983746
1999-07-15,0.9964817504520767,0.9947244273818555,0.0017573230702211395
1999-07-16,0.9970302236958383,0.9952556877490041,0.0017745359468341881
1999-07-19,0.9970302236958383,0.9952556877490043,0.001774535946833966
1999-07-20,0.9970302236958383,0.9947900969254065,0.0022401267704317274
1999-07-21,0.9975340451124095,0.9954079653132282,0.002126079799181335
1999-07-22,0.9973706146013891,0.9954079653132282,0.0019626492881609225
1999-07-23,0.9973186926530293,0.9955040028564606,0.0018146897965687359
1999-07-26,0.9974782282346483,0.9960084645743446,0.0014697636603037134
1999-07-27,0.9972398606746168,0.9966263329621661,0.0006135277124507121
1999-07-28,0.9967742698510191,0.9971669235104327,-0.00039265365941354435
1999-07-29,0.9963262653122092,0.9971669235104327,-0.0008406581982234318
1999-07-30,0.9964338789454683,0.9971669235104327,-0.0007330445649643691
1999-08-02,0.9962185264860881,0.9969661107640849,-0.0007475842779968156
1999-08-03,0.9957258701200877,0.9967799541107651,-0.0010540839906774124
1999-08-04,0.9951946097529392,0.9963978562936552,-0.0012032465407160187
1999-08-05,0.9951946097529389,0.9969661107640849,-0.0017715010111459817
1999-08-06,0.9948712672054715,0.9972974668827227,-0.0024261996772512173
1999-08-09,0.9953639235714716,0.9971451893184989,-0.0017812657470273052
1999-08-10,0.995476988838848,0.9966795984949011,-0.0012026096560530108
1999-08-11,0.9956872661189393,0.9968657551482208,-0.0011784890292815264
1999-08-12,0.9955846024721072,0.9970920309023034,-0.0015074284301961338
1999-08-13,0.9950388403909335,0.9970920309023034,-0.0020531905113698734
1999-08-16,0.994533575217038,0.9970920309023034,-0.0025584556852653595
1999-08-17,0.9943701447060174,0.9967836045226963,-0.0024134598166789534
1999-08-18,0.994533575217038,0.9965682520633159,-0.002034676846277894
1999-08-19,0.9946362388638701,0.996099258055224,-0.0014630191913539425
1999-08-20,0.9952517761325904,0.9953853521241699,-0.00013357599157948208
1999-08-23,0.9959026185783195,0.99481109026259,0.0010915283157295619
1999-08-24,0.9963506231171294,0.9944289924454801,0.0019216306716492992
1999-08-25,0.9963506231171294,0.9937943869522593,0.002556236164870107
1999-08-26,0.9959026185783195,0.9939369370793374,0.0019656814989821303
1999-08-27,0.9954099622123191,0.9937943869522593,0.0016155752600598428
1999-08-30,0.9954099622123191,0.9931108490208868,0.0022991131914323892
1999-08-31,0.9959412225794679,0.9933023315861166,0.0026388909933513505
1999-09-01,0.9967918561358068,0.992560142609514,0.004231713526292813
1999-09-02,0.9968994697690661,0.9918937390395683,0.005005730729497726
1999-09-03,0.9965414925787275,0.9918937390395683,0.0046477535391591385
1999-09-07,0.9964338789454682,0.992434329587835,0.0039995493576332475
1999-09-08,0.9959956777965316,0.9915626783151356,0.004432999481396083
1999-09-09,0.9955175758455784,0.9906463752152457,0.00487120063033275
1999-09-10,0.9960488362127271,0.9898777784927725,0.006171057719954631
1999-09-13,0.9965414925787277,0.989078045249055,0.0074634473296727455
1999-09-14,0.9965414925787277,0.989078045249055,0.0074634473296727455
1999-09-15,0.9968994697690661,0.9890780452490552,0.007821424520010889
1999-09-16,0.9968994697690661,0.9899496965217544,0.006949773247311719
1999-09-17,0.9969539249861298,0.9899496965217544,0.007004228464375428
1999-09-20,0.9969539249861298,0.9901302003348528,0.006823724651277008
1999-09-21,0.9961032914297908,0.9911141635649633,0.004989127864827525
1999-09-22,0.9960488362127271,0.9918280694960172,0.0042207667167099006
1999-09-23,0.9960488362127271,0.991874582079863,0.004174254132864097
1999-09-24,0.9956251894788376,0.9919201452941117,0.0037050441847259474
1999-09-27,0.9960488362127271,0.9918280694960174,0.0042207667167096785
1999-09-28,0.9959412225794682,0.9915689268005667,0.004372295778901414
1999-09-29,0.9958854057017067,0.992462674989238,0.00342273071246868
1999-09-30,0.996297838109109,0.9932048639658406,0.0030929741432683677
1999-10-01,0.996297838109109,0.9932048639658406,0.0030929741432683677
1999-10-04,0.996297838109109,0.9937929568752158,0.0025048812338931414
1999-10-05,0.996297838109109,0.9937929568752158,0.0025048812338931414
1999-10-06,0.9967360392580457,0.9942732037918417,0.002462835466203961
1999-10-07,0.9968463113528706,0.9943197163756874,0.0025265949771832164
1999-10-08,0.9968994697690661,0.9937791258274207,0.003120343941645398
1999-10-11,0.9976416587456688,0.99351998313197,0.004121675613698805
1999-10-12,0.9976961139627324,0.9943197163756874,0.003376397587044999
1999-10-13,0.9969539249861299,0.9950992918502924,0.0018546331358374468
1999-10-14,0.9969539249861299,0.9955682858583843,0.001385639127745586
1999-10-15,0.997347474307876,0.9947887103837794,0.0025587639240965965
1999-10-18,0.997347474307876,0.9943532203974302,0.002994253910445721
1999-10-19,0.9976423019991779,0.994257182854198,0.0033851191449799645
1999-10-20,0.9978906171066342,0.994257182854198,0.0036334342524362295
1999-10-21,0.9978906171066342,0.994257182854198,0.0036334342524362295
1999-10-22,0.9977310815250153,0.994257182854198,0.003473898670817377
1999-10-25,0.9977310815250153,0.9936225773609771,0.004108504164038185
1999-10-26,0.9980395079046224,0.994058067347326,0.003981440557296323
1999-10-27,0.9984932279240342,0.9944698129658027,0.004023414958231442
1999-10-28,0.9988330057259529,0.9938196997872947,0.00501330593865823
1999-10-29,0.9988330057259529,0.9943241615051784,0.004508844220774466
1999-11-01,0.9985245793463458,0.9951502495636292,0.0033743297827165675
1999-11-02,0.9981686506056303,0.9951502495636292,0.0030184010420011287
1999-11-03,0.9981686506056303,0.9951502495636292,0.0030184010420011287
1999-11-04,0.9980052200946097,0.9951037369797834,0.0029014831148262976
1999-11-05,0.9975469618922872,0.9949122544145537,0.0026347074777335333
1999-11-08,0.9969858920861008,0.995495436730062,0.0014904553560387557
1999-11-09,0.9969858920861008,0.9956212497517413,0.0013646423343595115
1999-11-10,0.9970446473557434,0.9957288633850003,0.0013157839707430563
1999-11-11,0.9972653262563789,0.9963634688782211,0.0009018573781577333
1999-11-12,0.9972653262563789,0.996664942401873,0.0006003838545058926
1999-11-15,0.9972653262563789,0.996664942401873,0.0006003838545058926
1999-11-16,0.9972653262563789,0.9966117839856773,0.0006535422707015792
1999-11-17,0.9971493225971216,0.9965642816245691,0.0005850409725525196
1999-11-18,0.9970442422325663,0.9967697176049883,0.0002745246275779323
1999-11-19,0.9968724216955475,0.9971518154220984,-0.0002793937265509472
1999-11-22,0.9970442422325664,0.9974001305295546,-0.0003558882969881827
1999-11-23,0.9968724216955475,0.9971518154220984,-0.0002793937265509472
1999-11-24,0.9964299802467966,0.9971518154220982,-0.0007218351753015551
1999-11-26,0.9966621444154562,0.9976208094301903,-0.0009586650147340725
1999-11-29,0.9964299802467966,0.998074529449602,-0.0016445492028053232
1999-11-30,0.9966621444154562,0.9981936283508852,-0.0015314839354290122
1999-12-01,0.9972819694912849,0.9978019286006066,-0.0005199591093216771
1999-12-02,0.9976053120387526,0.9978019286006067,-0.0001966165618541016
1999-12-03,0.9976053120387526,0.9974198307834965,0.0001854812552560814
1999-12-06,0.9976053120387526,0.9967697176049883,0.0008355944337642418
1999-12-07,0.9976053120387526,0.9971183572598447,0.00048695477890792205
1999-12-08,0.9977974760832224,0.9973147504189411,0.0004827256642813138
1999-12-09,0.9975108566974992,0.9970548592214582,0.0004559974760409702
1999-12-10,0.9973054207170797,0.9970548592214582,0.0002505614956215263
1999-12-13,0.9975653119145627,0.99690596842347,0.0006593434910926455
1999-12-14,0.9971628705900016,0.99690596842347,0.0002569021665316251
1999-12-15,0.9971628705900016,0.9966906159640898,0.00047225462591182765
1999-12-16,0.9971628705900017,0.9966906159640898,0.0004722546259119387
1999-12-17,0.9971628705900016,0.9967493712337322,0.00041349935626944223
1999-12-20,0.9977974760832226,0.9971708628807157,0.0006266132025068982
1999-12-21,0.998063570241075,0.9971708628807157,0.0008927073603592905
1999-12-22,0.9979532981462499,0.9976629182468584,0.000290379899391513
1999-12-23,0.9979532981462499,0.9972808204297484,0.0006724777165014739
1999-12-27,0.9979532981462499,0.9973293556118725,0.0006239425343773641
1999-12-28,0.9977326192456144,0.9977610673463744,-2.8448100759970174e-05
1999-12-29,0.9980639753642523,0.9972808204297484,0.0007831549345038713
1999-12-30,0.9980639753642521,0.9977610673463743,0.00030290801787780097
1999-12-31,0.9977326192456144,0.9981927790808762,-0.0004601598352618197
2000-01-03,0.9975172667862341,0.9981431651634842,-0.0006258983772501336
2000-01-04,0.9972743610432918,0.9984588732387287,-0.0011845121954369153
2000-01-05,0.9968319195945411,0.998027161504227,-0.0011952419096858957
2000-01-06,0.9968319195945411,0.9983505040516945,-0.0015185844571533602
2000-01-07,0.9969744697216193,0.9979862607943258,-0.0010117910727065471
2000-01-10,0.9967933505512027,0.9983505040516945,-0.0015571535004917925
2000-01-11,0.9964985228599009,0.9983505040516945,-0.001851981191793528
2000-01-12,0.9970525984951768,0.9987822157861962,-0.0017296172910193919
2000-01-13,0.9969953501055616,0.9984588732387287,-0.0014635231331671106
2000-01-14,0.9968142309351452,0.9985161216283437,-0.0017018906931984823
2000-01-18,0.996420681613399,0.9985161216283437,-0.0020954400149446606
2000-01-19,0.996420681613399,0.9985161216283437,-0.0020954400149446606
2000-01-20,0.9964206816133993,0.9985161216283437,-0.0020954400149444385
2000-01-21,0.9964206816133993,0.9987887224773392,-0.0023680408639399353
2000-01-24,0.9964206816133993,0.9987887224773391,-0.0023680408639398243
2000-01-25,0.9964206816133993,0.9987887224773391,-0.0023680408639398243
2000-01-26,0.996420681613399,0.9987887224773392,-0.0023680408639401573
2000-01-27,0.996420681613399,0.9987314740877241,-0.002310792474325085
2000-01-28,0.9964206816133993,0.9982997623532223,-0.0018790807398230136
2000-01-31,0.9969251433312829,0.9982997623532223,-0.0013746190219393606
2000-02-01,0.9969251433312829,0.9986154704284665,-0.0016903270971836415
2000-02-02,0.9966867757712515,0.9987314740877239,-0.0020446983164723598
2000-02-03,0.9964764984911604,0.9985791965235002,-0.002102698032339867
2000-02-04,0.9964764984911604,0.9985791965235002,-0.002102698032339867
2000-02-07,0.9956258649348214,0.9988949045987447,-0.0032690396639233343
2000-02-08,0.9953101568595771,0.9988949045987447,-0.0035847477391676152
2000-02-09,0.9953101568595771,0.9988949045987447,-0.0035847477391676152
2000-02-10,0.9945780837460805,0.9988949045987445,-0.0043168208526640495
2000-02-11,0.9945780837460805,0.9985791965235002,-0.0040011127774197686
2000-02-14,0.9953101568595771,0.9987894738035913,-0.0034793169440141547
2000-02-15,0.9951970915922006,0.9985687949029557,-0.003371703310755092
2000-02-16,0.9947168446755748,0.9984199041049675,-0.003703059429392752
2000-02-17,0.9948328483348323,0.9986738752675111,-0.003841026932678737
2000-02-18,0.9953813215785938,0.998193628350885,-0.002812306772291162
2000-02-22,0.9961873033077423,0.9980885479863298,-0.0019012446785875436
2000-02-23,0.9959423913847802,0.9980885479863298,-0.002146156601549598
2000-02-24,0.9957748709003401,0.9978402328788737,-0.0020653619785335753
2000-02-25,0.9961873033077424,0.9983679821566077,-0.002180678848865303
2000-02-28,0.9965352894152398,0.9983679821566079,-0.0018326927413681027
2000-02-29,0.9965352894152398,0.9983679821566079,-0.0018326927413681027
2000-03-01,0.9965352894152398,0.998066508632956,-0.001531219217716151
2000-03-02,0.9965352894152398,0.9985355026410481,-0.002000213225808234
2000-03-03,0.9965352894152398,0.9982121600935804,-0.0016768706783405474
2000-03-06,0.9960696985916421,0.9978562313528647,-0.0017865327612226478
2000-03-07,0.9958213834841859,0.9979692966202413,-0.002147913136055335
2000-03-08,0.9957748709003401,0.9980653341634735,-0.0022904632631334243
2000-03-09,0.9962903774922777,0.9983252253609567,-0.002034847868679024
2000-03-10,0.9963448327093415,0.9977974760832224,-0.0014526433738809574
2000-03-13,0.9963448327093415,0.9977974760832226,-0.0014526433738810685
2000-03-14,0.9955652572347362,0.9980635702410751,-0.002498313006338848
2000-03-15,0.9951628159101753,0.9982092217016993,-0.003046405791524043
2000-03-16,0.9955745615286521,0.9980989496068744,-0.002524388078222306
2000-03-17,0.9958285326911956,0.9980989496068744,-0.0022704169156787524
2000-03-20,0.9959225476361496,0.9983092268869656,-0.0023866792508159262
2000-03-21,0.995464289433827,0.9981534048239379,-0.002689115390110852
2000-03-22,0.995464289433827,0.998633651740564,-0.0031693623067369225
2000-03-23,0.9950287994474782,0.9988997458984165,-0.0038709464509382174
2000-03-24,0.9947273259238264,0.9988997458984165,-0.004172419974590058
2000-03-27,0.9947273259238264,0.9988997458984165,-0.004172419974590058
2000-03-28,0.9937638025476085,0.9990048262629718,-0.00524102371536328
2000-03-29,0.9932599811310373,0.998845290681353,-0.005585309550315665
2000-03-30,0.9937652463049327,0.998845290681353,-0.00508004437642029
2000-03-31,0.9932599811310372,0.9985791965235002,-0.00531921539246305
2000-04-03,0.9932599811310372,0.9986364449131154,-0.0053764637820782335
2000-04-04,0.9937079979153175,0.9987887224773391,-0.005080724562021577
2000-04-05,0.993821063182694,0.9987887224773391,-0.004967659294645044
2000-04-06,0.9943248845992652,0.9990548166351916,-0.004729932035926421
2000-04-07,0.9947273259238264,0.9991624302684509,-0.004435104344624463
2000-04-10,0.994223504507255,0.9991624302684509,-0.0049389257611958115
2000-04-11,0.9950707401120809,0.9992182471462122,-0.004147507034131359
2000-04-12,0.9951265569898422,0.9992182471462122,-0.004091690156370009
2000-04-13,0.9942793213850165,0.9993777827278311,-0.005098461342814553
2000-04-14,0.994223504507255,0.9990620746525868,-0.004838570145331733
2000-04-17,0.9937652463049325,0.9987894738035914,-0.00502422749865894
2000-04-18,0.9942690677215039,0.9989569942880316,-0.0046879265665277225
2000-04-19,0.9946170538290015,0.9989025390709679,-0.00428548524196648
2000-04-20,0.9941132324124302,0.9987894738035914,-0.004676241391161184
2000-04-24,0.9936750312634933,0.9989569942880314,-0.005281963024538094
2000-04-25,0.9937652463049325,0.9987467170079403,-0.0049814707030078065
2000-04-26,0.9942690677215039,0.9983252253609567,-0.004056157639452773
2000-04-27,0.9951628159101753,0.9981534048239381,-0.002990588913762804
2000-04-28,0.9951628159101753,0.9985176480813065,-0.0033548321711311946
2000-05-01,0.9946170538290015,0.9982577568838235,-0.003640703054822003
2000-05-02,0.994055984022815,0.997893513626455,-0.003837529603639922
2000-05-03,0.9949032196276407,0.9977832415316301,-0.0028800219039893937
2000-05-04,0.9949032196276407,0.9973617498846463,-0.002458530257005598
2000-05-05,0.9947313990906219,0.9978419968012723,-0.0031105977106503646
2000-05-08,0.9950717899961727,0.997314247523538,-0.0022424575273652936
2000-05-09,0.9958038631096693,0.997314247523538,-0.0015103844138687483
2000-05-10,0.9958038631096693,0.997314247523538,-0.0015103844138687483
2000-05-11,0.9950717899961725,0.9968927558765545,-0.0018209658803819417
2000-05-12,0.9952436105331913,0.9968927558765545,-0.0016491453433631342
2000-05-15,0.9956114403893197,0.9968927558765545,-0.0012813154872347576
2000-05-16,0.9956114403893196,0.9968927558765545,-0.0012813154872348687
2000-05-17,0.9950503705831334,0.9968927558765545,-0.0018423852934210672
2000-05-18,0.9950503705831334,0.9970602763609946,-0.0020099057778611984
2000-05-19,0.9950503705831334,0.9965447697690567,-0.0014943991859233119
2000-05-22,0.995716774153079,0.9960170204913227,-0.0003002463382436593
2000-05-23,0.995716774153079,0.9965912823529025,-0.0008745081998234872
2000-05-24,0.995716774153079,0.9965912823529025,-0.0008745081998234872
2000-05-25,0.995716774153079,0.9965912823529025,-0.0008745081998234872
2000-05-26,0.9964589631296816,0.9965912823529027,-0.00013231922322110012
2000-05-30,0.9969744697216191,0.9965912823529027,0.0003831873687163423
2000-05-31,0.9973474261864785,0.9964721834516194,0.0008752427348591718
2000-06-01,0.9974665250877618,0.9964721834516194,0.0009943416361424262
2000-06-02,0.9978782707062386,0.9965852487189959,0.0012930219872426818
2000-06-05,0.9974865709559602,0.9964721834516194,0.0010143875043407968
2000-06-06,0.9972901777968636,0.9963046629671795,0.0009855148296841199
2000-06-07,0.9967361021615879,0.9957304011055994,0.0010057010559885171
2000-06-08,0.9967361021615879,0.9955492819351831,0.0011868202264048167
2000-06-09,0.9967361021615879,0.9953631252818633,0.0013729768797245967
2000-06-12,0.9965207497022075,0.9945370372234126,0.001983712478794919
2000-06-13,0.9966431136029814,0.9939759674172265,0.0026671461857549206
2000-06-14,0.9971708628807157,0.9941434879016664,0.0030273749790492577
2000-06-15,0.9976629182468584,0.9941434879016664,0.003519430345191976
2000-06-16,0.9976629182468584,0.9941434879016664,0.003519430345191976
2000-06-19,0.9977114534289827,0.9934790109986472,0.004232442430335492
2000-06-20,0.9977610673463743,0.9939372692009696,0.0038237981454046777
2000-06-21,0.998192779080876,0.9946017461039891,0.0035910329768868987
2000-06-22,0.9978198226160168,0.9937079979153177,0.0041118247006990405
2000-06-23,0.9977610673463744,0.9932599811310373,0.004501086215337069
2000-06-26,0.9977610673463744,0.9932599811310372,0.00450108621533718
2000-06-27,0.9981927790808762,0.9936624224555983,0.004530356625277898
2000-06-28,0.9981431651634842,0.9936624224555983,0.004480742707885899
2000-06-29,0.9980428095476201,0.9936624224555983,0.00438038709202182
2000-06-30,0.998263488448256,0.9930567008222217,0.005206787626034215
2000-07-03,0.9985791965235002,0.9936177828738784,0.004961413649621882
2000-07-05,0.9982149532661319,0.9937079979153175,0.004506955350814357
2000-07-06,0.9980989496068744,0.994223504507255,0.0038754450996193457
2000-07-07,0.9982092217016992,0.9947148113713654,0.003494410330333819
2000-07-10,0.998063570241075,0.9947603745856141,0.0033031956554608888
2000-07-11,0.9979532981462499,0.9943248845992654,0.0036284135469845102
2000-07-12,0.9980989496068744,0.9947603745856143,0.003338575021260115
2000-07-13,0.9977974760832224,0.9942565531690428,0.003540922914179623
2000-07-14,0.9977974760832224,0.9936954833628565,0.004101992720365932
2000-07-17,0.998063570241075,0.9936508315356659,0.004412738705409036
2000-07-18,0.9974289647478541,0.9936508315356659,0.0037781332121882283
2000-07-19,0.9974289647478541,0.993650831535666,0.0037781332121881173
2000-07-20,0.9976211287923241,0.9939026577325367,0.0037184710597873982
2000-07-21,0.9974289647478544,0.9937686665032843,0.003660298244570037
2000-07-24,0.9971347803100614,0.9935923192123861,0.003542461097675309
2000-07-25,0.9971347803100614,0.9931340610100637,0.004000719299997679
2000-07-26,0.9975885003294732,0.9924988773452615,0.0050896229842116725
2000-07-27,0.9972943158916805,0.9921310474891335,0.005163268402546994
2000-07-28,0.9972943158916805,0.9912153722080208,0.006078943683659688
2000-07-31,0.9971347803100614,0.9906543024018346,0.006480477908226812
2000-08-01,0.9974289647478544,0.9913964913784372,0.006032473369417146
2000-08-02,0.9971347803100614,0.991215372208021,0.005919408102040391
2000-08-03,0.9968463113528706,0.9907115507914496,0.006134760561421038
2000-08-04,0.9971347803100614,0.9916272260725623,0.005507554237499157
2000-08-07,0.9972943158916805,0.9916272260725623,0.005667089819118232
2000-08-08,0.996488334162532,0.9907115507914496,0.00577678337108245
2000-08-09,0.9965414925787275,0.991215372208021,0.005326120370706455
2000-08-10,0.9965414925787275,0.9908573950176824,0.005684097561045043
2000-08-11,0.996488334162532,0.9902963252114962,0.006192008951035777
2000-08-14,0.9972943158916805,0.9913414627887055,0.005952853102974998
2000-08-15,0.9972398606746167,0.9905481514083668,0.006691709266249846
2000-08-16,0.9972398606746167,0.9902963252114962,0.006943535463120432
2000-08-17,0.9972398606746167,0.9902963252114962,0.006943535463120432
2000-08-18,0.9972398606746167,0.9912757932451545,0.005964067429462205
2000-08-21,0.9972398606746168,0.9912757932451545,0.005964067429462316
2000-08-22,0.9972398606746168,0.9921493444699877,0.005090516204629081
2000-08-23,0.997478228234648,0.9914848675669685,0.005993360667679526
2000-08-24,0.997478228234648,0.9922534642894419,0.005224763945206101
2000-08-25,0.9977103924033078,0.9926916654383786,0.005018726964929221
2000-08-28,0.9977103924033078,0.991707702208268,0.00600269019503985
2000-08-29,0.9979532981462499,0.9917077022082679,0.006245595937982018
2000-08-30,0.9982846542648878,0.9920927449410091,0.006191909323878697
2000-08-31,0.9980052200946099,0.9913679244063491,0.006637295688260769
2000-09-01,0.9981212237538672,0.9913679244063491,0.006753299347518116
2000-09-05,0.9982846542648877,0.9906473067730736,0.007637347491814106
2000-09-06,0.9980639753642518,0.9898039206722622,0.008260054691989649
2000-09-07,0.9985329693723438,0.9897601444844489,0.008772824887894881
2000-09-08,0.9982846542648877,0.9901422423015588,0.008142411963328877
2000-09-11,0.9980639753642521,0.9905339420518374,0.007530033312414641
2000-09-12,0.9985329693723441,0.9911834398730275,0.007349529499316665
2000-09-13,0.9986963998833646,0.9899394699616492,0.008756929921715395
2000-09-14,0.9985245793463458,0.9904432913782203,0.008081287968125461
2000-09-15,0.998112833727869,0.9904432913782204,0.0076695423496485615
2000-09-18,0.9982231058226938,0.990820188350415,0.007402917472278836
2000-09-19,0.9985245793463456,0.9906861971211626,0.007838382225183071
2000-09-20,0.9988040135166237,0.9904540329525029,0.00834998056412084
2000-09-21,0.9988040135166238,0.9899016637244595,0.00890234979216431
2000-09-22,0.9985245793463458,0.9906861971211628,0.00783838222518296
2000-09-25,0.9987508551004282,0.9904432913782204,0.008307563722207756
2000-09-26,0.9986405830056031,0.9908201883504152,0.007820394655187912
2000-09-27,0.9990048262629718,0.9902279389188402,0.008776887344131623
2000-09-28,0.9990592814800354,0.9914719088302183,0.007587372649817126
2000-09-29,0.9985790345634095,0.9914719088302183,0.007107125733191166
2000-10-02,0.9986321929796051,0.9921363857332375,0.006495807246367669
2000-10-03,0.9988861641421486,0.9925946439355599,0.006291520206588741
2000-10-04,0.9988861641421485,0.9919301670325409,0.006955997109607592
2000-10-05,0.9991124398962311,0.9919301670325409,0.00718227286369022
2000-10-06,0.9992647174604549,0.9919301670325409,0.007334550427913977
2000-10-09,0.9992647174604549,0.9922615231511785,0.007003194309276317
2000-10-10,0.9994853963610904,0.9927541795171791,0.006731216843911203
2000-10-11,0.9993178758766502,0.9929505726762754,0.006367303200374819
2000-10-12,0.9991124398962308,0.993188299934994,0.005924139961236752
2000-10-13,0.9991124398962308,0.9920327580386195,0.00707968185761132
2000-10-16,0.999112439896231,0.9911937694248528,0.007918670471378175
2000-10-17,0.9991124398962308,0.991242304606977,0.007870135289253732
2000-10-18,0.9990592814800354,0.991242304606977,0.007816976873058379
2000-10-19,0.9992647174604546,0.992286729201163,0.006977988259291634
2000-10-20,0.9994853963610902,0.9924390067653869,0.007046389595703362
2000-10-23,0.9994853963610902,0.9926271201067138,0.006858276254376405
2000-10-24,0.9993777827278311,0.9919556519773869,0.007422130750444178
2000-10-25,0.9991051818788358,0.9918033744131632,0.00730180746567255
2000-10-26,0.9992102622433909,0.9921190824884076,0.007091179754983301
2000-10-27,0.9994309411440268,0.9928477990073494,0.006583142136677322
2000-10-30,0.9993777827278311,0.9928477990073494,0.006529983720481636
2000-10-31,0.9992647174604549,0.9928477990073494,0.006416918453105436
2000-11-01,0.9990592814800354,0.992593827844806,0.0064654536352294345
2000-11-02,0.9988997458984162,0.9928599220026585,0.0060398238957577455
2000-11-03,0.9991723467474118,0.9929650023672137,0.006207344380198099
2000-11-06,0.9991723467474116,0.993367443691775,0.005804903055636634
2000-11-07,0.9993777827278311,0.993367443691775,0.006010339036056078
2000-11-08,0.9991723467474116,0.9935638368508716,0.005608509896540048
2000-11-09,0.9988997458984162,0.9938178080134151,0.005081937885001109
2000-11-10,0.9985913195188094,0.9938178080134151,0.00477351150539429
2000-11-13,0.9988997458984162,0.9940186207597629,0.004881125138653353
2000-11-14,0.9988997458984162,0.9948337717505868,0.004065974147829388
2000-11-15,0.9992727023632759,0.9948337717505868,0.004438930612689074
2000-11-16,0.9993777827278311,0.9946779496875593,0.0046998330402717725
2000-11-17,0.9994285244263034,0.9948833856679786,0.0045451387583247405
2000-11-20,0.9991624302684509,0.9948833856679786,0.004279044600472237
2000-11-21,0.9989521529883597,0.9946779496875593,0.0042742033008004165
2000-11-22,0.9992182471462123,0.9945798005880433,0.004638446558169029
2000-11-24,0.9994843413040648,0.9944309097900549,0.005053431514009943
2000-11-27,0.9994285244263034,0.9946848809525984,0.004743643473704928
2000-11-28,0.9992078455256678,0.9938178080134149,0.005390037512252865
2000-11-29,0.9989975682455766,0.9929256609834526,0.006071907262124032
2000-11-30,0.9991051818788358,0.9929256609834526,0.006179520895383206
2000-12-01,0.9991596370958995,0.9929256609834526,0.006233976112446915
2000-12-04,0.9991051818788358,0.9939700855776388,0.005135096301197017
2000-12-05,0.9992647174604549,0.9939700855776388,0.005294631882816092
2000-12-06,0.9991051818788359,0.9928296234402201,0.006275558438615825
2000-12-07,0.9988997458984167,0.9929752749008444,0.0059244709975723175
2000-12-08,0.9990128111657929,0.9938674219308069,0.005145389234985975
2000-12-11,0.9989025390709677,0.9939700855776388,0.004932453493328937
2000-12-12,0.9987894738035913,0.9939700855776388,0.0048193882259525145
2000-12-13,0.9986405830056031,0.9939700855776388,0.004670497427964326
2000-12-14,0.9987894738035913,0.9939700855776388,0.0048193882259525145
2000-12-15,0.9986734701443339,0.9939700855776388,0.004703384566695168
2000-12-18,0.9990048262629718,0.9938650052130835,0.005139821049888305
2000-12-19,0.9991051818788358,0.9939700855776388,0.005135096301197017
2000-12-20,0.9988789061247534,0.9940682346771548,0.004810671447598613
2000-12-21,0.9990384417063723,0.994118976375627,0.004919465330745387
2000-12-22,0.9994205395234823,0.994118976375627,0.005301563147855348
2000-12-26,0.9994205395234823,0.9938650052130835,0.005555534310398791
2000-12-27,0.9992102622433912,0.9938650052130835,0.0053452570303076374
2000-12-28,0.9991051818788358,0.9938650052130834,0.005240176665752383
2000-12-29,0.9991051818788358,0.9938650052130834,0.005240176665752383
2001-01-02,0.9989417513678153,0.9937646495972193,0.005177101770595938
2001-01-03,0.9991571038271955,0.9936051140156004,0.005551989811595104
2001-01-04,0.9989417513678153,0.9937646495972193,0.005177101770595938
2001-01-05,0.9989417513678149,0.9934562232176122,0.005485528150202756
2001-01-08,0.9991571038271955,0.9936051140156004,0.005551989811595104
2001-01-09,0.9992078455256677,0.9944721869547839,0.004735658570883761
2001-01-10,0.9990360249886491,0.9944721869547841,0.004563838033864953
2001-01-11,0.9990360249886491,0.9950494788977426,0.003986546090906429
2001-01-12,0.9990360249886491,0.9949534413545102,0.0040825836341388255
2001-01-16,0.9990360249886491,0.9949534413545102,0.0040825836341388255
2001-01-17,0.9991411053532042,0.995365186972987,0.0037759183802171803
2001-01-18,0.9989308280731131,0.9952625233261552,0.0036683047469578955
2001-01-19,0.9989308280731131,0.9952625233261552,0.0036683047469578955
2001-01-22,0.9989308280731131,0.995365186972987,0.003565641100126027
2001-01-23,0.9989308280731131,0.9958704521468826,0.0030603759262304298
2001-01-24,0.9989308280731131,0.9960338826579032,0.002896945415209906
2001-01-25,0.9989308280731132,0.9960824178400273,0.0028484102330859074
2001-01-26,0.9989308280731131,0.9961343397883871,0.0027964882847260064
2001-01-29,0.9989308280731131,0.9965698297747358,0.002360998298377215
2001-01-30,0.9989308280731132,0.9972533677061083,0.0016774603670048904
2001-01-31,0.9987154756137328,0.9970525549597605,0.0016629206539722219
2001-02-01,0.9988257477085578,0.9972014457577487,0.0016243019508090928
2001-02-02,0.9989308280731132,0.9970525549597605,0.0018782731133526465
2001-02-05,0.9986151199978687,0.9964693726442521,0.0021457473536166116
2001-02-06,0.9988413957519511,0.9968336159016205,0.0020077798503306266
2001-02-07,0.9985687949029559,0.9967332602857564,0.0018355346171995413
2001-02-08,0.9984092593213368,0.9968336159016205,0.0015756434197163882
2001-02-09,0.9984588732387285,0.9967332602857564,0.0017256129529721331
2001-02-12,0.9987314740877241,0.996134339788387,0.002597134299337167
2001-02-13,0.9984588732387285,0.9963942309858699,0.0020646422528586283
2001-02-14,0.9980271615042268,0.9963942309858699,0.0016329305183568898
2001-02-15,0.9981431651634842,0.9970958151300715,0.0010473500334127195
2001-02-16,0.9984588732387285,0.9969931514832394,0.0014657217554890911
2001-02-20,0.9980271615042268,0.9963423090375104,0.0016848524667163467
2001-02-21,0.9980271615042268,0.9964981311005378,0.0015290304036890134
2001-02-22,0.9980271615042268,0.9966504086647616,0.0013767528394651452
2001-02-23,0.9983585176228644,0.9966504086647616,0.0017081089581028053
2001-02-26,0.9982997623532222,0.9959817129798457,0.0023180493733764296
2001-02-27,0.9984073759864812,0.9959817129798457,0.0024256630066354923
2001-02-28,0.9983092268869656,0.9959817129798457,0.002327513907119827
2001-03-01,0.9981328795960673,0.9959817129798457,0.0021511666162216114
2001-03-02,0.9981873348131308,0.9959817129798457,0.0022056218332850985
2001-03-05,0.9982924151776861,0.996032454678318,0.002259960499368052
2001-03-06,0.9982924151776861,0.9967530723115936,0.0015393428660924746
2001-03-07,0.9981848015444269,0.9959817129798457,0.0022030885645811793
2001-03-08,0.998025265962808,0.9958790493330137,0.0021462166297943064
2001-03-09,0.998025265962808,0.9958790493330137,0.0021462166297943064
2001-03-12,0.998025265962808,0.9958790493330137,0.0021462166297943064
2001-03-13,0.998025265962808,0.9958790493330136,0.0021462166297944174
2001-03-14,0.9978099135034276,0.9949860493148105,0.002823864188617131
2001-03-15,0.9976135203443313,0.9948302272517829,0.0027832930925483224
2001-03-16,0.9977730559259501,0.9947320781522672,0.0030409777736829513
2001-03-19,0.9977730559259501,0.9947320781522669,0.0030409777736831733
2001-03-20,0.9975004550769548,0.9949860493148105,0.002514405762144345
2001-03-21,0.9973409194953358,0.9949860493148105,0.0023548701805252703
2001-03-22,0.9977326192456144,0.9956736133525943,0.002059005893020105
2001-03-23,0.9979532981462501,0.9963942309858701,0.0015590671603800121
2001-03-26,0.9977974760832224,0.9961934182395221,0.001604057843700324
2001-03-27,0.9973950347586615,0.9961934182395221,0.0012016165191394146
2001-03-28,0.9977974760832224,0.9961934182395219,0.001604057843700546
2001-03-29,0.9972819694912849,0.9960411406752983,0.0012408288159866387
2001-03-30,0.9973950347586615,0.9968408739190157,0.0005541608396458786
2001-04-02,0.9977974760832224,0.9968408739190157,0.0009566021642067879
2001-04-03,0.9976844108158461,0.997046309899435,0.000638100916411144
2001-04-04,0.9976844108158461,0.9964473894020657,0.0012370214137804592
2001-04-05,0.9978562313528647,0.9964473894020655,0.0014088419507992667
2001-04-06,0.9978562313528647,0.9964473894020655,0.0014088419507992667
2001-04-09,0.9978562313528647,0.9964473894020655,0.0014088419507992667
2001-04-10,0.9981795739003324,0.9969931514832394,0.0011864224170929916
2001-04-11,0.9979532981462499,0.9971489735462669,0.0008043245999830306
2001-04-12,0.9976053120387526,0.9969931514832394,0.0006121605555131637
2001-04-16,0.9973186926530293,0.997046309899435,0.0002723827535943135
2001-04-17,0.996757622846843,0.997046309899435,-0.000288687052591996
2001-04-18,0.9969251433312829,0.9975244118503881,-0.0005992685191051894
2001-04-19,0.9966590491734306,0.9975244118503881,-0.0008653626769574707
2001-04-20,0.9966590491734306,0.9977298478308075,-0.0010707986573769146
2001-04-23,0.9958722083696374,0.9976766894146121,-0.0018044810449746596
2001-04-24,0.99613830252749,0.9974712534341926,-0.0013329509067026013
2001-04-25,0.9966309588934904,0.9980891218220141,-0.001458162928523743
2001-04-26,0.996420681613399,0.9980891218220141,-0.0016684402086151184
2001-04-27,0.9964764984911605,0.9978292306245312,-0.0013527321333707265
2001-04-30,0.9964764984911604,0.9978292306245312,-0.0013527321333708375
2001-05-01,0.9964764984911604,0.9976284178781832,-0.0011519193870228595
2001-05-02,0.9964206816133988,0.997312709802939,-0.0008920281895401505
2001-05-03,0.9963076163460226,0.9968471189793412,-0.0005395026333185893
2001-05-04,0.9966018007838154,0.9969029358571023,-0.0003011350732868845
2001-05-07,0.9967899141251424,0.9967021231107545,8.779101438793901e-05
2001-05-08,0.9962860927085709,0.9964006495871026,-0.00011455687853167973
2001-05-09,0.9956834818911711,0.9963448327093412,-0.0006613508181700922
2001-05-10,0.995499251904778,0.9967090759667099,-0.00120982406193193
2001-05-11,0.9960477251485396,0.9965988038718849,-0.0005510787233453662
2001-05-14,0.9966018007838153,0.9969145119471293,-0.0003127111633139945
2001-05-15,0.9967148660511918,0.9966546207496462,6.024530154558061e-05
2001-05-16,0.9967148660511918,0.9970105494903617,-0.0002956834391699692
2001-05-17,0.9963419095863325,0.9967565783278183,-0.0004146687414857686
2001-05-18,0.9969029793925186,0.9967565783278183,0.00014640106470031888
2001-05-21,0.9973950347586613,0.9970650047074252,0.0003300300512361076
2001-05-22,0.9969029793925186,0.9970105494903617,-0.00010757009784312377
2001-05-23,0.9972186874677631,0.9972159854707809,2.7019969821573397e-06
2001-05-24,0.9972186874677631,0.9975244118503882,-0.0003057243826251055
2001-05-25,0.9969029793925186,0.9968408739190157,6.210547350293805e-05
2001-05-29,0.9971628705900017,0.9967923387368914,0.0003705318531103119
2001-05-30,0.9975108566974992,0.9969931514832394,0.000517705214259756
2001-05-31,0.9976299555987824,0.9971489735462669,0.00048098205251556614
2001-06-01,0.9976872039883974,0.9969931514832394,0.0006940525051579716
2001-06-04,0.9974817680079782,0.9966847251036323,0.0007970429043459015
2001-06-05,0.9974817680079782,0.9971628270545854,0.00031894095339279893
2001-06-06,0.9974817680079782,0.9972135687530577,0.0002681992549204981
2001-06-07,0.9968471625147571,0.9972135687530574,-0.0003664062383003097
2001-06-08,0.9964256708677737,0.9971628270545854,-0.0007371561868116938
2001-06-11,0.9967736569752712,0.99680689831387,-3.3241338598832826e-05
2001-06-12,0.997314247523538,0.9973751527842997,-6.0905260761634494e-05
2001-06-13,0.9973617498846463,0.9975715459433963,-0.00020979605874993368
2001-06-14,0.9975625626309943,0.9977310815250151,-0.00016851889402080822
2001-06-15,0.9969744697216191,0.9977310815250151,-0.0007566118033960345
2001-06-18,0.9964942228049932,0.9977310815250151,-0.0012368587200218828
2001-06-19,0.9970823157143685,0.9980395079046224,-0.0009571921902539193
2001-06-20,0.9969059684234702,0.9984413059756743,-0.0015353375522040302
2001-06-21,0.9968584660623618,0.998933361341817,-0.0020748952794551467
2001-06-22,0.9966431136029814,0.9985935835398982,-0.0019504699369168321
2001-06-25,0.9966906159640898,0.998493227924034,-0.0018026119599442447
2001-06-26,0.9965142686731916,0.9989852832901768,-0.0024710146169851788
2001-06-27,0.9958641554946832,0.998933361341817,-0.0030692058471337713
2001-06-28,0.99640474604295,0.998933361341817,-0.002528615298866943
2001-06-29,0.99640474604295,0.9984909198930662,-0.002086173850116113
2001-07-02,0.99640474604295,0.9982854839126467,-0.0018807378696966692
2001-07-03,0.99640474604295,0.9984909198930662,-0.002086173850116113
2001-07-05,0.9959464878406277,0.9981422802382097,-0.0021957923975820526
2001-07-06,0.9953782333701978,0.9980891218220141,-0.002710888451816329
2001-07-09,0.9957603311873079,0.9982449438850417,-0.0024846126977338123
2001-07-10,0.995140506111479,0.9976270754972201,-0.0024865693857410998
2001-07-11,0.9944084329979824,0.997416798217129,-0.0030083652191466026
2001-07-12,0.9947726762553508,0.9978292306245312,-0.0030565543691803976
2001-07-13,0.9942242030115891,0.9974649873671628,-0.0032407843555737337
2001-07-16,0.9935226188673877,0.9974649873671626,-0.0039423684997749175
2001-07-17,0.9939047166844978,0.9976208094301903,-0.003716092745692512
2001-07-18,0.9931964635936654,0.9969069034991362,-0.0037104399054708193
2001-07-19,0.9923269551624015,0.9965835609516684,-0.0042566057892668985
2001-07-20,0.9920560147549681,0.9962887332603665,-0.004232718505398414
2001-07-23,0.9917326722075005,0.9962355748441711,-0.004502902636670636
2001-07-24,0.9920521477970581,0.9958038631096693,-0.0037517153126112035
2001-07-25,0.9924838595315599,0.9964217314974909,-0.0039378719659309835
2001-07-26,0.9921147700246106,0.9957415627900214,-0.00362679276541078
2001-07-27,0.9917326722075004,0.9955820272084025,-0.0038493550009021105
2001-07-30,0.9920521477970581,0.9958197544671211,-0.0037676066700630395
2001-07-31,0.992003612614934,0.9960300317472122,-0.004026419132278192
2001-08-01,0.9915423243312326,0.9955820272084025,-0.004039702877169926
2001-08-02,0.9907911370071731,0.9957701405497295,-0.004979003542556315
2001-08-03,0.9902633877294389,0.9959464878406277,-0.005683100111188777
2001-08-06,0.9891534090473132,0.9955040463918767,-0.006350637344563537
2001-08-07,0.989535506864423,0.9957701405497295,-0.006234633685306412
2001-08-08,0.9881294826244,0.9961618403000079,-0.008032357675607837
2001-08-09,0.9881294826244,0.9957975970426394,-0.007668114418239336
2001-08-10,0.9881294826244,0.9957975970426394,-0.007668114418239336
2001-08-13,0.9883216466688701,0.9951174283351698,-0.006795781666299683
2001-08-14,0.9887037444859801,0.995266319133158,-0.00656257464717791
2001-08-15,0.9893164573456645,0.9946980646627283,-0.005381607317063719
2001-08-16,0.9883216466688701,0.9952018860792996,-0.006880239410429478
2001-08-17,0.9893164573456645,0.995693941445442,-0.006377484099777453
2001-08-20,0.9888740158969137,0.9960963827700032,-0.007222366873089525
2001-08-21,0.9902030440977981,0.995693941445442,-0.005490897347643853
2001-08-22,0.9902030440977979,0.9958364915725202,-0.005633447474722275
2001-08-23,0.9902030440977979,0.9956443275280502,-0.005441283430252297
2001-08-24,0.9906720381058899,0.9956443275280502,-0.004972289422160325
2001-08-27,0.9899374819951938,0.9956443275280504,-0.005706845532856608
2001-08-28,0.9902030440977979,0.9956443275280504,-0.005441283430252519
2001-08-29,0.9905263866452656,0.995280084270682,-0.004753697625416442
2001-08-30,0.9917388622530264,0.9958543461322619,-0.004115483879235438
2001-08-31,0.9921506078715032,0.9960696985916421,-0.003919090720138851
2001-09-04,0.9925423076217817,0.9957748709003401,-0.0032325632785583647
2001-09-05,0.9928712255047788,0.9956114403893196,-0.0027402148845407925
2001-09-06,0.9919542147124067,0.9958543461322616,-0.003900131419854902
2001-09-07,0.9916593870211048,0.9958543461322619,-0.004194959111157082
2001-09-10,0.9912575889500529,0.9965682520633159,-0.005310663113263003
2001-09-17,0.991460693811371,0.9965682520633159,-0.005107558251944866
2001-09-18,0.9908775114958626,0.9965207497022075,-0.005643238206344936
2001-09-19,0.9897370626571652,0.9963718589042193,-0.006634796247054098
2001-09-20,0.989737062657165,0.9963718589042193,-0.00663479624705432
2001-09-21,0.9897370626571652,0.9957975970426395,-0.00606053438547427
2001-09-24,0.9907400761780953,0.9964002078600392,-0.005660131681943903
2001-09-25,0.9905631507156157,0.9964942228049932,-0.005931072089377487
2001-09-26,0.9901048925132934,0.9960405027855814,-0.005935610272288061
2001-09-27,0.9907400761780951,0.996099258055224,-0.005359181877128916
2001-09-28,0.9912575889500528,0.9965529780746357,-0.005295389124582939
2001-10-01,0.9914606938113709,0.9964942228049934,-0.005033528993622527
2001-10-02,0.9908775114958625,0.9957975970426394,-0.00492008554677692
2001-10-03,0.9907400761780953,0.9959787162130558,-0.00523864003496044
2001-10-04,0.9917035995543132,0.9964942228049932,-0.004790623250680026
2001-10-05,0.991460693811371,0.9964002078600392,-0.004939514048668214
2001-10-08,0.9905890425386716,0.9962238605691408,-0.005634818030469169
2001-10-09,0.9906328187264848,0.9960357472278141,-0.005402928501329285
2001-10-10,0.9911254750924852,0.9963755250297329,-0.005250049937247758
2001-10-11,0.9905890425386716,0.9965636383710597,-0.005974595832388019
2001-10-12,0.9906328187264849,0.9967159159352835,-0.006083097208798627
2001-10-15,0.9906328187264849,0.9963755250297329,-0.005742706303248024
2001-10-16,0.9904953834087176,0.9966018007838153,-0.006106417375097761
2001-10-17,0.9910006485826132,0.9963076163460226,-0.0053069677634094425
2001-10-18,0.9913337693669945,0.9960252372601136,-0.004691467893119139
2001-10-19,0.9921844029233333,0.99613830252749,-0.003953899604156708
2001-10-22,0.9926381229427451,0.9966867757712518,-0.004048652828506638
2001-10-23,0.9928352453690624,0.9965765036764267,-0.0037412583073642702
2001-10-24,0.9931237143262535,0.9962433828920454,-0.003119668565791933
2001-10-25,0.9938659033028561,0.9962433828920453,-0.002377479589189213
2001-10-26,0.9938203400886072,0.9965765036764267,-0.0027561635878194934
2001-10-29,0.9938203400886074,0.9966867757712518,-0.0028664356826443305
2001-10-30,0.9934969975411397,0.9966867757712518,-0.003189778230112017
2001-10-31,0.9941771662486092,0.9966867757712518,-0.002509609522642564
2001-11-01,0.9945592640657192,0.9966867757712518,-0.002127511705532603
2001-11-02,0.99481109026259,0.9964206816133993,-0.0016095913508092918
2001-11-05,0.9941771662486092,0.9959280252473989,-0.0017508589987896839
2001-11-06,0.9939394389898907,0.9964764984911605,-0.0025370595012698116
2001-11-07,0.9939850022041393,0.9966867757712518,-0.002701773567112431
2001-11-08,0.9939850022041393,0.9966867757712518,-0.002701773567112431
2001-11-09,0.9936029043870294,0.9966867757712518,-0.003083871384222392
2001-11-12,0.9932834180599379,0.9966867757712518,-0.003403357711313837
2001-11-13,0.9936067606074054,0.9974289647478541,-0.0038222041404487594
2001-11-14,0.9925976740169389,0.9972186874677631,-0.0046210134508242184
2001-11-15,0.9919175053094694,0.9976211287923241,-0.005703623482854692
2001-11-16,0.9915941627620017,0.9975108566974993,-0.005916693935497541
2001-11-19,0.992155232568188,0.9979532981462501,-0.005798065578062062
2001-11-20,0.9931643191586547,0.9980077533633136,-0.004843434204658936
2001-11-21,0.9929265918999359,0.9980077533633136,-0.00508116146337767
2001-11-23,0.9925976740169389,0.998063570241075,-0.005465896224136069
2001-11-26,0.9923092050597478,0.9976211287923241,-0.005311923732576274
2001-11-27,0.9922645532325574,0.9975108566974992,-0.005246303464941815
2001-11-28,0.9914959565100842,0.9971090586264472,-0.005613102116363011
2001-11-29,0.992130562003305,0.997613520344331,-0.0054829583410260785
2001-11-30,0.9922645532325574,0.9975108566974992,-0.005246303464941815
2001-12-03,0.991835734312003,0.9977591718049555,-0.0059234374929525435
2001-12-04,0.992409996173583,0.9978782707062388,-0.005468274532655748
2001-12-05,0.9922939925143256,0.9981866970858458,-0.005892704571520246
2001-12-06,0.9932110033066979,0.9982997623532223,-0.005088759046524394
2001-12-07,0.9923994723509976,0.998084409893842,-0.005684937542844382
2001-12-10,0.991216899456021,0.9977610673463744,-0.006544167890353392
2001-12-11,0.9915035188417444,0.9981927790808762,-0.006689260239131856
2001-12-12,0.9910917732232675,0.9981927790808762,-0.007101005857608755
2001-12-13,0.9907848672295332,0.9985161216283437,-0.007731254398810505
2001-12-14,0.9916195225010017,0.9988394641758114,-0.00721994167480966
2001-12-17,0.9916753393787631,0.9990548166351916,-0.007379477256428513
2001-12-18,0.9906863018173274,0.9989521529883597,-0.00826585117103229
2001-12-19,0.9898516465458587,0.9989521529883597,-0.009100506442501044
2001-12-20,0.9890924028332466,0.9987314740877239,-0.009639071254477272
2001-12-21,0.9885566860127007,0.9986818601703323,-0.010125174157631589
2001-12-24,0.9888576715229906,0.9985791965235002,-0.009721525000509601
2001-12-26,0.9886858509859718,0.9980989496068744,-0.00941309862090256
2001-12-27,0.9892803230761599,0.9980989496068742,-0.008818626530714302
2001-12-28,0.9889793375658702,0.9980989496068742,-0.009119612041003977
2001-12-31,0.9882360435673175,0.9982997623532222,-0.010063718785904618
2002-01-02,0.988591972308033,0.9983585176228646,-0.009766545314831676
2002-01-03,0.9894483315739621,0.9984661312561238,-0.009017799682161765
2002-01-04,0.9897958296680975,0.9982606952757044,-0.008464865607606842
2002-01-07,0.988860238664587,0.998034419521622,-0.00917418085703492
2002-01-08,0.9891617121882388,0.9979858843394979,-0.00882417215125908
2002-01-09,0.9895092102823743,0.9977804483590786,-0.00827123807670438
2002-01-10,0.9891074122113223,0.9977804483590786,-0.008673036147756386
2002-01-11,0.9900964497727579,0.997893513626455,-0.0077970638536970505
2002-01-14,0.9890350457475684,0.9974817680079782,-0.008446722260409767
2002-01-15,0.9897014493175142,0.9974817680079782,-0.0077803186904639166
2002-01-16,0.990096449772758,0.9974817680079782,-0.007385318235220151
2002-01-17,0.9904982478438099,0.9980095172857122,-0.00751126944190228
2002-01-18,0.9904982478438099,0.9980095172857122,-0.00751126944190228
2002-01-22,0.9904982478438099,0.9974817680079779,-0.006983520164168033
2002-01-23,0.989920955900851,0.997424519618363,-0.00750356371751193
2002-01-24,0.9896194823771991,0.9974720219794714,-0.00785253960227228
2002-01-25,0.988860238664587,0.9973617498846463,-0.008501511220059266
2002-01-28,0.9880982460899587,0.9975625626309943,-0.009464316541035633
2002-01-29,0.9895092102823743,0.9975625626309943,-0.008053352348620035
2002-01-30,0.9897958296680973,0.9980428095476201,-0.008246979879522831
2002-01-31,0.9897958296680973,0.9980428095476201,-0.008246979879522831
2002-02-01,0.9907848672295332,0.9980428095476201,-0.007257942318086963
2002-02-04,0.9907848672295332,0.9977702086986249,-0.006985341469091688
2002-02-05,0.9907848672295332,0.9981431651634842,-0.007358297933951041
2002-02-06,0.9897958296680975,0.9976629182468584,-0.007867088578760839
2002-02-07,0.9897958296680975,0.9979290124047109,-0.008133182736613342
2002-02-08,0.9897958296680975,0.9983505040516945,-0.008554674383596916
2002-02-11,0.9897958296680975,0.9982016132537063,-0.008405783585608728
2002-02-12,0.9897958296680975,0.9982016132537063,-0.008405783585608728
2002-02-13,0.9906304849395661,0.9978099135034276,-0.007179428563861556
2002-02-14,0.9910917732232675,0.9973981678849508,-0.006306394661683368
2002-02-15,0.9913932467469194,0.9975438193455751,-0.006150572598655701
2002-02-19,0.9920087840156397,0.997443463729711,-0.0054346797140713
2002-02-20,0.9920675392852821,0.9973862153400961,-0.005318676054813953
2002-02-21,0.9911505284929097,0.9967361021615879,-0.005585573668678179
2002-02-22,0.9911505284929097,0.9967361021615879,-0.005585573668678179
2002-02-25,0.9911505284929097,0.9972050961696797,-0.006054567676769929
2002-02-26,0.99048769375846,0.997443463729711,-0.006955769971251025
2002-02-27,0.9896124463865905,0.9975923545276993,-0.007979908141108827
2002-02-28,0.9886369882193778,0.9977114534289825,-0.009074465209604643
2002-03-01,0.9881169446660342,0.9975923545276993,-0.009475409861665174
2002-03-04,0.9882932919569325,0.9975438193455751,-0.009250527388642626
2002-03-05,0.988694236608993,0.9971708628807157,-0.008476626271722632
2002-03-06,0.9884558690489617,0.9972690119802315,-0.00881314293126989
2002-03-07,0.9884558690489617,0.9967887650636057,-0.008332896014644042
2002-03-08,0.9883428037815853,0.9964158085987465,-0.008073004817161111
2002-03-11,0.9883428037815853,0.9964158085987462,-0.00807300481716089
2002-03-12,0.9883428037815853,0.9964158085987462,-0.00807300481716089
2002-03-13,0.9883428037815853,0.9964158085987462,-0.00807300481716089
2002-03-14,0.9891991630475145,0.996847520333248,-0.007648357285733431
2002-03-15,0.988683656455577,0.9967887650636057,-0.00810510860802871
2002-03-18,0.9891991630475145,0.9967887650636057,-0.007589602016091157
2002-03-19,0.9887967217229533,0.9967887650636057,-0.0079920433406524
2002-03-20,0.9874203189036803,0.9973293556118725,-0.00990903670819221
2002-03-21,0.9874203189036803,0.9967887650636057,-0.009368446159925381
2002-03-22,0.9874203189036803,0.9962481745153389,-0.008827855611658553
2002-03-25,0.9874203189036803,0.9962967096974631,-0.008876390793782774
2002-03-26,0.9874203189036803,0.9964158085987462,-0.008995489695065917
2002-03-27,0.9874203189036804,0.995888059321012,-0.00846774041733156
2002-03-28,0.9884558690489617,0.9959355616821204,-0.00747969263315873
2002-04-01,0.987617590505283,0.9953474687727454,-0.007729878267462409
2002-04-02,0.9861635277234055,0.9946508430103914,-0.008487315286985875
2002-04-03,0.9851916686744394,0.9944627296690645,-0.009271060994625047
2002-04-04,0.9848895083618623,0.9944627296690645,-0.009573221307202173
2002-04-05,0.9837795296797365,0.9937488237380104,-0.009969294058273959
2002-04-08,0.9846383234613263,0.9943686488138391,-0.009730325352512836
2002-04-09,0.9841903189225164,0.9945548054671591,-0.010364486544642726
2002-04-10,0.9837666721886269,0.994432441566385,-0.010665769377758094
2002-04-11,0.9837666721886269,0.994432441566385,-0.010665769377758094
2002-04-12,0.9835403964345444,0.994432441566385,-0.01089204513184061
2002-04-15,0.9825564332044338,0.9936720230514853,-0.011115589847051521
2002-04-16,0.9816642861744715,0.9934271111285231,-0.011762824954051565
2002-04-17,0.9822166554025151,0.9931893838698044,-0.01097272846728925
2002-04-18,0.9816642861744715,0.9925554598558237,-0.010891173681352173
2002-04-19,0.9819234288699221,0.9931237143262535,-0.011200285456331338
2002-04-22,0.9822166554025151,0.9931893838698044,-0.01097272846728925
2002-04-23,0.9829414759371751,0.9934271111285231,-0.010485635191348042
2002-04-24,0.983269773532332,0.9933815479142745,-0.01011177438194244
2002-04-25,0.9828780737820534,0.9937932935327511,-0.010915219750697758
2002-04-26,0.9830245290879612,0.9943615480031808,-0.011337018915219543
2002-04-29,0.9826235844359006,0.9937276239892001,-0.011104039553299527
2002-04-30,0.9837493496226212,0.9945992752618995,-0.010849925639278335
2002-05-01,0.9840391549225379,0.9943615480031808,-0.010322393080642867
2002-05-02,0.9849542694581095,0.993647642072127,-0.00869337261401748
2002-05-03,0.985415557741811,0.9934047363291848,-0.007989178587373802
2002-05-06,0.9840391549225379,0.9934047363291848,-0.009365581406646895
2002-05-07,0.9849542694581097,0.9938527408679947,-0.008898471409884978
2002-05-08,0.9856748870913853,0.9942107180583333,-0.008535830966947988
2002-05-09,0.9868006522781058,0.9949711365732329,-0.008170484295127123
2002-05-10,0.9858855377425342,0.9946307456676823,-0.008745207925148102
2002-05-13,0.9861740066997251,0.9942727684773437,-0.00809876177761859
2002-05-14,0.9864331493951758,0.9945669529151364,-0.008133803519960625
2002-05-15,0.9864331493951758,0.9945669529151364,-0.008133803519960625
2002-05-16,0.9858102233108775,0.9944035224041158,-0.00859329909323825
2002-05-17,0.9855510806154267,0.994991615313491,-0.009440534698064273
2002-05-20,0.9845419940249601,0.9952365272364532,-0.010694533211493051
2002-05-21,0.9841690446026129,0.9953854180344412,-0.011216373431828353
2002-05-22,0.9848304629821512,0.99600524311027,-0.0111747801281189
2002-05-23,0.9855510806154267,0.9959464878406277,-0.010395407225200937
2002-05-24,0.9865146039916448,0.9959464878406274,-0.009431883848982636
2002-05-28,0.9874688861945807,0.9961386518850975,-0.008669765690516806
2002-05-29,0.9868946243330009,0.9959623045941992,-0.009067680261198308
2002-05-30,0.9871375300759431,0.9962221957916823,-0.009084665715739182
2002-05-31,0.9883721309386061,0.9963780178547097,-0.0080058869161036
2002-06-03,0.9895668646375672,0.9963780178547097,-0.00681115321714254
2002-06-04,0.9898982207562049,0.9958735561368258,-0.005975335380620894
2002-06-05,0.9898982207562049,0.9959762197836578,-0.006077999027452874
2002-06-06,0.9906777962308099,0.9964806815015418,-0.005802885270731917
2002-06-07,0.9906777962308099,0.9963780178547097,-0.005700221623899826
2002-06-10,0.9898982207562047,0.9959762197836578,-0.006077999027453096
2002-06-11,0.9890229733843352,0.9964806815015418,-0.007457708117206585
2002-06-12,0.9892193665434318,0.9969344015209536,-0.007715034977521795
2002-06-13,0.989566864637567,0.9969344015209535,-0.007367536883386427
2002-06-14,0.989566864637567,0.9968824795725938,-0.0073156149350267485
2002-06-17,0.990346440112172,0.9964806815015418,-0.006134241389369799
2002-06-18,0.9914329215805113,0.9966263329621661,-0.0051934113816547445
2002-06-19,0.9905379226774019,0.9959762197836578,-0.005438297106255874
2002-06-20,0.991078513225669,0.9959762197836579,-0.0048977065579889345
2002-06-21,0.9915960259976263,0.995912427031112,-0.0043164010334857394
2002-06-24,0.9909296224276808,0.9963780178547097,-0.005448395427028907
2002-06-25,0.9905346219724371,0.9962221957916823,-0.0056875738192451175
2002-06-26,0.9910785132256688,0.9956681201564066,-0.004589606930737844
2002-06-27,0.9912043262473478,0.9958735561368258,-0.004669229889478044
2002-06-28,0.9905379226774021,0.9956681201564066,-0.00513019747900445
2002-07-01,0.9901429222221583,0.9955255700293283,-0.005382647807170016
2002-07-02,0.9895591638052246,0.9949077016415068,-0.005348537836282197
2002-07-03,0.988975981489716,0.9950635237045342,-0.00608754221481822
2002-07-05,0.988975981489716,0.9952158012687581,-0.006239819779042088
2002-07-08,0.9891054437858128,0.9952158012687581,-0.0061103574829453056
2002-07-09,0.9885828733173785,0.9952158012687581,-0.006632927951379597
2002-07-10,0.9885828733173785,0.9952158012687581,-0.006632927951379597
2002-07-11,0.9885828733173788,0.9952158012687581,-0.006632927951379264
2002-07-12,0.9891511277878086,0.9952158012687581,-0.006064673480949523
2002-07-15,0.9891511277878083,0.9952158012687581,-0.006064673480949745
2002-07-16,0.9891511277878083,0.9956175993398101,-0.006466471552001751
2002-07-17,0.9896686405597659,0.9961351121117676,-0.006466471552001751
2002-07-18,0.9907452866634759,0.9967697176049883,-0.006024430941512393
2002-07-19,0.9911990066828875,0.9960092990900886,-0.0048102924072011
2002-07-22,0.9916008047539395,0.9958570215258649,-0.004256216771925336
2002-07-23,0.9915387844848064,0.9960092990900886,-0.00447051460528225
2002-07-24,0.9914337041202511,0.9959042187255334,-0.00447051460528225
2002-07-25,0.9921225429017403,0.9962522048330309,-0.004129661931290607
2002-07-26,0.9931201541743839,0.9962522048330309,-0.0031320506586469676
2002-07-29,0.9935118539246623,0.9962522048330309,-0.0027403509083685496
2002-07-30,0.9937381296787449,0.9964784805871134,-0.0027403509083685496
2002-07-31,0.9937381296787449,0.9965745181303459,-0.0028363884516010573
2002-08-01,0.9946331285818543,0.9969960097773294,-0.0023628811954751194
2002-08-02,0.9953676846925504,0.9962639366638326,-0.0008962519712821804
2002-08-05,0.9956471188628285,0.996319753541594,-0.000672634678765438
2002-08-06,0.9958189393998473,0.9970518266550907,-0.0012328872552433978
2002-08-07,0.9963983061868878,0.9969960097773294,-0.000597703590441534
2002-08-08,0.9970478040080778,0.9976138781651508,-0.0005660741570729932
2002-08-09,0.9971580761029029,0.9973117178525736,-0.00015364174967069655
2002-08-12,0.9966216435490893,0.9969960097773294,-0.00037436622824005283
2002-08-13,0.9960422767620488,0.9969474745952052,-0.0009051978331563459
2002-08-14,0.9959864598842874,0.9974649873671628,-0.001478527482875469
2002-08-15,0.9959292114946723,0.9974649873671628,-0.0015357758724905413
2002-08-16,0.9951359001143337,0.9974649873671628,-0.0023290872528290985
2002-08-19,0.9950256280195088,0.9980675981845626,-0.003041970165053809
2002-08-20,0.9949096243602512,0.9978292306245312,-0.002919606264280006
2002-08-21,0.9950256280195088,0.9975135225492869,-0.0024878945297781563
2002-08-22,0.99485380748249,0.9969960097773294,-0.0021422022948394126
2002-08-23,0.9940779074806637,0.9970518266550908,-0.002973919174427131
2002-08-26,0.9940779074806637,0.9970518266550908,-0.002973919174427131
2002-08-27,0.9941909727480401,0.9970518266550907,-0.002860853907050598
2002-08-28,0.9944172485021227,0.996319753541594,-0.0019025050394713139
2002-08-29,0.99453325216138,0.9966875833977221,-0.002154331236342122
2002-08-30,0.9952519037735911,0.9969960097773294,-0.0017441060037383105
2002-09-03,0.9945890690391413,0.9969474745952053,-0.002358405556063925
2002-09-04,0.9944760037717648,0.9971923865181674,-0.0027163827464026236
2002-09-05,0.9944760037717647,0.996779954110765,-0.002303950339000327
2002-09-06,0.9944172485021227,0.9965745181303456,-0.0021572696282229353
2002-09-09,0.9941909727480401,0.9968284892928893,-0.0026375165448491167
2002-09-10,0.9949096243602512,0.9968284892928893,-0.0019188649326380425
2002-09-11,0.9957029357405899,0.996779954110765,-0.0010770183701751534
2002-09-12,0.9950256280195088,0.9965835609516688,-0.00155793293216
2002-09-13,0.99485380748249,0.9967697176049883,-0.0019159101224983655
2002-09-16,0.9946331285818543,0.9968723812518203,-0.002239252669966052
2002-09-17,0.9940779074806637,0.9965775535605186,-0.002499646079854867
2002-09-18,0.9946862869980498,0.9967697176049883,-0.0020834306069384967
2002-09-19,0.9949125627521324,0.9971518154220984,-0.002239252669966052
2002-09-20,0.9946259433664091,0.9975536134931504,-0.002927670126741333
2002-09-23,0.9946259433664091,0.9975536134931504,-0.002927670126741333
2002-09-24,0.9953604994771053,0.9975536134931504,-0.002193114016045161
2002-09-25,0.9956471188628285,0.9975536134931502,-0.0019064946303216646
2002-09-26,0.9953073410609095,0.9975004550769546,-0.002193114016045161
2002-09-27,0.9945140296805711,0.9969261932153748,-0.0024121635348036685
2002-09-30,0.9945140296805711,0.9969261932153748,-0.0024121635348036685
2002-10-01,0.9945140296805709,0.9969261932153748,-0.0024121635348038906
2002-10-02,0.9945140296805711,0.9969261932153748,-0.0024121635348036685
2002-10-03,0.9951913374016523,0.9969261932153748,-0.001734855813722458
2002-10-04,0.9959425247257117,0.9965344934650961,-0.0005919687393844963
2002-10-07,0.9959425247257117,0.9965344934650961,-0.0005919687393844963
2002-10-08,0.9959425247257117,0.9965344934650963,-0.0005919687393846074
2002-10-09,0.9961632036263472,0.9969261932153748,-0.0007629895890275407
2002-10-10,0.9966451809630971,0.9975607987085956,-0.0009156177454985315
2002-10-11,0.9964817504520767,0.9976658790731507,-0.0011841286210740876
2002-10-14,0.9956511334604701,0.9978921548272333,-0.002241021366763185
2002-10-15,0.9954304545598345,0.9978921548272333,-0.002461700267398781
2002-10-16,0.9954304545598345,0.9981715889975112,-0.002741134437676762
2002-10-17,0.9951855426368724,0.9980639753642521,-0.002878432727379643
2002-10-18,0.994602360321364,0.9978486229048716,-0.0032462625835076864
2002-10-21,0.994545111931749,0.9975172667862341,-0.0029721548544850984
2002-10-22,0.9946023603213642,0.9978486229048719,-0.0032462625835076864
2002-10-23,0.9941668703350153,0.9975760220558765,-0.003409151720861203
2002-10-24,0.9941668703350153,0.9978486229048716,-0.003681752569856367
2002-10-25,0.9947033028888288,0.9983176169129637,-0.0036143140241349236
2002-10-28,0.99475911976659,0.9983176169129637,-0.0035584971463736847
2002-10-29,0.9941980377149334,0.9977898676352295,-0.0035918299202960524
2002-10-30,0.9941980377149334,0.997613520344331,-0.003415482629397615
2002-10-31,0.9939319435570809,0.997613520344331,-0.003681576787250118
2002-11-01,0.993772407975462,0.9977211339775902,-0.0039487260021282555
2002-11-04,0.993772407975462,0.9972166722597064,-0.0034442642842444915
2002-11-05,0.993772407975462,0.996701165667769,-0.002928757692307049
2002-11-06,0.994054787061371,0.996701165667769,-0.0026463786063980477
2002-11-07,0.994054787061371,0.9970245082152365,-0.002969721153865512
2002-11-08,0.9934774951184123,0.997372494322734,-0.003894999204321681
2002-11-11,0.9927699577608476,0.9972166722597064,-0.004446714498858806
2002-11-12,0.9927203438434558,0.9973724943227341,-0.004652150479278361
2002-11-13,0.9929580711021744,0.9975181457833582,-0.004560074681183801
2002-11-14,0.9925938278448059,0.9977189585297062,-0.005125130684900281
2002-11-15,0.9917548392310391,0.9975666809654825,-0.005811841734443379
2002-11-18,0.991361289909293,0.9971451893184988,-0.005783899409205873
2002-11-19,0.991865111325864,0.9971451893184988,-0.005280077992634857
2002-11-20,0.9929580711021744,0.9971451893184988,-0.004187118216324448
2002-11-21,0.9938758857398302,0.9976992649537747,-0.003823379213944489
2002-11-22,0.9942238718473276,0.9981207566007582,-0.0038968847534305295
2002-11-25,0.9945798005880433,0.998273034164982,-0.003693233576938737
2002-11-26,0.9947320781522669,0.9983833062598071,-0.00365122810754015
2002-11-27,0.9946317225364031,0.9985391283228345,-0.00390740578643145
2002-11-29,0.9947806133343912,0.9985391283228345,-0.0037585149884433733
2002-12-02,0.9949860493148105,0.9984340479582792,-0.003447998643468675
2002-12-03,0.994118976375627,0.9981398635204864,-0.004020887144859486
2002-12-04,0.9941708983239868,0.9979295862403953,-0.003758687916408543
2002-12-05,0.9942205122413785,0.9978292306245312,-0.003608718383152687
2002-12-06,0.9941708983239868,0.9978823890407268,-0.00371149071674004
2002-12-09,0.9942712539398508,0.9979368442577903,-0.003665590317939449
2002-12-10,0.9942216400224588,0.9975244118503882,-0.003302771827929374
2002-12-11,0.9941708983239868,0.9972159854707809,-0.00304508714679419
2002-12-12,0.9942712539398508,0.9971628270545854,-0.002891573114734536
2002-12-13,0.9932764432630564,0.9965796447390769,-0.0033032014760204786
2002-12-16,0.9932268293456646,0.9968336159016205,-0.00360678655595581
2002-12-17,0.9931241656988327,0.9966847251036322,-0.0035605594047994904
2002-12-18,0.9931241656988327,0.9966847251036323,-0.0035605594047996014
2002-12-19,0.9931241656988326,0.9967873887504644,-0.003663223051631803
2002-12-20,0.994118976375627,0.997519461863961,-0.0034004854883340485
2002-12-23,0.9940682346771547,0.9973705710659728,-0.003302336388818161
2002-12-24,0.9941708983239868,0.9967873887504644,-0.0026164904264776023
2002-12-26,0.994118976375627,0.996572036291084,-0.0024530599154570787
2002-12-27,0.9939631543125993,0.9967873887504642,-0.0028242344378649475
2002-12-30,0.9939631543125993,0.9967873887504642,-0.0028242344378649475
2002-12-31,0.9939631543125994,0.9959401531456386,-0.0019769988330391453
2003-01-02,0.9948809689502552,0.9961365463047351,-0.0012555773544798976
2003-01-03,0.9946210777527723,0.9962441599379942,-0.0016230821852218913
2003-01-06,0.9946210777527723,0.9962441599379942,-0.0016230821852218913
2003-01-07,0.9944721869547841,0.9964981311005378,-0.002025944145753633
2003-01-08,0.9946317225364029,0.9965500530488975,-0.0019183305124946815
2003-01-09,0.9946317225364031,0.9964449726843424,-0.001813250147939316
2003-01-10,0.9944721869547839,0.9962960818863542,-0.0018238949315703135
2003-01-13,0.9947806133343912,0.9955754642530784,-0.000794850918687251
2003-01-14,0.9948856936989464,0.9953651869729873,-0.0004794932740408431
2003-01-15,0.9950379712631701,0.9955754642530784,-0.0005374929899083503
2003-01-16,0.9950379712631701,0.9957243550510666,-0.0006863837878965384
2003-01-17,0.9948856936989464,0.9955754642530784,-0.0006897705541319965
2003-01-21,0.9940186207597629,0.9947320781522669,-0.0007134573925040577
2003-01-22,0.9938178080134149,0.9948302272517829,-0.0010124192383680342
2003-01-23,0.9946848809525987,0.9956736133525945,-0.000988732399995862
2003-01-24,0.9944309097900551,0.9957786937171497,-0.001347783927094559
2003-01-27,0.9946848809525984,0.9957267717687899,-0.0010418908161914375
2003-01-28,0.9956264161529258,0.9964981311005378,-0.0008717149476119568
2003-01-29,0.9948856936989464,0.9956286226692739,-0.0007429289703274611
2003-01-30,0.9949860493148105,0.9955754642530784,-0.0005894149382679181
2003-01-31,0.9948371585168223,0.9954728006062465,-0.0006356420894242376
2003-02-03,0.9949860493148105,0.9953271491456221,-0.00034109983081165307
2003-02-04,0.9950379712631703,0.9955754642530784,-0.0005374929899081282
2003-02-05,0.9949860493148105,0.995524722554606,-0.0005386732397955063
2003-02-06,0.994118976375627,0.9945356849931704,-0.00041670861754339317
2003-02-07,0.9940682346771548,0.9947320781522669,-0.0006638434751121691
2003-02-10,0.9939700855776388,0.9947320781522669,-0.0007619925746281675
2003-02-11,0.994118976375627,0.9945864266916425,-0.00046745031601558296
2003-02-12,0.994118976375627,0.994782819850739,-0.0006638434751120581
2003-02-13,0.9938650052130835,0.9947320781522669,-0.000867072939183422
2003-02-14,0.9947320781522672,0.9954728006062465,-0.0007407224539793811
2003-02-18,0.9956736133525943,0.9953271491456221,0.0003464642069721524
2003-02-19,0.9956736133525943,0.9955754642530784,9.814909951588735e-05
2003-02-20,0.9956736133525945,0.9955754642530784,9.81490995161094e-05
2003-02-21,0.9963423090375103,0.9947320781522672,0.0016102308852431468
2003-02-24,0.9963423090375101,0.9947320781522672,0.0016102308852429248
2003-02-25,0.9964473894020655,0.9947320781522669,0.0017153112497985123
2003-02-26,0.9964473894020657,0.9943761494115515,0.002071239990514173
2003-02-27,0.9964473894020657,0.9943761494115515,0.002071239990514173
2003-02-28,0.9957267717687898,0.9943761494115515,0.0013506223572382625
2003-03-03,0.9958294354156219,0.9943761494115515,0.0014532860040703532
2003-03-04,0.9957243550510666,0.9942734857647195,0.0014508692863470785
2003-03-05,0.9955754642530783,0.994369523307952,0.0012059409451262715
2003-03-06,0.9954159286714593,0.9940680497843003,0.0013478788871590375
2003-03-07,0.9952195355123629,0.994369523307952,0.0008500122044108327
2003-03-10,0.9951687938138906,0.9945798005880433,0.0005889932258472674
2003-03-11,0.99527640744715,0.9946317225364031,0.0006446849107468733
2003-03-12,0.9954728006062465,0.9955247225546061,-5.192194835956787e-05
2003-03-13,0.99527640744715,0.9955247225546061,-0.00024831510745615404
2003-03-14,0.9954728006062462,0.9957786937171496,-0.0003058931109033436
2003-03-17,0.99527640744715,0.9956264161529258,-0.0003500087057758394
2003-03-18,0.9951713270825945,0.9953724449903822,-0.00020111790778776228
2003-03-19,0.9954728006062462,0.9953724449903822,0.00010035561586396735
2003-03-20,0.9955778809708018,0.9956264161529258,-4.8535182123998766e-05
2003-03-21,0.9961934182395221,0.9954256034065779,0.0007678148329441914
2003-03-24,0.9962419534216462,0.9956264161529258,0.0006155372687204341
2003-03-25,0.9955732577367302,0.9957786937171496,-0.00020543598041933286
2003-03-26,0.9956736133525943,0.9955732577367302,0.00010035561586407837
2003-03-27,0.9955140777709754,0.9954137221551114,0.00010035561586407837
2003-03-28,0.9952479836131228,0.9951983696957309,4.9613917391888585e-05
2003-03-31,0.9952479836131228,0.9951983696957309,4.9613917391888585e-05
2003-04-01,0.9952479836131228,0.9951983696957309,4.9613917391888585e-05
2003-04-02,0.9960193429448708,0.9960193429448708,0.0
2003-04-03,0.9960193429448708,0.9960689568622626,-4.961391739177756e-05
2003-04-04,0.996234695404251,0.9960689568622626,0.00016573854198842497
2003-04-07,0.996234695404251,0.9960193429448708,0.00021535245938020253
2003-04-08,0.996234695404251,0.996234695404251,0.0
2003-04-09,0.996234695404251,0.9964449726843424,-0.00021027728009137547
2003-04-10,0.9968336159016205,0.9964945866017342,0.00033902929988627317
2003-04-11,0.9968855378499801,0.9964449726843421,0.0004405651656380627
2003-04-14,0.9969858934658442,0.9964945866017342,0.0004913068641100304
2003-04-15,0.9970366351643165,0.9963942309858699,0.0006424041784466317
2003-04-16,0.9965453283002063,0.9957786937171496,0.0007666345830567023
2003-04-17,0.9965453283002063,0.9956264161529258,0.0009189121472804596
2003-04-21,0.9964945866017342,0.9954256034065779,0.0010689831951562478
2003-04-22,0.9964449726843424,0.9954256034065779,0.0010193692777644703
2003-04-23,0.996494586601734,0.9954256034065779,0.0010689831951560258
2003-04-24,0.9965996669662893,0.9953724449903822,0.001227221975907078
2003-04-25,0.9965996669662893,0.9952673646258271,0.0013323023404622214
2003-04-28,0.9957786937171496,0.9943258294254999,0.0014528642916497025
2003-04-29,0.9957786937171496,0.9943258294254997,0.0014528642916498136
2003-04-30,0.9957786937171496,0.9943258294254997,0.0014528642916498136
2003-05-01,0.9957786937171496,0.9944309097900551,0.001347783927094448
2003-05-02,0.9955778809708018,0.9951716322440344,0.00040624872676742196
2003-05-05,0.9953724449903822,0.9954256034065779,-5.315841619568662e-05
2003-05-06,0.9946848809525984,0.9946848809525987,-2.220446049250313e-16
2003-05-07,0.9946848809525984,0.9946848809525987,-2.220446049250313e-16
2003-05-08,0.9946848809525984,0.9946848809525984,0.0
2003-05-09,0.9946848809525984,0.9946848809525984,0.0
2003-05-12,0.9936689172154267,0.9936214148543183,4.7502361108398006e-05
2003-05-13,0.9936689172154267,0.993568256438123,0.00010066077730375156
2003-05-14,0.9936689172154267,0.9935163344897632,0.00015258272566354147
2003-05-15,0.9933674436917748,0.9924233747134529,0.0009440689783218881
2003-05-16,0.9935682564381227,0.9920209333888919,0.0015473230492308865
2003-05-19,0.9936214148543183,0.9918651113258642,0.0017563035284541284
2003-05-20,0.9946848809525984,0.9906449021408608,0.004039978811737677
2003-05-21,0.9946848809525984,0.990644902140861,0.004039978811737455
2003-05-22,0.9954256034065779,0.9914533657073874,0.003972237699190528
2003-05-23,0.9951716322440344,0.9915091825851486,0.003662449658885736
2003-05-27,0.995124129882926,0.9902424608162997,0.0048816690666262375
2003-05-28,0.9951716322440345,0.9888474738637318,0.006324158380302647
2003-05-29,0.9944309097900551,0.9875547158972175,0.0068761938928375566
2003-05-30,0.9941294362664034,0.9870508944806464,0.007078541785756953
2003-06-02,0.9940749810493394,0.9865024212368846,0.00757255981245486
2003-06-03,0.9932079081101559,0.9854360498173933,0.007771858292762612
2003-06-04,0.9928599220026584,0.9864451728472696,0.006414749155388755
2003-06-05,0.992906434586504,0.9865024212368846,0.006404013349619375
2003-06-06,0.9930520860471284,0.9850718065600249,0.007980279487103448
2003-06-09,0.9930520860471284,0.984602812551933,0.008449273495195309
2003-06-10,0.9930520860471284,0.984602812551933,0.008449273495195309
2003-06-11,0.9930520860471284,0.986217657215186,0.006834428831942407
2003-06-12,0.9931481235903609,0.986217657215186,0.006930466375174915
2003-06-13,0.9920551638140506,0.9846930275933722,0.007362136220678384
2003-06-16,0.991699235073335,0.9846483757661817,0.007050859307153323
2003-06-17,0.9916517327122267,0.984602812551933,0.007048920160293681
2003-06-18,0.9912874894548582,0.984028550690353,0.0072589387645052295
2003-06-19,0.9900672802698548,0.9834674808841668,0.006599799385687999
2003-06-20,0.9900207676860092,0.9834674808841667,0.006553286801842528
2003-06-23,0.9903766964267249,0.9834674808841667,0.006909215542558189
2003-06-24,0.9903766964267247,0.9826988841616936,0.007677812265031059
2003-06-25,0.9890737852722512,0.9809909941269164,0.008082791145334833
2003-06-26,0.988981709474157,0.9809042837058761,0.008077425768280855
2003-06-27,0.9889342071130486,0.9814653535120623,0.007468853600986258
2003-06-30,0.9889342071130486,0.9814653535120623,0.007468853600986258
2003-07-01,0.9889342071130486,0.9814653535120623,0.007468853600986258
2003-07-02,0.9889342071130486,0.9814653535120623,0.007468853600986258
2003-07-03,0.9889342071130486,0.9814653535120623,0.007468853600986258
2003-07-07,0.9892499151882931,0.9812463039933038,0.008003611194989269
2003-07-08,0.990407174882142,0.9811095763680189,0.009297598514123151
2003-07-09,0.9908007242038883,0.9813751384706232,0.00942558573326513
2003-07-10,0.989643464510039,0.9814653535120623,0.008178110997976717
2003-07-11,0.9892499151882929,0.9805496782309496,0.008700236957343233
2003-07-14,0.9901410807242895,0.9799439565975728,0.010197124126716695
2003-07-15,0.9891396430934679,0.980117442902083,0.009022200191384888
2003-07-16,0.9889342071130486,0.979452965999064,0.009481241113984629
2003-07-17,0.988512715466065,0.9794529659990637,0.009059749467001277
2003-07-18,0.9869871923310335,0.9784734979654054,0.0085136943656281
2003-07-21,0.9865847510064725,0.9773329915122732,0.009251759494199319
2003-07-22,0.9871904726398492,0.9762771320811127,0.010913340558736495
2003-07-23,0.9871904726398492,0.9762771320811126,0.010913340558736606
2003-07-24,0.9867214786317572,0.9753827223369604,0.011338756294796748
2003-07-25,0.9851066339685043,0.9731997039821044,0.011906929986399861
2003-07-28,0.9861730053879953,0.972491450891272,0.01368155449672337
2003-07-29,0.9865847510064722,0.971488437370342,0.015096313636130287
2003-07-30,0.9865847510064722,0.9705528463668315,0.01603190463964077
2003-07-31,0.9875618008977421,0.9715817231231275,0.01598007777461463
2003-08-01,0.9874457972384847,0.9715817231231275,0.015864074115357174
2003-08-04,0.9865847510064722,0.9727764568220886,0.013808294184383674
2003-08-05,0.9865847510064722,0.9735450535445618,0.013039697461910471
2003-08-06,0.9865847510064722,0.9746315350129012,0.01195321599357102
2003-08-07,0.9875618008977421,0.9758132074657405,0.01174859343200163
2003-08-08,0.9874222227385395,0.9758561416989676,0.011566081039571907
2003-08-11,0.9871456813822089,0.9758561416989676,0.011289539683241312
2003-08-12,0.9886290963497805,0.9758561416989676,0.012772954650812851
2003-08-13,0.9891329177663518,0.9766247384214408,0.012508179344910997
2003-08-14,0.9894562603138194,0.9775191481655929,0.011937112148226459
2003-08-15,0.9899489166798198,0.9776042064550992,0.012344710224720612
2003-08-18,0.9894562603138194,0.9767505514431198,0.01270570887069955
2003-08-19,0.988895190507633,0.9758132074657405,0.013081983041892453
2003-08-20,0.9891329177663518,0.9738629382904279,0.0152699794759239
2003-08-21,0.9894562603138194,0.9729059191181854,0.016550341195634033
2003-08-22,0.9899489166798195,0.9727764568220886,0.01717245985773097
2003-08-25,0.9900047335575809,0.9737794703430188,0.01622526321456208
2003-08-26,0.9908131971241074,0.9757297395183315,0.015083457605775896
2003-08-27,0.9895009121410097,0.9766247384214408,0.01287617371956884
2003-08-28,0.9894562603138192,0.9764983362408047,0.012957924073014437
2003-08-29,0.9891677913566284,0.9764545600529914,0.012713231303636996
2003-09-02,0.9891677913566284,0.9764545600529914,0.012713231303636996
2003-09-03,0.9891677913566284,0.9771628131438239,0.01200497821280444
2003-09-04,0.988895190507633,0.976246510043934,0.012648680463698936
2003-09-05,0.9891329177663517,0.9762027338561207,0.012930183910231041
2003-09-08,0.9884246646755194,0.9760357395750834,0.012388925100435988
2003-09-09,0.9884246646755194,0.9766414612084603,0.011783203467059078
2003-09-10,0.9884246646755194,0.9766414612084603,0.011783203467059078
2003-09-11,0.9884246646755194,0.9766414612084603,0.011783203467059078
2003-09-12,0.9884246646755194,0.9766414612084603,0.011783203467059078
2003-09-15,0.9884246646755193,0.9766414612084603,0.011783203467058967
2003-09-16,0.9884246646755193,0.9754068603457973,0.013017804329721994
2003-09-17,0.987920843258948,0.9748011387124204,0.013119704546527666
2003-09-18,0.9886290963497804,0.9760357395750834,0.012593356774696973
2003-09-19,0.9891329177663515,0.9760357395750834,0.0130971781912681
2003-09-22,0.9887012060318497,0.9760357395750834,0.012665466456766361
2003-09-23,0.9872177910642782,0.9760357395750834,0.011182051489194822
2003-09-24,0.9876202323888393,0.9766414612084603,0.010978771180379043
2003-09-25,0.9876202323888394,0.9775131124811597,0.010107119907679762
2003-09-26,0.9868087014331391,0.9765968093812698,0.010211892051869342
2003-09-29,0.9868087014331391,0.974439678761218,0.012369022671921193
2003-09-30,0.9864062601085781,0.9744396787612178,0.011966581347360283
2003-10-01,0.9854905848274657,0.9731659102311905,0.012324674596275176
2003-10-02,0.9849867634108944,0.9731659102311903,0.01182085317970416
2003-10-03,0.9855408390461701,0.9731659102311903,0.012374928814979813
2003-10-06,0.9856696735234896,0.9711092940569703,0.014560379466519224
2003-10-07,0.9852967170586301,0.9714875356537043,0.013809181404925819
2003-10-08,0.9855676574660636,0.9723830625869979,0.013184594879065648
2003-10-09,0.9854809470450232,0.9699687486195737,0.015512198425449486
2003-10-10,0.9852967170586301,0.9692763165651567,0.01602040049347342
2003-10-13,0.9852967170586301,0.9692763165651567,0.01602040049347342
2003-10-14,0.9845884639677976,0.968483005184818,0.016105458782979643
2003-10-15,0.9839858531503979,0.9675436937818979,0.01644215936850002
2003-10-16,0.9848164701420042,0.968656491489328,0.016159978652676266
2003-10-17,0.9846941062412303,0.9683370051622364,0.016357101078993908
2003-10-20,0.9848164701420042,0.9673442306640604,0.01747223947794385
2003-10-21,0.9854692681179693,0.9661616577690838,0.019307610348885507
2003-10-22,0.9861337450209885,0.9654368372344239,0.020696907786564633
2003-10-23,0.9861337450209885,0.9654368372344239,0.020696907786564633
2003-10-24,0.9854692681179695,0.9654368372344239,0.02003243088354567
2003-10-27,0.984489800084311,0.966490575652081,0.01799922443223001
2003-10-28,0.984489800084311,0.9689433819147452,0.015546418169565812
2003-10-29,0.9851542769873304,0.9697970369267247,0.015357240060605681
2003-10-30,0.9854198390899347,0.9700868422266414,0.015332996863293258
2003-10-31,0.9862258208190828,0.9698837473477648,0.016342073471317997
2003-11-03,0.9874460300040862,0.9718965873341716,0.015549442669914537
2003-11-04,0.987577392252317,0.9728508695371078,0.014726522715209245
2003-11-05,0.9870496429745828,0.9731703558641992,0.013879287110383554
2003-11-06,0.9861122989972035,0.9740928856215881,0.012019413375615406
2003-11-07,0.9853874784625435,0.9748011387124204,0.01058633975012313
2003-11-10,0.985564403925023,0.9750517763449729,0.010512627580050116
2003-11-11,0.986415037481362,0.9748011387124204,0.011613898768941588
2003-11-12,0.9877360034318786,0.9768567597011243,0.010879243730754329
2003-11-13,0.9869491626280855,0.9768567597011243,0.01009240292696123
2003-11-14,0.9869491626280857,0.976856759701124,0.010092402926961785
2003-11-17,0.9869491626280857,0.976856759701124,0.010092402926961785
2003-11-18,0.9869491626280857,0.9756574979783496,0.011291664649736188
2003-11-19,0.9869491626280857,0.9735003673582977,0.013448795269788039
2003-11-20,0.9860547528839334,0.9728946457249209,0.013160107159012502
2003-11-21,0.9860547528839334,0.9728946457249209,0.013160107159012502
2003-11-24,0.9863386435076086,0.9741366618094013,0.012201981698207298
2003-11-25,0.9862519330865684,0.9743435232541404,0.011908409832428024
2003-11-26,0.9863832953347991,0.9753712626720643,0.011012032662734761
2003-11-28,0.9863832953347991,0.9750517763449729,0.011331518989826206
2003-12-01,0.9865250972914088,0.9741366618094013,0.01238843548200752
2003-12-02,0.9866584269651805,0.9737474002947631,0.012911026670417325
2003-12-03,0.9867022031529937,0.9748011387124204,0.011901064440573372
2003-12-04,0.9875081848821422,0.9768567597011243,0.010651425181017915
2003-12-05,0.9864804454642183,0.9768567597011243,0.009623685763094025
2003-12-08,0.9864804454642183,0.9768567597011243,0.009623685763094025
2003-12-09,0.9875081848821422,0.9774178295073105,0.010090355374831717
2003-12-10,0.9875081848821424,0.978401792737421,0.00910639214472142
2003-12-11,0.9875779600696889,0.9800650309450079,0.007512929124681045
2003-12-12,0.9874439688404364,0.9803204532410487,0.007123515599387731
2003-12-15,0.9874439688404364,0.9803204532410489,0.007123515599387509
2003-12-16,0.9882745858320428,0.9800650309450079,0.008209554887034898
2003-12-17,0.9891218214368684,0.9803204532410489,0.008801368195819559
2003-12-18,0.9891218214368684,0.9784017927374212,0.010720028699447215
2003-12-19,0.990105784666979,0.9789056141539925,0.011200170512986496
2003-12-22,0.9908306052016389,0.979731702212443,0.011098902989195913
2003-12-23,0.991022087766869,0.9788600509397436,0.012162036827125355
2003-12-24,0.991022087766869,0.978401792737421,0.012620295029447948
2003-12-26,0.991022087766869,0.9795288663061615,0.011493221460707415
2003-12-29,0.991022087766869,0.9811921045137483,0.009829983253120678
2003-12-30,0.9910220877668687,0.9819107561259593,0.009111331640909381
2003-12-31,0.990105784666979,0.9822129164385366,0.007892868228442373
2004-01-02,0.9901057846669788,0.9819107561259593,0.0081950285410195
2004-01-05,0.9900381245367582,0.9811921045137483,0.008846020023009937
2004-01-06,0.9910220877668687,0.9811465412994996,0.0098755464673691
2004-01-07,0.9915626783151356,0.9821673532242879,0.009395325090847617
2004-01-08,0.9915626783151356,0.9837375460603504,0.007825132254785205
2004-01-09,0.9915626783151356,0.984149291678827,0.007413386636308528
2004-01-12,0.9917022564743384,0.9850649669599397,0.006637289514398681
2004-01-13,0.991612041432899,0.9845611455433685,0.007050895889530562
2004-01-14,0.9920922883495249,0.983645470262256,0.008446818087268881
2004-01-15,0.9920922883495251,0.983645470262256,0.008446818087269103
2004-01-16,0.992561282357617,0.9842480810796558,0.008313201277961202
2004-01-20,0.9931791507454386,0.9849253888007371,0.00825376194470151
2004-01-21,0.9922847410012864,0.9831817096601645,0.009103031341121892
2004-01-22,0.9914375053964607,0.9831817096601645,0.008255795736296201
2004-01-23,0.9910645489316012,0.9831817096601645,0.007882839271436737
2004-01-26,0.990061535410671,0.9831817096601645,0.006879825750506496
2004-01-27,0.9902384608731505,0.9836297141989744,0.0066087466741761025
2004-01-28,0.9902384608731507,0.9836297141989744,0.0066087466741763246
2004-01-29,0.9902384608731505,0.9836297141989744,0.0066087466741761025
2004-01-30,0.9911985401608536,0.9836297141989744,0.007568825961879244
2004-02-02,0.9904902870700214,0.9841217695651171,0.006368517504904303
2004-02-03,0.9905787150850252,0.9834416008576475,0.007137114227377617
2004-02-04,0.9905787150850252,0.9836297141989744,0.006949000886050771
2004-02-05,0.9907182932442278,0.9832267706620078,0.007491522582219967
2004-02-06,0.9913846968141734,0.9850117936937102,0.006372903120463236
2004-02-09,0.992368660044284,0.9853597798012075,0.007008880243076554
2004-02-10,0.9929429219058641,0.9858022212499583,0.007140700655905774
2004-02-11,0.9927101567373469,0.9874565788623094,0.005253577875037441
2004-02-12,0.991949738222447,0.9863160984600188,0.005633639762428255
2004-02-13,0.9910780869497476,0.9864617499206432,0.004616337029104467
2004-02-17,0.9903268888881545,0.9860505363574145,0.004276352530739991
2004-02-18,0.989618635797322,0.9858541431983181,0.00376449259900391
2004-02-19,0.9886346725672114,0.9866474545786567,0.0019872179885547236
2004-02-20,0.9877651641359475,0.987787934980947,-2.277084499946458e-05
2004-02-23,0.9869536331802472,0.9872136731193673,-0.0002600399391200492
2004-02-24,0.9871770712265723,0.9869946236006085,0.0001824476259637553
2004-02-25,0.988024306831398,0.9885630968576863,-0.0005387900262883161
2004-02-26,0.988024306831398,0.9885630968576863,-0.0005387900262883161
2004-02-27,0.988024306831398,0.9885630968576863,-0.0005387900262883161
2004-03-01,0.9881610344566828,0.9880492196476257,0.00011181480905708696
2004-03-02,0.989078045249055,0.9885630968576863,0.0005149483913686748
2004-03-03,0.9898466419715282,0.9890908461354205,0.0007557958361076311
2004-03-04,0.9905787150850252,0.9897833060426897,0.0007954090423354376
2004-03-05,0.9894812004795547,0.9895349909352333,-5.379045567865948e-05
2004-03-08,0.9887563799448947,0.9891952131333145,-0.0004388331884197516
2004-03-09,0.9887563799448947,0.9885630968576863,0.00019328308720845122
2004-03-10,0.9884369043553372,0.9875085008106692,0.000928403544667944
2004-03-11,0.9891617248899971,0.9874565788623094,0.0017051460276876762
2004-03-12,0.9897299793604268,0.9874565788623094,0.002273400498117417
2004-03-15,0.9907390659508936,0.9874565788623094,0.0032824870885841406
2004-03-16,0.9914902532749528,0.9874565788623094,0.004033674412643351
2004-03-17,0.9916126171757268,0.9884580164931311,0.003154600682595654
2004-03-18,0.9918097396020443,0.988982928063108,0.00282681153893638
2004-03-19,0.991490253274953,0.9888271060000805,0.0026631472748724905
2004-03-22,0.9918097396020442,0.9883350506339378,0.003474688968106432
2004-03-23,0.9920019036465142,0.9881116125876126,0.003890291058901596
2004-03-24,0.9913672981532934,0.9874614994091044,0.0039057987441889486
2004-03-25,0.9915098482803717,0.9868400085657847,0.00466983971458701
2004-03-26,0.9916438395096242,0.9866974584387065,0.004946381070917716
2004-03-29,0.9921358948757668,0.9876131337198191,0.004522761155947741
2004-03-30,0.9913299131466181,0.9862181467672512,0.005111766379366944
2004-03-31,0.9903021737286944,0.9859024386920069,0.004399735036687558
2004-04-01,0.9910104268195268,0.9849867634108943,0.006023663408632474
2004-04-02,0.9915786812899565,0.9863817503634622,0.005196930926494314
2004-04-05,0.9915786812899565,0.9861936370221352,0.005385044267821271
2004-04-06,0.9908704281991243,0.9861936370221352,0.004676791176989048
2004-04-07,0.9906842715458045,0.9865552366679721,0.004129034877832449
2004-04-08,0.9916235829487245,0.9863817503634622,0.00524183258526234
2004-04-12,0.9916235829487245,0.9878675216510697,0.0037560612976548224
2004-04-13,0.9924496710071752,0.9883257798533922,0.004123891153782977
2004-04-14,0.9930991688283651,0.9888798554886679,0.004219313339697273
2004-04-15,0.9936166816003228,0.9902437556724119,0.0033729259279109414
2004-04-16,0.994266794778831,0.9913072217706917,0.0029595730081392047
2004-04-19,0.9940184796713746,0.99148772558379,0.00253075408758463
2004-04-20,0.9938379758582765,0.9915837631270225,0.002254212731254035
2004-04-21,0.994266794778831,0.9913072217706919,0.0029595730081390936
2004-04-22,0.9949916153134909,0.9921506078715031,0.002841007441987786
2004-04-23,0.9954572061370888,0.9926870404253167,0.0027701657117720213
2004-04-26,0.9952729761506955,0.9927851895248327,0.002487786625862798
2004-04-27,0.9950522972500598,0.9924590342511104,0.0025932629989494638
2004-04-28,0.9950522972500598,0.9921103945962539,0.0029419026538058946
2004-04-29,0.9952729761506955,0.9917714702133267,0.003501505937368865
2004-04-30,0.9957046878851974,0.9924590342511104,0.00324565363408702
2004-05-03,0.9957046878851974,0.9927259318649745,0.0029787560202229058
2004-05-04,0.9950868194973759,0.9924175054853672,0.00266931401200865
2004-05-05,0.9950868194973759,0.9924175054853672,0.00266931401200865
2004-05-06,0.9946048421606258,0.9927436607590897,0.0018611814015361272
2004-05-07,0.9942853665710683,0.9927921959412138,0.0014931706298544345
2004-05-10,0.9949777986254853,0.9933462715764895,0.001631527048995829
2004-05-11,0.9955700480570603,0.9940478557206909,0.00152219233636941
2004-05-12,0.9953101568595771,0.9942320857070842,0.001078071152492921
2004-05-13,0.9943500775718739,0.9943302348066,1.984276527389195e-05
2004-05-14,0.9943500775718741,0.9947726762553509,-0.00042259868347682694
2004-05-17,0.9947179074280021,0.9952206807941608,-0.0005027733661586709
2004-05-18,0.9946048421606258,0.9942813693912408,0.000323472769385047
2004-05-19,0.9941245952439998,0.9934118609599767,0.0007127342840230755
2004-05-20,0.9944888385013684,0.9935836814969955,0.0009051570043728807
2004-05-21,0.9946606590383872,0.9945927680874622,6.789095092496478e-05
2004-05-24,0.9950336155032465,0.9945927680874622,0.00044084741578431785
2004-05-25,0.9956258649348215,0.9943042991302712,0.0013215658045503398
2004-05-26,0.9959280252473987,0.9943963749283656,0.0015316503190330177
2004-05-27,0.9950336155032464,0.9948653689364576,0.0001682465667888211
2004-05-28,0.9950336155032464,0.9947523036690812,0.0002813118341652432
2004-06-01,0.9950336155032465,0.9943042868848009,0.0007293286184456571
2004-06-02,0.9950336155032464,0.9948653689364576,0.0001682465667888211
2004-06-03,0.9950336155032464,0.9949729825697167,6.0632933529758404e-05
2004-06-04,0.9956258649348215,0.9945794332479705,0.0010464316868510348
2004-06-07,0.9955700480570601,0.9955187446508906,5.130340616943396e-05
2004-06-08,0.9961383025274897,0.9949729825697169,0.0011653199577728035
2004-06-09,0.9961383025274897,0.9949729825697167,0.0011653199577730255
2004-06-10,0.9966309588934904,0.9945794332479705,0.002051525645519914
2004-06-14,0.9968120780639067,0.9949729825697169,0.001839095494189813
2004-06-15,0.997084678912902,0.994833404410514,0.0022512745023879344
2004-06-16,0.9973731478700928,0.994524978030907,0.002848169839185788
2004-06-17,0.9973731478700928,0.994524978030907,0.002848169839185788
2004-06-18,0.9972056273856527,0.994524978030907,0.0026806493547456567
2004-06-21,0.9972056273856529,0.9947257907772548,0.0024798366083981227
2004-06-22,0.9972056273856529,0.9947257907772548,0.0024798366083981227
2004-06-23,0.997310707750208,0.9954769888388479,0.0018337189113600827
2004-06-24,0.997371051381849,0.995765457796039,0.0016055935858100279
2004-06-25,0.9973710513818488,0.995924993377658,0.0014460580041907312
2004-06-28,0.9979453132434287,0.9953639235714719,0.0025813896719568685
2004-06-29,0.9975536134931504,0.9953639235714719,0.0021896899216785615
2004-06-30,0.9975004550769548,0.9953639235714716,0.002136531505483208
2004-07-01,0.9969261932153748,0.9953639235714716,0.001562269643903158
2004-07-02,0.9969261932153748,0.9959249933776578,0.0010011998377169595
2004-07-06,0.9970980137523937,0.9959249933776578,0.001173020374735878
2004-07-07,0.9967159159352835,0.995476988838848,0.0012389270964354715
2004-07-08,0.9972901777968636,0.9952616363794677,0.002028541417395835
2004-07-09,0.9972901777968636,0.9952616363794677,0.002028541417395835
2004-07-12,0.9970748253374832,0.9952616363794677,0.0018131889580154104
2004-07-13,0.9966431136029814,0.9952616363794677,0.0013814772235136719
2004-07-14,0.9971708628807157,0.9952616363794677,0.0019092265012479182
2004-07-15,0.9977114534289825,0.9952616363794677,0.0024498170495147464
2004-07-16,0.9975923545276992,0.9957654577960391,0.0018268967316601437
2004-07-19,0.997443463729711,0.995476988838848,0.0019664748908629903
2004-07-20,0.9978077069870795,0.9957875703053614,0.0020201366817181876
2004-07-21,0.9979711374981002,0.9958383120038334,0.0021328254942667435
2004-07-22,0.9979226023159761,0.9958955603934484,0.0020270419225276726
2004-07-23,0.9975208042449241,0.9961332876521674,0.0013875165927567101
2004-07-26,0.9971090586264472,0.9963993818100199,0.0007096768164273071
2004-07-27,0.9971090586264472,0.9966442937329819,0.0004647648934652526
2004-07-28,0.9973054517855438,0.9968364577774518,0.0004689940080919719
2004-07-29,0.996893706167067,0.9964784805871132,0.00041522557995377074
2004-07-30,0.9965703636195993,0.9963781249712491,0.00019223864835016258
2004-08-02,0.9966664011628318,0.9963781249712491,0.00028827619158267037
2004-08-03,0.9965682520633158,0.9963781249712493,0.00019012709206644995
2004-08-04,0.9965682520633159,0.9963781249712493,0.00019012709206656098
2004-08-05,0.9965682520633159,0.9957949426557405,0.0007733094075753622
2004-08-06,0.9963718589042193,0.99600037863616,0.0003714802680593321
2004-08-09,0.9963718589042192,0.9962522048330309,0.00011965407118830207
2004-08-10,0.9963718589042192,0.9969661107640849,-0.0005942518598657243
2004-08-11,0.9963718589042192,0.9969661107640849,-0.0005942518598657243
2004-08-12,0.9962778439592652,0.9971923865181674,-0.0009145425589022205
2004-08-13,0.9964589631296816,0.997046735057543,-0.0005877719278614135
2004-08-16,0.9962778439592653,0.9976968482360512,-0.0014190042767858735
2004-08-17,0.9962778439592653,0.9976968482360513,-0.0014190042767859845
2004-08-18,0.9963718589042192,0.9974705724819688,-0.0010987135777495993
2004-08-19,0.9967933505512029,0.9975687215814849,-0.0007753710302820238
2004-08-20,0.9963718589042192,0.9976713852283168,-0.0012995263240975774
2004-08-23,0.9967933505512029,0.9975687215814849,-0.0007753710302820238
2004-08-24,0.9963718589042193,0.9971669235104329,-0.0007950646062135913
2004-08-25,0.9965925378048549,0.9976206435298445,-0.0010281057249895698
2004-08-26,0.9962903774922778,0.9977209991457086,-0.0014306216534307747
2004-08-27,0.99670280989968,0.9977717408441807,-0.0010689309445007789
2004-08-30,0.9963448327093414,0.9977717408441807,-0.0014269081348393664
2004-08-31,0.9959889039686259,0.9977717408441807,-0.0017828368755548052
2004-09-01,0.9964006495871026,0.9973292993954299,-0.0009286498083272976
2004-09-02,0.9967090759667099,0.9967752237601543,-6.614779344438215e-05
2004-09-03,0.9962309740157567,0.996824837677546,-0.0005938636617893733
2004-09-07,0.9958829879082594,0.996824837677546,-0.0009418497692866845
2004-09-08,0.9960884238886785,0.9962565832071162,-0.0001681593184377217
2004-09-09,0.9960884238886788,0.9962069692897245,-0.00011854540104572209
2004-09-10,0.9960884238886785,0.9966494107384752,-0.000560986849796774
2004-09-13,0.9960884238886785,0.9959658728071027,0.00012255108157577244
2004-09-14,0.9953372258270853,0.9958169820091147,-0.0004797561820294449
2004-09-15,0.9949729825697169,0.9956680912111264,-0.0006951086414095364
2004-09-16,0.9958667307583882,0.9958169820091146,4.974874927354822e-05
2004-09-17,0.9959770028532131,0.9960964161793927,-0.00011941332617959599
2004-09-20,0.9959770028532131,0.9952491805745668,0.0007278222786463173
2004-09-21,0.9959770028532131,0.9952491805745668,0.0007278222786463173
2004-09-22,0.9959770028532133,0.9952491805745668,0.0007278222786465394
2004-09-23,0.9958829879082594,0.9952491805745668,0.0006338073336925598
2004-09-24,0.9953372258270853,0.995416701059007,-7.94752319217551e-05
2004-09-27,0.9953372258270853,0.9951737953160649,0.00016343051102041262
2004-09-28,0.9957727158134343,0.995416701059007,0.0003560147544272585
2004-09-29,0.9953372258270853,0.9955217814235622,-0.00018455559647689856
2004-09-30,0.9949729825697169,0.9960675435047361,-0.0010945609350192509
2004-10-01,0.9958667307583883,0.9961678991206002,-0.00030116836221194543
2004-10-04,0.9958667307583883,0.9961678991206002,-0.00030116836221194543
2004-10-05,0.9958667307583883,0.9968018231345809,-0.0009350923761926033
2004-10-06,0.9965988038718849,0.9969474745952052,-0.0003486707233202324
2004-10-07,0.9960675435047363,0.9968018231345809,-0.0007342796298446252
2004-10-08,0.9955520369127984,0.9965915458544897,-0.0010395089416913583
2004-10-11,0.9950062748316246,0.99680689831387,-0.0018006234822454115
2004-10-12,0.9950062748316246,0.9968068983138699,-0.0018006234822453004
2004-10-13,0.9950062748316246,0.99680689831387,-0.0018006234822454115
2004-10-14,0.9950062748316246,0.9973751527842997,-0.0023688779526750414
2004-10-15,0.9950062748316246,0.9975715459433963,-0.0025652711117716276
2004-10-18,0.9955217814235622,0.9977310815250151,-0.0022093001014529268
2004-10-19,0.9953209686772144,0.9973193359065384,-0.001998367229324005
2004-10-20,0.9958667307583883,0.9967510814361086,-0.0008843506777203025
2004-10-21,0.9961150458658444,0.9968042398523044,-0.0006891939864599461
2004-10-22,0.9959475253814045,0.9962887332603667,-0.00034120787896219085
2004-10-25,0.9951002897765787,0.9962887332603667,-0.0011884434837879931
2004-10-26,0.9951002897765787,0.9962887332603667,-0.0011884434837879931
2004-10-27,0.9949952094120235,0.9968042398523044,-0.001809030440280912
2004-10-28,0.9952491805745668,0.9968042398523044,-0.0015550592777375805
2004-10-29,0.9952491805745668,0.9965988038718849,-0.0013496232973181366
2004-11-01,0.9952491805745668,0.9962508177643874,-0.0010016371898206033
2004-11-02,0.9949697464042889,0.997011236279287,-0.0020414898749980814
2004-11-03,0.9957209444658822,0.9972166722597064,-0.0014957277938242308
2004-11-04,0.9954014581387907,0.9972166722597064,-0.0018152141209157868
2004-11-05,0.9949697464042889,0.9972166722597064,-0.0022469258554175253
2004-11-08,0.9949697464042889,0.9972166722597064,-0.0022469258554175253
2004-11-09,0.9958169820091146,0.997011236279287,-0.0011942542701723902
2004-11-10,0.9961483381277523,0.9970670531570485,-0.000918715029296191
2004-11-11,0.996400164324623,0.9969567810622233,-0.0005566167376003239
2004-11-12,0.9968318760591248,0.9965988038718849,0.0002330721872398911
2004-11-15,0.996880411241249,0.9964562537448066,0.0004241574964424233
2004-11-16,0.9966795984949011,0.9972166722597064,-0.0005370737648053847
2004-11-17,0.9970920309023034,0.9972166722597064,-0.00012464135740308802
2004-11-18,0.9970920309023034,0.9972166722597064,-0.00012464135740308802
2004-11-19,0.9969959933590709,0.9977211339775903,-0.0007251406185194709
2004-11-22,0.9972901777968636,0.997613520344331,-0.0003233425474674645
2004-11-23,0.9972901777968636,0.997613520344331,-0.0003233425474674645
2004-11-24,0.9973862153400961,0.997613520344331,-0.0002273050042349567
2004-11-26,0.9974865709559602,0.998025265962808,-0.0005386950068478891
2004-11-29,0.9971708628807157,0.9983650437647269,-0.0011941808840112422
2004-11-30,0.9971708628807157,0.9988452906813527,-0.0016744278006370905
2004-12-01,0.9977114534289825,0.9988972126297125,-0.0011857592007300521
2004-12-02,0.9977610673463743,0.9988413957519511,-0.0010803284055768136
2004-12-03,0.9973293556118725,0.9989417513678153,-0.0016123957559427415
2004-12-06,0.9968373002457298,0.9989949097840107,-0.0021576095382809246
2004-12-07,0.9967887650636057,0.9993182523314784,-0.002529487267872721
2004-12-08,0.9972808204297484,0.9993701742798382,-0.0020893538500897924
2004-12-09,0.9973395756993907,0.9993701742798382,-0.002030598580447518
2004-12-10,0.996907863964889,0.9992143522168107,-0.002306488251921701
2004-12-13,0.9973293556118726,0.9989417513678152,-0.0016123957559425195
2004-12-14,0.9977610673463744,0.9990468317323705,-0.0012857643859961465
2004-12-15,0.997388110881515,0.9992143522168105,-0.0018262413352955198
2004-12-16,0.9969563991470131,0.9993777827278311,-0.002421383580818004
2004-12-17,0.996907863964889,0.9995880600079223,-0.0026801960430333782
2004-12-20,0.9973293556118725,0.9995880600079224,-0.0022587043960499154
2004-12-21,0.9972690119802317,0.9996438768856836,-0.002374864905451912
2004-12-22,0.9975351061380843,0.9996438768856836,-0.002108770747599298
2004-12-23,0.9974865709559602,0.9996983321027473,-0.0022117611467871168
2004-12-27,0.9968364577774518,0.9995880600079223,-0.002751602230470551
2004-12-28,0.9971090586264472,0.9995880600079223,-0.0024790013814751655
2004-12-29,0.9974649873671626,0.9995336047908586,-0.0020686174236960175
2004-12-30,0.9973193359065384,0.9996412184241179,-0.0023218825175794766
2004-12-31,0.9970171755939613,0.9996931403724775,-0.002675964778516171
2005-01-03,0.9970171755939613,0.9996399819562821,-0.0026228063623208175
2005-01-04,0.9970171755939613,0.9994804463746632,-0.002463270780701854
2005-01-05,0.9973751527842999,0.9992078455256678,-0.0018326927413678806
2005-01-06,0.998025265962808,0.9994285244263034,-0.001403258463495316
2005-01-07,0.9979694490850466,0.9993182523314784,-0.001348803246431829
2005-01-10,0.998025265962808,0.9994285244263034,-0.001403258463495316
2005-01-11,0.9981848015444269,0.9994804463746632,-0.0012956448302362533
2005-01-12,0.9981328795960671,0.9993209107930441,-0.0011880311969769686
2005-01-13,0.9982379599606225,0.9991055583336639,-0.0008675983730414005
2005-01-14,0.9979437755228296,0.9990548166351916,-0.0011110411123619324
2005-01-18,0.9979437755228296,0.9993209107930441,-0.0013771352702144357
2005-01-19,0.9979437755228296,0.9993209107930441,-0.0013771352702144357
2005-01-20,0.9977842399412109,0.9993209107930441,-0.0015366708518331773
2005-01-21,0.9981328795960673,0.9993209107930441,-0.0011880311969767465
2005-01-24,0.9983336923424153,0.9994285244263033,-0.0010948320838879422
2005-01-25,0.9985935835398982,0.9995336047908587,-0.0009400212509604877
2005-01-26,0.9988257477085578,0.9995855267392184,-0.0007597790306606012
2005-01-27,0.9984340479582794,0.9994220962281978,-0.0009880482699183846
2005-01-28,0.9981741567607961,0.9991494953792024,-0.0009753386184062629
2005-01-31,0.9984340479582792,0.9988768945302071,-0.0004428465719279462
2005-02-01,0.9986443252383704,0.9991494953792026,-0.0005051701408321785
2005-02-02,0.9984340479582792,0.9991494953792024,-0.0007154474209232209
2005-02-03,0.9978799723230035,0.9990468317323705,-0.0011668594093670048
2005-02-04,0.9980395079046224,0.998994909784011,-0.0009554018793885843
2005-02-07,0.9981445882691777,0.9988789061247534,-0.0007343178555756502
2005-02-08,0.9980395079046224,0.9991051818788358,-0.0010656739742134214
2005-02-09,0.9981398635204864,0.9991051818788358,-0.000965318358349343
2005-02-10,0.9981398635204864,0.9991051818788358,-0.000965318358349343
2005-02-11,0.9984340479582792,0.9992610039418632,-0.0008269559835840656
2005-02-14,0.9982237706781881,0.9990975734308428,-0.0008738027526546954
2005-02-15,0.998123415062324,0.9990975734308428,-0.0009741583685187738
2005-02-16,0.9982997623532222,0.9989924930662875,-0.0006927307130653038
2005-02-17,0.9979840542779779,0.99866915051882,-0.0006850962408421202
2005-02-18,0.9975625626309943,0.9986691505188198,-0.001106587887825472
2005-02-22,0.9970219720827275,0.9984588732387285,-0.0014369011560010359
2005-02-23,0.9970219720827275,0.9980767754216188,-0.001054803338891297
2005-02-24,0.9973617498846462,0.9982870527017099,-0.0009253028170637112
2005-02-25,0.9974205051542887,0.9984428747647375,-0.00102236961044877
2005-02-28,0.9974205051542887,0.9984428747647375,-0.00102236961044877
2005-03-01,0.9974205051542887,0.9984428747647375,-0.00102236961044877
2005-03-02,0.9973617498846463,0.99866915051882,-0.0013074006341736721
2005-03-03,0.9968927558765545,0.9986103952491774,-0.0017176393726229255
2005-03-04,0.997119031630637,0.9987154756137328,-0.0015964439830957744
2005-03-07,0.9967631028899215,0.9987742308833751,-0.0020111279934535986
2005-03-08,0.9967631028899213,0.9988249725818474,-0.0020618696919261215
2005-03-09,0.9971190316306368,0.9988249725818474,-0.0017059409512106827
2005-03-10,0.9970602763609946,0.9988249725818474,-0.001764696220852846
2005-03-11,0.9975880256387287,0.9988249725818474,-0.0012369469431187108
2005-03-14,0.9980095172857122,0.9984428747647375,-0.000433357479025287
2005-03-15,0.9975405232776207,0.9986103952491774,-0.001069871971556724
2005-03-16,0.9978419968012723,0.9985596535507053,-0.0007176567494330266
2005-03-17,0.9981577048765167,0.9985100396333133,-0.00035233475679663506
2005-03-18,0.9985791965235002,0.9987253920926937,-0.00014619556919348575
2005-03-21,0.9982634884482557,0.9988257477085578,-0.0005622592603020671
2005-03-22,0.9978419968012723,0.9985596535507053,-0.0007176567494330266
2005-03-23,0.9976213179006367,0.9985596535507053,-0.0009383356500686224
2005-03-24,0.9975625626309943,0.9985596535507053,-0.0009970909197110078
2005-03-28,0.9979942743654961,0.9980675981845626,-7.332381906643981e-05
2005-03-29,0.9976629182468584,0.9977949973355672,-0.00013207908870882523
2005-03-30,0.9978782707062386,0.9976968482360512,0.00018142247018737567
2005-03-31,0.9982603685233487,0.9981183398830349,0.00014202864031376272
2005-04-01,0.9979290124047109,0.9979080626029436,2.0949801767256027e-05
2005-04-04,0.998237438784318,0.9974865709559602,0.0007508678283578707
2005-04-05,0.9985100396333133,0.9976968482360513,0.000813191397261992
2005-04-06,0.9985100396333133,0.997646106537579,0.0008639330957342928
2005-04-07,0.9987154756137328,0.997646106537579,0.0010693690761537367
2005-04-08,0.9985100396333135,0.9973862153400961,0.0011238242932174458
2005-04-11,0.9986103952491774,0.9978782707062386,0.0007321245429388057
2005-04-12,0.9989417513678153,0.997646106537579,0.0012956448302362533
2005-04-13,0.9985100396333135,0.9973862153400959,0.0011238242932176679
2005-04-14,0.9980675981845626,0.9975625626309943,0.0005050355535682893
2005-04-15,0.9976946417197031,0.9970823157143685,0.0006123260053346735
2005-04-18,0.9979000777001226,0.9968340006069121,0.0010660770932104935
2005-04-19,0.9981866970858458,0.9972457462253891,0.0009409508604567574
2005-04-20,0.997646106537579,0.9968340006069121,0.0008121059306669398
2005-04-21,0.9979000777001226,0.9968340006069121,0.0010660770932104935
2005-04-22,0.99822342024759,0.9970602763609946,0.0011631438865954413
2005-04-25,0.9981183398830347,0.9975880256387287,0.0005303142443059405
2005-04-26,0.9981183398830347,0.9975880256387287,0.0005303142443059405
2005-04-27,0.9981183398830347,0.9975880256387288,0.0005303142443058295
2005-04-28,0.9975157290656349,0.997119031630637,0.000396697434997928
2005-04-29,0.9971032966582326,0.9965912823529025,0.0005120143053300996
2005-05-02,0.997348208581195,0.9965912823529027,0.0007569262282922651
2005-05-03,0.9971518154220984,0.9965912823529027,0.0005605330691956789
2005-05-04,0.9971518154220984,0.9961888410283415,0.0009629743937569213
2005-05-05,0.9973193359065384,0.9957305828260191,0.0015887530805193117
2005-05-06,0.9973193359065384,0.9957305828260191,0.0015887530805193117
2005-05-09,0.9973193359065385,0.9957305828260189,0.0015887530805196448
2005-05-10,0.9968038293146009,0.9951107577501904,0.0016930715644104533
2005-05-11,0.9965935520345096,0.9951107577501904,0.0014827942843191888
2005-05-12,0.9963558247757908,0.9951695130198327,0.0011863117559580694
2005-05-13,0.9965935520345096,0.9957305828260189,0.0008629692084907159
2005-05-16,0.9969953501055616,0.996304844687599,0.0006905054179626724
2005-05-17,0.9969953501055616,0.996304844687599,0.0006905054179626724
2005-05-18,0.9970980137523936,0.996304844687599,0.0007931690647946521
2005-05-19,0.996355824775791,0.9956850196117703,0.000670805164020738
2005-05-20,0.9959978475854524,0.9956262643421279,0.00037158324332453585
2005-05-23,0.9954146652699439,0.9960380099606047,-0.000623344690660721
2005-05-24,0.9959757350761304,0.9960380099606049,-6.227488447452245e-05
2005-05-25,0.9959757350761304,0.9960380099606047,-6.227488447430041e-05
2005-05-26,0.9957654577960391,0.9961300857586991,-0.0003646279626600135
2005-05-27,0.9960315519538918,0.9961888410283415,-0.00015728907444967355
2005-05-31,0.9959757350761301,0.9959566768596819,1.905821644820893e-05
2005-06-01,0.9957654577960391,0.9959566768596819,-0.00019121906364283348
2005-06-02,0.9960315519538916,0.9964721834516194,-0.00044063149772777255
2005-06-03,0.9955402450897812,0.9961235437967632,-0.0005832987069819273
2005-06-06,0.9957324091342513,0.9965925378048551,-0.0008601286706038103
2005-06-07,0.9957324091342513,0.99670280989968,-0.0009704007654286473
2005-06-08,0.9958919447158704,0.9970042834233319,-0.0011123387074615243
2005-06-09,0.9959879822591027,0.9969567810622235,-0.0009687988031208405
2005-06-10,0.9961934182395221,0.9970042834233319,-0.0008108651838097947
2005-06-13,0.9960883378749668,0.9970042834233317,-0.0009159455483649381
2005-06-14,0.9965796447390769,0.9973529230781881,-0.0007732783391112275
2005-06-15,0.9966847251036322,0.9973054207170798,-0.000620695613447686
2005-06-16,0.9967332602857564,0.9973529230781882,-0.0006196627924318632
2005-06-17,0.9966847251036323,0.997893513626455,-0.0012087885228226902
2005-06-20,0.9961934182395221,0.9973054207170798,-0.0011120024775577164
2005-06-21,0.9963423090375103,0.9976068942407317,-0.001264585203221369
2005-06-22,0.9969931514832394,0.9973529230781882,-0.00035977159494882116
2005-06-23,0.9969931514832394,0.9973054207170798,-0.00031226923384042315
2005-06-24,0.9969931514832394,0.997011236279287,-1.80847960475905e-05
2005-06-27,0.9974712534341926,0.997011236279287,0.0004600171549056231
2005-06-28,0.9978292306245312,0.9976613494577952,0.00016788116673605025
2005-06-29,0.9978823890407268,0.9973054207170797,0.0005769683236470646
2005-06-30,0.99814228023821,0.9971379002326397,0.0010043800055702379
2005-07-01,0.9979368442577905,0.9971379002326397,0.000798944025150794
2005-07-05,0.9984413059756743,0.9977259931420147,0.0007153128336595538
2005-07-06,0.9984909198930664,0.9976299555987823,0.0008609642942840612
2005-07-07,0.9984909198930664,0.9974581350617636,0.0010327848313027577
2005-07-08,0.9987775392787897,0.9976844108158461,0.0010931284629435156
2005-07-11,0.998933361341817,0.9978562313528647,0.0010771299889522634
2005-07-12,0.9990891834048446,0.9978562313528647,0.0012329520519799297
2005-07-13,0.9991411053532042,0.9978562313528647,0.0012848740003394976
2005-07-14,0.9989815697715854,0.9978562313528647,0.001125338418720645
2005-07-15,0.9985391283228345,0.9977974760832224,0.0007416522396120895
2005-07-18,0.9985391283228345,0.9981534048239381,0.00038572349889642865
2005-07-19,0.99822342024759,0.997893513626455,0.00032990662113507874
2005-07-20,0.99822342024759,0.997893513626455,0.00032990662113507874
2005-07-21,0.9979000777001226,0.9977832415316299,0.00011683616849267331
2005-07-22,0.9972974668827227,0.9972426509833631,5.481589935962816e-05
2005-07-25,0.9972974668827227,0.9972426509833631,5.481589935962816e-05
2005-07-26,0.9972974668827227,0.9972426509833631,5.481589935962816e-05
2005-07-27,0.9972974668827227,0.9973617498846463,-6.428300192362624e-05
2005-07-28,0.9971518154220984,0.9974205051542887,-0.000268689732190297
2005-07-29,0.9971518154220984,0.9974205051542887,-0.000268689732190297
2005-08-01,0.9971518154220982,0.9974205051542887,-0.00026868973219051906
2005-08-02,0.99760553544151,0.9978419968012723,-0.00023646135976229665
2005-08-03,0.9975536134931504,0.9973617498846463,0.00019186360850409478
2005-08-04,0.9978019286006066,0.9971410709840108,0.0006608576165957336
2005-08-05,0.9976208094301902,0.996809714865373,0.0008110945648172052
2005-08-08,0.998074529449602,0.9967622125042647,0.0013123169453372885
2005-08-09,0.9984143072515208,0.9970935686229024,0.0013207386286183675
2005-08-10,0.9988945541681467,0.9975625626309943,0.001331991537152355
2005-08-11,0.9988945541681467,0.99703481335326,0.0018597408148866013
2005-08-12,0.9987894738035913,0.9966133217062764,0.0021761520973149207
2005-08-15,0.9987894738035913,0.9966133217062764,0.0021761520973149207
2005-08-16,0.9987894738035913,0.9966133217062765,0.0021761520973148096
2005-08-17,0.9987894738035913,0.9966133217062765,0.0021761520973148096
2005-08-18,0.9988945541681467,0.9966133217062765,0.002281232461870175
2005-08-19,0.9984730625211631,0.9966133217062765,0.0018597408148866013
2005-08-22,0.9984730625211631,0.9966133217062765,0.0018597408148866013
2005-08-23,0.9984730625211631,0.9966133217062765,0.0018597408148866013
2005-08-24,0.9988945541681467,0.9962216219559978,0.0026729322121488153
2005-08-25,0.9991152330687824,0.9961276070110439,0.0029876260577385017
2005-08-26,0.9988945541681467,0.9966431136029814,0.0022514405651652414
2005-08-29,0.9984730625211631,0.9961276070110439,0.002345455510119221
2005-08-30,0.998193628350885,0.9966431136029814,0.0015505147479035752
2005-08-31,0.9979453132434288,0.9965005634759033,0.0014447497675255105
2005-09-01,0.9976139571247912,0.996262195915872,0.0013517612089192221
2005-09-02,0.9975607987085956,0.996262195915872,0.0012986027927236465
2005-09-06,0.9975607987085956,0.9954562141867235,0.0021045845218721215
2005-09-07,0.9975607987085956,0.9952240500180637,0.002336748690531909
2005-09-08,0.9975607987085956,0.9951236944021996,0.0024371043063959874
2005-09-09,0.9972659710172936,0.99420739130231,0.003058579714983689
2005-09-12,0.9971101489542661,0.9942605497185055,0.002849599235760558
2005-09-13,0.9974581350617636,0.9944447797048986,0.0030133553568649774
2005-09-14,0.9978402328788737,0.9945742420009955,0.0032659908778781555
2005-09-15,0.998066508632956,0.9949228816558519,0.0031436269771041303
2005-09-16,0.998535502641048,0.9956030503633213,0.0029324522777266493
2005-09-19,0.998535502641048,0.9956030503633213,0.0029324522777266493
2005-09-20,0.9983092268869654,0.9948234748887161,0.003485751998249298
2005-09-21,0.9980885479863298,0.9941888693954956,0.003899678590834288
2005-09-22,0.9977326192456144,0.9937408648566857,0.003991754388928737
2005-09-23,0.9982016132537063,0.9940812557622365,0.004120357491469773
2005-09-26,0.9984169657130865,0.9937408648566857,0.0046761008564008
2005-09-27,0.9985245793463458,0.9937408648566857,0.004783714489660085
2005-09-28,0.9987253920926935,0.9937408648566857,0.004984527236007841
2005-09-29,0.9985245793463458,0.994027484242409,0.004497095103936699
2005-09-30,0.9985245793463458,0.9944754887812188,0.004049090565126923
2005-10-03,0.9990048262629717,0.9944299255669702,0.004574900696001527
2005-10-04,0.9990048262629718,0.9939372692009698,0.005067557062002015
2005-10-05,0.9987253920926937,0.9929095297830459,0.005815862309647812
2005-10-06,0.9983611488353253,0.9922749242898251,0.0060862245455002295
2005-10-07,0.9985245793463458,0.9925070884584847,0.006017490887861077
2005-10-10,0.9985777377625414,0.9930435210122984,0.005534216750243015
2005-10-11,0.9985777377625414,0.9940274842424089,0.004550253520132497
2005-10-12,0.9984143072515209,0.99442992556697,0.003984381684550953
2005-10-13,0.998112833727869,0.9937953200737494,0.004317513654119587
2005-10-14,0.998223105822694,0.994027484242409,0.0041956215802849695
2005-10-17,0.9985245793463458,0.9934817221612352,0.00504285718511055
2005-10-18,0.9984143072515208,0.9927569016265752,0.005657405624945655
2005-10-19,0.9981659921440644,0.9922530802100039,0.005912911934060516
2005-10-20,0.9978262143421458,0.9917478150361085,0.006078399306037263
2005-10-21,0.9979453132434288,0.9920147126499725,0.005930600593456292
2005-10-24,0.9979453132434288,0.9923633523048289,0.0055819609385999724
2005-10-25,0.9979453132434288,0.9928560086708292,0.005089304572599596
2005-10-26,0.99760553544151,0.9918022702531722,0.005803265188337736
2005-10-27,0.9972741793228723,0.9912658376993586,0.006008341623513713
2005-10-28,0.9969793516315704,0.9913096138871719,0.005669737744398495
2005-10-31,0.9972741793228723,0.9917478150361085,0.005526364286763785
2005-11-01,0.9971715156760403,0.9909171980445022,0.006254317631538164
2005-11-02,0.9969793516315704,0.9903687248007405,0.006610626830829913
2005-11-03,0.9970312735799302,0.9907975437212948,0.006233729858635351
2005-11-04,0.9972741793228723,0.9896280023467611,0.007646176976111252
2005-11-07,0.9969793516315704,0.9903687248007405,0.006610626830829913
2005-11-08,0.9972741793228723,0.9909171980445022,0.006356981278370144
2005-11-09,0.9975607987085956,0.9911203029058203,0.006440495802775281
2005-11-10,0.9978921548272333,0.9914224632183977,0.006469691608835593
2005-11-11,0.9978402328788737,0.9918512821389521,0.005988950739921561
2005-11-14,0.9980885479863298,0.9917628541239483,0.006325693862381576
2005-11-15,0.9979290124047109,0.9912911009701669,0.006637911434543953
2005-11-16,0.9977326192456144,0.9914224632183977,0.00631015602721674
2005-11-17,0.9982016132537063,0.9921646521950002,0.006036961058706103
2005-11-18,0.9982016132537063,0.9921646521950002,0.006036961058706103
2005-11-21,0.9982016132537063,0.9921646521950002,0.006036961058706103
2005-11-22,0.9983611488353252,0.9921646521950002,0.0061964966403250665
2005-11-23,0.9979694490850466,0.9921646521950002,0.005804796890046426
2005-11-25,0.9978667854382146,0.9921646521950002,0.005702133243214447
2005-11-28,0.9979153206203389,0.9919877267325208,0.005927593887818161
2005-11-29,0.9976613494577952,0.9925334888136947,0.005127860644100424
2005-11-30,0.997312709802939,0.9919877267325207,0.005324983070418288
2005-12-01,0.9969567810622233,0.9916397406250231,0.00531704043720016
2005-12-02,0.9972166722597063,0.9921646521950002,0.005052020064706175
2005-12-05,0.9973127098029387,0.9919877267325208,0.005324983070417955
2005-12-06,0.997011236279287,0.9912911009701669,0.005720135309120078
2005-12-07,0.9965988038718849,0.9912911009701667,0.005307702901718225
2005-12-08,0.996843715794847,0.9921848491588381,0.004658866636008896
2005-12-09,0.9969567810622235,0.9925334888136945,0.004423292248528998
2005-12-12,0.9964911902386256,0.9930584003836715,0.003432789854954099
2005-12-13,0.9962903774922778,0.9931923916129239,0.0030979858793538373
2005-12-14,0.995464289433827,0.9935774343456653,0.0018868550881617763
2005-12-15,0.9953008589228065,0.9934872193042259,0.0018136396185806092
2005-12-16,0.9961269469812573,0.9926566023126198,0.003470344668637493
2005-12-19,0.9958543461322616,0.9921848491588383,0.0036694969734233363
2005-12-20,0.9957603311873077,0.9923617746213178,0.003398556565989863
2005-12-21,0.996076039262552,0.9931923916129239,0.0028836476496280072
2005-12-22,0.9965915458544895,0.9938269971061447,0.002764548748344753
2005-12-23,0.9968364577774518,0.9939372692009699,0.0028991885764818592
2005-12-27,0.996836457777452,0.9929095297830459,0.003926927994406082
2005-12-28,0.996836457777452,0.9924512715807234,0.004385186196728563
2005-12-29,0.9971598003249197,0.9929332489174734,0.004226551407446322
2005-12-30,0.9965915458544898,0.9929332489174734,0.0036582969370164697
2006-01-03,0.9961332876521671,0.9929332489174734,0.0032000387346937664
2006-01-04,0.9960760392625522,0.9925934711155545,0.0034825681469976555
2006-01-05,0.9957603311873079,0.9921646521950002,0.003595678992307727
2006-01-06,0.9957603311873079,0.9911555656045336,0.0046047655827743394
2006-01-09,0.9957603311873079,0.990934886703898,0.004825444483409935
2006-01-10,0.9951264071733271,0.9908035244556673,0.004322882717659793
2006-01-11,0.994646160256701,0.9911927859703052,0.003453374286395805
2006-01-12,0.9946926728405469,0.9917670478318852,0.0029256250086616697
2006-01-13,0.994058067347326,0.9919641702582026,0.002093897089123442
2006-01-17,0.994646160256701,0.9916328141395648,0.0030133461171362175
2006-01-18,0.994646160256701,0.9905200164321348,0.00412614382456622
2006-01-19,0.994646160256701,0.9897595979172351,0.0048865623394659385
2006-01-20,0.994646160256701,0.9895077717203643,0.0051383885363367465
2006-01-23,0.9954722483151519,0.9895077717203643,0.005964476594787604
2006-01-24,0.9954722483151519,0.9895077717203643,0.005964476594787604
2006-01-25,0.9954722483151519,0.9895077717203643,0.005964476594787604
2006-01-26,0.9953782333701978,0.9896812580248743,0.0056969753453235406
2006-01-27,0.9959524952317778,0.9906205694277943,0.0053319258039834505
2006-01-30,0.9954722483151519,0.9908931702767897,0.0045790780383622165
2006-01-31,0.9961386518850975,0.9908931702767897,0.005245481608307845
2006-02-01,0.9961386518850975,0.9910245325250205,0.005114119360076996
2006-02-02,0.9962346894283299,0.9915283539415917,0.004706335486738267
2006-02-03,0.9962967096974631,0.9920596143087406,0.004237095388722523
2006-02-06,0.9960583421374317,0.9920596143087406,0.003998727828691151
2006-02-07,0.9960583421374317,0.9920596143087406,0.003998727828691151
2006-02-08,0.9960583421374317,0.9920596143087406,0.003998727828691151
2006-02-09,0.9962346894283299,0.9915283539415917,0.004706335486738267
2006-02-10,0.9967887650636058,0.9918961837977199,0.004892581265885876
2006-02-13,0.9962346894283299,0.9915283539415917,0.004706335486738267
2006-02-14,0.9957656954202381,0.9910245325250205,0.004741162895217532
2006-02-15,0.9961974071547398,0.9914014294972151,0.004795977657524708
2006-02-16,0.9961974071547398,0.9922730807699145,0.003924326384825316
2006-02-17,0.9961974071547398,0.9922730807699145,0.003924326384825316
2006-02-21,0.9962449095158482,0.9921390895406621,0.004105819975186109
2006-02-22,0.995717160238114,0.9912453413519906,0.004471818886123358
2006-02-23,0.9955980613368307,0.9907400761780955,0.004857985158735256
2006-02-24,0.9961025230547146,0.9910422364906726,0.005060286564042005
2006-02-27,0.9958641554946832,0.9912453413519908,0.0046188141426923846
2006-02-28,0.9954524098762064,0.991460693811371,0.003991716064835393
2006-03-01,0.9946919913613068,0.9905890425386716,0.004102948822635177
2006-03-02,0.9944536238012754,0.9898684249053958,0.004585198895879605
2006-03-03,0.9942107180583333,0.9904516072209043,0.0037591108374289695
2006-03-06,0.9942107180583333,0.9909880397747179,0.0032226782836153323
2006-03-07,0.9942107180583333,0.9918386733310569,0.002372044727276368
2006-03-08,0.9942107180583333,0.9928477599215235,0.0013629581368097554
2006-03-09,0.9938527408679944,0.9929009183377191,0.0009518225302752592
2006-03-10,0.9929810895952951,0.9929009183377191,8.017125757597832e-05
2006-03-13,0.9930342480114907,0.9929009183377191,0.00013332967377155391
2006-03-14,0.9937946665263904,0.9929009183377191,0.0008937481886712728
2006-03-15,0.9941350574319411,0.9932413092432698,0.0008937481886712728
2006-03-16,0.993840229740639,0.9929009183377191,0.0009393114029199179
2006-03-17,0.9930342480114907,0.9929009183377191,0.00013332967377155391
2006-03-20,0.992596046862554,0.9929009183377191,-0.0003048714751651138
2006-03-21,0.992596046862554,0.99281070329628,-0.0002146564337259793
2006-03-22,0.992596046862554,0.9924627171887824,0.00013332967377155391
2006-03-23,0.992596046862554,0.99281070329628,-0.0002146564337259793
2006-03-24,0.993446680418893,0.9931593429511362,0.0002873374677567764
2006-03-27,0.9937946665263905,0.9934076580585925,0.0003870084677979335
2006-03-28,0.9933564653774538,0.9929788391380382,0.00037762623941561824
2006-03-29,0.993446680418893,0.9931593429511362,0.0002873374677567764
2006-03-30,0.9937946665263905,0.9934076580585925,0.0003870084677979335
2006-03-31,0.9941433061812467,0.9923101434531223,0.0018331627281243934
2006-04-03,0.9944836970867976,0.9919542147124069,0.002529482374390768
2006-04-04,0.9944836970867973,0.992871225504779,0.0016124715820182711
2006-04-05,0.9945368555029931,0.9926558730453988,0.0018809824575942713
2006-04-06,0.9937946665263905,0.9917823218205654,0.00201234470582512
2006-04-07,0.99281070329628,0.9905997489255888,0.002210954370691187
2006-04-10,0.9931593429511362,0.990130754917497,0.0030285880336391457
2006-04-11,0.9935975441000731,0.9895625004470671,0.0040350436530059985
2006-04-12,0.9936431073143218,0.9889882385854872,0.0046548687288345825
2006-04-13,0.9939379350056237,0.9891307887125652,0.004807146293058451
2006-04-17,0.992928848415157,0.9878348451573954,0.005094003257761659
2006-04-18,0.9925808623076595,0.9872002396641746,0.005380622643484934
2006-04-19,0.9928237680506017,0.9872942546091287,0.005529513441473011
2006-04-20,0.9924906472662204,0.9868992541538849,0.005591393112335474
2006-04-21,0.991660030274614,0.9857323134214427,0.005927716853171283
2006-04-24,0.9910806634875734,0.9846556673177327,0.006424996169840713
2006-04-25,0.9910806634875734,0.9833434064924651,0.007737256995108299
2006-04-26,0.9915859286614687,0.9825829879775653,0.009002940683903393
2006-04-27,0.9919976742799456,0.9836185381228467,0.008379136157098843
2006-04-28,0.9910806634875734,0.9842364065106682,0.006844256976905161
2006-05-01,0.9908653110281931,0.9842364065106682,0.006628904517524847
2006-05-02,0.9908653110281931,0.9842364065106683,0.006628904517524736
2006-05-03,0.9908653110281931,0.9836185381228467,0.007246772905346366
2006-05-04,0.9901048925132934,0.9836185381228467,0.006486354390446647
2006-05-05,0.9901048925132934,0.9836185381228467,0.006486354390446647
2006-05-08,0.9901048925132934,0.9836185381228467,0.006486354390446647
2006-05-09,0.989059754936084,0.9836185381228467,0.005441216813237282
2006-05-10,0.9882838549342577,0.9842364065106682,0.004047448423589506
2006-05-11,0.9870891212352968,0.9828165306774217,0.0042725905578751
2006-05-12,0.9869473192786868,0.9827445039083582,0.0042028153703286275
2006-05-15,0.9877399636810259,0.9835878900091696,0.004152073671856327
2006-05-16,0.9887034870572438,0.9828165306774217,0.0058869563798220614
2006-05-17,0.9887034870572438,0.9815625506076348,0.007140936449609003
2006-05-18,0.9898305606259842,0.9830196355387398,0.006810925087244346
2006-05-19,0.9906777962308099,0.9830196355387398,0.007658160692070037
2006-05-22,0.9906777962308099,0.9830196355387398,0.007658160692070037
2006-05-23,0.9916986081555983,0.9830196355387398,0.00867897261685846
2006-05-24,0.9924306812690951,0.9830196355387398,0.009411045730355228
2006-05-25,0.9928962720926927,0.9837212196829414,0.00917505240975136
2006-05-26,0.9934101493027532,0.9843697361844399,0.009040413118313273
2006-05-30,0.9930485496569166,0.9838668711435655,0.009181678513351055
2006-05-31,0.9928962720926927,0.9837212196829414,0.00917505240975136
2006-06-01,0.9938119473738054,0.9850036601984208,0.008808287175384621
2006-06-02,0.9941849038386648,0.984728528568039,0.009456375270625705
2006-06-05,0.9936178682124085,0.9840292703680681,0.009588597844340407
2006-06-06,0.994533543493521,0.9855211729703782,0.009012370523142743
2006-06-07,0.9949759849422718,0.9857175661294748,0.009258418812796987
2006-06-08,0.9951478054792907,0.9850036601984208,0.010144145280869932
2006-06-09,0.9949094379192593,0.9841602740976092,0.010749163821650143
2006-06-12,0.9941161265389208,0.9828778335821301,0.011238292956790685
2006-06-13,0.9943544940989522,0.9830872956689605,0.011267198429991687
2006-06-14,0.9946858502175899,0.9838668711435656,0.010818979074024293
2006-06-15,0.994743098607205,0.9838668711435656,0.010876227463639365
2006-06-16,0.9954204063282861,0.9838668711435656,0.011553535184720465
2006-06-19,0.9945047310471735,0.9838668711435656,0.010637859903607882
2006-06-20,0.9942321301981782,0.9838668711435656,0.010365259054612608
2006-06-21,0.9942893785877932,0.983733541469794,0.010555837117999234
2006-06-22,0.993987218275216,0.9835917395131841,0.01039547876203184
2006-06-23,0.9942321301981781,0.9838668711435656,0.010365259054612497
2006-06-26,0.9942321301981782,0.9838668711435656,0.010365259054612608
2006-06-27,0.9942321301981781,0.9838668711435656,0.010365259054612497
2006-06-28,0.9951478054792907,0.98436973618444,0.0107780692948507
2006-06-29,0.9954204063282861,0.985083642115494,0.01033676421279206
2006-06-30,0.9953631579386709,0.985149311659045,0.01021384627962596
2006-07-03,0.9946858502175899,0.985286746976812,0.009399103240777973
2006-07-05,0.9937288310453473,0.9851493116590448,0.008579519386302414
2006-07-06,0.9938511949461213,0.9852867469768122,0.008564447969309108
2006-07-07,0.9938511949461213,0.9852867469768122,0.008564447969309108
2006-07-10,0.9947461938492308,0.9865990078020798,0.008147186047151034
2006-07-11,0.9955395052295694,0.9878051162018864,0.007734389027682975
2006-07-12,0.99611887201661,0.9884715197718322,0.00764735224477775
2006-07-13,0.9956471188628285,0.987899335386006,0.0077477834768224785
2006-07-14,0.9955395052295692,0.9883733706723161,0.007166134557253123
2006-07-17,0.9957601841302048,0.989039774242262,0.006720409887942869
2006-07-18,0.9957029357405897,0.9894934942616735,0.006209441478916111
2006-07-19,0.9962823025276304,0.990468952428886,0.0058133500987443965
2006-07-20,0.9963367577446941,0.9910230280641616,0.005313729680532453
2006-07-21,0.9963367577446941,0.9915542884313105,0.004782469313383553
2006-07-24,0.9961104819906116,0.9913024622344396,0.004808019756171955
2006-07-25,0.9961104819906116,0.9910230280641619,0.005087453926449714
2006-07-26,0.9955311152035711,0.9900475698969494,0.005483545306621651
2006-07-27,0.9949096243602512,0.9889709237932395,0.005938700567011734
2006-07-28,0.9946774601915915,0.9882197257316461,0.006457734459945463
2006-07-31,0.9949037359456742,0.9877660057122345,0.007137730233439665
2006-08-01,0.9941850843334631,0.9865870745607386,0.007598009772724512
2006-08-02,0.994793463850849,0.9870996021422886,0.007693861708560346
2006-08-03,0.9944448241959927,0.9876717865281147,0.006773037667877957
2006-08-04,0.9945550962908176,0.9871977512418046,0.0073573450490129755
2006-08-07,0.9938922615563679,0.9860188200903087,0.007873441466059172
2006-08-08,0.9931330178437556,0.9853703035888102,0.0077627142549454575
2006-08-09,0.9922766585778265,0.984734191906845,0.0075424666709815735
2006-08-10,0.9921132280668057,0.9840506539754723,0.008062574091333374
2006-08-11,0.9918683161438436,0.9832792946437244,0.008589021500119198
2006-08-14,0.9921132280668059,0.9833490698312709,0.008764158235535002
2006-08-15,0.9918683161438437,0.9831459649699529,0.008722351173890863
2006-08-16,0.9918683161438436,0.9831459649699529,0.008722351173890752
2006-08-17,0.9911934681111858,0.9815802542122449,0.009613213898940876
2006-08-18,0.9902594488826522,0.9818553858426264,0.008404063040025722
2006-08-21,0.9892288345640434,0.9818553858426267,0.007373448721416764
2006-08-22,0.9886975741968946,0.9833490698312709,0.00534850436562373
2006-08-23,0.9886975741968946,0.9841002678928643,0.004597306304030324
2006-08-24,0.9889494003937656,0.9840506539754722,0.004898746418293354
2006-08-25,0.9892288345640434,0.9841002678928643,0.005128566671179113
2006-08-28,0.9892288345640434,0.9840506539754722,0.005178180588571224
2006-08-29,0.9893391066588685,0.9841002678928643,0.005238838766004172
2006-08-30,0.9893391066588685,0.9833779432359675,0.0059611634229009836
2006-08-31,0.9893391066588685,0.9833779432359675,0.0059611634229009836
2006-09-01,0.9896970838492071,0.9833779432359675,0.006319140613239571
2006-09-05,0.9894649196805475,0.9833779432359675,0.006086976444580006
2006-09-06,0.9904367787295136,0.9833779432359675,0.007058835493546134
2006-09-07,0.990675146289545,0.9840795273801692,0.006595618909375767
2006-09-08,0.9903265066346888,0.9845970401521268,0.005729466482562007
2006-09-11,0.9914416450336386,0.9853701065074955,0.006071538526143172
2006-09-12,0.9912032774736073,0.984668522363294,0.006534755110313206
2006-09-13,0.9914898968593305,0.9841002678928643,0.007389628966466222
2006-09-14,0.9906689428981733,0.982744019221987,0.007924923676186357
2006-09-15,0.9908500620685896,0.982744019221987,0.008106042846602657
2006-09-18,0.9918428365667656,0.9834167299614917,0.008426106605273986
2006-09-19,0.9918428365667656,0.9834167299614917,0.008426106605273986
2006-09-20,0.9918428365667656,0.9834167299614917,0.008426106605273986
2006-09-21,0.9919000849563806,0.9841679280230848,0.007732156933295764
2006-09-22,0.9909660657278471,0.9854875776364227,0.005478488091424372
2006-09-25,0.9908530004604706,0.9867700181519021,0.004082982308568517
2006-09-26,0.9917870196890043,0.9867204042345101,0.005066615454494161
2006-09-27,0.9909660657278471,0.9854379637190308,0.00552810200881626
2006-09-28,0.9899942066788808,0.9853046340452594,0.004689572633621464
2006-09-29,0.9888040193616399,0.9866547346909594,0.002149284670680429
2006-10-02,0.9889263832624138,0.9866547346909594,0.0022716485714543433
2006-10-03,0.9899354514092382,0.9872654113720254,0.0026700400372128286
2006-10-04,0.9899354514092384,0.987899335386006,0.0020361160232323927
2006-10-05,0.9899926997988534,0.9871672622725095,0.002825437526343899
2006-10-06,0.9888645327507456,0.9858550014472419,0.0030095313035036764
2006-10-09,0.9888645327507456,0.9858550014472419,0.0030095313035036764
2006-10-10,0.9886261651907142,0.9865870745607386,0.0020390906299756484
2006-10-11,0.9875804979863501,0.9872379170064678,0.00034258097988226766
2006-10-12,0.9875804979863501,0.9866547346909592,0.0009257632953908468
2006-10-13,0.98758049798635,0.9866547346909592,0.0009257632953907358
2006-10-16,0.9887452640919974,0.9877698730899093,0.0009753910020880996
2006-10-17,0.9889263832624136,0.9883530554054178,0.000573327856995709
2006-10-18,0.9888040193616396,0.9881615728401879,0.0006424465214517339
2006-10-19,0.9887452640919974,0.987620982291921,0.0011242818000763988
2006-10-20,0.9889263832624138,0.9873618395964705,0.0015645436659432743
2006-10-23,0.9888040193616396,0.9873618395964703,0.0014421797651693602
2006-10-24,0.9897000222410881,0.9886356081264979,0.0010644141145902397
2006-10-25,0.9906718812900542,0.9895507226620694,0.0011211586279847863
2006-10-26,0.9906718812900542,0.9900819830292182,0.0005898982608359971
2006-10-27,0.9909660657278471,0.9908140561427149,0.00015200958513217344
2006-10-30,0.9919000849563807,0.9916305482449421,0.00026953671143858937
2006-10-31,0.9917282644193619,0.9913765770823987,0.0003516873369632245
2006-11-01,0.9909073104582046,0.990981576627155,-7.426616895045424e-05
2006-11-02,0.9919000849563807,0.9917408203397674,0.00015926461661330826
2006-11-03,0.9917840812971233,0.9913765770823987,0.00040750421472457443
2006-11-06,0.9914898968593305,0.9908984751314455,0.0005914217278850664
2006-11-07,0.9916710160297468,0.9904294811233536,0.0012415349063932268
2006-11-08,0.9917840812971233,0.9893024075546133,0.00248167374250996
2006-11-09,0.9917840812971233,0.988915042296776,0.0028690390003472954
2006-11-10,0.9927383635000594,0.9897714015627052,0.00296696193735424
2006-11-13,0.9934816574986121,0.9908984751314455,0.002583182367166592
2006-11-14,0.9934816574986121,0.9913109075388475,0.0021707499597645175
2006-11-15,0.993371385403787,0.9913765770823987,0.0019948083213883194
2006-11-16,0.9926825466222979,0.990981576627155,0.0017009699951429091
2006-11-17,0.9926825466222979,0.9901252173612257,0.0025573292610722165
2006-11-20,0.9927383635000592,0.9896026468927914,0.0031357166072677467
2006-11-21,0.9934816574986122,0.9903306533416452,0.0031510041569670078
2006-11-22,0.9944172485021225,0.9914319245305366,0.002985323971585907
2006-11-24,0.9944172485021225,0.9924933285557261,0.0019239199463964018
2006-11-27,0.9935420011302528,0.9916180811838564,0.0019239199463964018
2006-11-28,0.9936580047895105,0.9917207448306883,0.0019372599588222128
2006-11-29,0.993431729035428,0.9921225429017401,0.0013091861336879118
2006-11-30,0.9932553817445295,0.9925762629211519,0.0006791188233776779
2006-12-01,0.9932553817445295,0.9925762629211519,0.0006791188233776779
2006-12-04,0.9932553817445295,0.9925762629211519,0.0006791188233776779
2006-12-05,0.992961197306737,0.9921225429017403,0.0008386544049967526
2006-12-06,0.9921048380408077,0.9911470847345278,0.000957753306279896
2006-12-07,0.9913768315919542,0.9900704386308177,0.0013063929611365488
2006-12-08,0.991131919668992,0.9901223605791775,0.0010095590898144824
2006-12-11,0.9918599261178455,0.9905241586502295,0.0013357674676159892
2006-12-12,0.9919857391395245,0.9909259567212815,0.001059782418243005
2006-12-13,0.9918599261178455,0.9919405825558584,-8.0656438012916e-05
2006-12-14,0.9916392472172099,0.9929160407230707,-0.0012767935058608515
2006-12-15,0.9916392472172099,0.9938516317265812,-0.0022123845093713346
2006-12-18,0.9906246213826332,0.993202660108794,-0.002578038726160803
2006-12-19,0.9909643991845518,0.9929160407230707,-0.0019516415385189
2006-12-20,0.9908567855512926,0.9925142426520187,-0.0016574571007260674
2006-12-21,0.9910429422046124,0.9915387844848064,-0.0004958422801939477
2006-12-22,0.9898640110531165,0.9915387844848064,-0.0016747734316898688
2006-12-26,0.9898640110531165,0.9915387844848065,-0.0016747734316899798
2006-12-27,0.9896486585937363,0.9919405825558584,-0.0022919239621220777
2006-12-28,0.9908275897452321,0.9929160407230707,-0.0020884509778386073
2006-12-29,0.9897744716154153,0.9922272019415816,-0.0024527303261663302
2007-01-03,0.9898935705166985,0.9922272019415816,-0.002333631424883187
2007-01-04,0.9905042471977646,0.993202660108794,-0.0026984129110293464
2007-01-05,0.9905662674668977,0.9934289358628763,-0.002862668395978596
2007-01-08,0.9910087089156485,0.9933744806458128,-0.002365771730164279
2007-01-09,0.9908275897452321,0.9940779074806637,-0.003250317735431607
2007-01-10,0.9908275897452321,0.9940779074806637,-0.003250317735431607
2007-01-11,0.991781871948168,0.9940779074806637,-0.0022960355324956883
2007-01-12,0.9916658682889107,0.9937912880949404,-0.0021254198060297602
2007-01-16,0.9908275897452321,0.9931423164771532,-0.002314726731921124
2007-01-17,0.9908275897452321,0.9931423164771532,-0.002314726731921124
2007-01-18,0.9912813097646439,0.9924534776956642,-0.0011721679310202626
2007-01-19,0.99115894586387,0.9921668583099409,-0.0010079124460709021
2007-01-22,0.9909825985729716,0.9921048380408077,-0.0011222394678361836
2007-01-23,0.9912032774736073,0.9918254038705296,-0.0006221263969223845
2007-01-24,0.9908453002832687,0.9917650602388887,-0.000919759955619992
2007-01-25,0.989911281054735,0.9921048380408077,-0.002193556986072709
2007-01-26,0.9901434452233946,0.9922272019415818,-0.0020837567181871686
2007-01-29,0.9908567855512926,0.9921668583099409,-0.0013100727586482508
2007-01-30,0.990465085801014,0.9930232175758701,-0.0025581317748560872
2007-01-31,0.9900414390671247,0.9931334896706951,-0.0030920506035704287
2007-02-01,0.9909369660004181,0.9931334896706951,-0.0021965236702770063
2007-02-02,0.9910664282965149,0.9920960112343494,-0.0010295829378345056
2007-02-05,0.9904435022122167,0.9912577326906709,-0.000814230478454192
2007-02-06,0.9900756723560885,0.9912577326906709,-0.0011820603345823466
2007-02-07,0.9895581595841311,0.9913135495684321,-0.0017553899843010257
2007-02-08,0.9899818063180207,0.9916077340062249,-0.0016259276882042428
2007-02-09,0.988737205622974,0.9904925956072749,-0.0017553899843009146
2007-02-12,0.9887372056229738,0.9904925956072749,-0.0017553899843010257
2007-02-13,0.9884711114651211,0.9904367787295134,-0.00196566726439229
2007-02-14,0.9884711114651211,0.9903265066346886,-0.001855395169567453
2007-02-15,0.9871886709496419,0.9903265066346886,-0.0031378356850466638
2007-02-16,0.9871210108194213,0.989173528415306,-0.002052517595884762
2007-02-20,0.9877199134035279,0.9900881390746572,-0.002368225671129265
2007-02-21,0.9880981550002617,0.9903265066346888,-0.0022283516344271392
2007-02-22,0.9871835443409106,0.9903265066346886,-0.0031429622937779733
2007-02-23,0.9858638947275727,0.9903265066346888,-0.004462611907116054
2007-02-26,0.9848182275232085,0.9906751462895452,-0.0058569187663367606
2007-02-27,0.9848182275232087,0.990675146289545,-0.0058569187663363165
2007-02-28,0.9848182275232085,0.990675146289545,-0.0058569187663365385
2007-03-01,0.9848182275232085,0.9906751462895452,-0.0058569187663367606
2007-03-02,0.9848182275232085,0.9895221680701625,-0.004703940546954
2007-03-05,0.9848182275232085,0.9895221680701625,-0.004703940546954
2007-03-06,0.9858638947275727,0.989173528415306,-0.0033096336877332933
2007-03-07,0.9858638947275727,0.9892838005101312,-0.0034199057825584633
2007-03-08,0.9861744761940858,0.9892200077575852,-0.003045531563499404
2007-03-09,0.9861157209244434,0.9891069424902089,-0.0029912215657654784
2007-03-12,0.9863606328474056,0.9893391066588683,-0.0029784738114626563
2007-03-13,0.9864263023909567,0.9895252633121883,-0.0030989609212315194
2007-03-14,0.9864263023909567,0.9896412669714457,-0.003214964580488977
2007-03-15,0.987013878890798,0.9905558776307969,-0.0035419987399989417
2007-03-16,0.9882306498627261,0.9905558776307969,-0.002325227768070759
2007-03-19,0.9891646690912598,0.9914898968593305,-0.002325227768070759
2007-03-20,0.9901189512941959,0.9922723585252479,-0.0021534072310519514
2007-03-21,0.9901189512941959,0.9922723585252479,-0.0021534072310519514
2007-03-22,0.9902413151949698,0.9925665429630404,-0.002325227768070537
2007-03-23,0.9902413151949698,0.9925665429630406,-0.002325227768070759
2007-03-26,0.9902413151949698,0.9925665429630406,-0.002325227768070759
2007-03-27,0.9902413151949698,0.9925665429630406,-0.002325227768070759
2007-03-28,0.990486227117932,0.9916710160297469,-0.001184788911814949
2007-03-29,0.9898981342085569,0.9917282644193619,-0.0018301302108050255
2007-03-30,0.9897723211868779,0.9925665429630406,-0.002794221776162731
2007-04-02,0.9895912020164617,0.9926252982326829,-0.0030340962162211937
2007-04-03,0.989075695424524,0.9926252982326829,-0.003549602808158858
2007-04-04,0.9891377156936572,0.9928016455235812,-0.0036639298299240286
2007-04-05,0.9902389868825485,0.9936580047895103,-0.003419017906961752
2007-04-09,0.991174577886059,0.99453325216138,-0.003358674275320994
2007-04-10,0.9909296659630968,0.9944172485021225,-0.003487582539025702
2007-04-11,0.9909296659630968,0.9944172485021225,-0.003487582539025702
2007-04-12,0.9909296659630968,0.9944172485021225,-0.003487582539025702
2007-04-13,0.9909296659630968,0.9944172485021225,-0.003487582539025702
2007-04-16,0.9916483175753081,0.9952519037735911,-0.0036035861982829376
2007-04-17,0.9917643212345655,0.9951359001143336,-0.0033715788797681334
2007-04-18,0.990807302062323,0.994301244842865,-0.0034939427805419365
2007-04-19,0.9918281139871113,0.994301244842865,-0.0024731308557536247
2007-04-20,0.9920016002916212,0.9951359001143336,-0.0031342998227124053
2007-04-23,0.9928751515164544,0.9957573909576534,-0.0028822394411989194
2007-04-24,0.9928751515164544,0.9963367577446943,-0.0034616062282398774
2007-04-25,0.9928751515164544,0.9961104819906116,-0.0032353304741571387
2007-04-26,0.9929354951480954,0.9961104819906116,-0.0031749868425161587
2007-04-27,0.9922430630936784,0.9961104819906116,-0.0038674188969332057
2007-04-30,0.9913894080816988,0.9965924593273614,-0.00520305124566256
2007-05-01,0.9913894080816988,0.9965924593273616,-0.005203051245662782
2007-05-02,0.9906025672779059,0.9963058399416385,-0.005703272663732606
2007-05-03,0.9906025672779059,0.9965924593273617,-0.0059898920494558805
2007-05-04,0.9913894080816988,0.9961104819906118,-0.004721073908912965
2007-05-07,0.9913894080816991,0.9961104819906118,-0.004721073908912743
2007-05-08,0.9913894080816991,0.9961104819906118,-0.004721073908912743
2007-05-09,0.9921827194620376,0.9963367577446939,-0.004154038282656258
2007-05-10,0.9928751515164544,0.996818735081444,-0.003943583564989583
2007-05-11,0.9926940323460383,0.9969318003488206,-0.004237768002782305
2007-05-14,0.9934362213226409,0.9971036208858393,-0.0036673995631983924
2007-05-15,0.9932592958601613,0.9969318003488206,-0.0036725044886593006
2007-05-16,0.9932020474705462,0.9974244567148207,-0.004222409244274528
2007-05-17,0.9930762344488673,0.9975962772518395,-0.004520042802972246
2007-05-18,0.9934321631895828,0.9975962772518395,-0.004164114062256696
2007-05-21,0.9928440702802078,0.9975962772518395,-0.004752206971631701
2007-05-22,0.9925334888136945,0.9975962772518395,-0.005062788438145005
2007-05-23,0.9922679267110902,0.9969905556184628,-0.004722628907372628
2007-05-24,0.9919135183562476,0.9963983061868877,-0.004484787830640102
2007-05-25,0.9915648787013913,0.9963395509172454,-0.004774672215854037
2007-05-29,0.991919287056234,0.997047804008078,-0.00512851695184402
2007-05-30,0.992029559151059,0.9970478040080778,-0.00501824485701885
2007-05-31,0.9916751507962163,0.9968271251074422,-0.0051519743112259375
2007-06-01,0.9915648787013913,0.9968802835236379,-0.005315404822246572
2007-06-04,0.9922835303136024,0.9974860051570145,-0.005202474843412075
2007-06-05,0.9911293887150424,0.9970478040080778,-0.005918415293035384
2007-06-06,0.9906858530776746,0.9963983061868878,-0.0057124531092132
2007-06-07,0.9901528363592128,0.9957058741324709,-0.005553037773258107
2007-06-08,0.9899894058481924,0.9956471188628285,-0.005657713014636134
2007-06-11,0.9910268842845378,0.9963983061868878,-0.005371421902350071
2007-06-12,0.9897225082343283,0.9958189393998471,-0.006096431165518834
2007-06-13,0.9897225082343283,0.9957029357405899,-0.005980427506261599
2007-06-14,0.9900622860362471,0.9955838368393065,-0.005521550803059383
2007-06-15,0.9905103028205275,0.9956382920563702,-0.005127989235842678
2007-06-18,0.9913666620864569,0.9961632036263472,-0.004796541539890398
2007-06-19,0.9920175045321861,0.9960529315315223,-0.0040354269993362335
2007-06-20,0.9921277766270111,0.9956511334604703,-0.003523356833459168
2007-06-21,0.9923192591922408,0.9958145639714909,-0.0034953047792500858
2007-06-22,0.9921277766270109,0.9959248360663159,-0.003797059439304973
2007-06-25,0.9925514233609006,0.9955124036589136,-0.0029609802980129496
2007-06-26,0.9924956064831392,0.9955668588759773,-0.0030712523928381197
2007-06-27,0.992017504532186,0.9955668588759772,-0.0035493543437912223
2007-06-28,0.9922437802862686,0.9950887569250241,-0.002844976638755492
2007-06-29,0.9913286657506968,0.9945093901379836,-0.003180724387286782
2007-07-02,0.9919124241676307,0.9945638453550473,-0.0026514211874165694
2007-07-03,0.9927876715395002,0.9944004148440264,-0.0016127433045262096
2007-07-05,0.9927876715395002,0.9937789240007069,-0.000991252461206682
2007-07-06,0.9927876715395002,0.993886537633966,-0.0010988660944657447
2007-07-09,0.9920860873952988,0.9937789240007069,-0.0016928366054080879
2007-07-10,0.9921419042730604,0.9926247824021467,-0.0004828781290863171
2007-07-11,0.9918261961978159,0.9924572619177068,-0.0006310657198909109
2007-07-12,0.9924890309322656,0.9936114035162668,-0.0011223725840011634
2007-07-13,0.9928047390075101,0.9937789240007069,-0.0009741849931967916
2007-07-16,0.9921419042730601,0.9926247824021467,-0.00048287812908653915
2007-07-17,0.992577394259409,0.9920637003504901,0.0005136939089189774
2007-07-18,0.992577394259409,0.9914864084075312,0.0010909858518778348
2007-07-19,0.9922616861841648,0.9913761363127063,0.000885549871458502
2007-07-20,0.9918261961978159,0.9914319531904675,0.0003942430073483605
2007-07-23,0.9921456825249072,0.9906168021996438,0.0015288803252634375
2007-07-24,0.9920326172575308,0.990724415832903,0.0013082014246277307
2007-07-25,0.9931190987258701,0.9913872505673527,0.0017318481585174572
2007-07-26,0.9938536548365663,0.9919542861936087,0.0018993686429575884
2007-07-27,0.9944715232243879,0.9920074446098045,0.0024640786145834204
2007-07-30,0.9945302784940304,0.9927694371844327,0.0017608413095977493
2007-07-31,0.9952227105484475,0.9932943487544097,0.0019283617940377695
2007-08-01,0.9957271722663311,0.9932411903382141,0.002485981928116998
2007-08-02,0.9957271722663313,0.9932411903382141,0.00248598192811722
2007-08-03,0.9957271722663311,0.9932411903382141,0.002485981928116998
2007-08-06,0.9960533275400536,0.993723167674964,0.002330159865089554
2007-08-07,0.9966018007838154,0.9941082104077051,0.0024935903761102995
2007-08-08,0.9972819694912851,0.9943966793648962,0.0028852901263889397
2007-08-09,0.9974377915543124,0.9943435209487004,0.0030942706056120706
2007-08-10,0.9971716973964597,0.9942408573018685,0.002930840094591214
2007-08-13,0.9968319195945411,0.9943435209487004,0.002488398645840717
2007-08-14,0.9962120945187125,0.993187979052326,0.003024115466386479
2007-08-15,0.9963311934199957,0.993085315405494,0.003245878014501602
2007-08-16,0.9969510184958241,0.9942408573018686,0.002710161193955507
2007-08-17,0.9974665250877618,0.99508424340268,0.0023822816850818107
2007-08-20,0.9976629182468584,0.99508424340268,0.002578674844178397
2007-08-21,0.9975172667862341,0.9950842434026798,0.0024330233835543336
2007-08-22,0.9974665250877618,0.9957529390875958,0.001713586000166023
2007-08-23,0.9970748253374832,0.9956453254543366,0.0014294998831465566
2007-08-24,0.9967018688726238,0.9954895033913091,0.0012123654813146478
2007-08-27,0.9966431136029814,0.995274150931929,0.001368962671052465
2007-08-28,0.9960085081097606,0.9948261463931191,0.0011823617166415445
2007-08-29,0.9958596173117724,0.9953299678096902,0.00052964950208223
2007-08-30,0.996317875514095,0.9957324091342514,0.00058546637984358
2007-08-31,0.996317875514095,0.995416701059007,0.0009011744550879719
2007-09-04,0.9960236910763023,0.995416701059007,0.0006069900172952503
2007-09-05,0.9957288633850003,0.995416701059007,0.00031216232599329263
2007-09-06,0.9957288633850003,0.995416701059007,0.00031216232599329263
2007-09-07,0.9952632725614027,0.9946453417272589,0.0006179308341437428
2007-09-10,0.995495436730062,0.9943369153476519,0.001158521382410127
2007-09-11,0.9961618403000079,0.9947849321319322,0.0013769081680756745
2007-09-12,0.9961618403000079,0.9947849321319322,0.0013769081680756745
2007-09-13,0.9967361021615879,0.9947849321319322,0.0019511700296557244
2007-09-14,0.9968584660623616,0.9951408608726477,0.0017176051897138667
2007-09-17,0.9966431136029814,0.9947849321319321,0.001858181471049325
2007-09-18,0.9966906159640898,0.995253926140024,0.001436689824065862
2007-09-19,0.9970548592214583,0.9951408608726477,0.0019139983488105639
2007-09-20,0.9968584660623618,0.9949952094120235,0.001863256650338374
2007-09-21,0.9973862153400961,0.9949952094120235,0.0023910059280726204
2007-09-24,0.9974865709559602,0.9943796721433029,0.003106898812657244
2007-09-25,0.9975438193455751,0.9940781986196512,0.0034656207259239347
2007-09-26,0.998084409893842,0.9949952094120235,0.003089200481818488
2007-09-27,0.9984001179690863,0.9952966829356752,0.0031034350334111505
2007-09-28,0.9984001179690863,0.9951002897765787,0.0032998281925076256
2007-10-01,0.998027161504227,0.9955692837846706,0.0024578777195564117
2007-10-02,0.9977949973355672,0.995348604884035,0.00244639245153222
2007-10-03,0.9972409217002915,0.9944315940916627,0.002809327608628842
2007-10-04,0.997353986967668,0.9946522729922983,0.0027017139753696684
2007-10-05,0.9979080626029436,0.9955692837846706,0.0023387788182730462
2007-10-08,0.997584720055476,0.9957181745826588,0.0018665454728172826
2007-10-09,0.9976419684450911,0.9948486661513948,0.0027933022936963425
2007-10-10,0.9979080626029436,0.9949005880997546,0.003007474503189056
2007-10-11,0.9979576765203354,0.9944315940916627,0.0035260824286726944
2007-10-12,0.9976419684450911,0.9946522729922984,0.0029896954527927067
2007-10-15,0.9972690119802317,0.9948011637902866,0.0024678481899450544
2007-10-16,0.9976419684450911,0.9946522729922983,0.0029896954527928177
2007-10-17,0.9977610673463743,0.9955217814235622,0.0022392859228120843
2007-10-18,0.997584720055476,0.9955217814235622,0.0020629386319138687
2007-10-19,0.9975351061380843,0.9953792312964841,0.0021558748416001805
2007-10-22,0.9970548592214582,0.9948739661225887,0.0021808930988694852
2007-10-23,0.9970548592214582,0.9955426618075047,0.0015121974139534755
2007-10-24,0.9970548592214583,0.9956453254543366,0.0014095337671217179
2007-10-25,0.9969324953206845,0.9948739661225886,0.002058529198095904
2007-10-26,0.9973862153400961,0.9955426618075047,0.0018435535325913577
2007-10-29,0.9972143948030773,0.9956453254543366,0.0015690693487406815
2007-10-30,0.9968584660623616,0.995304934548786,0.0015535315135756234
2007-10-31,0.99690596842347,0.9957529390875958,0.001153029335874245
2007-11-01,0.9970548592214583,0.9958048610359556,0.0012499981855027542
2007-11-02,0.9969324953206843,0.9956997806714003,0.0012327146492839836
2007-11-05,0.9965745181303459,0.9956453254543366,0.0009291926760093272
2007-11-06,0.9964256273323574,0.9956997806714002,0.0007258466609572078
2007-11-07,0.9960942712137199,0.9959426864143424,0.00015158479937749103
2007-11-08,0.9964256273323577,0.9960883378749668,0.0003372894573909768
2007-11-09,0.9966795984949011,0.9962441599379944,0.0004354385569066421
2007-11-12,0.9968471189793412,0.9954728006062463,0.0013743183730948738
2007-11-13,0.9974649873671626,0.9954728006062463,0.0019921867609162813
2007-11-14,0.9973054517855438,0.9955247225546061,0.0017807292309376388
2007-11-15,0.9973054517855438,0.9955247225546061,0.0017807292309376388
2007-11-16,0.9969324953206843,0.9957786937171496,0.001153801603534732
2007-11-19,0.9963642408502545,0.9958790493330137,0.0004851915172408017
2007-11-20,0.9956321677367579,0.9956736133525943,-4.144561583641071e-05
2007-11-21,0.9958424450168492,0.9948809689502552,0.0009614760665939137
2007-11-23,0.9957949426557408,0.9949860493148105,0.0008088933409302612
2007-11-26,0.9958445565731325,0.9950367910132828,0.000807765559849738
2007-11-27,0.9963135505812246,0.9947828198507392,0.0015307307304853746
2007-11-28,0.9963135505812244,0.9947828198507392,0.0015307307304851525
2007-11-29,0.9960536593837415,0.9947828198507392,0.0012708395330022215
2007-11-30,0.996319753541594,0.9945864266916427,0.001733326849951311
2007-12-03,0.9963197535415941,0.9943761494115515,0.0019436041300425755
2007-12-04,0.9962639366638326,0.9943761494115516,0.0018877872522810035
2007-12-05,0.9968471189793411,0.9945356849931706,0.002311433986170508
2007-12-06,0.997312709802939,0.9944837630448108,0.00282894675812817
2007-12-07,0.9969567810622233,0.9943761494115515,0.002580631650671794
2007-12-10,0.9965988038718849,0.9932661707294258,0.0033326331424591293
2007-12-11,0.9965988038718849,0.9932661707294258,0.0033326331424591293
2007-12-12,0.9968042398523042,0.9932661707294258,0.003538069122878351
2007-12-13,0.996436409996176,0.9922713600526315,0.0041650499435444965
2007-12-14,0.9966847251036323,0.9923221017511037,0.004362623352528572
2007-12-17,0.9966847251036323,0.9923221017511037,0.004362623352528572
2007-12-18,0.997318649117613,0.9923221017511037,0.004996547366509341
2007-12-19,0.9968950023837237,0.9923221017511037,0.004572900632620058
2007-12-20,0.9970438931817118,0.9920336327939127,0.00501026038779917
2007-12-21,0.9975219951326649,0.992925779823875,0.004596215308789953
2007-12-24,0.9973731043346767,0.9926100717486307,0.004763032586046045
2007-12-26,0.9968950023837237,0.9917179247186684,0.005177077665055374
2007-12-27,0.9970958151300715,0.9917179247186684,0.00537789041140313
2007-12-28,0.9969931514832395,0.9919332771780488,0.005059874305190726
2007-12-31,0.997046309899435,0.9915690339206802,0.005477275978754803
2008-01-02,0.9964473894020655,0.9905452178947735,0.005902171507291998
2008-01-03,0.9964473894020655,0.990708648405794,0.005738740996271474
2008-01-04,0.9962419534216462,0.9905452178947735,0.005696735526872776
2008-01-07,0.9962419534216462,0.990909461152142,0.005332492269504274
2008-01-08,0.9962951118378418,0.9910490393113446,0.005246072526497225
2008-01-09,0.9962951118378418,0.9901020568975866,0.006193054940255238
2008-01-10,0.9962951118378418,0.9901020568975866,0.006193054940255238
2008-01-11,0.9962951118378418,0.9901020568975866,0.006193054940255238
2008-01-14,0.9964473894020655,0.990207137262142,0.006240252139923408
2008-01-15,0.9965996669662893,0.990155215313782,0.006444451652507288
2008-01-16,0.9964473894020655,0.9897616659920361,0.006685723410029376
2008-01-17,0.9962951118378418,0.9897616659920361,0.00653344584580573
2008-01-18,0.9960411406752983,0.9892690096260357,0.006772131049262553
2008-01-22,0.9965869027564722,0.987880214116289,0.008706688640183202
2008-01-23,0.9970650047074255,0.988039749697908,0.009025255009517563
2008-01-24,0.997318975869969,0.9881299647393472,0.00918901113062176
2008-01-25,0.9968408739190157,0.9869001628088352,0.009940711110180467
2008-01-28,0.9962951118378418,0.9856304739229947,0.010664637914847064
2008-01-29,0.9962951118378418,0.9838701423940336,0.01242496944380822
2008-01-30,0.9962419534216462,0.983818220445674,0.012423732975972213
2008-01-31,0.9964473894020655,0.9838701423940338,0.012577247008031645
2008-02-01,0.9964473894020657,0.9834850996612925,0.01296228974077318
2008-02-04,0.9963942309858699,0.9838254905668431,0.01256874041902678
2008-02-05,0.9956736133525945,0.9822521183637253,0.013421494988869243
2008-02-06,0.9958294354156219,0.9821470379991699,0.013682397416451941
2008-02-07,0.9965500530488975,0.983720410202288,0.01282964284660959
2008-02-08,0.9966504086647616,0.9835864189730354,0.013063989691726174
2008-02-11,0.9958294354156219,0.9817701410269752,0.014059294388646615
2008-02-12,0.9965500530488975,0.9817701410269752,0.014779912021922303
2008-02-13,0.9971489735462671,0.9831839776484744,0.013964995897792654
2008-02-14,0.9971985874636589,0.9832915912817336,0.013906996181925257
2008-02-15,0.9964473894020655,0.9830031223245428,0.013444267077522665
2008-02-19,0.9971489735462669,0.9824237555375022,0.014725218008764696
2008-02-20,0.9976270754972203,0.982712224494693,0.014914851002527318
2008-02-21,0.997416798217129,0.982712224494693,0.014704573722436054
2008-02-22,0.9970525549597603,0.9827122244946932,0.014340330465067108
2008-02-25,0.9972974668827227,0.9839687346070828,0.01332873227563991
2008-02-26,0.9971923865181674,0.9841840870664632,0.01300829945170423
2008-02-27,0.9974649873671628,0.9846558402202444,0.012809147146918387
2008-02-28,0.9974649873671628,0.9846558402202445,0.012809147146918276
2008-02-29,0.9974649873671628,0.9848987459631867,0.012566241403976108
2008-03-03,0.9974649873671628,0.9834268833914166,0.01403810397574623
2008-03-04,0.9974649873671628,0.9834268833914166,0.01403810397574623
2008-03-05,0.9977189585297062,0.983572534852041,0.014146423677665165
2008-03-06,0.9975666809654825,0.9841089674058545,0.013457713559627993
2008-03-07,0.9975666809654825,0.9841089674058545,0.013457713559627993
2008-03-10,0.9977189585297062,0.983572534852041,0.014146423677665165
2008-03-11,0.9977189585297062,0.983572534852041,0.014146423677665165
2008-03-12,0.9972014457577485,0.983572534852041,0.013628910905707503
2008-03-13,0.9971032966582328,0.9833761416929444,0.013727154965288424
2008-03-14,0.9969474745952052,0.9835864189730357,0.013361055622169493
2008-03-17,0.9967510814361086,0.9837204102022881,0.013030671233820512
2008-03-18,0.9971090586264472,0.9851922727740581,0.011916785852389089
2008-03-19,0.9971090586264472,0.985192272774058,0.0119167858523892
2008-03-20,0.9971090586264472,0.985192272774058,0.0119167858523892
2008-03-24,0.997613520344331,0.985192272774058,0.012421247570273075
2008-03-25,0.9972901777968636,0.985192272774058,0.01209790502280561
2008-03-26,0.9977591718049555,0.9851922727740581,0.012566899030897472
2008-03-27,0.997520804244924,0.9851403508256985,0.012380453419225446
2008-03-28,0.9972724891374678,0.9855253935584396,0.0117470955790282
2008-03-31,0.9975108566974992,0.9871430685517774,0.010367788145721812
2008-04-01,0.9975108566974992,0.9871430685517775,0.010367788145721701
2008-04-02,0.9975108566974992,0.9871430685517775,0.010367788145721701
2008-04-03,0.9978667854382146,0.9871430685517775,0.01072371688643714
2008-04-04,0.9980226075012422,0.9866504121857771,0.011372195315465072
2008-04-07,0.9978019286006066,0.9868468053448737,0.01095512325573289
2008-04-08,0.998074529449602,0.9868468053448737,0.011227724104728276
2008-04-09,0.9978019286006066,0.9867960636464014,0.011005864954205191
2008-04-10,0.9979694490850466,0.9871291844307828,0.010840264654263798
2008-04-11,0.997646106537579,0.9872887200124018,0.010357386525177259
2008-04-14,0.9975004550769548,0.9869327912716863,0.010567663805268523
2008-04-15,0.9978402328788737,0.9882652568490301,0.009574976029843585
2008-04-16,0.9983679821566079,0.9894576591996803,0.008910322956927619
2008-04-17,0.9979858843394979,0.9895652728329395,0.008420611506558373
2008-04-18,0.9976299555987824,0.9891628315083784,0.008467124090404066
2008-04-21,0.9979858843394979,0.9895652728329395,0.008420611506558373
2008-04-22,0.997646106537579,0.9883728704822894,0.009273236055289624
2008-04-23,0.9977591718049553,0.9882652568490301,0.00949391495592522
2008-04-24,0.9980989496068742,0.9896540523587769,0.008444897248097272
2008-04-25,0.9981534048239379,0.9905452178947735,0.007608186929164429
2008-04-28,0.9979858843394978,0.9907086484057939,0.007277235933703885
2008-04-29,0.997646106537579,0.9895513887119448,0.008094717825634201
2008-04-30,0.9975004550769546,0.9896434645100393,0.007856990566915356
2008-05-01,0.9980885479863298,0.9908007242038883,0.007287823782441527
2008-05-02,0.9980885479863298,0.990708648405794,0.007379899580535865
2008-05-05,0.9978402328788737,0.9904425542479415,0.007397678630932214
2008-05-06,0.9978402328788737,0.9904425542479415,0.007397678630932214
2008-05-07,0.9978402328788737,0.9904425542479415,0.007397678630932214
2008-05-08,0.9972056273856529,0.9901410807242895,0.007064546661363358
2008-05-09,0.9972056273856529,0.9901410807242895,0.007064546661363358
2008-05-12,0.9974922467713762,0.9904425542479414,0.007049692523434792
2008-05-13,0.9972056273856529,0.9890029154681831,0.008202711917469796
2008-05-14,0.9972056273856529,0.989139643093468,0.008065984292184858
2008-05-15,0.9972056273856529,0.9904425542479415,0.006763073137711406
2008-05-16,0.9968235295685428,0.9909463756645127,0.005877153904030097
2008-05-19,0.9969261932153749,0.9909463756645127,0.005979817550862188
2008-05-20,0.9969261932153749,0.9909463756645127,0.005979817550862188
2008-05-21,0.9969261932153749,0.9909463756645127,0.005979817550862188
2008-05-22,0.9969261932153749,0.9909463756645127,0.005979817550862188
2008-05-23,0.9966395738296515,0.9909463756645125,0.005693198165139024
2008-05-27,0.9970312735799302,0.9909463756645125,0.006084897915417664
2008-05-28,0.9970312735799299,0.9904425542479415,0.006588719331988457
2008-05-29,0.9963511048724605,0.9904425542479415,0.0059085506245190045
2008-05-30,0.9962991829241007,0.9909463756645125,0.005352807259588199
2008-06-02,0.9962991829241007,0.9909463756645125,0.005352807259588199
2008-06-03,0.9958609817751642,0.9908007242038883,0.005060257571275928
2008-06-04,0.9960931459438238,0.991824540229795,0.004268605714028761
2008-06-05,0.9959707820430499,0.992663528843562,0.0033072531994878807
2008-06-06,0.9960227039914097,0.993065970168123,0.0029567338232866502
2008-06-09,0.9954304545598345,0.9927711424768211,0.0026593120830133987
2008-06-10,0.9951855426368725,0.9923687011522602,0.0028168414846123646
2008-06-11,0.9951336206885127,0.992663528843562,0.002470091844950728
2008-06-12,0.9960280304326651,0.9930659701681233,0.0029620602645418215
2008-06-13,0.9962433828920453,0.9937735075256878,0.0024698753663574546
2008-06-16,0.9966284256247864,0.9941294362664034,0.002498989358382997
2008-06-17,0.9967918561358069,0.9939699006847841,0.0028219554510228173
2008-06-18,0.9972398606746168,0.993759623404693,0.003480237269923747
2008-06-19,0.9976416587456688,0.9941155521454085,0.0035261066002603147
2008-06-20,0.9979364864369707,0.9944239785250156,0.0035125079119551206
2008-06-23,0.9974782282346483,0.9944239785250156,0.0030542497096326393
2008-06-24,0.9972056273856529,0.9941155521454087,0.0030900752402441833
2008-06-25,0.9974922467713762,0.9944239785250156,0.003068268246360528
2008-06-26,0.9972819694912848,0.9945798005880433,0.0027021689032414864
2008-06-27,0.9966018007838153,0.9942238718473277,0.0023779289364875833
2008-06-30,0.9966018007838154,0.9951168718655309,0.001484928918284556
2008-07-01,0.9972819694912848,0.9958374894988067,0.0014444799924780982
2008-07-02,0.9972819694912848,0.996085804606263,0.0011961648850218332
2008-07-03,0.9966018007838154,0.9959401531456386,0.0006616476381768877
2008-07-07,0.996757622846843,0.9958374894988065,0.0009201333480365337
2008-07-08,0.996757622846843,0.9958374894988067,0.0009201333480363116
2008-07-09,0.9963755250297331,0.9951168718655309,0.0012586531642022614
2008-07-10,0.9960931459438239,0.9948739661225887,0.0012191798212352056
2008-07-11,0.9959297154328032,0.9946685301421693,0.0012611852906339038
2008-07-14,0.9964781886765649,0.9946685301421693,0.0018096585343956306
2008-07-15,0.9960931459438238,0.9944677173958213,0.0016254285480025166
2008-07-16,0.9959707820430499,0.9944677173958213,0.0015030646472286024
2008-07-17,0.9960227039914095,0.9941662438721696,0.0018564601192399
2008-07-18,0.9965153603574101,0.9940559717773446,0.002459388580065447
2008-07-21,0.996130317624669,0.9939483581440854,0.0021819594805835285
2008-07-22,0.9967360392580457,0.9944066163464078,0.002329422911637846
2008-07-23,0.9967360392580457,0.9939483581440852,0.0027876811139604385
2008-07-24,0.9971295885797918,0.994144751303182,0.0029848372766098086
2008-07-25,0.997310707750208,0.9935116424824617,0.0037990652677463155
2008-07-28,0.997310707750208,0.9935116424824617,0.0037990652677463155
2008-07-29,0.9979453132434288,0.9937656136450053,0.00417969959842357
2008-07-30,0.997665879073151,0.9937656136450053,0.0039002654281456994
2008-07-31,0.997665879073151,0.9937656136450053,0.0039002654281456994
2008-08-01,0.9970312735799302,0.9935116424824615,0.0035196310974686673
2008-08-04,0.9970312735799302,0.9935116424824615,0.0035196310974686673
2008-08-05,0.997665879073151,0.9937656136450053,0.0039002654281456994
2008-08-06,0.997665879073151,0.9932045438388188,0.00446133523433212
2008-08-07,0.9972741793228723,0.9932541577562108,0.00402002156666148
2008-08-08,0.9975607987085956,0.9935945486617617,0.00396625004683393
2008-08-11,0.9975607987085956,0.9933568214030427,0.004203977305552886
2008-08-12,0.9977571918676921,0.9933568214030427,0.004400370464649361
2008-08-13,0.997169098958317,0.9924390067653869,0.00473009219293008
2008-08-14,0.997169098958317,0.9924390067653869,0.00473009219293008
2008-08-15,0.997169098958317,0.9917745298623677,0.005394569095949264
2008-08-18,0.997169098958317,0.9917249159449759,0.005444183013341042
2008-08-19,0.9967266575095661,0.9907301052681816,0.005996552241384512
2008-08-20,0.9969588216782257,0.9912824744962252,0.005676347182000496
2008-08-21,0.996516380229475,0.9909563192225027,0.005560061006972261
2008-08-22,0.9969588216782257,0.9905025992030911,0.006456222475134554
2008-08-25,0.997169098958317,0.9910566748383668,0.006112424119950166
2008-08-26,0.9965344934650963,0.9910059331398947,0.005528560325201548
2008-08-27,0.9969261932153748,0.9922499030512728,0.004676290164101982
2008-08-28,0.9975004550769546,0.9930932891520842,0.004407165924870449
2008-08-29,0.9975536134931502,0.9938181096867441,0.003735503806406082
2008-09-02,0.997310707750208,0.9938181096867442,0.003492598063463803
2008-09-03,0.9978262143421458,0.9945894690184921,0.0032367453236537003
2008-09-04,0.9978262143421458,0.9945894690184921,0.0032367453236537003
2008-09-05,0.9978262143421458,0.9945894690184921,0.0032367453236537003
2008-09-08,0.9978262143421458,0.994589469018492,0.0032367453236538113
2008-09-09,0.99777305592595,0.9952092940943207,0.0025637618316293187
2008-09-10,0.9977730559259501,0.9952092940943207,0.0025637618316294297
2008-09-11,0.99760553544151,0.9961030422829921,0.0015024931585179147
2008-09-12,0.9975536134931504,0.9963756431319875,0.001177970361162961
2008-09-15,0.9970491517752665,0.9963756431319875,0.000673508643279086
2008-09-16,0.9973977914301227,0.996572036291084,0.0008257551390387086
2008-09-17,0.9975004550769546,0.9967873887504642,0.0007130663264903747
2008-09-18,0.9980885479863298,0.9966847251036322,0.0014038228826976917
2008-09-19,0.9981417064025254,0.9966847251036322,0.0014569812988932673
2008-09-22,0.9982398555020414,0.9965796447390769,0.0016602107629645202
2008-09-23,0.9977596085854155,0.996033882657903,0.0017257259275124115
2008-09-24,0.9977596085854155,0.9968336159016205,0.0009259926837950072
2008-09-25,0.9981417064025254,0.9974167982171289,0.0007249081853965
2008-09-26,0.9978622722322475,0.997318649117613,0.0005436231146345172
2008-09-29,0.9977596085854156,0.9974675399156012,0.0002920686698143493
2008-09-30,0.9981417064025254,0.997416798217129,0.000724908185396389
2008-10-01,0.9983425191488734,0.9973186491176133,0.0010238700312601434
2008-10-02,0.9979000777001225,0.9967354668021045,0.0011646108980180037
2008-10-03,0.997646106537579,0.9965720362910838,0.0010740702464951957
2008-10-06,0.9977949973355672,0.9963237211836277,0.0014712761519395379
2008-10-07,0.9976946417197031,0.996469372644252,0.0012252690754511741
2008-10-08,0.9980675981845626,0.9964693726442521,0.0015982255403105272
2008-10-09,0.9979000777001225,0.9967354668021048,0.0011646108980176706
2008-10-10,0.9980675981845626,0.996572036291084,0.0014955618934785475
2008-10-13,0.9985596535507053,0.9971032966582326,0.0014563568924726988
2008-10-14,0.9982730341649818,0.9963237211836277,0.0019493129813541454
2008-10-15,0.9981207566007582,0.9964693726442521,0.0016513839565061028
2008-10-16,0.9984364646760027,0.9964693726442521,0.0019670920317506058
2008-10-17,0.9982730341649818,0.9963237211836279,0.0019493129813539234
2008-10-20,0.9981207566007582,0.9956221370394263,0.002498619561331905
2008-10-21,0.99822342024759,0.9956221370394263,0.002601283208163774
2008-10-22,0.998273034164982,0.9954663149763987,0.0028067191885833287
2008-10-23,0.9980346666049507,0.9946453417272589,0.003389324877691724
2008-10-24,0.9980346666049507,0.9946453417272589,0.003389324877691724
2008-10-27,0.9980346666049507,0.9948011637902866,0.0032335028146640576
2008-10-28,0.9980346666049507,0.9956221370394263,0.0024125295655244017
2008-10-29,0.9980346666049507,0.9951066304474887,0.002928036157461955
2008-10-30,0.9980346666049507,0.9951066304474887,0.002928036157461955
2008-10-31,0.9984364646760027,0.9951066304474887,0.0033298342285139615
2008-11-03,0.998273034164982,0.9951066304474887,0.003166403717493327
2008-11-04,0.9981207566007582,0.9947245326303787,0.0033962239703794195
2008-11-05,0.998273034164982,0.9949508083844613,0.003322225780520771
2008-11-06,0.9980675981845626,0.9952987944919586,0.002768803692604016
2008-11-07,0.9985596535507051,0.9958445565731326,0.00271509697757244
2008-11-10,0.9982730341649818,0.994950808384461,0.003322225780520771
2008-11-11,0.9981207566007582,0.9950933585115393,0.0030273980892188135
2008-11-12,0.9982234202475903,0.9950933585115393,0.003130061736050904
2008-11-13,0.9982234202475903,0.9950933585115393,0.003130061736050904
2008-11-14,0.9982234202475903,0.9945190966499593,0.003704323597630954
2008-11-17,0.9978019286006066,0.9945190966499593,0.003282831950647269
2008-11-18,0.9980885479863298,0.9954128448386307,0.00267570314769916
2008-11-19,0.9977571918676921,0.9957949426557408,0.001962249211951317
2008-11-20,0.9975607987085956,0.9953146957391149,0.00224610296948069
2008-11-21,0.9980885479863298,0.9951044184590236,0.0029841295273062007
2008-11-24,0.9980885479863298,0.9951044184590236,0.0029841295273062007
2008-11-25,0.9980885479863298,0.9951044184590236,0.0029841295273062007
2008-11-26,0.9980885479863298,0.9951044184590236,0.0029841295273062007
2008-11-28,0.9980885479863298,0.9944698129658028,0.0036187350205270086
2008-12-01,0.9981866970858458,0.9944698129658028,0.003716884120043007
2008-12-02,0.9981866970858457,0.9944698129658028,0.003716884120042896
2008-12-03,0.9979000777001226,0.9944698129658027,0.0034302647343198434
2008-12-04,0.9977478001358987,0.9944698129658028,0.003277987170095864
2008-12-05,0.9981207566007582,0.9941541048905583,0.003966651710199831
2008-12-08,0.9980675981845626,0.9942835671866553,0.0037840309979072506
2008-12-09,0.9979694490850466,0.9944646863570716,0.0035047627279749527
2008-12-10,0.9978667854382146,0.9949801929490091,0.0028865924892055306
2008-12-11,0.9981207566007582,0.9955207834972759,0.002599973103482256
2008-12-12,0.9983868507586107,0.9958364915725204,0.0025503591860902564
2008-12-15,0.9979850526875587,0.9956939414454422,0.0022911112421164503
2008-12-16,0.9980926663208178,0.9958364915725204,0.0022561747482974237
2008-12-17,0.9981445882691776,0.9953782333701978,0.002766354898979806
2008-12-18,0.9974781846992318,0.9946946954388252,0.002783489260406613
2008-12-19,0.9974781846992318,0.9947887103837791,0.0026894743154526335
2008-12-22,0.9977321558617755,0.994646160256701,0.0030859956050744985
2008-12-23,0.9978325114776394,0.9949122544145537,0.0029202570630857405
2008-12-24,0.9983500242495971,0.9956443275280502,0.0027056967215468575
2008-12-26,0.9987518223206489,0.9956443275280502,0.003107494792598642
2008-12-29,0.9988544859674809,0.9956443275280502,0.0032101584394307325
2008-12-30,0.9988544859674808,0.9956443275280502,0.0032101584394306215
2008-12-31,0.9988544859674809,0.9949641588205809,0.0038903271469000744
2009-01-02,0.9987518223206489,0.9949641588205809,0.0037876635000679837
2009-01-05,0.9985995447564252,0.9956443275280502,0.0029552172283749956
2009-01-06,0.9985995447564252,0.9959042187255333,0.0026953260308919536
2009-01-07,0.9985463863402296,0.9964784805871132,0.002067905753116439
2009-01-08,0.9986986639044535,0.9965835609516688,0.00211510295278472
2009-01-09,0.9985935835398982,0.9963913969071988,0.0022021866326994433
2009-01-12,0.9984340479582792,0.9960600407885609,0.0023740071697182508
2009-01-13,0.998825747708558,0.9959042187255333,0.0029215289830247793
2009-01-14,0.9988257477085578,0.9959042187255334,0.002921528983024446
2009-01-15,0.9988789061247534,0.9959042187255334,0.002974687399220022
2009-01-16,0.9986467419560937,0.9966646372404332,0.0019821047156605154
2009-01-20,0.998092666320818,0.997046735057543,0.0010459312632749018
2009-01-21,0.9979850526875589,0.9971923865181673,0.0007926661693915538
2009-01-22,0.9982449438850418,0.9969959933590709,0.00124895052597096
2009-01-23,0.9982449438850418,0.9971518154220982,0.0010931284629436266
2009-01-26,0.9985391283228345,0.9978019286006066,0.0007371997222279658
2009-01-27,0.9989815697715854,0.9981417064025254,0.0008398633690599455
2009-01-28,0.9992078455256678,0.9984730625211631,0.000734783004504691
2009-01-29,0.9989417513678153,0.9988945541681467,4.71971996686138e-05
2009-01-30,0.9989417513678153,0.9988413957519512,0.00010035561586407837
2009-02-02,0.9991624302684509,0.9989544610193275,0.00020796924912336312
2009-02-03,0.999218247146212,0.9991178915303481,0.00010035561586385633
2009-02-04,0.9989975682455766,0.9991178915303481,-0.00012032328477151744
2009-02-05,0.9989417513678153,0.999270169094572,-0.00032841772675673564
2009-02-06,0.9992143522168107,0.9994335996055925,-0.00021924738878187355
2009-02-09,0.9988413957519511,0.9993777827278311,-0.0005363869758799877
2009-02-10,0.9985100396333135,0.9992647174604549,-0.0007546778271413368
2009-02-11,0.9987154756137328,0.9991051818788358,-0.0003897062651030403
2009-02-12,0.998994909784011,0.9988997458984162,9.516388559471789e-05
2009-02-13,0.998563198049509,0.9991051818788358,-0.0005419838293267976
2009-02-17,0.9981207566007582,0.9991571038271955,-0.0010363472264373064
2009-02-18,0.9982730341649818,0.9989417513678152,-0.0006687172028333466
2009-02-19,0.9984364646760024,0.998681860170332,-0.00024539549432955887
2009-02-20,0.9980346666049507,0.9985100396333133,-0.0004753730283626467
2009-02-23,0.9977189585297062,0.9985100396333133,-0.0007910811036071497
2009-02-24,0.9977697002281785,0.9984073759864814,-0.0006376757583029802
2009-02-25,0.9979850526875589,0.9981534048239381,-0.00016835213637922397
2009-02-26,0.9979850526875587,0.9981534048239379,-0.00016835213637922397
2009-02-27,0.9984387727069705,0.9983092268869654,0.00012954582000501702
2009-03-02,0.998074529449602,0.9985100396333135,-0.0004355101837115738
2009-03-03,0.9980226075012422,0.9985100396333133,-0.00048743213207114167
2009-03-04,0.998563198049509,0.9985687949029559,-5.596853446920846e-06
2009-03-05,0.9984143072515208,0.9986818601703323,-0.0002675529188115311
2009-03-06,0.9981417064025254,0.9989417513678153,-0.0008000449652898478
2009-03-09,0.9983092268869656,0.9988413957519512,-0.0005321688649856382
2009-03-10,0.9981417064025254,0.9989417513678153,-0.0008000449652898478
2009-03-11,0.9984143072515208,0.9986818601703323,-0.0002675529188115311
2009-03-12,0.998563198049509,0.9985687949029559,-5.596853446920846e-06
2009-03-13,0.9987785505088892,0.9982603685233488,0.0005181819855404335
2009-03-16,0.9984387727069703,0.9979290124047109,0.0005097603022594654
2009-03-17,0.9985910502711941,0.9975469145876009,0.0010441356835931836
2009-03-18,0.9986986639044535,0.9971351689691241,0.0015634949353293681
2009-03-19,0.9982449438850418,0.9972808204297484,0.0009641234552933975
2009-03-20,0.9982449438850418,0.9972808204297484,0.0009641234552933975
2009-03-23,0.998295685583514,0.9972312065123564,0.0010644790711575869
2009-03-24,0.9982449438850418,0.9975625626309943,0.0006823812540475149
2009-03-25,0.9982449438850418,0.9978782707062388,0.000366673178803012
2009-03-26,0.9982449438850418,0.9978782707062388,0.000366673178803012
2009-03-27,0.9976270754972203,0.9977591718049555,-0.00013209630773525216
2009-03-30,0.9977793530614439,0.9974865709559602,0.0002927821054837798
2009-03-31,0.9982449438850418,0.9971708628807157,0.001074081004326155
2009-04-01,0.9982449438850417,0.9977114534289825,0.0005334904560592157
2009-04-02,0.9980346666049504,0.9981431651634842,-0.0001084985585337872
2009-04-03,0.9981373302517824,0.9981431651634842,-5.834911701807499e-06
2009-04-06,0.9983476075318738,0.9981431651634842,0.00020444236838956797
2009-04-07,0.9984526878964289,0.9981431651634842,0.00030952273294471144
2009-04-08,0.9984526878964289,0.9977610673463743,0.0006916205500546724
2009-04-09,0.9988544859674812,0.9977610673463743,0.0010934186211069008
2009-04-13,0.9984007659480691,0.9978198226160166,0.000580943332052497
2009-04-14,0.9979351751244713,0.9973881108815148,0.0005470642429564743
2009-04-15,0.9978844334259992,0.9969563991470131,0.000928034278986134
2009-04-16,0.9982968658334015,0.9969563991470131,0.0013404666863884307
2009-04-17,0.9982449438850418,0.9969563991470131,0.0012885447380287518
2009-04-20,0.9982449438850418,0.9969563991470131,0.0012885447380287518
2009-04-21,0.9982449438850417,0.9969563991470131,0.0012885447380286408
2009-04-22,0.9977793530614439,0.996476152230387,0.0013032008310569498
2009-04-23,0.9977274311130842,0.9964158085987462,0.0013116225143379179
2009-04-24,0.9976270754972201,0.9964158085987462,0.0012112668984738395
2009-04-27,0.9975244118503882,0.996907863964889,0.0006165478854992523
2009-04-28,0.9975244118503882,0.996907863964889,0.0006165478854992523
2009-04-29,0.9975244118503882,0.996907863964889,0.0006165478854992523
2009-04-30,0.9975244118503882,0.996907863964889,0.0006165478854992523
2009-05-01,0.9975244118503882,0.9972312065123566,0.0002932053380315658
2009-05-04,0.9975244118503881,0.9976629182468584,-0.00013850639647028373
2009-05-05,0.9975244118503881,0.9976629182468584,-0.00013850639647028373
2009-05-06,0.9975244118503881,0.9976629182468584,-0.00013850639647028373
2009-05-07,0.997318975869969,0.9981431651634844,-0.0008241892935154649
2009-05-08,0.997318975869969,0.9981431651634842,-0.0008241892935152428
2009-05-11,0.9970105494903617,0.9985161216283437,-0.0015055721379819698
2009-05-12,0.9970105494903617,0.9985161216283437,-0.0015055721379819698
2009-05-13,0.9969145119471293,0.9984001179690863,-0.00148560602195702
2009-05-14,0.9970105494903617,0.998084409893842,-0.0010738604034802313
2009-05-15,0.9970105494903617,0.9979840542779779,-0.0009735047876161529
2009-05-18,0.9966463062329933,0.9977832415316301,-0.0011369352986367876
2009-05-19,0.9964787857485532,0.9975292703690863,-0.001050484620533143
2009-05-20,0.9969002773955367,0.9977832415316299,-0.0008829641360932339
2009-05-21,0.9970105494903617,0.997984054277978,-0.0009735047876162639
2009-05-22,0.9971628270545856,0.9979840542779779,-0.0008212272233922846
2009-05-26,0.9975208042449241,0.9984157660124796,-0.0008949617675555466
2009-05-27,0.9972724891374678,0.9983585176228646,-0.0010860284853968505
2009-05-28,0.9971090586264472,0.9984157660124796,-0.0013067073860324463
2009-05-29,0.9973474261864785,0.9982634884482557,-0.0009160622617772063
2009-06-01,0.9976872039883974,0.9978419968012723,-0.00015479281287489322
2009-06-02,0.9970525984951768,0.9977259931420149,-0.0006733946468381324
2009-06-03,0.9968142309351452,0.9973862153400959,-0.000571984404950654
2009-06-04,0.9969567810622233,0.9969744697216193,-1.7688659395997952e-05
2009-06-05,0.9970670531570485,0.9964942228049932,0.0005728303520552425
2009-06-08,0.9967090759667099,0.9969744697216191,-0.00026539375490919337
2009-06-09,0.9967565783278183,0.997314247523538,-0.0005576691957197566
2009-06-10,0.9967090759667099,0.9977259931420149,-0.0010169171753050543
2009-06-11,0.9962309740157567,0.9971379002326397,-0.0009069262168830416
2009-06-12,0.9962309740157567,0.9967736569752713,-0.000542682959514651
2009-06-15,0.9962309740157567,0.9967736569752713,-0.000542682959514651
2009-06-16,0.9961233603824974,0.9969411774597111,-0.0008178170772137339
2009-06-17,0.99680689831387,0.9975292703690866,-0.0007223720552165247
2009-06-18,0.9971628270545854,0.9975880256387287,-0.0004251985841433603
2009-06-19,0.9971628270545854,0.9971190316306368,4.379542394861158e-05
2009-06-22,0.9971628270545854,0.9974205051542887,-0.0002576780997033401
2009-06-23,0.9972135687530579,0.9978419968012723,-0.0006284280482143911
2009-06-24,0.9978799723230035,0.9977832415316299,9.673079137362262e-05
2009-06-25,0.9983336923424151,0.9977259931420149,0.000607699200400158
2009-06-26,0.9983336923424151,0.9978419968012723,0.0004916955411428114
2009-06-29,0.998493227924034,0.9978419968012723,0.0006512311227617751
2009-06-30,0.9986986639044535,0.9978419968012723,0.000856667103181219
2009-07-01,0.9986467419560937,0.9978419968012723,0.000804745154821429
2009-07-02,0.9983868507586107,0.998263488448256,0.00012336231035470213
2009-07-06,0.9984387727069705,0.9985791965235002,-0.00014042381652978886
2009-07-07,0.9986986639044535,0.9981577048765167,0.000540959027936827
2009-07-08,0.9986986639044535,0.9981577048765167,0.000540959027936827
2009-07-09,0.9989308280731132,0.9985791965235002,0.00035163154961292964
2009-07-10,0.9991571038271955,0.9986364449131154,0.0005206589140800411
2009-07-13,0.9993777827278311,0.9986364449131154,0.0007413378147156369
2009-07-14,0.9992647174604549,0.9986364449131154,0.0006282725473394368
2009-07-15,0.9991051818788358,0.9986364449131154,0.00046873696572036216
2009-07-16,0.9991051818788358,0.9984310089326959,0.0006741729461399171
2009-07-17,0.9991596370958993,0.9984310089326959,0.0007286281632034042
2009-07-20,0.9987775392787894,0.9984310089326959,0.00034653034609355426
2009-07-21,0.9989333613418171,0.9984310089326959,0.0005023524091212206
2009-07-22,0.9988789061247534,0.9984310089326959,0.00044789719205751144
2009-07-23,0.9992610039418635,0.9984310089326959,0.0008299950091675834
2009-07-24,0.9991051818788358,0.9984310089326959,0.0006741729461399171
2009-07-27,0.9992647174604549,0.9986364449131154,0.0006282725473394368
2009-07-28,0.9992102622433912,0.9987887224773391,0.00042153976605208143
2009-07-29,0.9992102622433912,0.9987887224773391,0.00042153976605208143
2009-07-30,0.9991051818788358,0.9984157660124796,0.00068941586635618
2009-07-31,0.9993154591589269,0.9984157660124796,0.0008996931464473334
2009-08-03,0.9994205395234823,0.9984157660124796,0.001004773511002699
2009-08-04,0.9994205395234823,0.9984157660124796,0.001004773511002699
2009-08-05,0.9994205395234823,0.9984157660124796,0.001004773511002699
2009-08-06,0.9994205395234823,0.9985161216283437,0.0009044178951386206
2009-08-07,0.9993129258902228,0.9984665077109518,0.0008464181792710024
2009-08-10,0.9994205395234822,0.9984157660124796,0.001004773511002588
2009-08-11,0.9993673811072867,0.998084409893842,0.0012829712134447835
2009-08-12,0.9990360249886491,0.9976629182468584,0.0013731067417906972
2009-08-13,0.9991411053532042,0.9976629182468584,0.0014781871063458407
2009-08-14,0.9991411053532042,0.9976629182468584,0.0014781871063458407
2009-08-17,0.9991411053532042,0.9972204767981074,0.0019206285550967817
2009-08-18,0.9991411053532042,0.9966927275203734,0.002448377832830806
2009-08-19,0.9991411053532044,0.9966927275203732,0.00244837783283125
2009-08-20,0.9992461857177596,0.9966927275203734,0.0025534581973861714
2009-08-21,0.9995256198880377,0.9967514827900157,0.0027741370980219893
2009-08-24,0.9994724614718421,0.9965703636195993,0.0029020978522428242
2009-08-25,0.9992461857177596,0.9966927275203734,0.0025534581973861714
2009-08-26,0.9989064079158407,0.9962006721542306,0.0027057357616101507
2009-08-27,0.9989064079158407,0.9956851655622929,0.003221242353547815
2009-08-28,0.9989064079158407,0.9955040463918767,0.0034023615239640037
2009-08-31,0.9984526878964289,0.9949499707566009,0.003502717139828082
2009-09-01,0.9983500242495971,0.9945284791096173,0.0038215451399797873
2009-09-02,0.9982449438850418,0.9945284791096175,0.0037164647754243108
2009-09-03,0.9982449438850418,0.9945284791096175,0.0037164647754243108
2009-09-04,0.9985935835398981,0.9946508430103914,0.003942740529506716
2009-09-08,0.9985391283228344,0.9939844394404456,0.004554688882388858
2009-09-09,0.9984364646760024,0.9933343262619374,0.005102138414065038
2009-09-10,0.9985391283228344,0.9926541575544682,0.005884970768366249
2009-09-11,0.9985391283228344,0.9932422504638432,0.005296877858991245
2009-09-14,0.9987494056029256,0.9940482321929917,0.004701173409933923
2009-09-15,0.9990360249886491,0.9934601392836162,0.005575885705032868
2009-09-16,0.9993673811072867,0.9934601392836162,0.005907241823670528
2009-09-17,0.9994205395234822,0.9940482321929917,0.005372307330490544
2009-09-18,0.9995256198880376,0.9946508430103914,0.0048747768776461475
2009-09-21,0.999472461471842,0.9945284791096175,0.004943982362224486
2009-09-22,0.9993673811072867,0.993722497380469,0.0056448837268177066
2009-09-23,0.9993673811072867,0.9934119159139558,0.0059554651933309
2009-09-24,0.9992078455256678,0.9940145267313557,0.005193318794312063
2009-09-25,0.9992078455256678,0.9946980646627283,0.004509780862939516
2009-09-28,0.9994804463746632,0.9955040463918767,0.003976399982786427
2009-09-29,0.9992143522168107,0.9955040463918767,0.003710305824933924
2009-09-30,0.9992143522168107,0.9955040463918767,0.003710305824933924
2009-10-01,0.9990548166351916,0.9949499707566011,0.004104845878590502
2009-10-02,0.9987822157861962,0.9955040463918767,0.0032781693943194634
2009-10-05,0.9989975682455764,0.9960581220271524,0.0029394462184240133
2009-10-06,0.9991571038271954,0.9962006721542306,0.0029564316729647766
2009-10-07,0.9991571038271954,0.9958277156893712,0.0033293881378241297
2009-10-08,0.9992647174604549,0.9958277156893712,0.0034370017710836365
2009-10-09,0.9992647174604549,0.9952251048719712,0.004039612588483621
2009-10-12,0.9992647174604549,0.9952251048719712,0.004039612588483621
2009-10-13,0.9992647174604549,0.9952251048719715,0.004039612588483399
2009-10-14,0.9992647174604549,0.9952251048719715,0.004039612588483399
2009-10-15,0.9992647174604549,0.9952251048719712,0.004039612588483621
2009-10-16,0.9991051818788358,0.9952251048719712,0.0038800770068645463
2009-10-19,0.9992078455256678,0.9946973555942372,0.00451048993143055
2009-10-20,0.9991571038271955,0.9947448579553454,0.0044122458718500734
2009-10-21,0.9991051818788359,0.9947448579553454,0.004360323923490506
2009-10-22,0.9988257477085578,0.9946973555942372,0.004128392114320589
2009-10-23,0.9987253920926937,0.9945749916934631,0.004150400399230647
2009-10-26,0.998833005725953,0.9945111989409172,0.004321806785035798
2009-10-27,0.998833005725953,0.995129067328739,0.003703938397214057
2009-10-28,0.9986734701443339,0.9949479481583227,0.003725521986011282
2009-10-29,0.9985658565110748,0.9947557841138525,0.0038100723972223083
2009-10-30,0.9989975682455767,0.9951675297323295,0.003830038513247258
2009-11-02,0.9989975682455767,0.9958641554946832,0.003133412750893516
2009-11-03,0.9992078455256678,0.9955980613368308,0.003609784188836951
2009-11-04,0.9989417513678153,0.9949479481583225,0.003993803209492719
2009-11-05,0.9987822157861962,0.9941875296434227,0.004594686142773474
2009-11-06,0.9987822157861964,0.9941875296434227,0.004594686142773696
2009-11-09,0.9987822157861962,0.9940954538453285,0.004686761940867701
2009-11-10,0.9987822157861962,0.9944596971026969,0.00432251868349931
2009-11-11,0.9989975682455766,0.9952018860792996,0.0037956821662770146
2009-11-12,0.9989975682455766,0.9954121633593909,0.00358540488618575
2009-11-13,0.9987822157861962,0.9946699743827883,0.004112241403407935
2009-11-16,0.9987822157861962,0.9946699743827883,0.004112241403407935
2009-11-17,0.9987822157861962,0.9946699743827883,0.004112241403407935
2009-11-18,0.9984588732387287,0.994669974382788,0.003788898855940692
2009-11-19,0.9981431651634842,0.9948095525419909,0.0033336126214933426
2009-11-20,0.9978198226160168,0.9946800902458941,0.003139732370122661
2009-11-23,0.9981431651634842,0.9951037369797836,0.003039428183700621
2009-11-24,0.9977610673463744,0.9945992752618996,0.003161792084474757
2009-11-25,0.9981431651634844,0.9951037369797836,0.003039428183700843
2009-11-27,0.9981927790808762,0.9954121633593906,0.00278061572148558
2009-11-30,0.9981927790808762,0.9960467688526117,0.00214601022826455
2009-12-01,0.9980767754216185,0.9965642816245691,0.00151249379704943
2009-12-02,0.9984588732387285,0.9967697176049883,0.0016891556337401692
2009-12-03,0.9984588732387285,0.9968657551482207,0.0015931180905077724
2009-12-04,0.9980767754216188,0.9961518492171667,0.0019249262044520599
2009-12-07,0.9984588732387287,0.9960467688526115,0.0024121043861172753
2009-12-08,0.9980767754216188,0.9955061783043448,0.0025705971172739206
2009-12-09,0.9984588732387285,0.9951037369797836,0.003355136258944902
2009-12-10,0.9987822157861962,0.9951675297323292,0.0036146860538669445
2009-12-11,0.9984588732387285,0.9951675297323292,0.003291343506399258
2009-12-14,0.99866915051882,0.9951675297323292,0.0035016207864907445
2009-12-15,0.9982870527017098,0.9953270653139483,0.002959987387761487
2009-12-16,0.9986103952491774,0.9959296761313481,0.0026807191178293
2009-12-17,0.9985100396333133,0.9962776622388456,0.0022323773944676883
2009-12-18,0.9986103952491774,0.9959828345475439,0.0026275607016335023
2009-12-21,0.9984428747647375,0.9959828345475439,0.002460040217193593
2009-12-22,0.998237438784318,0.9955810364764919,0.0026564023078261556
2009-12-23,0.9983505040516942,0.9953270653139483,0.0030234387377459093
2009-12-24,0.9983505040516945,0.9951874871547457,0.003163016896948756
2009-12-28,0.9982997623532222,0.9954759561119365,0.0028238062412856424
2009-12-29,0.9981234150623238,0.9951675297323295,0.0029558853299943566
2009-12-30,0.9983336923424151,0.9958641554946834,0.002469536847731657
2009-12-31,0.9981848015444271,0.9958641554946834,0.002320646049743691
2010-01-04,0.9981848015444269,0.9951675297323295,0.003017271812097433
2010-01-05,0.9987253920926937,0.9953270653139483,0.0033983267787454086
2010-01-06,0.9987253920926937,0.9946131593828943,0.004112232709799435
2010-01-07,0.9989308280731132,0.9941651548440844,0.004765673229028766
2010-01-08,0.9990468317323705,0.9945210835847998,0.004525748147570674
2010-01-11,0.9989417513678149,0.9946131593828942,0.004328591984920749
2010-01-12,0.9989417513678153,0.9943183316915924,0.0046234196762228175
2010-01-13,0.9989417513678153,0.993446680418893,0.00549507094892232
2010-01-14,0.9989417513678153,0.9930342480114909,0.005907503356324395
2010-01-15,0.9989417513678152,0.9926406986897445,0.006301052678070684
2010-01-19,0.9989417513678153,0.9926406986897447,0.006301052678070573
2010-01-20,0.9985596535507053,0.9926406986897445,0.0059189548609608345
2010-01-21,0.9985596535507053,0.991656735459634,0.006902918091071353
2010-01-22,0.9982997623532223,0.9906966561719307,0.0076031061812915635
2010-01-25,0.998084409893842,0.9897126929418202,0.008371716952021768
2010-01-26,0.9981431651634842,0.9890439972569044,0.00909916790657983
2010-01-27,0.998192779080876,0.9885075647030908,0.009685214377785245
2010-01-28,0.9978198226160168,0.9879464826514339,0.009873339964582839
2010-01-29,0.9977610673463743,0.9878744558823706,0.009886611464003714
2010-02-01,0.9977610673463744,0.9878744558823706,0.009886611464003825
2010-02-02,0.9981431651634842,0.9877149203007517,0.010428244862732527
2010-02-03,0.9981431651634842,0.9876719860675246,0.010471179095959626
2010-02-04,0.9977114534289825,0.9863429578666402,0.011368495562342318
2010-02-05,0.9977610673463743,0.9857507084350652,0.012010358911309083
2010-02-08,0.9981340238112337,0.986161921998294,0.011972101812939728
2010-02-09,0.9981340238112337,0.9861619219982938,0.01197210181293995
2010-02-10,0.9979576765203356,0.9861619219982938,0.011795754522041846
2010-02-11,0.9979080626029436,0.9872325956494447,0.010675466953498969
2010-02-12,0.9981183398830349,0.9878248450810196,0.010293494802015246
2010-02-16,0.9976968482360513,0.9878248450810196,0.009872003155031672
2010-02-17,0.9974865709559602,0.9878248450810196,0.009661725874940519
2010-02-18,0.9979080626029436,0.9878248450810195,0.010083217521924093
2010-02-19,0.9979080626029436,0.9878248450810195,0.010083217521924093
2010-02-22,0.9979576765203354,0.9878248450810195,0.01013283143931587
2010-02-23,0.9976419684450911,0.9874557555740702,0.01018621287102095
2010-02-24,0.9972690119802317,0.9874986898072973,0.009770322172934387
2010-02-25,0.9970306444202003,0.9878248450810196,0.009205799339180643
2010-02-26,0.9969324953206845,0.9887411481809095,0.008191347139774985
2010-03-01,0.9964522484040584,0.9899851180922877,0.006467130311770708
2010-03-02,0.9960942712137199,0.9890176895372401,0.007076581676479732
2010-03-03,0.9958978780546233,0.9884692162934784,0.007428661761144872
2010-03-04,0.9958978780546233,0.9875091370057753,0.008388741048848014
2010-03-05,0.9962558552449619,0.9884765655608229,0.00777928968413899
2010-03-08,0.9964047460429502,0.9890688149923978,0.007335931050552302
2010-03-09,0.9965207497022075,0.9897027390063785,0.006818010695828991
2010-03-10,0.9966431136029814,0.9899122010932092,0.006730912509772202
2010-03-11,0.996319771055514,0.9899122010932092,0.006407569962304738
2010-03-12,0.9963197710555137,0.9899122010932092,0.006407569962304516
2010-03-15,0.9961772209284356,0.9908285041930991,0.005348716735336545
2010-03-16,0.9957455091939339,0.9915491218263748,0.004196387367559118
2010-03-17,0.9963801146871547,0.9918822426107563,0.0044978720763984015
2010-03-18,0.9964761522303872,0.9918822426107563,0.004593909619630909
2010-03-19,0.9963801146871545,0.9918375907835658,0.004542523903588669
2010-03-22,0.9963801146871545,0.9913337693669945,0.005046345320160017
2010-03-23,0.9963197710555137,0.9914014294972151,0.004918341558298622
2010-03-24,0.9956851655622931,0.9909659395108664,0.004719226051426717
2010-03-25,0.9961276070110439,0.9913337693669945,0.004793837644049392
2010-03-26,0.9961276070110439,0.992317732597105,0.003809874413938874
2010-03-29,0.9961276070110439,0.9931893838698043,0.002938223141239593
2010-03-30,0.9961276070110439,0.9928215540136763,0.0033060529973675257
2010-03-31,0.995939493669717,0.9918375907835658,0.004101902886151199
2010-04-01,0.9955077819352152,0.9913337693669945,0.0041740125682206974
2010-04-05,0.9961276070110437,0.992317732597105,0.003809874413938763
2010-04-06,0.996319771055514,0.9928215540136763,0.0034982170418376146
2010-04-07,0.9961772209284356,0.9928215540136763,0.0033556669147593032
2010-04-08,0.9962375645600766,0.9918822426107563,0.004355321949320312
2010-04-09,0.9966196623771865,0.992317732597105,0.0043019297800814815
2010-04-12,0.9971939242387665,0.9928215540136763,0.004372370225090183
2010-04-13,0.9970017601942964,0.9928215540136763,0.004180206180620094
2010-04-14,0.9966196623771866,0.9918822426107561,0.004737419766430495
2010-04-15,0.9966196623771865,0.9916161484529036,0.0050035139242828874
2010-04-16,0.9966196623771866,0.9916161484529036,0.0050035139242829985
2010-04-19,0.9970017601942964,0.9916161484529036,0.005385611741392848
2010-04-20,0.9970017601942966,0.992317732597105,0.0046840275971916645
2010-04-21,0.9975760220558765,0.9919499027409769,0.005626119314899536
2010-04-22,0.9978486229048716,0.9918822426107561,0.005966380294115559
2010-04-23,0.998121223753867,0.992317732597105,0.005803491156762042
2010-04-26,0.9976057171619295,0.9919499027409769,0.005655814420952532
2010-04-27,0.9969858920861008,0.9909659395108662,0.006019952575234577
2010-04-28,0.9969339701377412,0.9906328187264849,0.006301151411256312
2010-04-29,0.9969339701377412,0.9906328187264848,0.006301151411256423
2010-04-30,0.9966545359674633,0.9901415118623745,0.006513024105088805
2010-05-03,0.9969339701377412,0.989605079308561,0.007328890829180201
2010-05-04,0.9968179664784839,0.9890439972569044,0.007773969221579469
2010-05-05,0.9970442422325663,0.989605079308561,0.00743916292400526
2010-05-06,0.9971493225971216,0.9901415118623745,0.0070078107347471
2010-05-07,0.9973168430815615,0.9906328187264849,0.006684024355076645
2010-05-10,0.9973755983512039,0.9906328187264849,0.006742779624719031
2010-05-11,0.9973755983512039,0.9904174662671047,0.006958132084099233
2010-05-12,0.9975962772518395,0.9914014294972151,0.006194847754624422
2010-05-13,0.9975962772518395,0.9916167819565953,0.005979495295244219
2010-05-14,0.997158076102903,0.9915283539415916,0.005629722161311412
2010-05-17,0.997047804008078,0.9911879630360411,0.005859840972036956
2010-05-18,0.9974860051570145,0.9916167819565956,0.005869223200418827
2010-05-19,0.9979898265735859,0.9925330850564854,0.005456741517100516
2010-05-20,0.9978263960625651,0.9929810895952951,0.004845306467269994
2010-05-21,0.9975469618922872,0.9920417781923752,0.005505183699912042
2010-05-24,0.9977103924033078,0.9918822426107561,0.005828149792551751
2010-05-25,0.9977103924033078,0.9918822426107561,0.005828149792551751
2010-05-26,0.9977103924033078,0.9918822426107561,0.005828149792551751
2010-05-27,0.9977103924033078,0.9918822426107561,0.005828149792551751
2010-05-28,0.9977103924033078,0.9918822426107561,0.005828149792551751
2010-06-01,0.9977103924033078,0.9918822426107561,0.005828149792551751
2010-06-02,0.9977103924033078,0.9918822426107561,0.005828149792551751
2010-06-03,0.9977103924033078,0.9918822426107561,0.005828149792551751
2010-06-04,0.9977103924033078,0.9909659395108662,0.0067444528924416325
2010-06-07,0.9978738229143284,0.9908285041930991,0.007045318721229266
2010-06-08,0.9981000986684109,0.9913337693669945,0.006766329301416407
2010-06-09,0.9981573470580261,0.9915714966257133,0.006585850432312745
2010-06-10,0.9981573470580261,0.9913337693669945,0.00682357769103159
2010-06-11,0.9986156052603484,0.9916161484529036,0.006999456807444848
2010-06-14,0.9981000986684109,0.9906998453530137,0.007400253315397176
2010-06-15,0.9979366681573902,0.9896461069353566,0.008290561222033643
2010-06-16,0.9978263960625653,0.9887531069171536,0.009073289145411723
2010-06-17,0.9978263960625653,0.989436644848526,0.008389751214039287
2010-06-18,0.9979366681573901,0.9905624100352466,0.00737425812214354
2010-06-21,0.9977103924033078,0.9901945801791183,0.007515812224189511
2010-06-22,0.9972065709867366,0.9890688149923976,0.008137755994338969
2010-06-23,0.9969339701377412,0.9878248450810195,0.009109125056721679
2010-06-24,0.9969339701377412,0.9878248450810195,0.009109125056721679
2010-06-25,0.9971716973964599,0.9867541714298685,0.010417525966591401
2010-06-28,0.9976299555987824,0.9864384633546243,0.011191492244158163
2010-06-29,0.9974377915543126,0.9853409487491539,0.012096842805158659
2010-06-30,0.9976640673083947,0.9857889655334343,0.011875101774960428
2010-07-01,0.9976053120387526,0.9859354208393423,0.01166989119941031
2010-07-02,0.9976053120387526,0.9859354208393423,0.01166989119941031
2010-07-06,0.9969251433312829,0.9846808211753022,0.012244322155980703
2010-07-07,0.9966018007838154,0.9846808211753022,0.011920979608513238
2010-07-08,0.9964299802467966,0.9842005742586764,0.012229405988120279
2010-07-09,0.9957051597121366,0.9842426983149556,0.01146246139718099
2010-07-12,0.9951687271583233,0.9839296338512429,0.011239093307080394
2010-07-13,0.9951687271583228,0.9839296338512431,0.011239093307079728
2010-07-14,0.9951687271583233,0.9843613455857446,0.010807381572578656
2010-07-15,0.995168727158323,0.9856159452497846,0.009552781908538477
2010-07-16,0.9947996376513737,0.9863083773042016,0.00849126034717207
2010-07-19,0.9945335434935212,0.9859392877972523,0.008594255696268926
2010-07-20,0.994471523224388,0.9871517634050131,0.007319759819374938
2010-07-21,0.9941849038386648,0.987786947069815,0.0063979567688498
2010-07-22,0.9939794678582452,0.9873671158643932,0.006612351993852017
2010-07-23,0.9946146515230474,0.9877440128365879,0.00687063868645954
2010-07-26,0.9946146515230474,0.9887977512542451,0.0058169002688023275
2010-07-27,0.9946146515230474,0.9892457557930551,0.005368895729992329
2010-07-28,0.9942951759334896,0.9893771180412858,0.0049180578922037865
2010-07-29,0.9939794678582452,0.9900279604870149,0.0039515073712302895
2010-07-30,0.9936773075456681,0.9911254750924853,0.0025518324531828007
2010-08-02,0.9933130642882997,0.9917243955898548,0.0015886686984448728
2010-08-03,0.9938379758582765,0.9921179449116008,0.0017200309466757213
2010-08-04,0.9947323856024288,0.9929440329700517,0.0017883526323770882
2010-08-05,0.9949331983487767,0.9933290757027928,0.0016041226459838631
2010-08-06,0.995114317519193,0.9930342480114909,0.0020800695077021203
2010-08-09,0.995839138053853,0.9929440329700517,0.002895105083801308
2010-08-10,0.9959394936697171,0.9933290757027928,0.0026104179669242944
2010-08-11,0.9952750167666979,0.9929810895952951,0.0022939271714028653
2010-08-12,0.9955077819352152,0.9928908745538559,0.0026169073813592236
2010-08-13,0.9961276070110439,0.993670450028461,0.0024571569825828643
2010-08-16,0.9961276070110439,0.9945210835847998,0.001606523426244011
2010-08-17,0.9961276070110439,0.9948152680225926,0.0013123389884512893
2010-08-18,0.99562314529316,0.9952632725614025,0.00035987273175752676
2010-08-19,0.9950033202173313,0.9946131593828943,0.00039016083443699223
2010-08-20,0.9955077819352154,0.9950787502064921,0.00042903172872332807
2010-08-23,0.9953854180344412,0.99466631779909,0.0007191002353512665
2010-08-24,0.9955077819352154,0.9943183316915922,0.001189450243623158
2010-08-25,0.9953854180344412,0.9943183316915922,0.0010670863428490218
2010-08-26,0.995716774153079,0.9943183316915922,0.001398442461486793
2010-08-27,0.9958563523122816,0.9942727684773436,0.0015835838349380627
2010-08-30,0.996099258055224,0.9945742420009953,0.0015250160542287228
2010-08-31,0.9967018688726238,0.9953802237301438,0.0013216451424800102
2010-09-01,0.9967018688726238,0.9953802237301438,0.0013216451424800102
2010-09-02,0.9966431136029814,0.9949146329065462,0.001728480696435164
2010-09-03,0.99703481335326,0.9953164309775981,0.0017183823756619088
2010-09-07,0.9971351689691239,0.995517243723946,0.001617925245177898
2010-09-08,0.9971939242387663,0.9961518492171667,0.0010420750215995866
2010-09-09,0.9976629182468584,0.9961518492171667,0.0015110690296916696
2010-09-10,0.9976629182468584,0.9961518492171667,0.0015110690296916696
2010-09-13,0.9976629182468584,0.9966174400407646,0.0010454782060937973
2010-09-14,0.9972204767981077,0.9968657551482208,0.0003547216498868133
2010-09-15,0.9975438193455751,0.9971451893184988,0.0003986300270762966
2010-09-16,0.9972204767981077,0.9968657551482208,0.0003547216498868133
2010-09-17,0.9975438193455751,0.9970920309023033,0.0004517884432718722
2010-09-20,0.9979862607943258,0.9976946417197031,0.00029161907462271763
2010-09-21,0.9979862607943258,0.9976946417197033,0.0002916190746224956
2010-09-22,0.9979862607943261,0.9972143948030773,0.000771865991248788
2010-09-23,0.9977898676352294,0.9965642816245691,0.0012255860106602512
2010-09-24,0.9973981678849508,0.9958978780546233,0.0015002898303275725
2010-09-27,0.997613520344331,0.9958978780546233,0.001715642289707775
2010-09-28,0.9980252659628078,0.9964256273323574,0.0015996386304504284
2010-09-29,0.9983336923424153,0.9965745181303459,0.001759174212069392
2010-09-30,0.9981848015444271,0.9960942712137199,0.0020905303307072742
2010-10-01,0.9977310815250151,0.9953146957391149,0.002416385785900199
2010-10-04,0.9972135687530579,0.99541977610367,0.0017937926493878376
2010-10-05,0.9971628270545854,0.9953257611587161,0.0018370658958692943
2010-10-06,0.9970525549597605,0.9949340614084374,0.0021184935513230974
2010-10-07,0.9966847251036323,0.9947851706104492,0.00189955449318302
2010-10-08,0.9972159854707812,0.9946455924512466,0.002570393019534545
2010-10-11,0.997416798217129,0.9947459480671107,0.0026708501500183335
2010-10-12,0.99762707549722,0.9954261167745801,0.002200958722639812
2010-10-13,0.998092666320818,0.9960092990900887,0.002083367230729216
2010-10-14,0.9982449438850418,0.9961119627369207,0.0021329811481211047
2010-10-15,0.9981445882691776,0.9966862245985003,0.0014583636706773095
2010-10-18,0.998092666320818,0.9971518154220984,0.0009408508987195363
2010-10-19,0.9982449438850418,0.9971518154220982,0.0010931284629436266
2010-10-20,0.9982449438850418,0.9971518154220984,0.0010931284629434046
2010-10-21,0.9982449438850417,0.9972037373704582,0.0010412065145835037
2010-10-22,0.9982449438850417,0.9972037373704582,0.0010412065145835037
2010-10-25,0.9982449438850417,0.9966862245985003,0.001558719286541388
2010-10-26,0.9982449438850417,0.996634302650141,0.0016106412349007337
2010-10-27,0.9981445882691776,0.996779954110765,0.001364634158412592
2010-10-28,0.9979437755228296,0.9964784805871132,0.0014652949357164546
2010-10-29,0.9977842399412108,0.9960963827700032,0.001687857171207563
2010-11-01,0.997318649117613,0.9964784805871132,0.0008401685304998407
2010-11-02,0.9972159854707812,0.9970467350575432,0.00016925041323800905
2010-11-03,0.997318649117613,0.9971923865181674,0.00012626259944559237
2010-11-04,0.9972159854707812,0.997046735057543,0.00016925041323812007
2010-11-05,0.9970525549597605,0.9971923865181673,-0.00013983155840679995
2010-11-08,0.9967510814361086,0.9969821092380761,-0.00023102780196748718
2010-11-09,0.9962355748441711,0.9965503975035743,-0.0003148226594031911
2010-11-10,0.9959756836466881,0.9961386518850975,-0.0001629682384094444
2010-11-11,0.9960760392625522,0.9962346894283299,-0.0001586501657777628
2010-11-12,0.9952043879898529,0.9955682858583842,-0.00036389786853130435
2010-11-15,0.9948886799146085,0.9950992918502924,-0.00021061193568394643
2010-11-16,0.9953925013311796,0.9955207834972759,-0.00012828216609628296
2010-11-17,0.9954865162761336,0.9953782333701978,0.00010828290593578593
2010-11-18,0.9962185893896304,0.9955040463918767,0.0007145429977536422
2010-11-19,0.9955846653756495,0.9948376428219312,0.0007470225537182795
2010-11-22,0.9956419137652647,0.9948861780040551,0.000755735761209575
2010-11-23,0.9955846653756497,0.9942835671866553,0.0013010981889943762
2010-11-24,0.9952204221182811,0.993722497380469,0.001497924737812073
2010-11-26,0.9952689573004052,0.9930560938105234,0.002212863489881811
2010-11-29,0.9948907157036715,0.9929904242669723,0.0019002914366992307
2010-11-30,0.9952064237789158,0.9924626749892381,0.002743748789677647
2010-12-01,0.995253926140024,0.9922784450028449,0.002975481137179048
2010-12-02,0.9953024613221481,0.9923686600442841,0.002933801277863912
2010-12-03,0.9952064237789155,0.9924626749892381,0.002743748789677425
2010-12-06,0.9952064237789158,0.992462674989238,0.002743748789677758
2010-12-07,0.9952064237789158,0.9932048639658406,0.002001559813075149
2010-12-08,0.995416701059007,0.9932048639658406,0.0022118370931664133
2010-12-09,0.9957324091342513,0.9939844394404458,0.001747969693805529
2010-12-10,0.9957324091342514,0.9947448579553454,0.000987551178906032
2010-12-13,0.9957324091342514,0.9947448579553454,0.000987551178906032
2010-12-14,0.9957324091342513,0.9947448579553454,0.000987551178905921
2010-12-15,0.99552213185416,0.9947448579553454,0.0007772738988146566
2010-12-16,0.99552213185416,0.9947448579553454,0.0007772738988146566
2010-12-17,0.9947011586050204,0.9940309520242911,0.000670206580729249
2010-12-20,0.9942429004026979,0.9940309520242911,0.00021194837840676772
2010-12-21,0.9939271923274534,0.994697355594237,-0.0007701632667835856
2010-12-22,0.9939271923274535,0.9946508430103914,-0.000723650682937893
2010-12-23,0.9939271923274535,0.9940482321929917,-0.00012103986553813062
2010-12-27,0.9935057006804701,0.9945284791096173,-0.0010227784291472197
2010-12-28,0.9929284087375112,0.9946508430103914,-0.0017224342728802133
2010-12-29,0.9929856571271262,0.9945250299887126,-0.0015393728615864521
2010-12-30,0.9929856571271262,0.9951914335586582,-0.0022057764315320805
2010-12-31,0.9928460789679235,0.9957656954202381,-0.002919616452314533
2011-01-03,0.99242458732094,0.9961974071547398,-0.0037728198337998453
2011-01-04,0.9917728668411366,0.9967514827900157,-0.0049786159488790505
2011-01-05,0.9921458233059961,0.9972204767981077,-0.005074653492111558
2011-01-06,0.9923339366473231,0.9976629182468583,-0.00532898159953521
2011-01-07,0.9927921948496454,0.9978782707062386,-0.005086075856593153
2011-01-10,0.9938081585868173,0.9982016132537063,-0.004393454666889007
2011-01-11,0.9947011586050204,0.9985658565110747,-0.0038646979060542597
2011-01-12,0.9956181693973927,0.9986734701443339,-0.0030553007469412696
2011-01-13,0.9958780605948757,0.9990048262629715,-0.0031267656680957767
2011-01-14,0.9958780605948757,0.9992647174604549,-0.003386656865579152
2011-01-18,0.9958780605948757,0.9990592814800354,-0.003181220885159708
2011-01-19,0.9955221318541603,0.9990592814800354,-0.0035371496258751467
2011-01-20,0.9957324091342513,0.9991124398962311,-0.003380030761979791
2011-01-21,0.9964339932784528,0.9993178758766502,-0.002883882598197385
2011-01-24,0.9970171755939613,0.9992647174604549,-0.002247541866493563
2011-01-25,0.9967510814361088,0.9992647174604549,-0.0025136360243460665
2011-01-26,0.9965915458544897,0.9992647174604549,-0.002673171605965141
2011-01-27,0.995908007923117,0.999112439896231,-0.0032044319731140414
2011-01-28,0.995765457796039,0.9993178758766502,-0.0035524180806112415
2011-01-31,0.995957621840509,0.9993178758766502,-0.0033602540361412636
2011-02-01,0.9967371973151139,0.9992102622433912,-0.0024730649282772577
2011-02-02,0.9970032914729666,0.9993777827278311,-0.0023744912548644415
2011-02-03,0.9972135687530579,0.999480446374663,-0.0022668776216051567
2011-02-04,0.9971628270545854,0.9993209107930443,-0.002158083738458938
2011-02-07,0.9972135687530579,0.999270169094572,-0.0020566003415141143
2011-02-08,0.9971628270545854,0.9992182471462122,-0.0020554200916268472
2011-02-09,0.9970171755939613,0.9991051818788359,-0.0020880062848745995
2011-02-10,0.9970703340101567,0.9989417513678152,-0.0018714173576585003
2011-02-11,0.997372494322734,0.9988413957519512,-0.0014689014292171843
2011-02-14,0.9972166722597064,0.9987894738035913,-0.0015728015438848386
2011-02-15,0.996701165667769,0.9985631980495091,-0.0018620323817400974
2011-02-16,0.9969959933590709,0.9986734701443342,-0.00167747678526331
2011-02-17,0.9970920309023033,0.9984631928642429,-0.0013711619619396487
2011-02-18,0.996843715794847,0.9984073759864814,-0.0015636601916344528
2011-02-22,0.996701165667769,0.998563198049509,-0.0018620323817399864
2011-02-23,0.9970491517752665,0.998563198049509,-0.0015140462742424532
2011-02-24,0.9973977914301227,0.998563198049509,-0.0011654066193862445
2011-02-25,0.9978402328788737,0.9984143072515208,-0.0005740743726471154
2011-02-28,0.9983092268869656,0.9983092268869656,0.0
2011-03-01,0.9980077533633138,0.9981417064025254,-0.0001339530392115984
2011-03-02,0.9977211339775905,0.9983425191488734,-0.0006213851712828511
2011-03-03,0.9978402328788737,0.9978019286006066,3.830427826712057e-05
2011-03-04,0.9979532981462499,0.9981417064025254,-0.0001884082562755296
2011-03-07,0.9973186926530292,0.9983425191488734,-0.0010238264958442045
2011-03-08,0.9970980137523936,0.9986151199978687,-0.001517106245475075
2011-03-09,0.9972901777968635,0.998563198049509,-0.0012730202526455292
2011-03-10,0.9972901777968635,0.9985100396333135,-0.0012198618364500646
2011-03-11,0.9972901777968635,0.9988257477085576,-0.0015355699116941235
2011-03-14,0.9967361021615877,0.9988257477085578,-0.002089645546970109
2011-03-15,0.9961618403000079,0.9988257477085578,-0.002663907408549937
2011-03-16,0.9961618403000079,0.9988257477085578,-0.002663907408549937
2011-03-17,0.9961618403000079,0.9988257477085578,-0.002663907408549937
2011-03-18,0.9967159159352837,0.9988257477085576,-0.0021098317732738403
2011-03-21,0.9973505214285046,0.9985935835398981,-0.001243062111393578
2011-03-22,0.9974665250877618,0.9988257477085576,-0.001359222620795797
2011-03-23,0.9972901777968635,0.9989852832901768,-0.0016951054933133092
2011-03-24,0.9972901777968635,0.9989852832901768,-0.0016951054933133092
2011-03-25,0.9977326192456144,0.998493227924034,-0.0007606086784196497
2011-03-28,0.9982016132537063,0.998493227924034,-0.00029161467032778887
2011-03-29,0.9982016132537063,0.998493227924034,-0.00029161467032778887
2011-03-30,0.9982016132537063,0.9982924151776861,-9.08019239798108e-05
2011-03-31,0.9982016132537063,0.9978386951582745,0.00036291809543176345
2011-04-01,0.9982016132537063,0.9979437755228296,0.00025783773087662
2011-04-04,0.998201613253706,0.9975878467821142,0.0006137664715918367
2011-04-05,0.9977591718049553,0.997482766417559,0.0002764053873963723
2011-04-06,0.9976135203443313,0.9971247892272204,0.0004887311171108966
2011-04-07,0.9976135203443313,0.9976423019991779,-2.8781654846654625e-05
2011-04-08,0.9973186926530293,0.997482766417559,-0.00016407376452964861
2011-04-11,0.9970980137523936,0.9977310815250153,-0.0006330677726217315
2011-04-12,0.9976135203443313,0.9981848015444269,-0.0005712812000956413
2011-04-13,0.9973981678849508,0.9981848015444269,-0.0007866336594760659
2011-04-14,0.9973981678849508,0.9978288728037115,-0.0004307049187606271
2011-04-15,0.9977898676352295,0.9975346883659186,0.00025517926931084567
2011-04-18,0.9977326192456144,0.9979364864369707,-0.0002038671913563439
2011-04-19,0.9979532981462499,0.9978262143421458,0.00012708380410408893
2011-04-20,0.9984810474239842,0.9975878467821143,0.000893200641869929
2011-04-21,0.9986818601703323,0.9979896448531662,0.0006922153171661227
2011-04-25,0.9985329693723439,0.9979364864369707,0.0005964829353731771
2011-04-26,0.9982016132537063,0.9978262143421458,0.000375398911560465
2011-04-27,0.9979862607943258,0.9971295885797918,0.0008566722145340044
2011-04-28,0.997517266786234,0.9970245082152365,0.0004927585709975091
2011-04-29,0.9972743610432918,0.9964562537448066,0.0008181072984851934
2011-05-02,0.9966545359674633,0.9962508177643875,0.0004037182030758313
2011-05-03,0.9960488143340864,0.9955187446508906,0.0005300696831957996
2011-05-04,0.9960488143340864,0.9951628159101753,0.0008859984239111274
2011-05-05,0.9960488143340864,0.9946473093182376,0.0014015050158487918
2011-05-06,0.9963282485043644,0.9949952954257352,0.0013329530786292398
2011-05-09,0.9962091496030813,0.9950525438153504,0.0011566057877309133
2011-05-10,0.9960931459438236,0.9946170538290012,0.0014760921148223582
2011-05-11,0.996757622846843,0.9955108020176727,0.0012468208291702698
2011-05-12,0.9971493225971214,0.9956210741124977,0.0015282484846237399
2011-05-13,0.9968698884268435,0.9956210741124977,0.0012488143143458696
2011-05-16,0.9961450678921834,0.9956210741124977,0.0005239937796857053
2011-05-17,0.995753368141905,0.9951297672483875,0.0006236008935174286
2011-05-18,0.9959129037235238,0.9950753120313238,0.0008375916921999904
2011-05-19,0.995912903723524,0.9950753120313238,0.0008375916922002125
2011-05-20,0.9950822867319177,0.9946170538290012,0.0004652329029164459
2011-05-23,0.9945029199448769,0.994524978030907,-2.205808603006343e-05
2011-05-24,0.9942875674854967,0.994524978030907,-0.00023741054541026596
2011-05-25,0.9940491999254654,0.993856282345991,0.00019291757947437205
2011-05-26,0.9944690311308869,0.9941447513031818,0.00032427982770510955
2011-05-27,0.9940491999254654,0.9938786571453293,0.0001705427801360626
2011-05-31,0.9940491999254654,0.9939271923274534,0.00012200759801195282
2011-06-01,0.9949227511502986,0.9948907157036715,3.203544662711e-05
2011-06-02,0.9949227511502987,0.9948907157036715,3.203544662722102e-05
2011-06-03,0.9947073986909184,0.9948421805215472,-0.0001347818306287607
2011-06-06,0.9948885178613346,0.9947481655765932,0.00014035228474140737
2011-06-07,0.9948885178613346,0.9947481655765932,0.00014035228474140737
2011-06-08,0.9948885178613346,0.9947481655765932,0.00014035228474140737
2011-06-09,0.9952146731350571,0.9952064237789158,8.249356141298847e-06
2011-06-10,0.995657114583808,0.9956419137652647,1.5200818543337213e-05
2011-06-13,0.995657114583808,0.9959576218405091,-0.0003005072567010547
2011-06-14,0.9955380156825248,0.9956419137652647,-0.00010389808273991719
2011-06-15,0.9956571145838078,0.9963254516966371,-0.0006683371128293203
2011-06-16,0.9956571145838078,0.995957621840509,-0.00030050725670116574
2011-06-17,0.995939493669717,0.9960536593837415,-0.00011416571402445008
2011-06-20,0.995939493669717,0.9956321677367579,0.0003073259329591238
2011-06-21,0.9962628362171845,0.9947849321319322,0.0014779040852522796
2011-06-22,0.9966545359674633,0.9951044184590236,0.0015501175084396968
2011-06-23,0.996985892086101,0.9953146957391147,0.0016711963469863145
2011-06-24,0.9972743610432918,0.9960467688526115,0.00122759219068036
2011-06-27,0.9969430049246542,0.9962185893896303,0.0007244155350238923
2011-06-28,0.9969430049246543,0.9962185893896303,0.0007244155350240034
2011-06-29,0.997274361043292,0.9967361021615877,0.0005382588817043343
2011-06-30,0.9978486229048719,0.9965642816245691,0.0012843412803027476
2011-07-01,0.9980639753642521,0.9965642816245689,0.0014996937396831722
2011-07-05,0.9982846542648878,0.9969660796956209,0.0013185745692668727
2011-07-06,0.9982846542648878,0.9971715156760402,0.0011131385888475398
2011-07-07,0.9984810474239842,0.9969793516315704,0.0015016957924138818
2011-07-08,0.9986963998833646,0.9969793516315704,0.0017170482517941954
2011-07-11,0.9983949263597128,0.9965369101828196,0.0018580161768931847
2011-07-12,0.9985913195188094,0.9968235295685428,0.0017677899502666072
2011-07-13,0.9988997458984165,0.9960813405919401,0.002818405306476368
2011-07-14,0.9990592814800354,0.9961433608610732,0.0029159206189621756
2011-07-15,0.9991723467474116,0.996823529568543,0.0023488171788685897
2011-07-18,0.9991178915303481,0.9968235295685428,0.0022943619618053246
2011-07-19,0.9991178915303481,0.9968235295685428,0.0022943619618053246
2011-07-20,0.9991178915303481,0.9968235295685428,0.0022943619618053246
2011-07-21,0.9994335996055924,0.9968235295685428,0.0026100700370496055
2011-07-22,0.9995362632524245,0.9964217314974909,0.0031145317549335916
2011-07-25,0.9995362632524245,0.9964217314974909,0.0031145317549335916
2011-07-26,0.9996438768856838,0.996421731497491,0.0032221453881927653
2011-07-27,0.999751490518943,0.9971183572598448,0.002633133259098197
2011-07-28,0.999751490518943,0.997646106537579,0.0021053839813639508
2011-07-29,0.999751490518943,0.9971923865181674,0.002559104000775525
2011-08-01,0.999751490518943,0.9971923865181671,0.002559104000775858
2011-08-02,0.9995412132388519,0.997646106537579,0.0018951067012729084
2011-08-03,0.9993777827278311,0.9979694490850466,0.0014083336427844761
2011-08-04,0.9993777827278311,0.99808854798633,0.0012892347415011107
2011-08-05,0.9994335996055924,0.9978019286006063,0.0016316710049860683
2011-08-08,0.9996438768856836,0.998193628350885,0.0014502485347985816
2011-08-09,0.9996438768856836,0.9981936283508852,0.0014502485347983596
2011-08-10,0.9996438768856836,0.9983425191488734,0.0013013577368101714
2011-08-11,0.999751490518943,0.998494796713097,0.001256693805845921
2011-08-12,0.9995880600079223,0.9984947967130973,0.0010932632948250642
2011-08-15,0.9995336047908586,0.9985455384115696,0.0009880663792890543
2011-08-16,0.9996931403724775,0.9988249725818474,0.0008681677906300367
2011-08-17,0.9996931403724775,0.9988249725818474,0.0008681677906300367
2011-08-18,0.9997462987886733,0.9990975734308428,0.0006487253578304486
2011-08-19,0.9997462987886733,0.9989417513678153,0.0008045474208580039
2011-08-22,0.9997462987886733,0.9985596535507053,0.0011866452379679648
2011-08-23,0.9998565708834983,0.9984073759864817,0.0014491948970166701
2011-08-24,0.9998565708834983,0.9980675981845626,0.0017889726989357424
2011-08-25,0.9997514905189431,0.9979000777001225,0.0018514128188206191
2011-08-26,0.999751490518943,0.9983425191488734,0.0014089713700695672
2011-08-29,0.999751490518943,0.9983425191488734,0.0014089713700695672
2011-08-30,0.999751490518943,0.9985631980495091,0.0011882924694338604
2011-08-31,0.9995412132388519,0.9985631980495091,0.000978015189342818
2011-09-01,0.9993357772584324,0.998563198049509,0.0007725792089233741
2011-09-02,0.9989715340010639,0.9986151199978687,0.00035641400319519345
2011-09-06,0.9988639203678046,0.9988413957519511,2.252461585350307e-05
2011-09-07,0.9987508551004283,0.9986405830056033,0.00011027209482494804
2011-09-08,0.9986963998833646,0.9990048262629718,-0.0003084263796072628
2011-09-09,0.9983949263597126,0.9987894738035914,-0.00039454744387878993
2011-09-12,0.998063570241075,0.9989569942880316,-0.0008934240469566923
2011-09-13,0.998063570241075,0.9986485679084242,-0.0005849976673492074
2011-09-14,0.9977769508553517,0.9982926391677087,-0.0005156883123570433
2011-09-15,0.9978314060724156,0.9982926391677088,-0.0004612330952932231
2011-09-16,0.9974289647478544,0.9982926391677088,-0.0008636744198544655
2011-09-19,0.9974289647478544,0.9982926391677088,-0.0008636744198544655
2011-09-20,0.9974289647478544,0.9984521747493278,-0.0010232100014734291
2011-09-21,0.9971404957906631,0.9983949263597126,-0.0012544305690495028
2011-09-22,0.9973168430815614,0.9981795739003324,-0.0008627308187709737
2011-09-23,0.9970302236958383,0.9982926391677088,-0.0012624154718705594
2011-09-26,0.9968095447952028,0.9977771325757714,-0.0009675877805686017
2011-09-27,0.9970980137523937,0.9980497334247668,-0.0009517196723730637
2011-09-28,0.9972056273856529,0.9977771325757714,-0.0005715051901185042
2011-09-29,0.9974377915543124,0.9977213156980099,-0.0002835241436974778
2011-09-30,0.9976053120387526,0.9976053120387524,2.220446049250313e-16
2011-10-03,0.9970442422325664,0.9972819694912848,-0.00023772725871840095
2011-10-04,0.996757622846843,0.997664067308395,-0.0009064444615519696
2011-10-05,0.9970302236958383,0.9976053120387526,-0.0005750883429143094
2011-10-06,0.9971493225971216,0.9974377915543124,-0.0002884689571908128
2011-10-07,0.9969171584284618,0.9974922467713762,-0.0005750883429143094
2011-10-10,0.9969171584284618,0.9980665086329562,-0.0011493502044943593
2011-10-11,0.9970302236958383,0.9981795739003326,-0.0011493502044943593
2011-10-12,0.9977103924033078,0.9981795739003326,-0.0004691814970247954
2011-10-13,0.9978180060365669,0.998535502641048,-0.0007174966044810605
2011-10-14,0.9977103924033078,0.9986485679084242,-0.0009381755051163232
2011-10-17,0.9978180060365671,0.998535502641048,-0.0007174966044808384
2011-10-18,0.9975973271359313,0.998535502641048,-0.0009381755051166563
2011-10-19,0.997478228234648,0.9986485679084242,-0.0011703396737761107
2011-10-20,0.9975973271359315,0.998535502641048,-0.0009381755051164342
2011-10-21,0.9978921548272335,0.9983391094819514,-0.0004469546547178904
2011-10-24,0.99808854798633,0.998559788382587,-0.0004712403962570111
2011-10-25,0.9983425191488734,0.9983391094819514,3.4096669220273768e-06
2011-10-26,0.9986219533191515,0.9981715889975116,0.0004503643216399178
2011-10-27,0.9984661312561238,0.9978236028900138,0.0006425283661100067
2011-10-28,0.9984661312561238,0.9981715889975112,0.00029454225861258454
2011-10-31,0.9979858843394979,0.9978402328788737,0.00014565146062417433
2011-11-01,0.9976299555987824,0.9974581350617636,0.0001718205370188075
2011-11-02,0.9973977914301227,0.9973977914301227,0.0
2011-11-03,0.9979858843394979,0.9972056273856527,0.0007802569538452042
2011-11-04,0.9979858843394979,0.9972575493340124,0.0007283350054854143
2011-11-07,0.9980989496068744,0.9970312735799302,0.001067676026944242
2011-11-08,0.9976068942407317,0.9962890846033275,0.0013178096374041326
2011-11-09,0.9978077069870795,0.9962371626549676,0.0015705443321119006
2011-11-10,0.9978077069870795,0.9958973848530489,0.0019103221340306398
2011-11-11,0.9976068942407317,0.9955642640686676,0.002042630172064075
2011-11-14,0.9973862153400961,0.9951105440492558,0.0022756712908402754
2011-11-15,0.9976946417197031,0.9954436648336373,0.002250976886065792
2011-11-16,0.9972409217002913,0.9948754103632074,0.0023655113370839587
2011-11-17,0.9972409217002913,0.9948754103632074,0.0023655113370839587
2011-11-18,0.9970920309023033,0.9952240500180637,0.0018679808842395618
2011-11-21,0.9967606747836655,0.994669974382788,0.0020907004008774432
2011-11-22,0.9963482423762632,0.9940360503688075,0.0023121920074556934
2011-11-23,0.9961924203132358,0.9939379012692915,0.0022545190439443585
2011-11-25,0.9963482423762634,0.993740778842974,0.0026074635332894447
2011-11-28,0.9957601494668882,0.9929539380391809,0.002806211427707317
2011-11-29,0.9957601494668882,0.9929539380391809,0.002806211427707317
2011-11-30,0.9962522048330309,0.9932481224769736,0.0030040823560573138
2011-12-01,0.9962522048330309,0.9928363768584968,0.0034158279745341025
2011-12-02,0.9962522048330309,0.9928363768584968,0.0034158279745341025
2011-12-05,0.9960600407885609,0.9928363768584968,0.0032236639300641245
2011-12-06,0.9959042187255334,0.9938203400886074,0.00208387863692594
2011-12-07,0.9962522048330309,0.994058067347326,0.00219413748570485
2011-12-08,0.9962522048330309,0.994058067347326,0.00219413748570485
2011-12-09,0.9964784805871132,0.9945005087960769,0.001977971791036315
2011-12-12,0.9964784805871132,0.9952800842706818,0.0011983963164313716
2011-12-13,0.9960963827700032,0.9948376428219311,0.0012587399480721295
2011-12-14,0.9958445565731326,0.9948376428219311,0.0010069137512015436
2011-12-15,0.9956523925286627,0.9952800842706818,0.00037230825798084677
2011-12-16,0.9959042187255334,0.9960405027855816,-0.0001362840600482862
2011-12-19,0.9959042187255334,0.9957383424730044,0.00016587625252895144
2011-12-20,0.9962863165426434,0.9958543461322616,0.00043197041038178785
2011-12-21,0.9964724731959632,0.9963718589042192,0.0001006142917440167
2011-12-22,0.9965775535605184,0.9965682520633158,9.301497202574005e-06
2011-12-23,0.9964724731959632,0.9965682520633158,-9.577886735256946e-05
2011-12-27,0.9960600407885609,0.9965682520633158,-0.0005082112747548662
2011-12-28,0.9960092990900887,0.9967836045226961,-0.0007743054326073695
2011-12-29,0.9960092990900887,0.9972050961696797,-0.0011957970795909434
2011-12-30,0.9965775535605184,0.9978077069870795,-0.0012301534265611869
2012-01-03,0.9968038293146009,0.9979711374981001,-0.0011673081834991939
2012-01-04,0.9968038293146009,0.9984631928642428,-0.0016593635496419123
2012-01-05,0.9968038293146009,0.9984631928642428,-0.0016593635496419123
2012-01-06,0.9975004550769548,0.9984631928642428,-0.0009627377872879483
2012-01-09,0.9978019286006066,0.9985658565110747,-0.0007639279104680874
2012-01-10,0.9978019286006066,0.9985658565110747,-0.0007639279104680874
2012-01-11,0.9978019286006066,0.9985658565110747,-0.0007639279104680874
2012-01-12,0.9978019286006066,0.9985658565110747,-0.0007639279104680874
2012-01-13,0.9978019286006066,0.9980252659628078,-0.0002233373622012591
2012-01-17,0.9978019286006066,0.9979694490850466,-0.0001675204844400202
2012-01-18,0.9975536134931504,0.9978667854382146,-0.00031317194506419455
2012-01-19,0.9981417064025254,0.9983092268869656,-0.00016752048444013123
2012-01-20,0.9983425191488734,0.9985245793463458,-0.0001820601974723557
2012-01-23,0.9979508193985948,0.9988330057259529,-0.0008821863273581476
2012-01-24,0.9979508193985948,0.998833005725953,-0.0008821863273582586
2012-01-25,0.9979508193985948,0.9985463863402296,-0.000595566941634873
2012-01-26,0.9979508193985949,0.9982924151776861,-0.0003415957790912083
2012-01-27,0.9976713852283168,0.9982924151776861,-0.0006210299493693006
2012-01-30,0.9977209991457086,0.9986321929796051,-0.0009111938338965953
2012-01-31,0.9977717408441809,0.9988861641421485,-0.001114423297967626
2012-02-01,0.9976713852283168,0.998833005725953,-0.0011616204976362399
2012-02-02,0.9976713852283168,0.9991124398962308,-0.001441054667913999
2012-02-03,0.9972796854780384,0.9990592814800354,-0.0017795960019970636
2012-02-06,0.9967752237601543,0.9985790345634095,-0.0018038108032552014
2012-02-07,0.996724482061682,0.9985245793463458,-0.001800097284663793
2012-02-08,0.9966263329621661,0.9985245793463458,-0.0018982463841796804
2012-02-09,0.9966748681442902,0.998223105822694,-0.001548237678403841
2012-02-10,0.9961573553723327,0.9979909416540343,-0.0018335862817016046
2012-02-13,0.9965490551226112,0.9978314060724154,-0.001282350949804223
2012-02-14,0.9966748681442902,0.998223105822694,-0.001548237678403841
2012-02-15,0.9961573553723327,0.9979909416540343,-0.0018335862817016046
2012-02-16,0.9965490551226112,0.9978314060724154,-0.001282350949804223
2012-02-17,0.997014645946209,0.9980077533633136,-0.0009931074171045662
2012-02-21,0.9970665678945688,0.9980635702410751,-0.0009970023465062372
2012-02-22,0.9971669235104329,0.9980635702410751,-0.0008966467306421588
2012-02-23,0.9975490213275428,0.9977974760832224,-0.00024845475567969455
2012-02-24,0.9981030969628186,0.9977974760832226,0.0003056208795960691
2012-02-27,0.9981030969628186,0.9977974760832224,0.0003056208795961801
2012-02-28,0.9981634405944594,0.9974817680079782,0.000681672586481219
2012-02-29,0.9981634405944594,0.9969662614160405,0.0011971791784188834
2012-03-01,0.9985455384115693,0.9970602763609946,0.0014852620505747538
2012-03-02,0.998494796713097,0.9972320968980134,0.0012626998150836455
2012-03-05,0.9981126988959872,0.9975405232776204,0.0005721756183667548
2012-03-06,0.9976206435298445,0.997314247523538,0.0003063960063064419
2012-03-07,0.9979000777001226,0.9970602763609946,0.0008398013391279768
2012-03-08,0.9975687215814847,0.9974817680079782,8.695357350652078e-05
2012-03-09,0.9970642598636008,0.9968471625147574,0.00021709734884345355
2012-03-12,0.9968102887010575,0.9968471625147574,-3.687381369987808e-05
2012-03-13,0.9969821092380763,0.9965387361351501,0.00044337310292619225
2012-03-14,0.9964543599603419,0.9963991579759475,5.520198439445956e-05
2012-03-15,0.99640474604295,0.9961607904159161,0.0002439556270339427
2012-03-16,0.9968584660623616,0.9967148660511918,0.00014360001116986432
2012-03-19,0.99690596842347,0.9971628705900017,-0.00025690216653173614
2012-03-20,0.9968584660623616,0.9967148660511919,0.0001436000111697533
2012-03-21,0.9966576533160139,0.9966018007838154,5.585253219841935e-05
2012-03-22,0.9969442727017371,0.9958149599800223,0.0011293127217147925
2012-03-23,0.9974720219794714,0.995499251904778,0.0019727700746934307
2012-03-26,0.9972457462253891,0.9958722083696374,0.001373537855751672
2012-03-27,0.9969442727017369,0.9949777986254853,0.001966474076251612
2012-03-28,0.9969442727017369,0.9949777986254853,0.001966474076251612
2012-03-29,0.996834000606912,0.9947179074280021,0.002116093178909817
2012-03-30,0.9973617498846463,0.9943500775718739,0.00301167231277244
2012-04-02,0.9973617498846463,0.9942370123044977,0.00312473758014864
2012-04-03,0.9968927558765545,0.9939175367149399,0.002975219161614584
2012-04-04,0.9968927558765545,0.9946099687693569,0.002282787107197537
2012-04-05,0.9968340006069121,0.9942370123044977,0.0025969883024143936
2012-04-09,0.9963184940149746,0.9936018286396956,0.002716665375279037
2012-04-10,0.9968927558765545,0.9942942606941126,0.002598495182441818
2012-04-11,0.9968927558765545,0.9942942606941126,0.002598495182441818
2012-04-12,0.997119031630637,0.9937484986129389,0.003370533017698074
2012-04-13,0.9972320968980134,0.9934290230233813,0.003803073874632079
2012-04-16,0.9972320968980134,0.9940642066881832,0.0031678902098302153
2012-04-17,0.9975880256387288,0.9941668703350149,0.0034211553037138964
2012-04-18,0.9972320968980132,0.9936951171812337,0.0035369797167794648
2012-04-19,0.9967043476202789,0.9943303008460357,0.0023740467742432436
2012-04-20,0.9965912823529027,0.994064206688183,0.002527075664719769
2012-04-23,0.9960170204913228,0.9936951171812337,0.0023219033100890796
2012-04-24,0.9959566768596819,0.9929237578494857,0.0030329190101962
2012-04-25,0.9957304011055994,0.99270307894885,0.00302732215674939
2012-04-26,0.9957304011055994,0.993092340463488,0.0026380606421113617
2012-04-27,0.9950337753432454,0.993092340463488,0.0019414348797573977
2012-04-30,0.9942277936140972,0.993092340463488,0.0011354531506091448
2012-05-01,0.9942277936140972,0.9926002850973453,0.0016275085167518633
2012-05-02,0.9942277936140972,0.9927974075236631,0.0014303860904341104
2012-05-03,0.9937895924651603,0.9933514831589387,0.00043810930622156796
2012-05-04,0.9941475696554991,0.9936912609608576,0.00045630869464152735
2012-05-07,0.9942048180451141,0.9934858249804381,0.0007189930646759324
2012-05-08,0.9948692949481333,0.9944888385013684,0.00038045644676487633
2012-05-09,0.9955659207104871,0.9946048421606258,0.0009610785498612717
2012-05-10,0.9954499170512296,0.9938727690471291,0.0015771480041005814
2012-05-11,0.9953275531504556,0.9941833505136424,0.0011442026368132518
2012-05-14,0.995565920710487,0.9942964157810188,0.0012695049294682015
2012-05-15,0.995508672320872,0.9943536641706338,0.0011550081502382792
2012-05-16,0.995508672320872,0.9939858343145055,0.0015228380063665448
2012-05-17,0.995508672320872,0.9932934022600886,0.0022152700607834808
2012-05-18,0.9948120465585181,0.9931773986008312,0.0016346479576868633
2012-05-21,0.9948692949481333,0.9934858249804382,0.0013834699676950057
2012-05-22,0.9948692949481333,0.9939094717143278,0.0009598232338055013
2012-05-23,0.9943082251419468,0.9938536548365663,0.00045457030538054166
2012-05-24,0.9940633132189848,0.9940985667595285,-3.525354054367824e-05
2012-05-25,0.9934575915856081,0.9940985667595286,-0.0006409751739204772
2012-05-29,0.9940186613917943,0.9943695071669622,-0.00035084577516786286
2012-05-30,0.9940633132189848,0.9937901403799214,0.00027317283906336254
2012-05-31,0.9934575915856081,0.9934321631895829,2.5428396025151123e-05
2012-06-01,0.9934575915856078,0.9926388518092443,0.0008187397763634863
2012-06-04,0.9934575915856081,0.9926388518092443,0.0008187397763638193
2012-06-05,0.9933988363159656,0.9923870256123735,0.0010118107035921309
2012-06-06,0.9933415879263504,0.992808517259357,0.0005330706669933738
2012-06-07,0.9933415879263504,0.992808517259357,0.0005330706669933738
2012-06-08,0.9933415879263504,0.992808517259357,0.0005330706669933738
2012-06-11,0.9927493384947756,0.9920326172575308,0.0007167212372448661
2012-06-12,0.9933988363159656,0.9923870256123735,0.0010118107035921309
2012-06-13,0.9940186613917943,0.9928106723462632,0.0012079890455310993
2012-06-14,0.9933988363159656,0.9926388518092444,0.0007599845067212119
2012-06-15,0.9934575915856081,0.9927646648309233,0.0006929267546847973
2012-06-18,0.9937025035085703,0.9926423009301492,0.0010602025784210989
2012-06-19,0.9943082251419468,0.9932093365564054,0.0010988885855414132
2012-06-20,0.9942635733147563,0.9926423009301492,0.0016212723846071864
2012-06-21,0.9943859372155305,0.9933768570408454,0.0010090801746850397
2012-06-22,0.9943859372155303,0.9933768570408456,0.0010090801746847067
2012-06-25,0.9943859372155303,0.9933130642882997,0.0010728729272305726
2012-06-26,0.9944305890427207,0.9938379758582765,0.0005926131844442573
2012-06-27,0.9950504141185497,0.9942504082656788,0.0008000058528708776
2012-06-28,0.9943859372155303,0.9933130642882997,0.0010728729272305726
2012-06-29,0.9949344104592921,0.9935365023346248,0.0013979081246673353
2012-07-02,0.9947532912888757,0.9937686665032843,0.0009846247855913592
2012-07-03,0.9942494698723046,0.9933450197693948,0.0009044501029097374
2012-07-05,0.9942494698723046,0.9933450197693948,0.0009044501029097374
2012-07-06,0.9942494698723046,0.9933450197693948,0.0009044501029097374
2012-07-09,0.9936437482389279,0.9933450197693948,0.00029872846953304943
2012-07-10,0.9934674009480297,0.9930255334423034,0.00044186750572627886
2012-07-11,0.9933789729330257,0.9931595246715559,0.00021944826146980123
2012-07-12,0.9941475696554991,0.9936750312634933,0.0004725383920057835
2012-07-13,0.9942635733147563,0.9937652463049327,0.0004983270098236625
2012-07-16,0.9936437482389276,0.9942235045072552,-0.0005797562683275137
2012-07-17,0.9929942504177377,0.99411323241243,-0.0011189819946922919
2012-07-18,0.9936437482389279,0.994223504507255,-0.0005797562683271806
2012-07-19,0.9929792713359087,0.9942235045072552,-0.001244233171346476
2012-07-20,0.9929792713359087,0.994223504507255,-0.001244233171346365
2012-07-23,0.9937661121397018,0.994223504507255,-0.0004573923675532665
2012-07-24,0.9937661121397018,0.9947273259238263,-0.0009612137841245039
2012-07-25,0.9935897648488035,0.9947273259238263,-0.0011375610750228304
2012-07-26,0.9935897648488033,0.9951628159101752,-0.001573051061371844
2012-07-27,0.9940377693876132,0.9955864626440647,-0.001548693256451461
2012-07-30,0.9932955804110108,0.9955864626440647,-0.002290882233053848
2012-07-31,0.9924649634194043,0.9959423913847802,-0.0034774279653759788
2012-08-01,0.9924649634194043,0.9963448327093415,-0.003879869289937221
2012-08-02,0.9932955804110108,0.9959423913847802,-0.002646810973769398
2012-08-03,0.9936891297327568,0.9959889039686259,-0.002299774235869134
2012-08-06,0.9935667658319829,0.9964006495871026,-0.002833883755119726
2012-08-07,0.9928585127411507,0.9963448327093414,-0.0034863199681907098
2012-08-08,0.9929469407561544,0.9959423913847802,-0.0029954506286258287
2012-08-09,0.9921783440336812,0.9957748709003401,-0.0035965268666589
2012-08-10,0.9922221202214945,0.9953631252818633,-0.003141005060368851
2012-08-13,0.9930089610252876,0.9953631252818633,-0.0023541642565757526
2012-08-14,0.9937337815599475,0.9953631252818633,-0.0016293437219158102
2012-08-15,0.9944759705365501,0.996123543796763,-0.00164757326021292
2012-08-16,0.9948163614421007,0.9963046629671795,-0.001488301525078728
2012-08-17,0.9944759705365501,0.996123543796763,-0.00164757326021292
2012-08-20,0.9947022462906324,0.9956579529731653,-0.0009557066825328642
2012-08-21,0.99396005731403,0.9953853521241699,-0.0014252948101398655
2012-08-22,0.9940824212148037,0.9951424463812278,-0.0010600251664241167
2012-08-23,0.9939600573140296,0.9951424463812276,-0.0011823890671980308
2012-08-24,0.9942542417518225,0.9943163583227771,-6.211657095456236e-05
2012-08-27,0.9949344104592921,0.9948318649147145,0.00010254554457755916
2012-08-28,0.9949947540909329,0.9945005087960769,0.0004942452948559772
2012-08-29,0.9949344104592921,0.9944084329979825,0.0005259774613095569
2012-08-30,0.9949344104592921,0.9942120398388858,0.0007223706204062541
2012-08-31,0.994209589924632,0.9942120398388858,-2.449914253799257e-06
2012-09-04,0.9942095899246322,0.9937765498525369,0.00043304007209521433
2012-09-05,0.994209589924632,0.9943042991302712,-9.470920563914298e-05
2012-09-06,0.9941475696554989,0.9949032196276407,-0.0007556499721418364
2012-09-07,0.9940284707542157,0.9953512241664508,-0.0013227534122350892
2012-09-10,0.9942668383142472,0.9947523036690813,-0.0004854653548340693
2012-09-11,0.993617340493057,0.9943042868848009,-0.0006869463917438257
2012-09-12,0.9940755986953796,0.993616722847017,0.00045887584836268314
2012-09-13,0.9940135784262465,0.9934771446878142,0.0005364337384322626
2012-09-14,0.993655601235908,0.9934771446878145,0.00017845654809356404
2012-09-17,0.993655601235908,0.9932564657871786,0.0003991354487293819
2012-09-18,0.9926525877149778,0.993629422252038,-0.0009768345370602116
2012-09-19,0.9931774992849548,0.9943701447060176,-0.001192645421062788
2012-09-20,0.9934293254818256,0.9946586136632085,-0.0012292881813829037
2012-09-21,0.9933689818501846,0.9940813217202498,-0.0007123398700651373
2012-09-24,0.9929671837791328,0.9939809661043857,-0.0010137823252528433
2012-09-25,0.9936810897101869,0.9939809661043857,-0.00029987639419881695
2012-09-26,0.9936810897101869,0.9939809661043855,-0.0002998763941985949
2012-09-27,0.9940828877812387,0.9948739661225886,-0.0007910783413499489
2012-09-28,0.9933689818501846,0.9947688857580336,-0.0013999039078489428
2012-10-01,0.9926177945261251,0.9951713270825945,-0.0025535325564693956
2012-10-02,0.9926177945261251,0.9951713270825945,-0.0025535325564693956
2012-10-03,0.9935551385035046,0.9947688857580336,-0.0012137472545289407
2012-10-04,0.9940828877812387,0.9955402450897815,-0.0014573573085427949
2012-10-05,0.9938034536109608,0.9957324091342514,-0.001928955523290643
2012-10-08,0.9942052516820126,0.9958374894988067,-0.0016322378167941132
2012-10-09,0.994973848404486,0.995674058987786,-0.0007002105833000538
2012-10-10,0.9954540953211121,0.9959401531456386,-0.0004860578245264868
2012-10-11,0.9955144389527528,0.9967873887504644,-0.0012729497977115312
2012-10-12,0.9955144389527528,0.9967873887504644,-0.0012729497977115312
2012-10-15,0.9955144389527528,0.9967873887504642,-0.0012729497977114201
2012-10-16,0.9957407147068349,0.9973705710659728,-0.0016298563591379267
2012-10-17,0.9963464363402119,0.9971552186065924,-0.0008087822663804811
2012-10-18,0.9959249446932285,0.996572036291084,-0.0006470915978555869
2012-10-19,0.9959249446932285,0.996469372644252,-0.0005444279510234962
2012-10-22,0.9964051916098541,0.9963237211836277,8.147042622641543e-05
2012-10-23,0.9967987409316005,0.9961030422829921,0.0006956986486084116
2012-10-24,0.9961185722241308,0.9957248006862583,0.000393771537872456
2012-10-25,0.9966106275902735,0.9963756431319875,0.0002349844582860694
2012-10-26,0.9961789158557718,0.9963756431319875,-0.0001967272762156691
2012-10-31,0.9960598169544886,0.9965390736430081,-0.00047925668851944714
2012-11-01,0.996118572224131,0.997318649117613,-0.001200076893482005
2012-11-02,0.9958646010615875,0.9967354668021046,-0.0008708657405170905
2012-11-05,0.9950777602577944,0.9968950023837235,-0.0018172421259291527
2012-11-06,0.9956834818911712,0.997318649117613,-0.0016351672264418582
2012-11-07,0.9952144878830793,0.9967354668021046,-0.001520978919025251
2012-11-08,0.9950777602577944,0.9968950023837235,-0.0018172421259291527
2012-11-09,0.9956834818911712,0.997318649117613,-0.0016351672264418582
2012-11-12,0.995515961406731,0.9966847251036323,-0.0011687636969012205
2012-11-13,0.996118572224131,0.9966847251036323,-0.000566152879501236
2012-11-14,0.9967987409316005,0.996469372644252,0.0003293682873485304
2012-11-15,0.9966106275902737,0.9961678991206002,0.00044272846967352564
2012-11-16,0.9971716973964599,0.9967510814361086,0.00042061596035136706
2012-11-19,0.9971716973964599,0.9974649873671628,-0.0002932899707028813
2012-11-20,0.9971716973964599,0.9974649873671628,-0.0002932899707028813
2012-11-21,0.9971716973964599,0.9974649873671628,-0.0002932899707028813
2012-11-23,0.9974377915543126,0.9977591718049555,-0.0003213802506429886
2012-11-26,0.9976299555987824,0.9980675981845626,-0.00043764258578016246
2012-11-27,0.9977459592580399,0.997613878165151,0.00013208109288886938
2012-11-28,0.9979134797424799,0.9975157290656349,0.000397750676844999
2012-11-29,0.9978562313528647,0.997613878165151,0.0002423531877137064
2012-11-30,0.9978562313528647,0.9974036008850597,0.00045263046780497085
2012-12-03,0.9978562313528647,0.9970306444202002,0.000825586932664546
2012-12-04,0.9978562313528647,0.9967857324972382,0.0010704988556264894
2012-12-05,0.9978562313528647,0.997353986967668,0.0005022443851967484
2012-12-06,0.9978562313528647,0.9975351061380843,0.00032112521478044886
2012-12-07,0.9980120534158925,0.9972690119802317,0.0007430414356608406
2012-12-10,0.9980120534158925,0.9972204767981077,0.0007915766177848393
2012-12-11,0.998066508632956,0.9971708628807157,0.000895645752240326
2012-12-12,0.997684410815846,0.9967887650636058,0.000895645752240215
2012-12-13,0.9971101489542661,0.9966431136029814,0.00046703535128467255
2012-12-14,0.997110148954266,0.9970748253374832,3.532361678282303e-05
2012-12-17,0.9970556937372024,0.9974665250877618,-0.0004108313505594152
2012-12-18,0.9967159159352835,0.9976629182468583,-0.0009470023115747406
2012-12-19,0.996223860569141,0.9975172667862341,-0.0012934062170930627
2012-12-20,0.9957200391525698,0.9977898676352295,-0.0020698284826596858
2012-12-21,0.9958596173117724,0.9977326192456144,-0.001873001933841989
2012-12-24,0.9957200391525698,0.997613520344331,-0.0018934811917612482
2012-12-26,0.9958596173117724,0.9973981678849508,-0.001538550573178421
2012-12-27,0.9964002078600392,0.9975438193455751,-0.001143611485535878
2012-12-28,0.996223860569141,0.9978099135034278,-0.001586052934286819
2012-12-31,0.9964002078600392,0.9977591718049555,-0.0013589639449163027
2013-01-02,0.9960085081097606,0.9982016132537063,-0.0021931051439456617
2013-01-03,0.9955870164627771,0.9983092268869656,-0.0027222104241884093
2013-01-04,0.9955870164627771,0.9983092268869656,-0.0027222104241884093
2013-01-07,0.9950592671850428,0.9983092268869656,-0.0032499597019227666
2013-01-08,0.9950592671850428,0.9978402328788737,-0.0027809656938309057
2013-01-09,0.9950592671850428,0.9973977914301227,-0.002338524245079965
2013-01-10,0.9955870164627771,0.9976299555987824,-0.002042939136005284
2013-01-11,0.9962216219559978,0.9974581350617636,-0.0012365131057657797
2013-01-14,0.9967018688726238,0.9970556937372024,-0.000353824864578578
2013-01-15,0.9972899617819988,0.9970556937372024,0.00023426804479642627
2013-01-16,0.9971410709840108,0.9967159159352835,0.00042515504872731036
2013-01-17,0.9971410709840108,0.9965636383710597,0.0005774326129511786
2013-01-18,0.9971410709840108,0.9968584660623618,0.000282604921648999
2013-01-22,0.9965529780746356,0.9973862153400961,-0.0008332372654604736
2013-01-23,0.9960252287969015,0.9976946417197031,-0.0016694129228016497
2013-01-24,0.9954509669353214,0.997646106537579,-0.0021951396022575898
2013-01-25,0.9953286030345476,0.9973862153400961,-0.002057612305548462
2013-01-28,0.9960252287969014,0.9972143948030773,-0.0011891660061759124
2013-01-29,0.9959787162130558,0.9974938289733551,-0.0015151127602993641
2013-01-30,0.9960252287969015,0.9976992649537747,-0.0016740361568732265
2013-01-31,0.9963046629671795,0.9975181457833584,-0.0012134828161789457
2013-02-01,0.9960252287969014,0.9978667854382146,-0.0018415566413132467
2013-02-04,0.9959787162130558,0.9979694490850466,-0.001990732871990808
2013-02-05,0.9960252287969014,0.9978667854382146,-0.0018415566413132467
2013-02-06,0.9965529780746356,0.9976992649537747,-0.0011462868791390912
2013-02-07,0.9968927558765545,0.9970491517752665,-0.0001563958987120806
2013-02-08,0.9973617498846463,0.996843715794847,0.0005180340897993352
2013-02-11,0.9972426509833631,0.9970920309023033,0.00015062008105981572
2013-02-12,0.9967736569752713,0.9974649873671628,-0.0006913303918915092
2013-02-13,0.9967736569752713,0.9974649873671628,-0.0006913303918915092
2013-02-14,0.9967736569752712,0.9978292306245312,-0.001055573649260011
2013-02-15,0.9968340006069121,0.9979850526875587,-0.0011510520806465863
2013-02-19,0.9968927558765545,0.9978823890407268,-0.0009896331641723322
2013-02-20,0.9963046629671795,0.9980346666049504,-0.0017300036377709826
2013-02-21,0.9956080372048254,0.9982449438850418,-0.002636906680216433
2013-02-22,0.9953286030345474,0.9987494056029256,-0.0034208025683781784
2013-02-25,0.9947543411729676,0.9986443252383704,-0.003889984065402863
2013-02-26,0.9947543411729676,0.9987494056029258,-0.003995064429958228
2013-02-27,0.9943626414226889,0.9991411053532042,-0.0047784639305152865
2013-02-28,0.9935566596935406,0.9991411053532042,-0.0055844456596636505
2013-03-01,0.992876490986071,0.9991411053532042,-0.006264614367133214
2013-03-04,0.992876490986071,0.9993129258902228,-0.0064364349041518
2013-03-05,0.9935566596935406,0.9995336047908586,-0.005976945097318054
2013-03-06,0.9942368284010099,0.9993777827278311,-0.005140954326821157
2013-03-07,0.9935566596935406,0.9992727023632757,-0.005716042669735133
2013-03-08,0.9935566596935406,0.9992727023632759,-0.005716042669735355
2013-03-11,0.9932681907363494,0.9994829796433671,-0.006214788907017654
2013-03-12,0.9940741724654981,0.9994829796433671,-0.005408807177868957
2013-03-13,0.9940741724654981,0.9992727023632759,-0.005198529897777804
2013-03-14,0.9943170782084403,0.9994880548226561,-0.005170976614215839
2013-03-15,0.994362641422689,0.9995387965211282,-0.005176155098439161
2013-03-18,0.9944246616918221,0.9994843413040647,-0.005059679612242629
2013-03-19,0.9944246616918221,0.9994843413040647,-0.005059679612242629
2013-03-20,0.9946168257362921,0.9996438768856836,-0.005027051149391504
2013-03-21,0.9946168257362918,0.9996438768856836,-0.005027051149391726
2013-03-22,0.9939201999739381,0.9998034124673025,-0.005883212493364431
2013-03-25,0.9939201999739381,0.9998034124673025,-0.005883212493364431
2013-03-26,0.9944246616918221,0.9998034124673025,-0.005378750775480445
2013-03-27,0.9944246616918221,0.9998565708834983,-0.005431909191676243
2013-03-28,0.9944246616918222,0.999751490518943,-0.0053268288271207664
2013-04-01,0.9941361927346312,0.9996438768856838,-0.0055076841510526275
2013-04-02,0.9933940037580287,0.9995880600079223,-0.006194056249893665
2013-04-03,0.9926071629542353,0.9993154591589269,-0.0067082962046915995
2013-04-04,0.9933940037580287,0.9992647174604546,-0.005870713702425978
2013-04-05,0.9933940037580287,0.9991571038271955,-0.005763100069166804
2013-04-08,0.9933940037580287,0.9991571038271955,-0.005763100069166804
2013-04-09,0.9933940037580287,0.9991051818788359,-0.0057111781208072365
2013-04-10,0.9932681907363496,0.998994909784011,-0.005726719047661311
2013-04-11,0.9932681907363494,0.9988390877209832,-0.005570896984633755
2013-04-12,0.9933940037580284,0.9987230840617259,-0.005329080303697498
2013-04-15,0.9933940037580287,0.9987775392787894,-0.005383535520760763
2013-04-16,0.9940741724654981,0.998933361341817,-0.004859188876318865
2013-04-17,0.994413950267417,0.9984413059756744,-0.004027355708257407
2013-04-18,0.994413950267417,0.9982310286955832,-0.003817078428166254
2013-04-19,0.9947543411729676,0.9984631928642428,-0.0037088516912752167
2013-04-22,0.9950337753432457,0.9982092217016992,-0.003175446358453571
2013-04-23,0.9956080372048255,0.9980989496068744,-0.002490912402048906
2013-04-24,0.9955492819351831,0.9982092217016993,-0.0026599397665162394
2013-04-25,0.9951557326134369,0.9977171663355566,-0.0025614337221196992
2013-04-26,0.9946402260214993,0.9980255927151639,-0.0033853666936646265
2013-04-29,0.995260051097328,0.9979153206203389,-0.0026552695230109835
2013-04-30,0.9957755576892655,0.9974938289733554,-0.0017182712840898562
2013-05-01,0.9964721834516194,0.9976613494577952,-0.0011891660061758014
2013-05-02,0.9965852487189959,0.9979153206203389,-0.001330071901343044
2013-05-03,0.9969411774597114,0.998034419521622,-0.0010932420619105265
2013-05-06,0.996291064281203,0.9978081437675395,-0.0015170794863365034
2013-05-07,0.9957755576892655,0.9975541726049961,-0.0017786149157306141
2013-05-08,0.995260051097328,0.9975541726049961,-0.0022941215076681676
2013-05-09,0.995260051097328,0.9975541726049961,-0.0022941215076681676
2013-05-10,0.995260051097328,0.9975541726049959,-0.0022941215076679455
2013-05-13,0.995260051097328,0.9975541726049959,-0.0022941215076679455
2013-05-14,0.9950151391743658,0.9972675532192729,-0.0022524140449070584
2013-05-15,0.9950151391743658,0.9972675532192727,-0.0022524140449069474
2013-05-16,0.9952600510973282,0.9972675532192729,-0.002007502121944671
2013-05-17,0.9950151391743657,0.9972143948030773,-0.002199255628711594
2013-05-20,0.9955306457663032,0.9971183572598447,-0.0015877114935414216
2013-05-21,0.9958886229566419,0.9965642816245691,-0.0006756586679271814
2013-05-22,0.9960697421270581,0.9968657551482208,-0.0007960130211627225
2013-05-23,0.9960697421270581,0.9968657551482208,-0.0007960130211627225
2013-05-24,0.9958979215900395,0.9974683659656206,-0.0015704443755810704
2013-05-28,0.9961993951136913,0.9974683659656206,-0.0012689708519293408
2013-05-29,0.9958058457919451,0.9974683659656206,-0.001662520173675519
2013-05-30,0.9958979215900394,0.9972675532192727,-0.0013696316292333144
2013-05-31,0.9964256708677738,0.9974683659656206,-0.0010426950978468241
2013-06-03,0.9968839290700964,0.9974683659656206,-0.0005844368955242318
2013-06-04,0.9969411774597113,0.9972675532192727,-0.00032637575956140363
2013-06-05,0.997173341628371,0.9972675532192729,-9.421159090183817e-05
2013-06-06,0.997173341628371,0.9968657551482208,0.0003075864801501682
2013-06-07,0.9975850872468478,0.9972143948030773,0.0003706924437705261
2013-06-10,0.9980653341634736,0.9974198307834965,0.0006455033799771526
2013-06-11,0.9984868258104574,0.997646106537579,0.0008407192728784318
2013-06-12,0.9981225825530888,0.9974938289733551,0.0006287535797336874
2013-06-13,0.9981225825530887,0.9980344195216222,8.816303146652604e-05
2013-06-14,0.9981225825530887,0.9979858843394979,0.00013669821359085788
2013-06-17,0.9977010909061051,0.998034419521622,-0.0003333286155168258
2013-06-18,0.9975880256387287,0.998034419521622,-0.0004463938828932479
2013-06-19,0.9971190316306368,0.9982398555020414,-0.0011208238714046637
2013-06-20,0.9975880256387287,0.9984661312561238,-0.0008781056173950974
2013-06-21,0.9975880256387287,0.9981866970858458,-0.0005986714471171162
2013-06-24,0.9975880256387288,0.9979858843394979,-0.0003978587007690271
2013-06-25,0.9975880256387288,0.9981866970858458,-0.0005986714471170052
2013-06-26,0.9980095172857124,0.9985100396333135,-0.0005005223476011178
2013-06-27,0.9980653341634736,0.9983425191488734,-0.0002771849853997477
2013-06-28,0.9980653341634736,0.9985687949029557,-0.0005034607394820423
2013-07-01,0.9977010909061051,0.9984661312561238,-0.0007650403500186753
2013-07-02,0.9977010909061051,0.9984661312561238,-0.0007650403500186753
2013-07-03,0.9977010909061051,0.9984661312561238,-0.0007650403500186753
2013-07-05,0.9980095172857122,0.9985791965235002,-0.0005696792377880566
2013-07-08,0.997893513626455,0.9980989496068742,-0.00020543598041922184
2013-07-09,0.997893513626455,0.9978935136264547,2.220446049250313e-16
2013-07-10,0.9975292703690863,0.9982019400060621,-0.0006726696369757645
2013-07-11,0.9975292703690863,0.9982019400060621,-0.0006726696369757645
2013-07-12,0.9975850872468477,0.9982019400060621,-0.0006168527592144146
2013-07-15,0.9971733416283707,0.9983737605430809,-0.0012004189147102329
2013-07-16,0.9971733416283707,0.9987467170079403,-0.001573375379569586
2013-07-17,0.9971733416283709,0.9990066082054232,-0.001833266577052295
2013-07-18,0.9971733416283709,0.9992727023632759,-0.0020993607349050203
2013-07-19,0.9971733416283709,0.9991051818788358,-0.001931840250464889
2013-07-22,0.9965387361351501,0.9986734701443342,-0.0021347340091840694
2013-07-23,0.9958886229566419,0.9988257477085578,-0.002937124751915876
2013-07-24,0.9965852487189957,0.9991571038271955,-0.0025718551081997942
2013-07-25,0.9965280003293807,0.9991571038271955,-0.0026291034978147554
2013-07-26,0.9963561797923619,0.9989417513678153,-0.0025855715754533604
2013-07-29,0.9963561797923621,0.9989417513678153,-0.0025855715754531383
2013-07-30,0.9967121085330773,0.9987894738035914,-0.0020773652705140533
2013-07-31,0.9970135820567293,0.9984661312561238,-0.001452549199394526
2013-08-01,0.9972675532192729,0.9986715672365433,-0.0014040140172704163
2013-08-02,0.9970135820567293,0.9984661312561238,-0.001452549199394526
2013-08-05,0.9963634688782211,0.998633651740564,-0.0022701828623428177
2013-08-06,0.9960619953545694,0.9989493598158082,-0.0028873644612388283
2013-08-07,0.9960619953545694,0.9989493598158082,-0.0028873644612388283
2013-08-08,0.9967121085330776,0.9990624250831847,-0.00235031655010709
2013-08-09,0.9970135820567293,0.9987467170079404,-0.0017331349512110794
2013-08-12,0.9969660796956209,0.9984868258104572,-0.0015207461148363244
2013-08-13,0.9964254891473541,0.9984868258104572,-0.0020613366631031527
2013-08-14,0.9964254891473541,0.9988025338857017,-0.0023770447383476556
2013-08-15,0.9966576533160136,0.9988025338857017,-0.00214488056968809
2013-08-16,0.9963634688782211,0.9986894686183254,-0.0023259997401042787
2013-08-19,0.9965642816245689,0.9986894686183254,-0.0021251869937565226
2013-08-20,0.9962776622388456,0.9985791965235002,-0.002301534284654627
2013-08-21,0.9964740553979424,0.9981577048765167,-0.001683649478574245
2013-08-22,0.9962776622388456,0.9981577048765167,-0.0018800426376710533
2013-08-23,0.995823942219434,0.9977459592580399,-0.0019220170386058388
2013-08-26,0.9961725818742905,0.9979134797424799,-0.0017408978681894283
2013-08-27,0.9965642816245689,0.9983252253609569,-0.001760943736388021
2013-08-28,0.9965642816245691,0.9982149532661316,-0.0016506716415625178
2013-08-29,0.9969660796956209,0.9979134797424799,-0.0009474000468590038
2013-08-30,0.9964254891473543,0.9978562313528647,-0.0014307422055104269
2013-09-03,0.9964254891473543,0.9978562313528649,-0.001430742205510649
2013-09-04,0.9964254891473541,0.9983252253609567,-0.0018997362136026208
2013-09-05,0.9964254891473543,0.9986485679084244,-0.0022230787610700853
2013-09-06,0.9966576533160139,0.998535502641048,-0.0018778493250340977
2013-09-09,0.9967121085330776,0.9987894738035914,-0.0020773652705138312
2013-09-10,0.9964254891473543,0.9984810474239844,-0.002055558276630065
2013-09-11,0.9970135820567293,0.9986405830056031,-0.0016270009488738024
2013-09-12,0.9972398578108118,0.9988945541681467,-0.0016546963573348394
2013-09-13,0.9972398578108118,0.9987894738035913,-0.001549615992779474
2013-09-16,0.9972398578108118,0.9991624302684509,-0.001922572457639049
2013-09-17,0.9970135820567293,0.9989569942880314,-0.0019434122313021218
2013-09-18,0.9975541726049961,0.9990620746525867,-0.001507902047590548
2013-09-19,0.9971982438642807,0.9990048262629717,-0.0018065823986910257
2013-09-20,0.9966576533160139,0.9992102622433912,-0.002552608927377298
2013-09-23,0.9968839290700964,0.9992102622433912,-0.002326333173294781
2013-09-24,0.9969411774597114,0.9992675106330061,-0.00232633317329467
2013-09-25,0.9962445516973574,0.9990620746525867,-0.0028175229552293013
2013-09-26,0.9964985228599009,0.9990620746525867,-0.0025635517926857476
2013-09-27,0.9959374530537146,0.9990048262629715,-0.003067373209256874
2013-09-30,0.9960770312129175,0.9992102622433909,-0.003133231030473471
2013-10-01,0.9964985228599009,0.9991051818788358,-0.002606659018934865
2013-10-02,0.9959374530537146,0.9991051818788359,-0.0031677288251212854
2013-10-03,0.9959374530537146,0.9991571038271955,-0.0032196507734808533
2013-10-04,0.9959374530537146,0.9988257477085578,-0.002888294654843193
2013-10-07,0.9959374530537146,0.9985100396333133,-0.00257258657959869
2013-10-08,0.9959374530537146,0.9985100396333133,-0.00257258657959869
2013-10-09,0.9954718622301169,0.9984073759864814,-0.0029355137563645828
2013-10-10,0.9956352927411375,0.9985791965235002,-0.0029439037823627556
2013-10-11,0.9956925411307525,0.9980989496068742,-0.002406408476121724
2013-10-14,0.9964985228599009,0.9982997623532219,-0.0018012394933210052
2013-10-15,0.9968471625147574,0.9983505040516945,-0.0015033415369370973
2013-10-16,0.9966796420303172,0.9979080626029436,-0.0012284205726263986
2013-10-17,0.9965636383710599,0.9974865709559602,-0.0009229325849002823
2013-10-18,0.9968584660623618,0.9974865709559602,-0.0006281048935983247
2013-10-21,0.9961618403000079,0.9974865709559602,-0.0013247306559522887
2013-10-22,0.9959610275536599,0.9976968482360513,-0.0017358206823914202
2013-10-23,0.9954572061370888,0.9981183398830349,-0.0026611337459461204
2013-10-24,0.9956580188834366,0.9981183398830349,-0.0024603209995982533
2013-10-25,0.9954816715925384,0.9981183398830349,-0.002636668290496469
2013-10-28,0.995621249751741,0.9984340479582794,-0.0028127982065383472
2013-10-29,0.9959610275536599,0.9982237706781881,-0.0022627431245282326
2013-10-30,0.9952808588461904,0.9979295862403953,-0.002648727394204853
2013-10-31,0.9953729346442849,0.9979295862403953,-0.002556651596110404
2013-11-01,0.9959610275536599,0.9982237706781881,-0.0022627431245282326
2013-11-04,0.9959610275536599,0.9982237706781881,-0.0022627431245282326
2013-11-05,0.996363468878221,0.9982237706781879,-0.0018603017999668792
2013-11-06,0.996363468878221,0.9979080626029436,-0.0015445937247225983
2013-11-07,0.9957288633850003,0.997613878165151,-0.0018850147801506845
2013-11-08,0.995621249751741,0.9975157290656349,-0.0018944793138938598
2013-11-11,0.9952632725614027,0.9974649873671626,-0.0022017148057599245
2013-11-12,0.9952632725614027,0.9974649873671628,-0.0022017148057601466
2013-11-13,0.9954121633593909,0.9974649873671626,-0.0020528240077717363
2013-11-14,0.994669974382788,0.9968471189793411,-0.002177144596553049
2013-11-15,0.9940035708128423,0.9962639366638326,-0.00226036585099032
2013-11-18,0.9940035708128423,0.9960536593837415,-0.0020500885708991667
2013-11-19,0.994669974382788,0.9960536593837415,-0.0013836850009534274
2013-11-20,0.9940360503688075,0.9952539261400242,-0.001217875771216681
2013-11-21,0.9949077016415068,0.9948421805215474,6.552111995938859e-05
2013-11-22,0.9944952692341047,0.994696529060923,-0.0002012598268182897
2013-11-25,0.9950635237045344,0.9948421805215474,0.0002213431829870549
2013-11-26,0.9944295996905537,0.9952539261400242,-0.0008243264494705027
2013-11-27,0.9947244273818555,0.9959555102842256,-0.001231082902370062
2013-11-29,0.9952785030171313,0.9961708627436056,-0.0008923597264742789
2013-12-02,0.9950193603216807,0.9959555102842254,-0.0009361499625446523
2013-12-03,0.9951153978649132,0.995253926140024,-0.00013852827511073862
2013-12-04,0.9958665959265065,0.9943369153476517,0.0015296805788548307
2013-12-05,0.9963978562936552,0.994645341727259,0.001752514566396135
2013-12-06,0.9969661107640849,0.9944531776827891,0.002512933081295854
2013-12-09,0.9962522048330309,0.994547192627743,0.001705012205287848
2013-12-10,0.996779954110765,0.994645341727259,0.002134612383505985
2013-12-11,0.9971032966582328,0.994645341727259,0.0024579549309737825
2013-12-12,0.996469372644252,0.994645341727259,0.0018240309169929025
2013-12-13,0.996469372644252,0.9946453417272589,0.0018240309169930136
2013-12-16,0.9964693726442521,0.9954663149763987,0.0010030576678533576
2013-12-17,0.9964693726442521,0.9956221370394265,0.0008472356048255802
2013-12-18,0.996369017028388,0.9951066304474887,0.0012623865808992774
2013-12-19,0.996369017028388,0.9949011944670695,0.0014678225613184992
2013-12-20,0.9961682042820401,0.9949011944670695,0.0012670098149706321
2013-12-23,0.996369017028388,0.9956523925286627,0.0007166244997253157
2013-12-24,0.9967332602857564,0.9960003786361602,0.0007328816495961732
2013-12-26,0.9968408739190157,0.9961678991206002,0.0006729747984154377
2013-12-27,0.997046309899435,0.996469372644252,0.000576937255183041
2013-12-30,0.9964473894020655,0.9960338826579032,0.00041350674416229527
2013-12-31,0.9971985874636589,0.9965796447390769,0.0006189427245819612
2014-01-02,0.997046309899435,0.996469372644252,0.000576937255183041
2014-01-03,0.997046309899435,0.9965796447390769,0.0004666651603580929
2014-01-06,0.9969931514832394,0.9964792891232128,0.0005138623600265957
2014-01-07,0.9961934182395221,0.9964792891232128,-0.0002858708836906976
2014-01-08,0.9961934182395221,0.9956795558794956,0.0005138623600264847
2014-01-09,0.9961934182395221,0.9956795558794956,0.0005138623600264847
2014-01-10,0.9966847251036323,0.9962784763768651,0.0004062487267671999
2014-01-13,0.9967332602857564,0.996586902756472,0.00014635752928437995
2014-01-14,0.9966847251036323,0.996586902756472,9.782234716027016e-05
2014-01-15,0.9968336159016205,0.9965869027564722,0.0002467131451482363
2014-01-16,0.9969931514832394,0.9967877155028201,0.00020543598041933286
2014-01-17,0.9969931514832394,0.9966281799212012,0.0003649715620381855
2014-01-21,0.9968950023837233,0.9963197535415941,0.0005752488421292279
2014-01-22,0.9967354668021045,0.996170862743606,0.0005646040584984524
2014-01-23,0.9967873887504642,0.9963197535415941,0.0004676352088701652
2014-01-24,0.9967873887504644,0.9960536593837415,0.0007337293667228906
2014-01-27,0.9967873887504644,0.9956894161263731,0.0010979726240912813
2014-01-28,0.9973705710659728,0.9959999975928862,0.001370573473086667
2014-01-29,0.997519461863961,0.9959999975928862,0.0015194642710748552
2014-01-30,0.9967873887504642,0.995220422118281,0.0015669666321832532
2014-01-31,0.9967873887504642,0.9947514281101892,0.002035960640275003
2014-02-03,0.996572036291084,0.9948474656534217,0.0017245706376622927
2014-02-04,0.9963756431319875,0.9948474656534217,0.0015281774785657065
2014-02-05,0.9963756431319872,0.994751428110189,0.0016242150217982143
2014-02-06,0.9963756431319875,0.994751428110189,0.0016242150217984364
2014-02-07,0.9963756431319875,0.9955310035847942,0.0008446395471932711
2014-02-10,0.996103042282992,0.9954722483151517,0.0006307939678402708
2014-02-11,0.9958601365400499,0.9959524952317778,-9.235869172785627e-05
2014-02-12,0.9958601365400499,0.9958364915725204,2.36449675294903e-05
2014-02-13,0.9955197456344992,0.9959524952317778,-0.00043274959727857
2014-02-14,0.9958082145916901,0.9959999975928862,-0.0001917830011960442
2014-02-18,0.9960808154406855,0.9956270411280267,0.00045377431265880563
2014-02-19,0.9958082145916901,0.9951467942114008,0.0006614203802892682
2014-02-20,0.9948689031887701,0.9943672187367958,0.0005016844519742936
2014-02-21,0.9948181614902978,0.9938394694590614,0.00097869203123635
2014-02-24,0.9948181614902978,0.9932048639658407,0.0016132975244570469
2014-02-25,0.9940975438570222,0.9923111157771694,0.0017864280798528531
2014-02-26,0.9937644230726407,0.9923111157771694,0.0014533072954713289
2014-02-27,0.9933327113381389,0.9925702584726199,0.0007624528655190144
2014-02-28,0.9933327113381389,0.9916309470696999,0.0017017642684390433
2014-03-03,0.9936658321225204,0.9907139362773275,0.0029518958451928423
2014-03-04,0.993433066954003,0.989971747300725,0.0034613196532780055
2014-03-05,0.9929410115878605,0.9891849064969319,0.0037561050909286076
2014-03-06,0.9925400669357999,0.9888459821140044,0.0036940848217954514
2014-03-07,0.9922860957732563,0.9888459821140044,0.0034401136592518977
2014-03-10,0.9922860957732563,0.9888459821140044,0.0034401136592518977
2014-03-11,0.9925684748591653,0.9881493563516504,0.004419118507514974
2014-03-12,0.9913682811356003,0.9869491626280855,0.004419118507514752
2014-03-13,0.9913682811356003,0.9869491626280855,0.004419118507514752
2014-03-14,0.9910421258618782,0.9876457883904395,0.0033963374714387484
2014-03-17,0.9915174990507831,0.9880591413102114,0.0034583577405716825
2014-03-18,0.9915174990507831,0.9868151713988331,0.00470232765195
2014-03-19,0.9915174990507831,0.9860547528839334,0.005462746166849719
2014-03-20,0.9915174990507831,0.9868415936877265,0.0046759053630566205
2014-03-21,0.9915174990507831,0.9868415936877265,0.0046759053630566205
2014-03-24,0.9918436543245056,0.9868415936877265,0.005002060636779104
2014-03-25,0.9913072217706919,0.9869300217027303,0.004377200067961606
2014-03-26,0.9910130373328992,0.9869938144552761,0.00401922287762313
2014-03-27,0.9913072217706919,0.9869300217027303,0.004377200067961606
2014-03-28,0.9916461461536193,0.9880855635991048,0.003560582554514524
2014-03-31,0.9921514113275147,0.9882950256859353,0.0038563856415794184
2014-04-01,0.9923319151406129,0.9874644086943289,0.004867506446283976
2014-04-02,0.9924279526838454,0.9875081848821422,0.004919767801703223
2014-04-03,0.9926121826702385,0.9873741936528898,0.005237989017348732
2014-04-04,0.9921431886621466,0.9872874832318496,0.004855705430297008
2014-04-07,0.9928853776387492,0.9879375964103577,0.004947781228391457
2014-04-08,0.9936851108824667,0.9889466830008243,0.00473842788164236
2014-04-09,0.9944646863570716,0.9900173566519751,0.004447329705096537
2014-04-10,0.9948861780040551,0.9909774359396782,0.003908742064376858
2014-04-11,0.9955207834972759,0.9915180264879451,0.004002757009330837
2014-04-14,0.9961386518850975,0.9923441145463958,0.00379453733870172
2014-04-15,0.9956465965189548,0.991709509053175,0.003937087465779809
2014-04-16,0.9948861780040551,0.9909774359396782,0.003908742064376858
2014-04-17,0.9948861780040551,0.9917378544545781,0.003148323549477028
2014-04-21,0.9949801929490091,0.9922784450028447,0.002701747946164401
2014-04-22,0.9948376428219309,0.9923441145463958,0.002493528275535062
2014-04-23,0.9945992752618998,0.9924699275680746,0.002129347693825223
2014-04-24,0.9948376428219309,0.992344114546396,0.00249352827553484
2014-04-25,0.9952959010242535,0.9929619829342173,0.0023339180900361356
2014-04-28,0.9957383424730044,0.9930580204774498,0.0026803219955545687
2014-04-29,0.99640474604295,0.9939086540337886,0.0024960920091614547
2014-04-30,0.9970548592214583,0.9944627296690645,0.0025921295523938515
2014-05-01,0.9967606747836657,0.9936120961127255,0.0031485786709402053
2014-05-02,0.9969324953206845,0.9927814791211194,0.0041510161995651496
2014-05-05,0.9967606747836655,0.9922894237549766,0.0044712510286888385
2014-05-06,0.9964522484040582,0.9928920345723764,0.0035602138316818133
2014-05-07,0.99640474604295,0.9931200407465828,0.003284705296367263
2014-05-08,0.9965503975035743,0.9931200407465828,0.0034303567569915483
2014-05-09,0.99640474604295,0.9936606312948498,0.0027441147481002126
2014-05-12,0.9970548592214582,0.9942784996826713,0.0027763595387868545
2014-05-13,0.9972143948030773,0.9947705550488141,0.0024438397542632107
2014-05-14,0.9972143948030773,0.994770555048814,0.0024438397542633217
2014-05-15,0.9972143948030773,0.9944443997750915,0.0027699950279858054
2014-05-16,0.9975541726049959,0.9944443997750916,0.0031097728299043226
2014-05-19,0.9979858843394978,0.9945064200442247,0.003479464295273016
2014-05-20,0.9981417064025254,0.9945064200442247,0.0036352863583006823
2014-05-21,0.9981417064025254,0.9939523444089489,0.004189361993576557
2014-05-22,0.9981417064025254,0.993447882691065,0.004693823711460432
2014-05-23,0.9981417064025254,0.9933840899385191,0.004757616464006298
2014-05-27,0.9983092268869652,0.9935099029601981,0.004799323926767074
2014-05-28,0.9980226075012422,0.993447882691065,0.004574724810177178
2014-05-29,0.9983092268869654,0.9935099029601981,0.004799323926767296
2014-05-30,0.998563198049509,0.9935099029601981,0.00505329508931085
2014-06-02,0.9987894738035914,0.9931904273706406,0.005599046432950838
2014-06-03,0.9990048262629717,0.9931904273706403,0.005814398892331374
2014-06-04,0.9992647174604546,0.9931904273706403,0.006074290089814305
2014-06-05,0.9992102622433909,0.9931904273706403,0.006019834872750596
2014-06-06,0.9993178758766502,0.9926363517353647,0.006681524141285533
2014-06-09,0.9993178758766502,0.9926363517353647,0.006681524141285533
2014-06-10,0.9990384417063721,0.9917206764542521,0.007317765252120023
2014-06-11,0.998933361341817,0.9906998645294639,0.00823349681235308
2014-06-12,0.9987775392787897,0.9902563288920959,0.008521210386693734
2014-06-13,0.9982854839126469,0.9896384605042742,0.008647023408372756
2014-06-16,0.9982310286955832,0.9889549225729019,0.009276106122681371
2014-06-17,0.9979226023159761,0.9889549225729019,0.00896767974307422
2014-06-18,0.998025265962808,0.9900819961416424,0.007943269821165666
2014-06-19,0.9981234150623238,0.9906998645294639,0.007423550532859924
2014-06-20,0.9984631928642428,0.9912539401647396,0.0072092526995032324
2014-06-23,0.9987230840617257,0.9917584018826237,0.006964682179102066
2014-06-24,0.9985176480813065,0.9906313283138832,0.007886319767423267
2014-06-25,0.9985176480813065,0.9901268665959992,0.008390781485307253
2014-06-26,0.9984631928642429,0.9905704022333669,0.007892790630876001
2014-06-27,0.9979711374981002,0.9905704022333669,0.0074007352647332825
2014-06-30,0.9979711374981002,0.9905704022333671,0.00740073526473306
2014-07-01,0.9973685266807002,0.9900163265980914,0.00735220008260884
2014-07-02,0.997312709802939,0.989216593354374,0.008096116448565005
2014-07-03,0.9976613494577954,0.9898192041717739,0.007842145286021451
2014-07-07,0.997312709802939,0.9898192041717739,0.0074935056311650206
2014-07-08,0.9976613494577954,0.9888215928991303,0.00883975655866509
2014-07-09,0.9974229818977639,0.9888215928991303,0.008601388998633608
2014-07-10,0.9973685266807002,0.9888215928991301,0.00854693378157012
2014-07-11,0.9973685266807002,0.9898192041717739,0.0075493225089262594
2014-07-14,0.9974229818977638,0.9909733457703338,0.006449636127429992
2014-07-15,0.9970105494903617,0.9915274214056097,0.0054831280847520425
2014-07-16,0.9973685266807001,0.9912682787101591,0.006100247970540984
2014-07-17,0.9973685266807001,0.9912682787101591,0.006100247970540984
2014-07-18,0.9966546207496462,0.9907762233440164,0.005878397405629787
2014-07-21,0.9967090759667099,0.9901736125266166,0.006535463440093259
2014-07-22,0.9973269443545315,0.9910272675385959,0.006299676815935573
2014-07-23,0.9976284178781832,0.9909312299953634,0.006697187882819811
2014-07-24,0.9979770575330397,0.9906656678927591,0.007311389640280552
2014-07-25,0.9981328795960671,0.9906656678927591,0.0074672117033079966
2014-07-28,0.9986734701443339,0.9906656678927591,0.008007802251574825
2014-07-29,0.9986734701443339,0.9906656678927591,0.008007802251574825
2014-07-30,0.9988789061247534,0.9910477657098692,0.007831140414884197
2014-07-31,0.9988789061247534,0.991650376527269,0.007228529597484434
2014-08-01,0.9988789061247534,0.9923849326379651,0.006493973486788263
2014-08-04,0.9988257477085578,0.9934556062891161,0.0053701414194416985
2014-08-05,0.9985935835398981,0.9935747051903991,0.00501887834949899
2014-08-06,0.998933361341817,0.9931964635936654,0.005736897748151559
2014-08-07,0.9988789061247533,0.9931964635936654,0.00568244253108785
2014-08-08,0.9983868507586107,0.9928731210461977,0.005513729712412929
2014-08-11,0.9984413059756743,0.9920036126149339,0.006437693360740404
2014-08-12,0.9984413059756743,0.9911920816592338,0.0072492243164404835
2014-08-13,0.998833005725953,0.9915115572487913,0.007321448477161763
2014-08-14,0.9990384417063721,0.9914155197055589,0.00762292200081327
2014-08-15,0.998933361341817,0.9911920816592338,0.007741279682583202
2014-08-18,0.998933361341817,0.9911920816592338,0.007741279682583202
2014-08-19,0.998933361341817,0.9911920816592338,0.007741279682583202
2014-08-20,0.9984909198930662,0.990780868096005,0.00771005179706119
2014-08-21,0.9987230840617257,0.9912023597429886,0.007520724318737071
2014-08-22,0.998933361341817,0.9920560147549682,0.006877346586848798
2014-08-25,0.9992647174604549,0.9924251042619175,0.00683961319853732
2014-08-26,0.9993673811072867,0.9923269551624015,0.007040425944885187
2014-08-27,0.9994205395234822,0.9920560147549682,0.007364524768514014
2014-08-28,0.9993154591589269,0.9920560147549681,0.00725944440395887
2014-08-29,0.9989333613418171,0.9920560147549682,0.006877346586848909
2014-09-02,0.9989333613418171,0.9911144795546408,0.007818881787176268
2014-09-03,0.9987230840617259,0.9902608245426613,0.008462259519064652
2014-09-04,0.9991051818788358,0.9902608245426613,0.008844357336174502
2014-09-05,0.9992610039418632,0.9902608245426613,0.009000179399201946
2014-09-08,0.9992610039418632,0.9908014150909281,0.008459588850935118
2014-09-09,0.9992610039418632,0.9908014150909281,0.008459588850935118
2014-09-10,0.9992102622433912,0.9912126286541567,0.007997633589234443
2014-09-11,0.999312925890223,0.9907911370071731,0.008521788883049886
2014-09-12,0.9993673811072867,0.9894621088062887,0.009905272300998025
2014-09-15,0.9996399819562821,0.9898836004532723,0.009756381503009837
2014-09-16,0.9996399819562821,0.9908014150909281,0.008838566865354003
2014-09-17,0.9995855267392184,0.9902608245426613,0.009324702196557122
2014-09-18,0.999312925890223,0.9909381322637426,0.008374793626480415
2014-09-19,0.9994205395234823,0.9911144795546406,0.008306059968841706
2014-09-22,0.9993154591589269,0.9897854513537564,0.009530007805170548
2014-09-23,0.9991051818788358,0.9901496946111248,0.008955487267711004
2014-09-24,0.9992610039418632,0.9910167675503083,0.008244236391554915
2014-09-25,0.9992610039418632,0.9910167675503083,0.008244236391554915
2014-09-26,0.9992610039418635,0.9914787228120092,0.0077822811298542405
2014-09-29,0.9992078455256677,0.991329832014021,0.007878013511646631
2014-09-30,0.9989417513678152,0.9910167675503083,0.007924983817506837
2014-10-01,0.9989417513678152,0.9910167675503083,0.007924983817506837
2014-10-02,0.9989417513678152,0.9910167675503083,0.007924983817506837
2014-10-03,0.9989417513678152,0.9919097675685116,0.007031983799303587
2014-10-06,0.9989417513678152,0.9927030789488502,0.006238672418964919
2014-10-07,0.9988413957519511,0.9921892017387896,0.006652194013161528
2014-10-08,0.9986818601703321,0.9914484792848103,0.007233380885521834
2014-10-09,0.9988452906813527,0.9917718218322777,0.007073468849075004
2014-10-10,0.9992182471462122,0.9923933126755976,0.0068249344706146076
2014-10-13,0.9994285244263036,0.9927624021825471,0.0066661222437565115
2014-10-14,0.9995336047908587,0.9927624021825471,0.006771202608311655
2014-10-15,0.9995336047908587,0.9927624021825471,0.006771202608311655
2014-10-16,0.9996970353018794,0.993244379519297,0.006452655782582362
2014-10-17,0.9996970353018794,0.9943701447060176,0.005326890595861777
2014-10-20,0.9995336047908587,0.994164708725598,0.005368896065260698
2014-10-21,0.999370174279838,0.9938921078766028,0.005478066403235227
2014-10-22,0.9995336047908587,0.9940051731439792,0.00552843164687955
2014-10-23,0.9996438768856838,0.9933720643232591,0.006271812562424706
2014-10-24,0.9995336047908587,0.9929505726762755,0.0065830321145832205
2014-10-27,0.9994309411440268,0.9926174518918939,0.006813489252132876
2014-10-28,0.9992675106330062,0.9922860957732562,0.0069814148597500125
2014-10-29,0.9992102622433912,0.9919301670325407,0.00728009521085049
2014-10-30,0.9993777827278311,0.9912226296749762,0.008155153052854858
2014-10-31,0.9993777827278311,0.9912226296749762,0.008155153052854858
2014-11-03,0.999432237944895,0.9912226296749762,0.008209608269918789
2014-11-04,0.9990592814800354,0.9908457327027816,0.008213548777253776
2014-11-05,0.9988997458984162,0.990454032952503,0.00844571294591323
2014-11-06,0.9990048262629717,0.9902111272095607,0.008793699053410986
2014-11-07,0.9990048262629717,0.9900342017470813,0.008970624515890369
2014-11-10,0.9991051818788358,0.9905591133170583,0.008546068561777531
2014-11-11,0.9992647174604549,0.9902642856257563,0.009000431834698563
2014-11-12,0.9991051818788358,0.9900873601632768,0.009017821715558982
2014-11-13,0.9989333613418171,0.9905591133170583,0.008374248024758835
2014-11-14,0.9991051818788358,0.9906931045463107,0.008412077332525136
2014-11-17,0.9993154591589269,0.9906931045463107,0.00862235461261629
2014-11-18,0.9993154591589269,0.9918030832284366,0.007512375930490367
2014-11-19,0.9993154591589269,0.9921428610303554,0.007172598128571517
2014-11-20,0.9991051818788358,0.9923911761378117,0.006714005741024098
2014-11-21,0.9992647174604549,0.993516941324532,0.005747776135922811
2014-11-24,0.9995880600079223,0.9932686262170759,0.006319433790846429
2014-11-25,0.999480446374663,0.9921428610303554,0.007337585344307618
2014-11-26,0.9996438768856836,0.9918030832284366,0.007840793657246992
2014-11-28,0.9995387965211284,0.9925279037630965,0.007010892758031906
2014-12-01,0.9995387965211282,0.9925279037630965,0.007010892758031684
2014-12-02,0.9995387965211282,0.9925279037630965,0.007010892758031684
2014-12-03,0.9995387965211282,0.9918932982698757,0.007645498251252492
2014-12-04,0.9994285244263033,0.991455097120939,0.007973427305364211
2014-12-05,0.9995880600079223,0.9916980028638812,0.007890057144041118
2014-12-08,0.9994829796433671,0.992422823398541,0.0070601562448260324
2014-12-09,0.9992727023632759,0.99266055065726,0.006612151706015923
2014-12-10,0.9992727023632759,0.99304264847437,0.006230053888905962
2014-12-11,0.9991051818788358,0.9922806558997416,0.00682452597909422
2014-12-12,0.9988789061247534,0.9910936811784774,0.0077852249462759815
2014-12-15,0.9989815697715854,0.9907115833613673,0.008269986410218033
2014-12-16,0.999312925890223,0.990318034039621,0.008994891850601983
2014-12-17,0.9995855267392184,0.9907115833613673,0.008873943377851079
2014-12-18,0.9995855267392184,0.9917063940381617,0.007879132701056668
2014-12-19,0.9996931403724775,0.9910936811784774,0.00859945919400007
2014-12-22,0.9995336047908587,0.9904738561026485,0.009059748688210245
2014-12-23,0.999370174279838,0.9901407353182671,0.009229438961570913
2014-12-24,0.9993701742798382,0.989372138595794,0.009998035684044226
2014-12-26,0.9994220962281978,0.989372138595794,0.010049957632403794
2014-12-29,0.9991494953792024,0.9880598536126962,0.011089641766506175
2014-12-30,0.999312925890223,0.987186302387863,0.012126623502360045
2014-12-31,0.9994205395234822,0.9866192667616068,0.01280127276187537
2015-01-02,0.9994205395234822,0.9869077357187979,0.012512803804684336
2015-01-05,0.9993673811072867,0.9873614557382094,0.012005925369077297
2015-01-06,0.9994205395234822,0.9877094418457069,0.01171109767777534
2015-01-07,0.9995256198880377,0.9886281775070584,0.010897442380979228
2015-01-08,0.9995256198880376,0.9886281775070584,0.010897442380979117
2015-01-09,0.9995256198880376,0.9886281775070584,0.010897442380979117
2015-01-12,0.9994205395234823,0.988681335923254,0.010739203600228286
2015-01-13,0.9995880600079223,0.9898217980606726,0.009766261947249721
2015-01-14,0.9994829796433671,0.9900873601632768,0.009395619480090267
2015-01-15,0.9994829796433671,0.9900873601632769,0.009395619480090156
2015-01-16,0.9994829796433671,0.9900873601632768,0.009395619480090267
2015-01-20,0.9994829796433671,0.9900873601632768,0.009395619480090267
2015-01-21,0.9992727023632759,0.9905591133170583,0.008713589046217662
2015-01-22,0.9992727023632759,0.9918030832284366,0.007469619134839345
2015-01-23,0.9992727023632759,0.9920897026141599,0.00718299974911607
2015-01-26,0.9990066082054234,0.9912226296749762,0.007783978530447211
2015-01-27,0.9990066082054234,0.9912226296749762,0.007783978530447211
2015-01-28,0.9990624250831847,0.9906861971211626,0.008376227962022087
2015-01-29,0.9990624250831847,0.991042125861878,0.008020299221306648
2015-01-30,0.9987467170079404,0.9912226296749761,0.00752408733296428
2015-02-02,0.9984868258104572,0.9912226296749761,0.007264196135481127
2015-02-03,0.9984868258104572,0.9922860957732562,0.006200730037201008
2015-02-04,0.9981225825530887,0.992457916310275,0.0056646662428136985
2015-02-05,0.9977010909061051,0.9915401016726193,0.006160989233485847
2015-02-06,0.9977010909061051,0.991012352394885,0.006688738511220094
2015-02-09,0.9977010909061051,0.9906861971211626,0.007014893784942577
2015-02-10,0.9977010909061051,0.990454032952503,0.007247057953602143
2015-02-11,0.9977010909061051,0.9902111272095607,0.007489963696544422
2015-02-12,0.9981225825530887,0.990454032952503,0.007668549600585717
2015-02-13,0.9984868258104572,0.9905880241817554,0.007898801628701824
2015-02-17,0.9988025338857015,0.9905880241817553,0.008214509703946216
2015-02-18,0.998381042238718,0.9900515916279418,0.008329450610776279
2015-02-19,0.9980653341634735,0.9898746661654623,0.00819066799801127
2015-02-20,0.9980653341634736,0.9898746661654623,0.00819066799801138
2015-02-23,0.998381042238718,0.9898746661654623,0.008506376073255772
2015-02-24,0.998381042238718,0.9898746661654623,0.008506376073255772
2015-02-25,0.9980653341634736,0.9893222969374188,0.00874303722605485
2015-02-26,0.9981225825530887,0.9890567348348145,0.009065847718274234
2015-02-27,0.9977010909061051,0.9890567348348145,0.00864435607129066
2015-03-02,0.9977010909061051,0.9890567348348147,0.008644356071290438
2015-03-03,0.9972320968980132,0.9895369817514406,0.0076951151465726175
2015-03-04,0.9976535885449968,0.9895369817514406,0.008116606793556191
2015-03-05,0.9975375848857394,0.9905814063456265,0.006956178540112878
2015-03-06,0.997022078293802,0.9913159624563228,0.005706115837479153
2015-03-09,0.9968502577567832,0.9918953292433635,0.00495492851341961
2015-03-10,0.997022078293802,0.9919511461211247,0.005070932172677289
2015-03-11,0.9971160932387559,0.9916850519632723,0.005431041275483661
2015-03-12,0.9970602763609946,0.992602866600928,0.0044574097600665885
2015-03-13,0.9966578350364336,0.9919511461211248,0.004706688915308788
2015-03-16,0.9962460894179564,0.992161423401216,0.004084666016740401
2015-03-17,0.9967615960098941,0.9924875786749385,0.004274017334955582
2015-03-18,0.997173341628371,0.9924875786749385,0.004685762953432482
2015-03-19,0.9966578350364333,0.9926978559550297,0.003959979081403664
2015-03-20,0.9964256708677738,0.9929802350409387,0.003445435826835097
2015-03-23,0.9959776663289638,0.9927699577608475,0.003207708568116252
2015-03-24,0.9966578350364332,0.9922773013948472,0.004380533641586082
2015-03-25,0.9971380819530592,0.9919511461211247,0.005186935831934525
2015-03-26,0.9967165903060757,0.9911666127244215,0.0055499775816542085
2015-03-27,0.9967165903060757,0.9911666127244215,0.0055499775816542085
2015-03-30,0.9966578350364332,0.9921614234012158,0.004496411635217412
2015-03-31,0.9960380099606047,0.9926978559550296,0.00334015400557508
2015-04-01,0.9954499170512296,0.9929802350409387,0.0024696820102909633
2015-04-02,0.9952115494911983,0.9941357769373133,0.0010757725538850238
2015-04-06,0.9957392987689325,0.9949791630381247,0.0007601357308077983
2015-04-07,0.9959776663289638,0.9942915990003409,0.0016860673286228645
2015-04-08,0.9958646010615875,0.9933737843626851,0.002490816698902387
2015-04-09,0.9964256708677738,0.9941357769373133,0.0022898939304605292
2015-04-10,0.9964256708677738,0.9949791630381247,0.0014465078296490574
2015-04-13,0.9963096672085163,0.9942915990003408,0.0020180682081755164
2015-04-14,0.9964860144994145,0.9942408573018686,0.0022451571975459217
2015-04-15,0.9964860144994145,0.9948739661225887,0.0016120483768258254
2015-04-16,0.9959249446932285,0.9948739661225887,0.0010509785706397379
2015-04-17,0.9959249446932282,0.9946362388638701,0.0012887058293581388
2015-04-20,0.9959249446932285,0.9940031300431499,0.0019218146500785682
2015-04-21,0.9964860144994145,0.9938980496785945,0.002587964820820021
2015-04-22,0.9964860144994145,0.9938980496785947,0.002587964820819799
2015-04-23,0.9970602763609946,0.9936877723985034,0.0033725039624912245
2015-04-24,0.9969662614160406,0.9931951160325031,0.003771145383537511
2015-04-27,0.9969662614160406,0.9919511461211248,0.005015115294915828
2015-04-28,0.9966796420303172,0.9918953292433635,0.004784312786953682
2015-04-29,0.9966796420303172,0.9921718705996943,0.0045077714306229755
2015-04-30,0.9970525984951766,0.9921718705996938,0.004880727895482773
2015-05-01,0.9973474261864785,0.9921718705996938,0.00517555558678473
2015-05-04,0.9972901777968636,0.9917503789527103,0.005539798844153232
2015-05-05,0.9975108566974992,0.9912139463988968,0.006296910298602354
2015-05-06,0.9971951486222549,0.9913120954984127,0.005883053123842186
2015-05-07,0.9974817680079782,0.9922299101360688,0.0052518578719094045
2015-05-08,0.9974817680079782,0.9922299101360688,0.0052518578719094045
2015-05-11,0.9974817680079782,0.9922299101360688,0.0052518578719094045
2015-05-12,0.9974817680079782,0.992556065409791,0.004925702598187143
2015-05-13,0.9971733416283709,0.9936818305965115,0.0034915110318594067
2015-05-14,0.9971733416283709,0.9941870957704069,0.0029862458579640316
2015-05-15,0.9965387361351501,0.993317587339143,0.0032211487960071006
2015-05-18,0.9965852487189959,0.9928858756046414,0.0036993731143545316
2015-05-19,0.9969969943374726,0.9929446308742836,0.004052363463188935
2015-05-20,0.9963468811589644,0.9927604008878904,0.0035864802710739996
2015-05-21,0.9959889039686259,0.9931333573527499,0.002855546615876059
2015-05-22,0.9956210741124976,0.9926133137994062,0.0030077603130913566
2015-05-26,0.9959770028532133,0.9919638159782163,0.004013186874997077
2015-05-27,0.9963329315939287,0.9922299101360688,0.004103021457859901
2015-05-28,0.9963329315939287,0.9922299101360688,0.004103021457859901
2015-05-29,0.9965869027564723,0.9922299101360688,0.004356992620403566
2015-06-01,0.9960411406752983,0.9927663426898822,0.003274797985416078
2015-06-02,0.9954256034065779,0.9924579163102751,0.0029676870963027957
2015-06-03,0.9946848809525984,0.9917503789527105,0.002934501999887984
2015-06-04,0.9943834074289467,0.992171870599694,0.0022115368292526805
2015-06-05,0.9941294362664032,0.9924542496856031,0.0016751865808000144
2015-06-08,0.9940749810493397,0.992593827844806,0.0014811532045336806
2015-06-09,0.9936632354308627,0.9929418139523035,0.0007214214785591366
2015-06-10,0.9941832789842063,0.9940052800505836,0.0001779989336226917
2015-06-11,0.9941832789842063,0.9937038065269319,0.00047947245727442134
2015-06-12,0.9944039578848421,0.9937038065269317,0.0007001513579104612
2015-06-15,0.9945142299796671,0.9937038065269317,0.0008104234527354093
2015-06-16,0.9945142299796671,0.9937038065269317,0.0008104234527354093
2015-06-17,0.9944039578848421,0.9932348125188398,0.001169145366002322
2015-06-18,0.9946522729922983,0.9933906345818673,0.0012616384104310319
2015-06-19,0.9949005880997546,0.9933906345818673,0.001509953517887297
2015-06-22,0.9944315940916627,0.9935362860424918,0.0008953080491709287
2015-06-23,0.9943796721433029,0.9931882999349942,0.001191372208308672
2015-06-24,0.9946522729922983,0.9932348125188398,0.0014174604734584761
2015-06-25,0.9943042868848009,0.9932348125188398,0.001069474365961054
2015-06-26,0.9943042868848009,0.9942238500802754,8.043680452551882e-05
2015-06-29,0.9943601037625622,0.9943369153476519,2.318841491033563e-05
2015-06-30,0.9946685301421693,0.9946453417272589,2.318841491033563e-05
2015-07-01,0.9956320535183872,0.995416701059007,0.00021535245938020253
2015-07-02,0.9956320535183872,0.995416701059007,0.00021535245938020253
2015-07-06,0.9956320535183872,0.995416701059007,0.00021535245938020253
2015-07-07,0.9956320535183872,0.995416701059007,0.00021535245938020253
2015-07-08,0.9956320535183872,0.9957324091342514,-0.0001003556158641894
2015-07-09,0.995933527042039,0.9957324091342513,0.00020111790778765126
2015-07-10,0.995933527042039,0.9957324091342513,0.00020111790778765126
2015-07-13,0.996033882657903,0.995416701059007,0.0006171815988960105
2015-07-14,0.9963423090375101,0.9951737953160646,0.001168513721445441
2015-07-15,0.9964981311005378,0.9946127255098784,0.001885405590659306
2015-07-16,0.9964981311005378,0.9946127255098783,0.001885405590659417
2015-07-17,0.9964981311005378,0.9946127255098783,0.001885405590659417
2015-07-20,0.9964981311005378,0.9942276827771372,0.002270448323400509
2015-07-21,0.9971489735462671,0.9939511414208069,0.0031978321254602093
2015-07-22,0.9978325114776394,0.9943799603413612,0.0034525511362781813
2015-07-23,0.9978325114776394,0.9949856819747377,0.0028468295029017154
2015-07-24,0.9979351751244715,0.9946006392419968,0.0033345358824746762
2015-07-27,0.9974039147573228,0.9947033028888286,0.0027006118684942404
2015-07-28,0.9974039147573228,0.9953022233861981,0.002101691371124703
2015-07-29,0.9974039147573228,0.9949788808387304,0.0024250339185923897
2015-07-30,0.9974039147573228,0.9944969035019806,0.0029070112553422067
2015-07-31,0.9967530723115936,0.9934262298508297,0.003326842460763868
2015-08-03,0.9967530723115936,0.9926329184704913,0.004120153841102314
2015-08-04,0.9967530723115936,0.9925784632534276,0.004174609058166023
2015-08-05,0.9974039147573228,0.993280047397629,0.0041238673596938336
2015-08-06,0.997351992808963,0.9935063231517113,0.003845669657251749
2015-08-07,0.9972493291621312,0.9936658587333302,0.0035834704288009167
2015-08-10,0.9978325114776396,0.9947109963105395,0.0031215151671001307
2015-08-11,0.9978325114776396,0.9948240615779161,0.0030084498997234865
2015-08-12,0.9976766894146119,0.9948772199941116,0.0027994694205002446
2015-08-13,0.9981422802382097,0.9953489731478931,0.0027933070903166657
2015-08-14,0.9984909198930664,0.9953489731478931,0.0031419467451733185
2015-08-17,0.9984909198930664,0.9958145639714909,0.0026763559215754462
2015-08-18,0.9984909198930664,0.9964068134030659,0.002084106490000459
2015-08-19,0.9985935835398982,0.9959248360663159,0.002668747473582367
2015-08-20,0.9984340479582792,0.995289652401514,0.003144395556765156
2015-08-21,0.9984340479582792,0.9946123446804329,0.0038217032778462556
2015-08-24,0.9978799723230035,0.9940039651630466,0.0038760071599569512
2015-08-25,0.9980854083034227,0.994722616775258,0.003362791528164766
2015-08-26,0.9985391283228345,0.9956382920563704,0.0029008362664640908
2015-08-27,0.9985935835398981,0.995528019961545,0.003065563578353081
2015-08-28,0.9984340479582794,0.994960984335289,0.00347306362299038
2015-08-31,0.9984340479582792,0.994960984335289,0.003473063622990158
2015-09-01,0.9983833062598071,0.994960984335289,0.003422321924518079
2015-09-02,0.9980346666049507,0.994960984335289,0.0030736822696616484
2015-09-03,0.9980346666049504,0.994793463850849,0.0032412027541014465
2015-09-04,0.9980346666049504,0.994793463850849,0.0032412027541014465
2015-09-08,0.9980346666049504,0.994793463850849,0.0032412027541014465
2015-09-09,0.9974167982171289,0.994793463850849,0.002623334366279928
2015-09-10,0.9975171538329931,0.9953604994771053,0.002156654355887855
2015-09-11,0.9980346666049507,0.9953073410609097,0.0027273255440409816
2015-09-14,0.997416798217129,0.9943916657797972,0.0030251324373318234
2015-09-15,0.9972533677061085,0.9945550962908176,0.002698271415290887
2015-09-16,0.9974167982171289,0.9944474826575586,0.0029693155595703624
2015-09-17,0.9974167982171289,0.9936128273860899,0.0038039708310390052
2015-09-18,0.9974167982171289,0.9936128273860899,0.0038039708310390052
2015-09-21,0.997416798217129,0.9935570105083287,0.003859787708800355
2015-09-22,0.9969931514832394,0.993039497736371,0.003953653746868402
2015-09-23,0.9970438931817117,0.9928631504454727,0.004180742736239029
2015-09-24,0.9976270754972203,0.9926528731653815,0.004974202331838762
2015-09-25,0.9979850526875589,0.9928631504454727,0.005121902242086196
2015-09-28,0.9980346666049507,0.9937581493485822,0.004276517256368462
2015-09-29,0.998085408303423,0.9943251849748383,0.003760223328584611
2015-09-30,0.9984340479582792,0.9947376173822405,0.003696430576038634
2015-10-01,0.9981183398830349,0.9941693629118108,0.003948976971224094
2015-10-02,0.9980675981845626,0.993937198743151,0.004130399441411581
2015-10-05,0.9984073759864814,0.9948745427205303,0.0035328332659511075
2015-10-06,0.9980989496068742,0.9951067068891899,0.002992242717684279
2015-10-07,0.9981474847889983,0.9948200875034666,0.0033273972855316636
2015-10-08,0.9984631928642428,0.995168727158323,0.0032944657059197358
2015-10-09,0.998123415062324,0.9956111686070739,0.0025122464552501667
2015-10-12,0.9975693394270484,0.9955008965122488,0.002068442914799573
2015-10-13,0.9972050961696797,0.9958322526308865,0.0013728435387931892
2015-10-14,0.9972050961696797,0.9958322526308865,0.0013728435387931892
2015-10-15,0.9978077069870795,0.9958322526308865,0.0019754543561930626
2015-10-16,0.9978077069870795,0.9958322526308865,0.0019754543561930626
2015-10-19,0.9972050961696797,0.9951398205764695,0.002065275593210125
2015-10-20,0.9974649873671628,0.994346509196131,0.0031184781710318354
2015-10-21,0.997613878165151,0.9937381296787449,0.0038757484864061498
2015-10-22,0.9976696950429123,0.9939588085793806,0.003710886463531682
2015-10-23,0.9981234150623238,0.9945140296805711,0.0036093853817527055
2015-10-26,0.9978077069870794,0.9937381296787449,0.004069577308334571
2015-10-27,0.9979080626029435,0.9931423164771531,0.004765746125790393
2015-10-28,0.9982237706781879,0.9932553817445295,0.004968388933658363
2015-10-29,0.9979295862403953,0.9928535836734776,0.005076002566917648
2015-10-30,0.9978799723230033,0.9918781255062653,0.006001846816737988
2015-11-02,0.9983336923424153,0.9926772363825794,0.005656455959835882
2015-11-03,0.9982234202475903,0.992461883923199,0.005761536324391248
2015-11-04,0.9977697002281785,0.9918781255062653,0.005891574721913151
2015-11-05,0.9976208094301903,0.992621419504818,0.0049993899253722995
2015-11-06,0.9978019286006066,0.9929156039426107,0.0048863246579958775
2015-11-09,0.9976968482360513,0.9932553817445297,0.004441466491521662
2015-11-10,0.9971690989583171,0.9940146254571419,0.003154473501175148
2015-11-11,0.9972741793228723,0.9938511949461212,0.003422984376751148
2015-11-12,0.9974198307834965,0.9932553817445297,0.004164449038966844
2015-11-13,0.9976992649537747,0.9932553817445297,0.0044438832092450475
2015-11-16,0.9977596085854155,0.9932553817445297,0.0045042268408858055
2015-11-17,0.9977064501692198,0.9929156039426108,0.004790846226608969
2015-11-18,0.9977064501692198,0.9929156039426107,0.00479084622660908
2015-11-19,0.9977596085854156,0.992461883923199,0.005297724662216563
2015-11-20,0.9977596085854156,0.9926772363825794,0.0050823722028361384
2015-11-23,0.9977064501692198,0.9936128273860899,0.004093622783129858
2015-11-24,0.9977064501692198,0.9936128273860899,0.004093622783129858
2015-11-25,0.9975469145876009,0.9932211276358115,0.004325786951789423
2015-11-27,0.997595449769725,0.9938839623702612,0.0037114873994638087
2015-11-30,0.9970548592214583,0.9940603096611593,0.002994549560298987
2015-12-01,0.9973862153400961,0.9942756621205397,0.0031105532195563335
2015-12-02,0.9976946417197031,0.9950689735008783,0.002625668218824817
2015-12-03,0.997646106537579,0.9944474826575586,0.003198623880020457
2015-12-04,0.9977591718049555,0.9942756621205397,0.0034835096844157976
2015-12-07,0.9974865709559602,0.9940603096611593,0.0034262612948008364
2015-12-08,0.9971708628807157,0.9938839623702611,0.003286900510454549
2015-12-09,0.9972204767981077,0.9941161265389208,0.003104350259186872
2015-12-10,0.9975438193455751,0.9942756621205397,0.003268157225035373
2015-12-11,0.9978099135034276,0.994391665779797,0.0034182477236306408
2015-12-14,0.9973054517855438,0.9944448241959927,0.002860627589551079
2015-12-15,0.9973054517855438,0.9947934638508492,0.0025119879346945373
2015-12-16,0.9977591718049553,0.994793463850849,0.0029657079541063336
2015-12-17,0.9980675981845626,0.994793463850849,0.0032741343337135964
2015-12-18,0.9979694490850466,0.994793463850849,0.003175985234197598
2015-12-21,0.9981328795960671,0.9953604994771053,0.002772380118961859
2015-12-22,0.9986734701443342,0.9961720304328056,0.002501439711528608
2015-12-23,0.9987894738035914,0.9963983061868878,0.002391167616703549
2015-12-24,0.9987894738035913,0.9965658266713279,0.0022236471322634177
2015-12-28,0.9987894738035913,0.9965658266713279,0.0022236471322634177
2015-12-29,0.9991051818788358,0.9970478040080777,0.0020573778707581036
2015-12-30,0.9991571038271955,0.997158076102903,0.0019990277242925014
2015-12-31,0.9990048262629718,0.9965658266713279,0.0024389995916439533
2016-01-04,0.9990048262629718,0.9958733946169108,0.0031314316460610003
2016-01-05,0.9990048262629718,0.9956471188628283,0.003357707400143517
2016-01-06,0.9987785505088892,0.9953604994771051,0.003418051031784053
2016-01-07,0.9985245793463458,0.9946259433664091,0.003898635979936671
2016-01-08,0.9985245793463458,0.994346509196131,0.004178070150214763
2016-01-11,0.9985245793463458,0.994346509196131,0.004178070150214763
2016-01-12,0.9986963998833644,0.9946331285818543,0.004063271301510185
2016-01-13,0.9990048262629718,0.9953676846925504,0.003637141570421387
2016-01-14,0.9990048262629715,0.9953676846925504,0.003637141570421054
2016-01-15,0.9990048262629717,0.9953676846925504,0.003637141570421276
2016-01-19,0.9990048262629717,0.9953676846925504,0.003637141570421276
2016-01-20,0.9990048262629717,0.9950810653068272,0.003923760956144551
2016-01-21,0.9988972126297125,0.9948084644578318,0.004088748171880763
2016-01-22,0.9990048262629718,0.9948084644578318,0.0041963618051400475
2016-01-25,0.9990048262629718,0.9948084644578318,0.0041963618051400475
2016-01-26,0.9992102622433912,0.9956199954135321,0.003590266829859079
2016-01-27,0.9991051818788358,0.9956719173618919,0.0034332645169439235
2016-01-28,0.9989417513678153,0.9959513515321698,0.0029903998356454187
2016-01-29,0.9991624302684509,0.9962307857024477,0.0029316445660031443
2016-02-01,0.9991051818788358,0.9961720304328056,0.0029331514460302355
2016-02-02,0.9987894738035914,0.9954795983783884,0.0033098754252030016
2016-02-03,0.9987894738035914,0.9952001642081104,0.003589309595480983
2016-02-04,0.9990620746525868,0.9952001642081104,0.0038619104444763686
2016-02-05,0.9993777827278311,0.9952001642081104,0.0041776185197206495
2016-02-08,0.9993777827278311,0.9954795983783884,0.0038981843494426682
2016-02-09,0.9995412132388517,0.9957058741324709,0.0038353391063807862
2016-02-10,0.9995412132388519,0.9956471188628283,0.0038940943760236157
2016-02-11,0.9995956684559154,0.9957601841302048,0.0038354843257105697
2016-02-12,0.9998059457360067,0.9962319372839862,0.003574008452020494
2016-02-16,0.9998059457360067,0.9967683698377999,0.003037575898206746
2016-02-17,0.9998059457360067,0.9967683698377997,0.003037575898206968
2016-02-18,0.9995956684559154,0.9963395509172456,0.0032561175386698338
2016-02-19,0.9995956684559154,0.9965113714542642,0.0030842970016512483
2016-02-22,0.9994880548226562,0.9963953677950067,0.003092687027649532
2016-02-23,0.9994880548226562,0.9963953677950068,0.003092687027649421
2016-02-24,0.9993777827278311,0.9971036208858391,0.0022741618419919174
2016-02-25,0.9993777827278311,0.9975962772518395,0.0017815054759915405
2016-02-26,0.9990048262629718,0.9977065493466645,0.0012982769163073504
2016-02-29,0.9986405830056031,0.9971580761029029,0.0014825069027002424
2016-03-01,0.9990620746525868,0.9969318003488203,0.002130274303766444
2016-03-02,0.9988945541681467,0.9969318003488203,0.0019627538193263128
2016-03-03,0.9986738752675111,0.9962823025276304,0.002391572739880665
2016-03-04,0.9986151199978687,0.9957573909576536,0.0028577290402150846
2016-03-07,0.9985100396333133,0.9949640795773148,0.0035459600559984983
2016-03-08,0.9987253920926937,0.9940690806742054,0.004656311418488324
2016-03-09,0.9986734701443339,0.9939588085793805,0.004714661564953482
2016-03-10,0.998563198049509,0.9936721891936572,0.004891008855851808
2016-03-11,0.9988945541681467,0.9936721891936572,0.0052223649744894685
2016-03-14,0.9988945541681467,0.9939588085793805,0.004935745588766194
2016-03-15,0.9984143072515208,0.992961197306737,0.005453109944783763
2016-03-16,0.998473062521163,0.992621419504818,0.005851643016344998
2016-03-17,0.998193628350885,0.9923192591922408,0.005874369158644144
2016-03-18,0.9979141941806071,0.9925514233609003,0.005362770819706819
2016-03-21,0.9979141941806071,0.9925514233609003,0.005362770819706819
2016-03-22,0.9980630849785954,0.9925514233609004,0.005511661617695007
2016-03-23,0.998394441097233,0.9919157429956069,0.006478698101626046
2016-03-24,0.9986738752675111,0.9917523124845863,0.006921562782924773
2016-03-28,0.9985687949029557,0.9917523124845863,0.006816482418369407
2016-03-29,0.9985100396333133,0.9915759651936881,0.006934074439625237
2016-03-30,0.9984073759864814,0.9911523184597986,0.007255057526682873
2016-03-31,0.9980989496068742,0.9903140399161201,0.007784909690754072
2016-04-01,0.998201613253706,0.9900414390671247,0.008160174186581326
2016-04-04,0.9986818601703321,0.9900414390671247,0.008640421103207396
2016-04-05,0.9982603685233487,0.9887291782418571,0.00953119028149152
2016-04-06,0.9985329693723439,0.9883470804247472,0.010185888947596755
2016-04-07,0.9987536482729795,0.9883470804247472,0.010406567848232351
2016-04-08,0.9987536482729795,0.9886062231201976,0.010147425152781886
2016-04-11,0.9989544610193275,0.9880604610390239,0.010893999980303604
2016-04-12,0.9989544610193275,0.9875063854037482,0.011448075615579256
2016-04-13,0.9988413957519511,0.987506385403748,0.011335010348203056
2016-04-14,0.9992143522168105,0.9886215238026981,0.010592828414112465
2016-04-15,0.9989417513678153,0.9880604610390239,0.010881290328791371
2016-04-18,0.9989949097840107,0.9878550250586045,0.01113988472540628
2016-04-19,0.9990468317323706,0.987239487789884,0.011807343942486614
2016-04-20,0.9988413957519511,0.9864351492253579,0.012406246526593168
2016-04-21,0.9984199041049675,0.9864351492253579,0.011984754879609594
2016-04-22,0.9988413957519511,0.9878550250586045,0.010986370693346625
2016-04-25,0.9988413957519511,0.9880604610390237,0.010780934712927404
2016-04-26,0.9988413957519511,0.9878550250586045,0.010986370693346625
2016-04-27,0.9989417513678153,0.9886215238026981,0.01032022756511719
2016-04-28,0.9985687949029557,0.9880604610390237,0.010508333863932018
2016-04-29,0.9985687949029559,0.9886062231201977,0.009962571782758167
2016-05-02,0.9987742308833751,0.9896593412500145,0.009114889633360601
2016-05-03,0.9990468317323705,0.9894001985545638,0.009646633177806674
2016-05-04,0.9989417513678152,0.9896593412500145,0.009282410117800621
2016-05-05,0.9987822157861964,0.9896593412500145,0.00912287453618188
2016-05-06,0.9987822157861964,0.9896593412500145,0.00912287453618188
2016-05-09,0.9987822157861964,0.9891135791688406,0.009668636617355841
2016-05-10,0.9987822157861962,0.9886215238026981,0.010160691983498116
2016-05-11,0.9988394641758114,0.9885595035335649,0.010279960642246455
2016-05-12,0.9985161216283437,0.9891052656147389,0.009410856013604807
2016-05-13,0.9984665077109519,0.9885595035335649,0.009907004177386991
2016-05-16,0.9987822157861962,0.9880189129852981,0.0107633028008981
2016-05-17,0.9990548166351918,0.989033538819875,0.01002127781531681
2016-05-18,0.9991055583336639,0.9898332720635925,0.009272286270071373
2016-05-19,0.9990548166351918,0.9894934942616735,0.009561322373518255
2016-05-20,0.9991624302684509,0.9899283618806192,0.009234068387831695
2016-05-23,0.9989025390709679,0.9900772526786074,0.008825286392360576
2016-05-24,0.9991624302684509,0.9899283618806192,0.009234068387831695
2016-05-25,0.9989569942880314,0.9904722531338512,0.008484741154180186
2016-05-26,0.9989025390709677,0.9900772526786075,0.008825286392360243
2016-05-27,0.9991624302684509,0.9906604349941159,0.008501995274334928
2016-05-31,0.9989025390709677,0.9911524903602585,0.0077500487107091676
2016-06-01,0.9985791965235002,0.9912783033819373,0.007300893141562903
2016-06-02,0.9984810474239842,0.9912145106293915,0.007266536794592771
2016-06-03,0.9986818601703321,0.9915542884313105,0.007127571739021565
2016-06-06,0.9988413957519512,0.9915542884313105,0.00728710732064064
2016-06-07,0.9984199041049675,0.9911524903602585,0.0072674137447089615
2016-06-08,0.9985687949029557,0.9916180811838564,0.006950713719099277
2016-06-09,0.9987894738035914,0.9924933285557259,0.006296145247865481
2016-06-10,0.9987894738035914,0.9914319245305364,0.007357549273054986
2016-06-13,0.9985791965235002,0.9914319245305364,0.007147271992963833
2016-06-14,0.9989521529883597,0.9918443569379388,0.007107796050420889
2016-06-15,0.9989521529883597,0.9920001790009664,0.006951973987393334
2016-06-16,0.999218247146212,0.9916180811838562,0.007600165962355798
2016-06-17,0.9993209107930441,0.9914319245305364,0.007888986262507669
2016-06-20,0.9995362632524245,0.991226488550117,0.008309774702307537
2016-06-21,0.9996438768856838,0.9918754601679044,0.007768416717779392
2016-06-22,0.9996957988340436,0.9907483865991639,0.008947412234879715
2016-06-23,0.9998034124673026,0.9900819830292182,0.009721429438084406
2016-06-24,0.9998565708834983,0.9900819830292182,0.009774587854280092
2016-06-27,0.9996970353018793,0.9908140561427149,0.008882979159164361
2016-06-28,0.9996970353018793,0.9908140561427149,0.008882979159164361
2016-06-29,0.999751490518943,0.9905346219724369,0.009216868546506052
2016-06-30,0.9998565708834983,0.9905346219724369,0.009321948911061417
2016-07-01,0.9998565708834983,0.9900512191713671,0.00980535171213126
2016-07-05,0.9998034124673025,0.9890365933367902,0.010766819130512362
2016-07-06,0.9998034124673025,0.9883530554054177,0.011450357061884797
2016-07-07,0.9996957988340432,0.9877698730899093,0.01192592574413398
2016-07-08,0.9998034124673025,0.987620982291921,0.012182430175381564
2016-07-11,0.9998034124673025,0.9882439083762193,0.011559504091083195
2016-07-12,0.9996983321027473,0.9894108491086617,0.01028748299408555
2016-07-13,0.9996438768856836,0.9899514396569286,0.009692437228755013
2016-07-14,0.9995412132388517,0.990468952428886,0.009072260809965704
2016-07-15,0.9997514905189431,0.9913441998007557,0.008407290718187355
2016-07-18,0.9996438768856838,0.9923012189729982,0.007342657912685624
2016-07-19,0.9995336047908587,0.9921200998025818,0.0074135049882769755
2016-07-20,0.9995880600079223,0.9916986081555983,0.007889451852324036
2016-07-21,0.9994829796433671,0.9924331642662945,0.00704981537707261
2016-07-22,0.9994829796433671,0.9917192583352404,0.0077637213081266365
2016-07-25,0.9991596370958993,0.9910684158895111,0.008091221206388166
2016-07-26,0.9991596370958996,0.9915859286614688,0.007573708434430837
2016-07-27,0.998949359815808,0.9920057598668904,0.006943599948917578
2016-07-28,0.9991596370958996,0.992139751096143,0.007019885999756559
2016-07-29,0.9989493598158085,0.9931237143262535,0.005825645489554998
2016-08-01,0.9988997458984162,0.9935819725285758,0.005317773369840406
2016-08-02,0.9986734701443339,0.9925980092984653,0.00607546084586863
2016-08-03,0.998563198049509,0.9921397510961427,0.006423446953366274
2016-08-04,0.9984143072515208,0.9915714966257131,0.006842810625807716
2016-08-05,0.998074529449602,0.9905624100352464,0.007512119414355589
2016-08-08,0.998074529449602,0.9905624100352466,0.007512119414355367
2016-08-09,0.998074529449602,0.9905624100352466,0.007512119414355367
2016-08-10,0.9978361618895706,0.9908285041930992,0.007007657696471381
2016-08-11,0.997318649117613,0.9908285041930992,0.00649014492451383
2016-08-12,0.997318649117613,0.9899851180922877,0.007333531025325302
2016-08-15,0.9971628270545856,0.990287278404865,0.00687554864972062
2016-08-16,0.9971628270545856,0.9908357516486267,0.006327075405958893
2016-08-17,0.9969474745952052,0.9915779406252291,0.005369533969976081
2016-08-18,0.9974649873671628,0.9926134907705104,0.004851496596652405
2016-08-19,0.9971090586264472,0.9929694195112259,0.004139639115221305
2016-08-22,0.9971598003249195,0.9936495882186955,0.003510212106223931
2016-08-23,0.9971598003249195,0.9936495882186954,0.003510212106224042
2016-08-24,0.9975157290656349,0.9938054102817231,0.0037103187839118146
2016-08-25,0.9971923865181674,0.9942856571983489,0.002906729319818502
2016-08-26,0.996664637240433,0.9943352711157407,0.002329366124692256
2016-08-29,0.9962221957916824,0.994097543857022,0.002124651934660382
2016-08-30,0.9960300317472124,0.9944379347625728,0.0015920969846395794
2016-08-31,0.9966646372404332,0.9944379347625728,0.0022267024778603872
2016-09-01,0.9961725818742903,0.994200207503854,0.0019723743704362917
2016-09-02,0.996626301893702,0.9952092940943207,0.0014170077993813646
2016-09-06,0.996626301893702,0.9952092940943207,0.0014170077993813646
2016-09-07,0.996626301893702,0.9948271962772106,0.0017991056164914365
2016-09-08,0.9962776622388458,0.9947268406613465,0.0015508215774993062
2016-09-09,0.9965642816245691,0.9947268406613465,0.0018374409632225808
2016-09-12,0.9965642816245691,0.9947268406613465,0.0018374409632225808
2016-09-13,0.9965642816245691,0.9947268406613465,0.0018374409632225808
2016-09-14,0.9960236910763022,0.9951585523958485,0.0008651386804536809
2016-09-15,0.9960236910763022,0.9958601365400499,0.000163554536252275
2016-09-16,0.9957288633850003,0.9961030422829921,-0.0003741788979917393
2016-09-19,0.9957753759688459,0.9963237211836277,-0.0005483452147817536
2016-09-20,0.9960768494924979,0.996634302650141,-0.0005574531576431063
2016-09-21,0.9956750514214459,0.997046735057543,-0.0013716836360971874
2016-09-22,0.9956750514214459,0.997348208581195,-0.001673157159749139
2016-09-23,0.9956750514214459,0.9972974668827227,-0.0016224154612768382
2016-09-26,0.9962776622388458,0.9973460020648466,-0.0010683398260007415
2016-09-27,0.9957601494668884,0.9966795984949011,-0.0009194490280126644
2016-09-28,0.9961725818742905,0.9966795984949011,-0.0005070166206105897
2016-09-29,0.9963780178547099,0.996199351578275,0.0001786662764349245
2016-09-30,0.9958097633842802,0.99541977610367,0.0003899872806101268
2016-10-03,0.9954617772767824,0.99541977610367,4.2001173112371504e-05
2016-10-04,0.9959042187255334,0.994831683194295,0.0010725355312383167
2016-10-05,0.9960467688526115,0.9939379350056237,0.00210883384698779
2016-10-06,0.9954121633593906,0.9938328546410682,0.0015793087183224586
2016-10-07,0.9958038631096693,0.9931362288787144,0.0026676342309548406
2016-10-10,0.995495436730062,0.9926882243399044,0.0028072123901575763
2016-10-11,0.9956030503633213,0.9923302471495662,0.0032728032137551155
2016-10-12,0.9950717899961727,0.9921271422882477,0.002944647707925019
2016-10-13,0.9950717899961727,0.9921271422882477,0.002944647707925019
2016-10-14,0.9950717899961727,0.9928237680506018,0.002248021945570944
2016-10-17,0.9950717899961727,0.9929694195112259,0.0021023704849468805
2016-10-18,0.9944836970867975,0.9927851895248327,0.0016985075619647683
2016-10-19,0.9952632725614027,0.9930179546933502,0.0022453178680524877
2016-10-20,0.9947851706104492,0.9929694195112259,0.0018157510992233838
2016-10-21,0.9946800902458939,0.9935100100594929,0.001170080186400968
2016-10-24,0.9948095525419908,0.9943309833086326,0.0004785692333582059
2016-10-25,0.9950635237045344,0.9947245326303787,0.0003389910741556923
2016-10-26,0.9952556877490043,0.9951066304474887,0.00014905730151559826
2016-10-27,0.9953583513958362,0.9951066304474887,0.00025172094834746694
2016-10-28,0.9946262782823396,0.9952987944919588,-0.0006725162096191672
2016-10-31,0.9954058537569446,0.9951066304474887,0.00029922330945586495
2016-11-01,0.9948883409849871,0.9952092940943207,-0.0003209531093335549
2016-11-02,0.9948883409849871,0.9952092940943207,-0.0003209531093335549
2016-11-03,0.9948883409849871,0.9952092940943207,-0.0003209531093335549
2016-11-04,0.9954058537569448,0.9958082145916901,-0.0004023608347453189
2016-11-07,0.9958595737763564,0.9966343026501407,-0.0007747288737843805
2016-11-08,0.9960084645743446,0.9966343026501407,-0.0006258380757961923
2016-11-09,0.9952288890997394,0.9969069034991362,-0.0016780143993968544
2016-11-10,0.9952763914608478,0.9966862245985006,-0.0014098331376528606
2016-11-11,0.9948226714414361,0.996103042282992,-0.0012803708415558557
2016-11-14,0.9949208205409522,0.9963756431319872,-0.001454822591035021
2016-11-15,0.9956528936544488,0.9971552186065926,-0.001502324952143863
2016-11-16,0.9962211481248786,0.9971032966582328,-0.0008821485333542212
2016-11-17,0.9960722573268904,0.9971032966582328,-0.0010310393313424093
2016-11-18,0.9960722573268904,0.9971032966582328,-0.0010310393313424093
2016-11-21,0.9964740553979424,0.996634302650141,-0.00016024725219854208
2016-11-22,0.9963780178547097,0.996634302650141,-0.0002562847954312719
2016-11-23,0.995823942219434,0.9962522048330309,-0.0004282626135968526
2016-11-25,0.995823942219434,0.9960092990900887,-0.00018535687065468487
2016-11-28,0.9964740553979424,0.9962522048330309,0.00022185056491152988
2016-11-29,0.996525977346302,0.9965835609516688,-5.758360536678442e-05
2016-11-30,0.995923366528902,0.9966862245985005,-0.0007628580695985265
2016-12-01,0.996525977346302,0.9968318760591249,-0.00030589871282293846
2016-12-02,0.9965259773463019,0.9965835609516687,-5.758360536678442e-05
2016-12-05,0.996927775417354,0.9967697176049883,0.00015805781236566396
2016-12-06,0.996927775417354,0.9967697176049883,0.00015805781236566396
2016-12-07,0.997128588163702,0.9967697176049883,0.00035887055871364204
2016-12-08,0.9974683659656206,0.9967697176049883,0.0006986483606322702
2016-12-09,0.9974683659656206,0.9972974668827227,0.0001708990828979129
2016-12-12,0.9974683659656206,0.9968318760591249,0.0006364899064956742
2016-12-13,0.9970665678945688,0.99605230058452,0.001014267310048833
2016-12-14,0.9970665678945688,0.9960523005845198,0.0010142673100490551
2016-12-15,0.996525977346302,0.9963756431319875,0.0001503342143145403
2016-12-16,0.996525977346302,0.996572036291084,-4.605894478204586e-05
2016-12-19,0.9960084645743446,0.9961365463047351,-0.00012808173039058346
2016-12-20,0.9960084645743446,0.9961365463047349,-0.00012808173039036141
2016-12-21,0.9960084645743446,0.9961365463047349,-0.00012808173039036141
2016-12-22,0.9960084645743446,0.9962960818863539,-0.00028761731200932505
2016-12-23,0.9960084645743446,0.9970958151300713,-0.0010873505557267293
2016-12-27,0.9964740553979422,0.9976270754972203,-0.0011530200992780903
2016-12-28,0.9960722573268902,0.9976270754972203,-0.0015548181703300967
2016-12-29,0.9955040028564606,0.9976270754972201,-0.0021230726407595046
2016-12-30,0.9954079653132282,0.9976766894146121,-0.002268724101383901
2017-01-03,0.9955040028564605,0.9976270754972201,-0.0021230726407596157
2017-01-04,0.9953745405603637,0.9974167982171289,-0.002042257656765245
2017-01-05,0.9954252822588361,0.9976766894146121,-0.0022514071557759863
2017-01-06,0.994920820540952,0.9971454290474634,-0.002224608506511405
2017-01-09,0.994206914609898,0.9964945866017342,-0.0022876719918362154
2017-01-10,0.9940580238119098,0.9964945866017342,-0.0024365627898244036
2017-01-11,0.9939640088669558,0.9971961707459356,-0.003232161878979789
2017-01-12,0.9947900969254065,0.9972469124444077,-0.002456815519001121
2017-01-13,0.9946919478258905,0.9972469124444077,-0.0025549646185171193
2017-01-17,0.9941087655103821,0.9971961707459356,-0.0030874052355535087
2017-01-18,0.9942544169710062,0.9971454290474633,-0.0028910120764570335
2017-01-19,0.9942069146098982,0.9963942309858699,-0.002187316375971693
2017-01-20,0.9941065589940339,0.9964945866017342,-0.0023880276077002938
2017-01-23,0.9939640088669558,0.9965453283002063,-0.002581319433250462
2017-01-24,0.9941065589940339,0.9964945866017342,-0.0023880276077002938
2017-01-25,0.993964008866956,0.9971454290474634,-0.003181420180507377
2017-01-26,0.9938306791931842,0.9963942309858701,-0.0025635517926858586
2017-01-27,0.9936784016289604,0.9965996669662893,-0.0029212653373289488
2017-01-30,0.9932128108053626,0.9965996669662893,-0.00338685616092671
2017-01-31,0.9932128108053626,0.9966504086647616,-0.003437597859399011
2017-02-01,0.9922037242148961,0.9972493291621312,-0.0050456049472350495
2017-02-02,0.9926693150384938,0.9977274311130842,-0.005058116074590391
2017-02-03,0.9926207798563697,0.9982449438850418,-0.005624164028672163
2017-02-06,0.99188005740239,0.9976270754972203,-0.005747018094830247
2017-02-07,0.9909126288473424,0.9970438931817117,-0.00613126433436928
2017-02-08,0.9917277798381664,0.9977274311130842,-0.00599965127491775
2017-02-09,0.9926693150384938,0.9982449438850418,-0.005575628846548053
2017-02-10,0.9915435498517731,0.9982449438850417,-0.006701394033268637
2017-02-13,0.9918921895066297,0.9980346666049507,-0.006142477098320942
2017-02-14,0.9918921895066297,0.99787123609393,-0.005979046587300307
2017-02-15,0.9918436543245056,0.99787123609393,-0.006027581769424417
2017-02-16,0.9910816617498772,0.9972533677061085,-0.006171705956231288
2017-02-17,0.990876225769458,0.9972533677061085,-0.00637714193665051
2017-02-21,0.9918436543245054,0.9978712360939299,-0.006027581769424528
2017-02-22,0.9922818554734423,0.9972533677061085,-0.004971512232666231
2017-02-23,0.9922818554734423,0.9972533677061083,-0.004971512232666009
2017-02-24,0.9916317422949341,0.9974982796290706,-0.005866537334136446
2017-02-27,0.9926207798563697,0.9974463576807108,-0.004825577824341121
2017-02-28,0.9929611707619203,0.9977189585297062,-0.004757787767785904
2017-03-01,0.9928155193012961,0.9974982796290706,-0.004682760327774482
2017-03-02,0.9924751283957453,0.9970665678945688,-0.0045914394988235685
2017-03-03,0.9924751283957453,0.996525977346302,-0.00405084895055674
2017-03-06,0.9920369272468086,0.9960722573268902,-0.004035330080081612
2017-03-07,0.9924906472662205,0.995823942219434,-0.0033332949532135503
2017-03-08,0.9925808623076596,0.9962776622388456,-0.00369679993118599
2017-03-09,0.9935443856838776,0.9965642816245689,-0.0030198959406912973
2017-03-10,0.9944836970867973,0.9969959933590709,-0.002512296272273562
2017-03-13,0.9946131593828942,0.9963781249712491,-0.0017649655883549276
2017-03-14,0.9949146329065461,0.9967361021615879,-0.0018214692550417855
2017-03-15,0.9941350574319411,0.9965642816245689,-0.00242922419262781
2017-03-16,0.9941350574319411,0.996664637240433,-0.0025295798084918886
2017-03-17,0.9936175446599836,0.9959042187255334,-0.002286674065549721
2017-03-20,0.9936694666083432,0.9952206807941608,-0.0015512141858176065
2017-03-21,0.994135057431941,0.9952206807941608,-0.0010856233622198452
2017-03-22,0.994135057431941,0.9952206807941608,-0.0010856233622198452
2017-03-23,0.9949611454903918,0.9947782393454099,0.00018290614498195357
2017-03-24,0.9949146329065462,0.9940360503688075,0.000878582537738759
2017-03-27,0.9951575386494884,0.9940360503688075,0.0011214882806809268
2017-03-28,0.9951575386494884,0.9934902882876336,0.0016672503618547774
2017-03-29,0.9949146329065461,0.9932848523072142,0.0016297805993319425
2017-03-30,0.9946131593828943,0.993052087138697,0.0015610722441973257
2017-03-31,0.9941350574319411,0.9922311138895571,0.00190394354238399
2017-04-03,0.9949146329065462,0.9916946813357435,0.0032199515708027926
2017-04-04,0.9948095525419908,0.9922487569710193,0.0025607955709714414
2017-04-05,0.9945210835847998,0.9925252983273498,0.0019957852574500334
2017-04-06,0.9946131593828942,0.9927851895248327,0.00182796985806144
2017-04-07,0.9945210835847998,0.9925252983273498,0.0019957852574500334
2017-04-10,0.9940035708128424,0.9916946813357435,0.002308889477098952
2017-04-11,0.9943615480031808,0.9916946813357435,0.0026668666674373176
2017-04-12,0.9945210835847998,0.9916946813357436,0.0028264022490562812
2017-04-13,0.9940035708128423,0.9921999465096388,0.001803624303203466
2017-04-17,0.9948095525419909,0.9925156545848832,0.00229389795710766
2017-04-18,0.9939379012692915,0.9916946813357435,0.002243219933548035
2017-04-19,0.9932363171250901,0.9904822057279827,0.0027541113971073505
2017-04-20,0.9938389279424898,0.991355756952816,0.0024831709896738774
2017-04-21,0.9938389279424898,0.9913072217706919,0.002531706171797987
2017-04-24,0.99383892794249,0.9913072217706917,0.0025317061717982092
2017-04-25,0.99383892794249,0.9913072217706917,0.0025317061717982092
2017-04-26,0.99383892794249,0.9913072217706919,0.002531706171798098
2017-04-27,0.994590126004083,0.9913072217706919,0.0032829042333911707
2017-04-28,0.99471958830018,0.9906571085921837,0.004062479707996336
2017-05-01,0.994459697102697,0.9910130373328992,0.003446659769797744
2017-05-02,0.9941773180167879,0.9912895786892297,0.0028877393275581476
2017-05-03,0.9950279515731268,0.9915647103196112,0.003463241253515603
2017-05-04,0.9950279515731268,0.9906046310319081,0.004423320541218745
2017-05-05,0.9957701405497292,0.9912881689632808,0.004481971586448474
2017-05-08,0.9959296761313481,0.9909322402225654,0.004997435908782655
2017-05-09,0.9957701405497292,0.9918492510149375,0.003920889534791749
2017-05-10,0.9961618403000079,0.9923856835687511,0.0037761567312567523
2017-05-11,0.9965642816245691,0.9922400321081267,0.004324249516442391
2017-05-12,0.9971183572598448,0.9917035995543133,0.005414757705531459
2017-05-15,0.9968584660623618,0.9924175054853674,0.0044409605769943905
2017-05-16,0.9965636383710599,0.9927436607590897,0.003819977611970171
2017-05-17,0.9971982438642807,0.9934452449032911,0.003752998960989573
2017-05-18,0.9971982438642807,0.9934452449032911,0.003752998960989573
2017-05-19,0.9977259931420149,0.9938989649227027,0.003827028219312245
2017-05-22,0.9980989496068744,0.9936836124633225,0.004415337143551912
2017-05-23,0.9984073759864814,0.9942667947788311,0.004140581207650373
2017-05-24,0.9984073759864814,0.9933067154911277,0.005100660495353737
2017-05-25,0.9985100396333133,0.9940753122136009,0.004434727419712403
2017-05-26,0.9987154756137326,0.9940753122136011,0.004640163400131514
2017-05-30,0.9989949097840107,0.9949916153134907,0.004003294470520058
2017-05-31,0.9990975734308426,0.994266794778831,0.004830778652011647
2017-06-01,0.9989815697715854,0.9948073853270977,0.004174184444487694
2017-06-02,0.9989308280731131,0.9945347844781024,0.004396043595010668
2017-06-05,0.999312925890223,0.9950522972500598,0.004260628640163189
2017-06-06,0.9993129258902232,0.9958391380538529,0.0034737878363703123
2017-06-07,0.9993673811072867,0.9962120945187123,0.0031552865885744463
2017-06-08,0.9991411053532042,0.9957583744993007,0.003382730853903504
2017-06-09,0.9990384417063723,0.9965005634759033,0.002537878230469026
2017-06-12,0.9992647174604546,0.9965005634759033,0.0027641539845513208
2017-06-13,0.9991571038271955,0.9967159159352835,0.0024411878919119445
2017-06-14,0.9991571038271955,0.9964002078600392,0.0027568959671562254
2017-06-15,0.9988257477085576,0.9968319195945411,0.0019938281140164937
2017-06-16,0.9986734701443339,0.9968319195945411,0.0018415505497928475
2017-06-19,0.9985658565110747,0.9971716973964599,0.0013941591146147125
2017-06-20,0.9983336923424151,0.9967399856619581,0.0015937066804569966
2017-06-21,0.9982310286955832,0.9961789158557718,0.0020521128398114374
2017-06-22,0.9982310286955832,0.9966106275902735,0.001620401105309699
2017-06-23,0.9983868507586107,0.9971716973964599,0.0012151533621507227
2017-06-26,0.9984413059756744,0.9969510184958241,0.0014902874798502497
2017-06-27,0.9986734701443339,0.9972304526661022,0.0014430174782317229
2017-06-28,0.9985100396333133,0.9971716973964599,0.0013383422368533626
2017-06-29,0.9982016132537063,0.9966796420303173,0.0015219712233889293
2017-06-30,0.9977591718049555,0.9959374530537147,0.0018217187512408195
2017-07-03,0.9979226023159761,0.9959374530537147,0.001985149262261343
2017-07-05,0.9982310286955832,0.9956834818911712,0.0025475468044120486
2017-07-06,0.9985176480813066,0.995805845791945,0.002711802289361631
2017-07-07,0.9987230840617259,0.9959776663289639,0.0027454177327620455
2017-07-10,0.9986734701443339,0.9964256708677737,0.0022477992765602695
2017-07-11,0.9984631928642428,0.9969662614160405,0.0014969314482022877
2017-07-12,0.9986734701443339,0.9974817680079782,0.0011917021363557767
2017-07-13,0.9983650437647267,0.9976872039883976,0.00067783977632907
2017-07-14,0.9988452906813527,0.9976872039883976,0.0011580866929551403
2017-07-17,0.9984631928642428,0.9976872039883976,0.0007759888758451794
2017-07-18,0.9985176480813063,0.9971716973964599,0.001345950684846331
2017-07-19,0.9987230840617257,0.9974377915543126,0.0012852925074131605
2017-07-20,0.9985176480813063,0.9970556937372026,0.0014619543441036775
2017-07-21,0.9989493598158082,0.9972819694912849,0.0016673903245233435
2017-07-24,0.9989493598158082,0.9977974760832224,0.00115188373258579
2017-07-25,0.9991596370958996,0.9979692966202413,0.001190340475658358
2017-07-26,0.998933361341817,0.9977974760832224,0.0011358852585945378
2017-07-27,0.998933361341817,0.9977974760832224,0.0011358852585945378
2017-07-28,0.9990384417063721,0.9980077533633136,0.0010306883430585279
2017-07-31,0.9986986639044535,0.9981795739003324,0.0005190900041210922
2017-08-01,0.9985391283228345,0.998063570241075,0.00047555808175958614
2017-08-02,0.9985391283228345,0.998063570241075,0.00047555808175958614
2017-08-03,0.99822342024759,0.9978314060724152,0.0003920141751748707
2017-08-04,0.9981207566007582,0.998223105822694,-0.00010234922193586016
2017-08-07,0.998273034164982,0.9985245793463458,-0.0002515451813637215
2017-08-08,0.9985596535507053,0.9985777377625412,-1.8084211835911468e-05
2017-08-09,0.9986184088203477,0.9979896448531663,0.0006287639671813672
2017-08-10,0.9988390877209832,0.9979364864369707,0.0009026012840124276
2017-08-11,0.9988390877209832,0.9985245793463458,0.0003145083746374233
2017-08-14,0.9985791965235002,0.9986321929796049,-5.29964561046814e-05
2017-08-15,0.9987894738035914,0.9988330057259529,-4.353192236150605e-05
2017-08-16,0.9988390877209832,0.9985245793463458,0.0003145083746374233
2017-08-17,0.9988390877209832,0.9985245793463458,0.0003145083746374233
2017-08-18,0.9988390877209832,0.9985245793463458,0.0003145083746374233
2017-08-21,0.9988390877209832,0.9985245793463458,0.0003145083746374233
2017-08-22,0.998633651740564,0.9986321929796051,1.4587609588057049e-06
2017-08-23,0.9987894738035913,0.9988330057259529,-4.353192236161707e-05
2017-08-24,0.9985791965235002,0.9985245793463458,5.4617177154492325e-05
2017-08-25,0.9980989496068744,0.9982379599606225,-0.00013901035374808135
2017-08-28,0.9979355190958538,0.9983455735938817,-0.00041005449802788974
2017-08-29,0.9979355190958538,0.9980441000702299,-0.0001085809743761601
2017-08-30,0.9983176169129637,0.9976423019991779,0.0006753149137858072
2017-08-31,0.9983176169129637,0.9976423019991779,0.0006753149137858072
2017-09-01,0.9984810474239842,0.9975346883659187,0.0009463590580655046
2017-09-05,0.9986963998833646,0.9975346883659187,0.0011617115174458181
2017-09-06,0.9985913195188094,0.9978288728037116,0.000762446715097842
2017-09-07,0.998535502641048,0.9977730559259501,0.000762446715097842
2017-09-08,0.9981534048239379,0.9975346883659187,0.0006187164580191418
2017-09-11,0.9977974760832226,0.9978288728037115,-3.1396720488907626e-05
2017-09-12,0.9980077533633136,0.9981848015444269,-0.000177048181113304
2017-09-13,0.9984194989817904,0.9982924151776861,0.00012708380410431097
2017-09-14,0.9984194989817903,0.9983455735938817,7.392538790862435e-05
2017-09-15,0.9987508551004283,0.9988861641421485,-0.00013530904172021074
2017-09-18,0.9983949263597128,0.9988861641421485,-0.0004912377824356495
2017-09-19,0.998223105822694,0.9987785505088892,-0.0005554446861951723
2017-09-20,0.9984194989817904,0.9986734701443339,-0.0002539711625435537
2017-09-21,0.9984194989817906,0.9986734701443339,-0.00025397116254333163
2017-09-22,0.9985913195188094,0.9990048262629717,-0.00041350674416229527
2017-09-25,0.9983650437647269,0.9987785505088892,-0.00041350674416229527
2017-09-26,0.9984631928642428,0.9985245793463458,-6.138648210296527e-05
2017-09-27,0.9980989496068744,0.9986321929796051,-0.0005332433727307517
2017-09-28,0.9979226023159761,0.9983455735938819,-0.0004229712779058037
2017-09-29,0.9979770575330397,0.9980441000702297,-6.704253719003184e-05
2017-10-02,0.9982092217016993,0.9980441000702299,0.0001651216314694226
2017-10-03,0.9979770575330397,0.9976423019991779,0.0003347555338617525
2017-10-04,0.9979770575330397,0.9975878467821142,0.00038921075092546165
2017-10-05,0.9982092217016992,0.9979364864369707,0.0002727352647284853
2017-10-06,0.9979770575330397,0.997482766417559,0.0004942911154807161
2017-10-09,0.9979770575330397,0.9975878467821143,0.0003892107509253506
2017-10-10,0.9984194989817903,0.9982379599606225,0.00018153902116779808
2017-10-11,0.9984194989817903,0.9982379599606225,0.00018153902116779808
2017-10-12,0.9984194989817906,0.9984387727069705,-1.9273725179846934e-05
2017-10-13,0.998063570241075,0.998074529449602,-1.0959208527006048e-05
2017-10-16,0.9974289647478544,0.99767273137855,-0.00024376663069558546
2017-10-17,0.9978314060724152,0.9974001305295546,0.00043127554286059855
2017-10-18,0.998063570241075,0.9971518154220984,0.0009117548189765401
2017-10-19,0.998223105822694,0.9972974668827227,0.0009256389399713294
2017-10-20,0.9984194989817903,0.9976992649537747,0.0007202340280155761
2017-10-23,0.9984194989817903,0.9976992649537745,0.0007202340280157982
2017-10-24,0.9984194989817906,0.9976992649537747,0.0007202340280159092
2017-10-25,0.9984194989817906,0.9972675532192729,0.0011519457625177587
2017-10-26,0.9984194989817906,0.9969660796956209,0.0014534192861697104
2017-10-27,0.9984194989817906,0.9965642816245691,0.0018552173572214947
2017-10-30,0.9984194989817906,0.9965642816245691,0.0018552173572214947
2017-10-31,0.9987508551004282,0.9965642816245691,0.002186573475859044
2017-11-01,0.9990048262629718,0.9965642816245691,0.0024405446384027085
2017-11-02,0.9991051818788358,0.9963634688782211,0.002741713000614654
2017-11-03,0.9993154591589269,0.9967121085330773,0.0026033506258495986
2017-11-06,0.9994285244263036,0.9967121085330776,0.0027164158932260207
2017-11-07,0.9993154591589269,0.9970135820567293,0.002301877102197647
2017-11-08,0.9994829796433671,0.9975541726049961,0.00192880703837095
2017-11-09,0.9995880600079224,0.9973002014424526,0.002287858565469869
2017-11-10,0.9994285244263033,0.9973002014424526,0.0021283229838506834
2017-11-13,0.999218247146212,0.9973002014424526,0.001918045703759419
2017-11-14,0.9991624302684509,0.9973002014424526,0.001862228825998291
2017-11-15,0.9991051818788358,0.9975541726049959,0.0015510092738398873
2017-11-16,0.9992727023632759,0.998034419521622,0.0012382828416539482
2017-11-17,0.9991624302684509,0.998034419521622,0.0011280107468288891
2017-11-20,0.9988390877209834,0.9975541726049959,0.001284915115987495
2017-11-21,0.998633651740564,0.9975541726049959,0.001079479135568051
2017-11-22,0.9984661312561238,0.9970135820567293,0.001452549199394526
2017-11-24,0.998034419521622,0.9969660796956209,0.0010683398260010746
2017-11-27,0.9981866970858458,0.9974938289733554,0.0006928681124904745
2017-11-28,0.9982997623532223,0.9975541726049959,0.0007455897482263607
2017-11-29,0.9980675981845626,0.9977259931420147,0.0003416050425478767
2017-11-30,0.9981866970858458,0.9971379002326397,0.0010487968532061354
2017-12-01,0.9986184088203477,0.9968839290700964,0.0017344797502513165
2017-12-04,0.9987314740877239,0.9963096672085163,0.0024218068792075664
2017-12-05,0.9987822157861961,0.9956595540300079,0.0031226617561881387
2017-12-06,0.9987822157861962,0.9963096672085163,0.0024725485776798672
2017-12-07,0.9987314740877239,0.9966576533160136,0.0020738207717102553
2017-12-08,0.9985596535507051,0.9968584660623616,0.0017011874883434697
2017-12-11,0.9989417513678153,0.9967361021615877,0.0022056492062275668
2017-12-12,0.9988390877209832,0.9969959933590709,0.001843094361912323
2017-12-13,0.9984661312561238,0.9972974668827227,0.0011686643734011293
2017-12-14,0.9983585176228644,0.9970180327124447,0.0013404849104197147
2017-12-15,0.9986818601703321,0.9976206435298445,0.0010612166404876389
2017-12-18,0.9989417513678153,0.9979000777001226,0.0010416736676926996
2017-12-19,0.9991624302684509,0.9979508193985948,0.0012116108698561057
2017-12-20,0.9988390877209834,0.9979508193985948,0.0008882683223886412
2017-12-21,0.9984661312561238,0.9979508193985948,0.000515311857529066
2017-12-22,0.9986184088203477,0.9981183398830347,0.0005000689373130252
2017-12-26,0.9984661312561238,0.9980675981845626,0.00039853307156123563
2017-12-27,0.9986715672365433,0.9985596535507053,0.00011191368583796102
2017-12-28,0.9988390877209834,0.9983921330662652,0.0004469546547182235
2017-12-29,0.9986184088203477,0.9980004333159866,0.0006179755043610458
2018-01-02,0.9989417513678153,0.9980607769476274,0.0008809744201878633
2018-01-03,0.998994909784011,0.9984428747647375,0.000552035019273478
2018-01-04,0.9989949097840107,0.9984428747647373,0.000552035019273478
2018-01-05,0.9988390877209832,0.9987742308833751,6.485683760804051e-05
2018-01-08,0.9986184088203477,0.9987742308833751,-0.00015582206302744428
2018-01-09,0.9987314740877239,0.9985687949029557,0.00016267918476819965
2018-01-10,0.9987314740877241,0.9984199041049675,0.00031156998275660985
2018-01-11,0.9987314740877241,0.9986405830056031,9.089108212101404e-05
2018-01-12,0.9988390877209832,0.998861261906239,-2.217418525585213e-05
2018-01-16,0.9991051818788359,0.998559788382587,0.000545393496248936
2018-01-17,0.9992182471462122,0.9986700604774119,0.000548186668800299
2018-01-18,0.9993777827278311,0.9986700604774119,0.0007077222504191516
2018-01-19,0.9994335996055924,0.9985597883825871,0.0008738112230053385
2018-01-22,0.9993777827278311,0.998392267898147,0.0009855148296841199
2018-01-23,0.9993777827278311,0.998392267898147,0.0009855148296841199
2018-01-24,0.9993777827278311,0.9980442817906494,0.001333500937181653
2018-01-25,0.9995412132388517,0.9983391094819514,0.0012021037569003301
2018-01-26,0.9995956684559154,0.9986405830056033,0.0009550854503120876
2018-01-29,0.9994853963610902,0.9986937414217989,0.0007916549392913419
2018-01-30,0.9993777827278311,0.998392267898147,0.0009855148296841199
2018-01-31,0.9993777827278311,0.9985053331655234,0.0008724495623076978
2018-02-01,0.9990048262629718,0.9985053331655234,0.0004994930974484557
2018-02-02,0.9990048262629718,0.9981573470580258,0.0008474792049459889
2018-02-05,0.9990048262629718,0.9977637977362797,0.0012410285266921672
2018-02-06,0.9993777827278311,0.9977065493466645,0.0016712333811665925
2018-02-07,0.9995880600079223,0.9975347288096458,0.0020533311982765534
2018-02-08,0.9994285244263034,0.9970420724436454,0.0023864519826579667
2018-02-09,0.9996438768856836,0.9970420724436454,0.002601804442038169
2018-02-12,0.9997514905189431,0.9970420724436454,0.002709418075297676
2018-02-13,0.9995880600079223,0.9964498230120705,0.0031382369958518064
2018-02-14,0.9996438768856838,0.996505639889832,0.0031382369958518064
2018-02-15,0.9996438768856838,0.9964498230120705,0.0031940538736132673
2018-02-16,0.9996438768856838,0.9956382920563701,0.00400558482931368
2018-02-20,0.9993777827278311,0.9949609843352891,0.004416798392541943
2018-02-21,0.9995336047908587,0.9949609843352891,0.004572620455569609
2018-02-22,0.999370174279838,0.9949609843352891,0.004409189944548864
2018-02-23,0.9995336047908586,0.9951931485039487,0.004340456286909933
2018-02-26,0.9992610039418635,0.9958146393472685,0.0034463645945949084
2018-02-27,0.9989949097840107,0.9951931485039486,0.0038017612800621547
2018-02-28,0.9988945541681467,0.9951359001143336,0.0037586540538130375
2018-03-01,0.9990048262629718,0.9951931485039487,0.0038116777590231354
2018-03-02,0.9990048262629718,0.9951931485039487,0.0038116777590231354
2018-03-05,0.9991571038271955,0.9952519037735911,0.0039052000536043963
2018-03-06,0.9990468317323703,0.9951359001143337,0.003910931618036573
2018-03-07,0.9992675106330061,0.9942409012112242,0.005026609421781902
2018-03-08,0.9990620746525867,0.993892261556368,0.005169813096218667
2018-03-09,0.9991178915303481,0.9941306291163993,0.0049872624139488675
2018-03-12,0.9988452906813527,0.9948492807286103,0.0039960099527424076
2018-03-13,0.9984810474239842,0.9942409012112242,0.004240146212760032
2018-03-14,0.9982846542648877,0.9942981496008392,0.003986504664048485
2018-03-15,0.9982846542648877,0.9944172485021227,0.0038674057627650082
2018-03-16,0.9981128337278689,0.99453325216138,0.003579581566488854
2018-03-19,0.9986405830056033,0.9952519037735911,0.0033886792320122483
2018-03-20,0.9984199041049675,0.9953649690409675,0.0030549350640000084
2018-03-21,0.9984199041049677,0.9953649690409675,0.0030549350640002304
2018-03-22,0.9986405830056033,0.9945890690391413,0.004051513966461973
2018-03-23,0.9986405830056033,0.9945890690391413,0.004051513966461973
2018-03-26,0.9986405830056031,0.9946463174287564,0.003994265576846678
2018-03-27,0.9986405830056031,0.9946463174287564,0.003994265576846678
2018-03-28,0.9983092268869656,0.9946463174287564,0.0036629094582091293
2018-03-29,0.9981417064025254,0.9946463174287564,0.003495388973768998
2018-04-02,0.998563198049509,0.9945890690391413,0.003974129010367644
2018-04-03,0.9988945541681467,0.9946463174287564,0.004248236739390232
2018-04-04,0.9988945541681467,0.9947035658183714,0.004190988349775271
2018-04-05,0.9984143072515208,0.993887073716144,0.004527233535376762
2018-04-06,0.9981128337278689,0.993030714450215,0.005082119277653896
2018-04-09,0.998112833727869,0.9930307144502151,0.005082119277653896
2018-04-10,0.998112833727869,0.9929734660606,0.005139367667268968
2018-04-11,0.9979453132434288,0.9938298253265291,0.004115487916899752
2018-04-12,0.9979453132434288,0.9945890690391413,0.003356244204287484
2018-04-13,0.998112833727869,0.994530313769499,0.0035825199583700007
2018-04-16,0.9983391094819514,0.9944172485021225,0.003921860979828828
2018-04-17,0.998392267898147,0.9944172485021225,0.003975019396024404
2018-04-18,0.9979898265735857,0.9944730653798838,0.0035167611937019227
2018-04-19,0.9974287567673995,0.9937138216672716,0.0037149351001278808
2018-04-20,0.9974287567673995,0.9927383635000592,0.0046903932673403315
2018-04-23,0.9974832119844631,0.9927987071316999,0.004684504852763172
2018-04-24,0.9978767613062094,0.9935978180080143,0.004278943298195115
2018-04-25,0.9981715889975113,0.9937138216672716,0.004457767330239726
2018-04-26,0.9984730625211631,0.9936580047895105,0.004815057731652583
2018-04-27,0.9984143072515208,0.9935420011302529,0.0048723061212678775
2018-04-30,0.998112833727869,0.9925665429630406,0.005546290764828377
2018-05-01,0.9986405830056031,0.9934816574986121,0.005158925506991041
2018-05-02,0.9984143072515208,0.9936007563998953,0.004813550851625492
2018-05-03,0.998112833727869,0.9937138216672717,0.004399012060597229
2018-05-04,0.9981715889975113,0.9936580047895103,0.004513584208001076
2018-05-07,0.9981715889975113,0.9945332521613798,0.0036383368361315727
2018-05-08,0.9980639753642521,0.9936580047895105,0.004405970574741569
2018-05-09,0.9980639753642521,0.9937167600591527,0.004347215305099406
2018-05-10,0.9982603685233487,0.9937167600591528,0.004543608464195881
2018-05-11,0.9982016132537063,0.9929734660606,0.0052281471931062695
2018-05-14,0.9979532981462501,0.9920779391273064,0.00587535901894376
2018-05-15,0.9980989496068744,0.9920779391273064,0.006021010479568045
2018-05-16,0.9978667854382146,0.9920779391273064,0.005788846310908258
2018-05-17,0.9977591718049555,0.9921351875169213,0.005623984288034234
2018-05-18,0.9973474261864785,0.9912011682883877,0.006146257898090868
2018-05-21,0.997466525087762,0.9921351875169213,0.0053313375708407
2018-05-22,0.9979355190958538,0.9920764322472788,0.005859086848574946
2018-05-23,0.9979355190958538,0.9921351875169213,0.0058003315789324494
2018-05-24,0.9976629182468584,0.9921351875169213,0.005527730729937064
2018-05-25,0.9976629182468584,0.9921351875169213,0.005527730729937064
2018-05-29,0.9975172667862341,0.9911424130187454,0.006374853767488697
2018-05-30,0.9975760220558765,0.991026409359488,0.006549612696388429
2018-05-31,0.9978486229048716,0.991026409359488,0.006822213545383593
2018-06-01,0.9979942743654961,0.992019183857664,0.005975090507832181
2018-06-04,0.9983176169129636,0.9928574624013426,0.005460154511620963
2018-06-05,0.9982603685233487,0.992019183857664,0.006241184665684685
2018-06-06,0.9977326192456144,0.9920191838576639,0.0057134353879505495
2018-06-07,0.9974377915543124,0.9929147107909574,0.0045230807633550585
2018-06-08,0.9976299555987824,0.9937710700568867,0.003858885541895729
2018-06-11,0.9977326192456144,0.9937710700568866,0.00396154918872782
2018-06-12,0.997274361043292,0.9937138216672716,0.0035605393760204107
2018-06-13,0.9969858920861008,0.994530313769499,0.002455578316601814
2018-06-14,0.9972065709867364,0.9945303137694991,0.002676257217237299
2018-06-15,0.996985892086101,0.9942981496008394,0.0026877424852616016
2018-06-18,0.996985892086101,0.9934816574986121,0.0035042345874889413
2018-06-19,0.9972065709867366,0.9926825466222979,0.004524024364438661
2018-06-20,0.9970302236958383,0.9924441790622665,0.0045860446335718175
2018-06-21,0.9967918561358071,0.9921992671393044,0.004592588996502722
2018-06-22,0.9966284256247864,0.9921992671393044,0.0044291584854819765
2018-06-25,0.9971322470413575,0.9929983780156185,0.004133869025738979
2018-06-26,0.9971322470413575,0.9929983780156185,0.004133869025738979
2018-06-27,0.9971322470413575,0.9929425611378571,0.00418968590350044
2018-06-28,0.9971322470413577,0.9927750406534173,0.00435720638794046
2018-06-29,0.9966147342694001,0.9922969387024638,0.004317795566936233
2018-07-02,0.9965589173916386,0.9922969387024638,0.004261978689174772
2018-07-03,0.9967510814361086,0.9931134308046912,0.0036376506314174106
2018-07-05,0.9967510814361086,0.9931134308046912,0.0036376506314174106
2018-07-06,0.9967510814361086,0.9931134308046912,0.0036376506314174106
2018-07-09,0.9964562537448066,0.9936686519058817,0.0027876018389249024
2018-07-10,0.9955846024721074,0.9938320824169022,0.001752520055205209
2018-07-11,0.9953022233861981,0.9932237028995162,0.0020785204866818896
2018-07-12,0.9957404245351348,0.9930030239988806,0.002737400536254153
2018-07-13,0.9955846024721074,0.9928927519040557,0.002691850568051768
2018-07-16,0.9949788808387307,0.992017504532186,0.002961376306544694
2018-07-17,0.9949788808387307,0.9913666620864569,0.003612218752273799
2018-07-18,0.9949788808387307,0.9911459831858213,0.003832897652909395
2018-07-19,0.9953639235714719,0.9911459831858213,0.004217940385650598
2018-07-20,0.995476988838848,0.9920212305576908,0.003455758281157295
2018-07-23,0.9949856819747379,0.9926720730034201,0.0023136089713178265
2018-07-24,0.9949856819747379,0.9932033333705687,0.0017823486041692593
2018-07-25,0.9948261463931191,0.9942241452953571,0.0006020010977619838
2018-07-26,0.9948261463931191,0.9949587014060532,-0.00013255501293418792
2018-07-27,0.9943208812192237,0.9944448241959927,-0.00012394297676898702
2018-07-30,0.9936877723985035,0.9941999122730305,-0.0005121398745270289
2018-07-31,0.9942650643414623,0.9946123446804328,-0.00034728033897046817
2018-08-01,0.994005173143979,0.9951793803066891,-0.0011742071627101058
2018-08-02,0.9933720643232589,0.9951793803066888,-0.0018073159834299801
2018-08-03,0.9936877723985034,0.9951793803066888,-0.0014916079081854772
2018-08-06,0.9940813217202495,0.9951793803066888,-0.0010980585864392989
2018-08-07,0.9942238718473276,0.9944448241959927,-0.00022095234866503777
2018-08-08,0.9942238718473277,0.9936689241941664,0.0005549476531613307
2018-08-09,0.9942757937956874,0.9930199525763792,0.001255841219308218
2018-08-10,0.9935682564381227,0.991918681387488,0.0016495750506347884
2018-08-13,0.9931658151135617,0.9918599261178455,0.0013058889957162645
2018-08-14,0.9931138931652019,0.9921048380408077,0.001009055124394198
2018-08-15,0.9931138931652019,0.9921048380408077,0.001009055124394198
2018-08-16,0.9931138931652019,0.9918785622867252,0.0012353308784767147
2018-08-17,0.9920209333888916,0.9914129714631273,0.0006079619257642888
2018-08-20,0.990708648405794,0.9902068630633207,0.0005017853424732488
2018-08-21,0.9904425542479414,0.9891537449335037,0.0012888093144376445
2018-08-22,0.9905528263427663,0.9880627869832543,0.002490039359511975
2018-08-23,0.9891131875630084,0.9866754772396957,0.0024377103233126363
2018-08-24,0.9887974794877639,0.9866754772396958,0.0021220022480680223
2018-08-27,0.9889342071130486,0.9868725996660134,0.0020616074470352075
2018-08-28,0.9887014419445312,0.9866134569705628,0.0020879849739684486
2018-08-29,0.9874086839780172,0.9863465593566986,0.0010621246213186053
2018-08-30,0.987820429596494,0.9863465593566988,0.001473870239795172
2018-08-31,0.988004659582887,0.9874747264048066,0.0005299331780803662
2018-09-04,0.9880046595828871,0.9874747264048068,0.0005299331780802552
2018-09-05,0.9883130859624943,0.9866863371586176,0.0016267488038766986
2018-09-06,0.9882586307454305,0.9866863371586176,0.0015722935868128785
2018-09-07,0.9871364424481781,0.9866863371586176,0.00045010528956046514
2018-09-10,0.9885185219429137,0.987301874427338,0.0012166475155757084
2018-09-11,0.9887066352842404,0.9886891841708965,1.7451113343947e-05
2018-09-12,0.9887066352842404,0.9897197984895051,-0.0010131632052646777
2018-09-13,0.9889606064467841,0.9897197984895051,-0.000759192042721013
2018-09-14,0.988960606446784,0.9898328637568815,-0.0008722573100975461
2018-09-17,0.9889606064467841,0.9898328637568815,-0.0008722573100974351
2018-09-18,0.9889606064467841,0.9905462040847797,-0.001585597637995595
2018-09-19,0.9889606064467841,0.9913286657506968,-0.0023680593039127062
2018-09-20,0.988960606446784,0.9913286657506968,-0.0023680593039128173
2018-09-21,0.988960606446784,0.9913844826284582,-0.002423876181674278
2018-09-24,0.9885670571250378,0.9903698567938813,-0.0018027996688435577
2018-09-25,0.9871364424481779,0.9901107140984308,-0.00297427165025288
2018-09-26,0.9871364424481779,0.9901107140984308,-0.00297427165025288
2018-09-27,0.9875299917699243,0.9897190143481521,-0.0021890225782278394
2018-09-28,0.988960606446784,0.9891579322964953,-0.00019732584971132727
2018-10-01,0.988960606446784,0.9888918381386427,6.87683081412871e-05
2018-10-02,0.9892554341380859,0.9897301166823214,-0.00047468254423543854
2018-10-03,0.9905481921046,0.9901725581310721,0.0003756339735279113
2018-10-04,0.9907004696688239,0.9901725581310721,0.0005279115377517796
2018-10-05,0.9908968628279204,0.9910876726666435,-0.00019080983872310497
2018-10-08,0.9920541225217695,0.9918082902999195,0.0002458322218500397
2018-10-09,0.9920541225217695,0.9918082902999195,0.0002458322218500397
2018-10-10,0.9918577293626729,0.9918082902999195,4.9439062753453555e-05
2018-10-11,0.9907512113672962,0.9918082902999195,-0.001057078932623301
2018-10-12,0.9907512113672962,0.9918082902999195,-0.001057078932623301
2018-10-15,0.9918058074143133,0.9916980182050945,0.00010778920921883373
2018-10-16,0.9928296234402201,0.9913666620864569,0.0014629613537632258
2018-10-17,0.9928296234402201,0.9911459831858213,0.0016836402543988216
2018-10-18,0.992586717697278,0.9905622247688871,0.0020244929283909086
2018-10-19,0.9924816373327225,0.9905622247688871,0.001919412563835432
2018-10-22,0.9934257063110447,0.9902308686502495,0.0031948376607952023
2018-10-23,0.9934257063110449,0.9892162428156727,0.004209463495372212
2018-10-24,0.993085315405494,0.9881631246858558,0.004922190719638286
2018-10-25,0.9921931683755316,0.9874425070525802,0.004750661322951433
2018-10-26,0.9919332771780486,0.9869380453346963,0.004995231843352266
2018-10-29,0.991881355229689,0.9869380453346961,0.00494330989499292
2018-10-30,0.9929257798238752,0.9869380453346961,0.0059877344891791084
2018-10-31,0.9928254242080111,0.9863201769468746,0.006505247261136549
2018-11-01,0.9926100717486307,0.9856209187469036,0.006989153001727089
2018-11-02,0.9923561005860871,0.9849848070649384,0.007371293521148736
2018-11-05,0.9917503789527103,0.9861129741130463,0.0056374048396640175
2018-11-06,0.9917503789527103,0.9867816697979623,0.004968709154748008
2018-11-07,0.9927663426898822,0.986849329928183,0.005917012761699203
2018-11-08,0.9930389435388776,0.9870408124934129,0.00599813104546465
2018-11-09,0.9917949736274995,0.9856535027498545,0.006141470877644939
2018-11-12,0.9911025415730823,0.9842972540789772,0.006805287494105139
2018-11-13,0.9916274531430593,0.9851222423827055,0.006505210760353819
2018-11-14,0.9913734819805158,0.9849699648184819,0.0064035171620339115
2018-11-15,0.9916274531430593,0.9851222423827056,0.006505210760353708
2018-11-16,0.9914266403967114,0.9845681667474299,0.0068584736492814935
2018-11-19,0.9900627402129678,0.9830744827587855,0.006988257454182301
2018-11-20,0.989269428832629,0.9816145652591446,0.007654863573484438
2018-11-21,0.9892162704164336,0.9810970524871871,0.008119217929246414
2018-11-23,0.9886281775070584,0.9810970524871871,0.007531125019871299
2018-11-26,0.988681335923254,0.9810970524871871,0.007584283436066874
2018-11-27,0.989269428832629,0.9810970524871871,0.008172376345441879
2018-11-28,0.9897833060426897,0.9804631284732064,0.009320177569483334
2018-11-29,0.9900067440890146,0.9804631284732064,0.009543615615808188
2018-11-30,0.9900067440890148,0.9804631284732064,0.00954361561580841
2018-12-03,0.9905591133170583,0.9804631284732064,0.01009598484385188
2018-12-04,0.9908988911189771,0.9812344878049545,0.00966440331402263
2018-12-06,0.9900067440890148,0.9810970524871873,0.00890969160182753
2018-12-07,0.9900067440890146,0.9801555172868599,0.009851226802154667
2018-12-10,0.9903836410612094,0.9802536663863758,0.010129974674833564
2018-12-11,0.9913277100395315,0.9809138506422992,0.010413859397232272
2018-12-12,0.9913277100395316,0.9815865613818039,0.009741148657727683
2018-12-13,0.9913277100395316,0.9821266355205367,0.009201074518994878
2018-12-14,0.9912226296749762,0.9814905238385714,0.009732105836404825
2018-12-17,0.9917503789527103,0.9809138506422992,0.010836528310411153
2018-12-18,0.9921885801016471,0.9815865613818039,0.010602018719843231
2018-12-19,0.9919921869425506,0.9808069859071987,0.011185201035351922
2018-12-20,0.9910481179642285,0.9791668466126464,0.011881271351582123
2018-12-21,0.9910481179642285,0.9785541647178315,0.012493953246397016
2018-12-24,0.9910481179642285,0.9785541647178314,0.012493953246397127
2018-12-26,0.9921885801016471,0.9785541647178314,0.013634415383815712
2018-12-27,0.9918871065779953,0.9774137025804129,0.014473403997582346
2018-12-28,0.9915050087608854,0.9758485728097238,0.015656435951161618
2018-12-31,0.9911025674363242,0.9765321107410962,0.01457045669522794
2019-01-02,0.991012352394885,0.9765321107410962,0.014480241653788806
2019-01-03,0.9906861971211626,0.9765321107410962,0.014154086380066322
2019-01-04,0.9899016637244595,0.9765321107410962,0.013369552983363286
2019-01-07,0.9892670582312386,0.9754965605958151,0.013770497635423484
2019-01-08,0.9895932135049611,0.9768585855051859,0.012734627999775205
2019-01-09,0.9903180340396212,0.9784603049614367,0.011857729078184498
2019-01-10,0.9898253776736208,0.9789647666793205,0.010860610994300246
2019-01-11,0.9896913864443684,0.9799282900555384,0.009763096388829995
2019-01-14,0.9896913864443684,0.9799282900555384,0.009763096388829995
2019-01-15,0.9896913864443684,0.9799282900555384,0.009763096388829995
2019-01-16,0.990831848581787,0.9799282900555384,0.01090355852624858
2019-01-17,0.9914835690615902,0.9799282900555384,0.0115552790060518
2019-01-18,0.9924251042619175,0.9799282900555384,0.012496814206379159
2019-01-22,0.9931333573527499,0.9799282900555384,0.013205067297211492
2019-01-23,0.9933661225212672,0.9810930561611858,0.012273066360081408
2019-01-24,0.9938141393055476,0.980458450667965,0.01335568863758263
2019-01-25,0.9945653373671408,0.9793838929435861,0.015181444423554735
2019-01-28,0.9951264071733271,0.9793838929435859,0.015742514229741267
2019-01-29,0.9952204221182811,0.9805120599916939,0.014708362126587216
2019-01-30,0.9959524952317778,0.981586617716073,0.014365877515704728
2019-01-31,0.9952689573004051,0.981586617716073,0.01368233958433207
2019-02-01,0.9947534507084678,0.981586617716073,0.01316683299239474
2019-02-04,0.9952689573004052,0.9826172320346817,0.012651725265723557
2019-02-05,0.9948474656534215,0.9823287630774906,0.012518702575930907
2019-02-06,0.9947534507084678,0.9819179738347107,0.012835476873757079
2019-02-07,0.9947534507084678,0.9819179738347107,0.012835476873757079
2019-02-08,0.9947534507084675,0.9819179738347107,0.012835476873756857
2019-02-11,0.9954369886398402,0.983104948555975,0.012332040083865237
2019-02-12,0.9961974071547398,0.9846712796951295,0.011526127459610347
2019-02-13,0.9961386518850975,0.9840970178335496,0.0120416340515479
2019-02-14,0.9959464878406274,0.9836406653765208,0.012305822464106608
2019-02-15,0.9965207497022075,0.9843399235764917,0.012180826125715805
2019-02-19,0.9966664011628319,0.9847584362130879,0.011907964949743999
2019-02-20,0.9966664011628318,0.9847584362130877,0.01190796494974411
2019-02-21,0.9969324953206841,0.9845422057196335,0.012390289601050597
2019-02-22,0.9964522484040582,0.9835473950428391,0.01290485336121916
2019-02-25,0.9964522484040582,0.9835473950428392,0.012904853361219049
2019-02-26,0.9964522484040582,0.9835473950428391,0.01290485336121916
2019-02-27,0.9969324953206843,0.9835473950428392,0.013385100277845119
2019-02-28,0.9965503975035743,0.9835473950428392,0.013003002460735158
2019-03-01,0.9963642408502547,0.9835473950428392,0.012816845807415489
2019-03-04,0.9965745181303459,0.9831067613324408,0.013467756797905128
2019-03-05,0.9965745181303456,0.9828549351355701,0.013719582994775492
2019-03-06,0.9965745181303459,0.9840610435353767,0.01251347459496921
2019-03-07,0.9964784805871132,0.9834888591495509,0.012989621437562326
2019-03-08,0.9966646372404332,0.9823315994557016,0.014333037784731606
2019-03-11,0.9971183572598448,0.9828549351355699,0.014263422124274894
2019-03-12,0.9971690989583171,0.9831893922626773,0.013979706695639749
2019-03-13,0.9969261932153748,0.9831893922626773,0.01373680095269747
2019-03-14,0.9972741793228723,0.9826660565828088,0.014608122740063512
2019-03-15,0.9965775535605184,0.981746255081154,0.014831298479364374
2019-03-18,0.9969261932153748,0.9808299519812643,0.016096241234110464
2019-03-19,0.9972741793228723,0.9799344250479707,0.017339754274901642
2019-03-20,0.9965775535605184,0.9796061274528137,0.016971426107704635
2019-03-21,0.9969261932153749,0.9801671902164879,0.016759002998886996
2019-03-22,0.9972741793228723,0.9804190164133586,0.01685516290951372
2019-03-25,0.9965775535605186,0.9794686486531248,0.017108904907393807
2019-03-26,0.9970312735799302,0.9810388414891873,0.01599243209074286
2019-03-27,0.9973261012712321,0.9812249981425071,0.016101103128725036
2019-03-28,0.997203737370458,0.9802746303822732,0.016929106988184728
2019-03-29,0.9971518154220984,0.9810388414891873,0.016112973932911112
2019-04-01,0.9971518154220982,0.9818998877211996,0.01525192770089856
2019-04-02,0.997203737370458,0.9826603062360993,0.014543431134358631
2019-04-03,0.9969089096791561,0.9836145884390354,0.013294321240120754
2019-04-04,0.9972575493340124,0.983955441113027,0.013302108220985431
2019-04-05,0.9978921548272331,0.9834751941964012,0.014416960630831976
2019-04-08,0.9975004550769546,0.9827365118651629,0.014763943211791752
2019-04-09,0.9975536134931502,0.9816990334288171,0.015854580064333046
2019-04-10,0.9980226075012422,0.9811109405194421,0.016911666981800022
2019-04-11,0.998074529449602,0.9811109405194421,0.016963588930159812
2019-04-12,0.99760553544151,0.9804143147570882,0.017191220684421804
2019-04-15,0.9975536134931504,0.9795863108976285,0.017967302595521928
2019-04-16,0.9972056273856529,0.9795863108976283,0.017619316488024617
2019-04-17,0.9969953501055616,0.9806237893339739,0.016371560771587745
2019-04-18,0.9969953501055616,0.9808792116300149,0.016116138475546715
2019-04-22,0.9965935520345096,0.9808792116300149,0.01571434040449471
2019-04-23,0.9968142309351452,0.9801370226534121,0.016677208281733136
2019-04-24,0.9971090586264474,0.9808792116300149,0.016229846996432484
2019-04-25,0.9967510814361086,0.9798961421298977,0.016854939306210848
2019-04-26,0.9970171755939613,0.9808171913608817,0.016199984233079556
2019-04-29,0.9968576400123422,0.9809873697293311,0.015870270283011134
2019-04-30,0.9968018231345811,0.9807269763194426,0.016074846815138488
2019-05-01,0.9969069034991362,0.9805162058505921,0.016390697648544172
2019-05-02,0.9970171755939613,0.9805162058505921,0.01650096974336923
2019-05-03,0.9973193359065384,0.9805162058505921,0.016803130055946358
2019-05-06,0.9972166722597064,0.9812583948271946,0.01595827743251188
2019-05-07,0.9975181457833582,0.9812583948271946,0.01625975095616361
2019-05-08,0.997372494322734,0.9812583948271946,0.016114099495539436
2019-05-09,0.9980226075012422,0.9812583948271946,0.016764212674047596
2019-05-10,0.9984143072515208,0.9815593803374844,0.01685492691403645
2019-05-13,0.9983092268869656,0.9824543792405936,0.015854847646371906
2019-05-14,0.9986734701443339,0.9826278655451035,0.016045604599230434
2019-05-15,0.9983336923424151,0.9826278655451037,0.015705826797311362
2019-05-16,0.9981328795960671,0.9826278655451037,0.015505014050963384
2019-05-17,0.997922602315976,0.983379052869163,0.014543549446812909
2019-05-20,0.9975108566974992,0.9832476906209324,0.014263166076566747
2019-05-21,0.9979532981462501,0.9826278655451037,0.015325432601146383
2019-05-22,0.9980989496068744,0.9819476968376343,0.01615125276924012
2019-05-23,0.9981534048239379,0.9817742105331242,0.016379194290813692
2019-05-24,0.9982092217016993,0.9819030450104436,0.01630617669125578
2019-05-28,0.9980989496068742,0.9820344072586744,0.016064542348199762
2019-05-29,0.9980989496068744,0.9827592277933344,0.015339721813540041
2019-05-30,0.9983650437647267,0.9843294206293969,0.0140356231353298
2019-05-31,0.9984631928642428,0.9842690769977559,0.01419411586648689
2019-06-03,0.9982310286955832,0.9849036824909767,0.013327346204606516
2019-06-04,0.9986734701443342,0.9864729818138217,0.01220048833051246
2019-06-05,0.9984073759864814,0.9865185450280703,0.01188883095841109
2019-06-06,0.9984073759864814,0.9858102919372379,0.012597084049243534
2019-06-07,0.9986128119669009,0.9851301232297685,0.013482688737132431
2019-06-10,0.9988390877209832,0.9857043850913485,0.013134702629634676
2019-06-11,0.9984661312561238,0.984830833866515,0.01363529738960878
2019-06-12,0.998034419521622,0.9840375224861765,0.013996897035445488
2019-06-13,0.9982019400060621,0.9840375224861765,0.01416441751988562
2019-06-14,0.997893513626455,0.9840375224861765,0.013855991140278467
2019-06-17,0.9975850872468478,0.9849531977672891,0.012631889479558733
2019-06-18,0.9979493305042162,0.9864795469680875,0.011469783536128708
2019-06-19,0.997893513626455,0.9865251101823364,0.011368403444118602
2019-06-20,0.9977974760832224,0.9865251101823364,0.011272365900886094
2019-06-21,0.997893513626455,0.9871597156755569,0.010733797950898016
2019-06-24,0.9983252253609567,0.9863481847198569,0.011977040641099834
2019-06-25,0.9983252253609567,0.9860826226172525,0.012242602743704145
2019-06-26,0.9983252253609567,0.9861291352010981,0.012196090159858564
2019-06-27,0.9985791965235002,0.9873493443861014,0.0112298521373988
2019-06-28,0.9985791965235002,0.9884898065235201,0.010089389999980103
2019-07-01,0.9985791965235002,0.9889651797124253,0.009614016811074988
2019-07-02,0.9985791965235002,0.9889651797124253,0.009614016811074988
2019-07-03,0.9985791965235002,0.9889651797124253,0.009614016811074988
2019-07-05,0.9983585176228646,0.9895057702606921,0.008852747362172564
2019-07-08,0.9980428095476201,0.9891513619058493,0.008891447641770855
2019-07-09,0.9976213179006367,0.9886107713575826,0.00901054654305411
2019-07-10,0.9972899617819989,0.9899067149127524,0.007383246869246518
2019-07-11,0.9968097148653731,0.9899067149127524,0.00690299995262067
2019-07-12,0.9968097148653731,0.9899067149127524,0.00690299995262067
2019-07-15,0.9962216219559978,0.9907603699247319,0.005461252031265906
2019-07-16,0.9956938726782636,0.9904473054610192,0.005246567217244369
2019-07-17,0.9950592671850428,0.9900443619240524,0.005014905260990354
2019-07-18,0.9950592671850428,0.9903987702788951,0.004660496906147671
2019-07-19,0.9956938726782636,0.9898446946436195,0.005849178034644131
2019-07-22,0.9956938726782636,0.9895057702606921,0.006188102417571506
2019-07-23,0.9958395241388879,0.9895057702606921,0.006333753878195791
2019-07-24,0.9953474687727452,0.9884898065235201,0.006857662249225016
2019-07-25,0.9952514312295129,0.9875948076204109,0.00765662360910202
2019-07-26,0.9952049186456671,0.9879017136141449,0.007303205031522153
2019-07-29,0.9957791805072469,0.9872516004356368,0.008527580071610141
2019-07-30,0.9962216219559978,0.9858042323044838,0.010417389651514064
2019-07-31,0.9962216219559978,0.9854567342103484,0.010764887745649432
2019-08-01,0.996809714865373,0.9861068473888567,0.010702867476516276
2019-08-02,0.9967622125042647,0.987199807165167,0.00956240533909769
2019-08-05,0.9968097148653731,0.9881353981686775,0.008674316696695605
2019-08-06,0.9968097148653731,0.9884423041624117,0.00836741070296132
2019-08-07,0.9967493712337322,0.9887553686261245,0.007994002607607742
2019-08-08,0.9971708628807159,0.988932294088604,0.008238568792111933
2019-08-09,0.9971708628807159,0.9896405471794363,0.0075303157012796
2019-08-12,0.9965682520633159,0.98880993018783,0.007758321875485863
2019-08-13,0.9962449095158481,0.987577392252317,0.0086675172635311
2019-08-14,0.9962449095158482,0.987577392252317,0.00866751726353121
2019-08-15,0.9962449095158482,0.9883195812289194,0.007925328286928823
2019-08-16,0.9958131977813462,0.9894125410052298,0.0064006567761164535
2019-08-19,0.9956270411280267,0.9896405471794363,0.00598649394859041
2019-08-20,0.9958131977813465,0.9896405471794363,0.00617265060191019
2019-08-21,0.9957656954202381,0.9903653677140963,0.005400327706141739
2019-08-22,0.9955207834972759,0.9904574435121906,0.005063339985085347
2019-08-23,0.9956465965189548,0.9904118802979419,0.005234716221012903
2019-08-26,0.9957656954202381,0.9892249055766777,0.006540789843560324
2019-08-27,0.9955207834972758,0.9886506437150978,0.006870139782177986
2019-08-28,0.9955207834972758,0.9886506437150978,0.006870139782177986
2019-08-29,0.9954722483151519,0.9892030129431412,0.00626923537201074
2019-08-30,0.9949801929490091,0.9892030129431412,0.00577718000586791
2019-09-03,0.9955980613368308,0.989112797901702,0.006485263435128785
2019-09-04,0.9961861542462059,0.9891574497288924,0.007028704517313522
2019-09-05,0.9960405027855814,0.990312991625267,0.005727511160314447
2019-09-06,0.9961386518850975,0.9909328167010956,0.005205835184001972
2019-09-09,0.9961861542462059,0.9897772748047211,0.006408879441484827
2019-09-10,0.9961861542462059,0.9892249055766777,0.006961248669528186
2019-09-11,0.9959999975928859,0.9898376184363621,0.006162379156523845
2019-09-12,0.9960485327750102,0.9898376184363621,0.006210914338648066
2019-09-13,0.9960485327750102,0.9891127979017021,0.006935734873308008
2019-09-16,0.9959999975928859,0.9891127979017021,0.006887199691183787
2019-09-17,0.9960485327750102,0.9891127979017021,0.006935734873308008
2019-09-18,0.9962934446979723,0.9891127979017021,0.007180646796270174
2019-09-19,0.9958131977813465,0.988932294088604,0.006880903692742524
2019-09-20,0.9952854485036122,0.9880587428637707,0.007226705639841513
2019-09-23,0.9945250299887122,0.9888099301878299,0.005715099800882251
2019-09-24,0.9939844394404456,0.988932294088604,0.005052145351841619
2019-09-25,0.9945250299887124,0.9889788066724495,0.005546223316262866
2019-09-26,0.9950052769053385,0.988932294088604,0.006072982816734518
2019-09-27,0.9950992918502924,0.9887553686261245,0.006343923224167991
2019-09-30,0.9949567417232141,0.9887553686261245,0.00620137309708968
2019-10-01,0.9950052769053385,0.9887553686261245,0.0062499082792140115
2019-10-02,0.9950992918502924,0.9879017136141451,0.007197578236147306
2019-10-03,0.9949567417232141,0.9872516004356368,0.007705141287577377
2019-10-04,0.9948171635640115,0.9876649533554087,0.007152210208602794
2019-10-07,0.9950052769053385,0.9872516004356368,0.007753676469701709
2019-10-08,0.9951914335586582,0.9869446944419025,0.008246739116755775
2019-10-09,0.9950052769053385,0.9872050878517911,0.007800189053547402
2019-10-10,0.9954369886398402,0.9864911819207371,0.008945806719103055
2019-10-11,0.9959524952317778,0.9852586439852241,0.010693851246553643
2019-10-14,0.9959999975928862,0.9858467368945992,0.010153260698286926
2019-10-15,0.9960485327750102,0.9866527186237476,0.00939581415126256
2019-10-16,0.9964700244219937,0.9871329655403737,0.009337058881620064
2019-10-17,0.9961021945658655,0.9880486408214861,0.008053553744379327
2019-10-18,0.9960536593837416,0.9878675216510698,0.008186137732671739
2019-10-21,0.9960536593837416,0.9876794083097429,0.008374251073998695
2019-10-22,0.9960536593837415,0.9879988838993005,0.008054775484441001
2019-10-23,0.9960536593837415,0.9888295008909068,0.0072241584928346425
2019-10-24,0.9964214892398696,0.9889690790501097,0.00745241018975995
2019-10-25,0.9963642408502547,0.9888295008909068,0.007534739959347836
2019-10-28,0.9963642408502547,0.9893198498498171,0.007044391000437522
2019-10-29,0.996268203307022,0.9885911333308754,0.007677069976146589
2019-10-30,0.9964543599603418,0.9891452089661511,0.007309150994190716
2019-10-31,0.9969588216782259,0.9896378653321515,0.0073209563460744365
2019-11-01,0.9967266575095663,0.9895932135049611,0.007133444004605249
2019-11-04,0.9966646372404332,0.9890391378696853,0.007625499370747857
2019-11-05,0.9969588216782259,0.9877268528865878,0.009231968791638123
2019-11-06,0.9974012631269766,0.9870740549106224,0.010327208216354244
2019-11-07,0.9977571918676921,0.9880210373243804,0.00973615454331167
2019-11-08,0.9976968482360512,0.9881606154835832,0.009536232752467955
2019-11-11,0.9976968482360513,0.9881606154835831,0.009536232752468177
2019-11-12,0.9974865709559602,0.9888854360182432,0.00860113493771697
2019-11-13,0.9969588216782259,0.9888854360182432,0.008073385659982724
2019-11-14,0.9966431136029814,0.9895052610940718,0.007137852508909637
2019-11-15,0.9962006721542306,0.9906779679179667,0.005522704236263887
2019-11-18,0.9955040463918767,0.9910804092425279,0.004423637149348791
2019-11-19,0.9948376428219309,0.9910804092425279,0.003757233579402941
2019-11-20,0.9942765730157447,0.9910804092425279,0.0031961637732167425
2019-11-21,0.9936264598372365,0.9914533657073874,0.002173094129849118
2019-11-22,0.9937224973804688,0.992593827844806,0.0011286695356628185
2019-11-25,0.9938620755396719,0.9935116424824618,0.00035043305721005336
2019-11-26,0.9932422504638432,0.9936097915819777,-0.00036754111813452894
2019-11-27,0.9925283445327889,0.9936656084597391,-0.0011372639269501272
2019-11-29,0.9923916169075042,0.9936097915819777,-0.0012181746744734934
2019-12-02,0.9930580204774498,0.9924542496856031,0.0006037707918467028
2019-12-03,0.993722497380469,0.9925100665633647,0.0012124308171043152
2019-12-04,0.993722497380469,0.9931617870431678,0.0005607103373012068
2019-12-05,0.9937224973804692,0.9931617870431678,0.0005607103373014288
2019-12-06,0.9940954538453285,0.9931617870431678,0.0009336668021606709
2019-12-09,0.9939112238589354,0.9933720643232591,0.0005391595356762924
2019-12-10,0.9939112238589354,0.9936877723985035,0.00022345146043190045
2019-12-11,0.9941439890274527,0.9944804168008425,-0.00033642777338982466
2019-12-12,0.9940954538453285,0.9954895033913091,-0.0013940495459806579
2019-12-13,0.9940954538453285,0.9958374894988067,-0.0017420356534781911
2019-12-16,0.993722497380469,0.9960477667788977,-0.0023252693984286976
2019-12-17,0.9929429219058641,0.9960477667788977,-0.003104844873033641
2019-12-18,0.9927101567373469,0.9960477667788977,-0.0033376100415508647
2019-12-19,0.9934969975411397,0.9961934182395221,-0.0026964206983823846
2019-12-20,0.9939394389898905,0.9969931514832394,-0.003053712493348959
2019-12-23,0.9944671882676249,0.9970958151300713,-0.0026286268624463593
2019-12-24,0.994088946670891,0.9968950023837233,-0.0028060557128323227
2019-12-26,0.9937558258865096,0.9969931514832394,-0.0032373255967298453
2019-12-27,0.9933078091022294,0.9968855378499802,-0.0035777287477508635
2019-12-30,0.9932505607126142,0.9966847251036323,-0.0034341643910180686
2019-12-31,0.99272281143488,0.9967332602857564,-0.004010448850876425
2020-01-02,0.9932280766087753,0.997416798217129,-0.004188721608353707
2020-01-03,0.9925074589754995,0.9973117178525736,-0.00480425887707403
2020-01-06,0.992130562003305,0.9973117178525736,-0.005181155849268593
2020-01-07,0.9928388150941374,0.997416798217129,-0.004577983122991625
2020-01-08,0.99272281143488,0.9971010901418846,-0.00437827870700469
2020-01-09,0.9930517293178772,0.9975666809654825,-0.004514951647605292
2020-01-10,0.993051729317877,0.9977189585297062,-0.00466722921182916
2020-01-13,0.993051729317877,0.9977189585297062,-0.00466722921182916
2020-01-14,0.9938989649227027,0.9977189585297062,-0.003819993607003469
2020-01-15,0.9940478557206909,0.9977189585297062,-0.003671102809015281
2020-01-16,0.9940478557206909,0.9977189585297062,-0.003671102809015281
2020-01-17,0.9940478557206909,0.9977189585297062,-0.003671102809015281
2020-01-21,0.9944395554709695,0.9973460020648467,-0.0029064465938771766
2020-01-22,0.9946994466684527,0.9975666809654825,-0.0028672342970298414
2020-01-23,0.9946994466684527,0.9981207566007582,-0.003421309932305494
2020-01-24,0.9946994466684524,0.9981207566007582,-0.003421309932305716
2020-01-27,0.9946994466684527,0.9976992649537747,-0.002999818285322031
2020-01-28,0.9946994466684527,0.9971451893184988,-0.0024457426500461565
2020-01-29,0.9946994466684524,0.9971451893184988,-0.0024457426500463786
2020-01-30,0.994307746918174,0.9975666809654825,-0.0032589340473084816
2020-01-31,0.9937713143643605,0.9973460020648467,-0.00357468770048619
2020-02-03,0.9932800075002501,0.9970920309023034,-0.0038120234020532218
2020-02-04,0.9927259318649745,0.997646106537579,-0.004920174672604527
2020-02-05,0.9920595282950286,0.9978019286006066,-0.005742400305577933
2020-02-06,0.9914801615079881,0.9979000777001226,-0.006419916192134445
2020-02-07,0.992146565077934,0.9973460020648467,-0.00519943698691272
2020-02-10,0.9924064562754169,0.9966795984949011,-0.004273142219484161
2020-02-11,0.9927259318649743,0.9966795984949011,-0.0039536666299268
2020-02-12,0.9928592615387462,0.9970525549597603,-0.004193293421014155
2020-02-13,0.9932172387290846,0.9972014457577485,-0.0039842070286638664
2020-02-14,0.993020116302767,0.9973117178525736,-0.004291601549806567
2020-02-18,0.9934118160530456,0.9970456236947212,-0.003633807641675535
2020-02-19,0.9939482486068593,0.9969474745952052,-0.0029992259883458994
2020-02-20,0.9937474358605115,0.9970456236947212,-0.0032981878342096538
2020-02-21,0.992649921255041,0.9967857324972382,-0.004135811242197196
2020-02-24,0.992649921255041,0.9967857324972382,-0.004135811242197196
2020-02-25,0.9928217417920598,0.9967857324972382,-0.0039639907051783885
2020-02-26,0.9921886329713397,0.9973539869676679,-0.005165353996328115
2020-02-27,0.991609266184299,0.9974036008850597,-0.005794334700760739
2020-02-28,0.9920810193380803,0.9976696950429123,-0.0055886757048319025
2020-03-02,0.9918327042306242,0.9979080626029436,-0.006075358372319428
2020-03-03,0.9918327042306242,0.9979080626029436,-0.006075358372319428
2020-03-04,0.9918871594476879,0.9982237706781881,-0.006336611230500222
2020-03-05,0.9916637214013628,0.9982237706781881,-0.006560049276825297
2020-03-06,0.9919176925639062,0.9979295862403954,-0.006011893676489244
2020-03-09,0.9905886643630218,0.997613878165151,-0.007025213802129171
2020-03-10,0.9905886643630218,0.9974036008850597,-0.0068149365220379066
2020-03-11,0.9919176925639062,0.9977193089603043,-0.0058016163963980905
2020-03-12,0.9920307578312827,0.9974036008850597,-0.005372843053777054
2020-03-13,0.9921830353955063,0.9970878928098155,-0.004904857414309127
2020-03-16,0.9921830353955063,0.9970878928098155,-0.004904857414309127
2020-03-17,0.9921830353955063,0.997353986967668,-0.005170951572161631
2020-03-18,0.9930264214963177,0.9976696950429125,-0.004643273546594773
2020-03-19,0.9936057882833584,0.9979295862403954,-0.004323797957036968
2020-03-20,0.994166870335015,0.9979295862403954,-0.003762715905380354
2020-03-23,0.994326405916634,0.9975716090500568,-0.0032452031334228026
2020-03-24,0.9947033028888288,0.9981398635204864,-0.003436560631657648
2020-03-25,0.9953022233861982,0.9980854083034227,-0.0027831849172245127
2020-03-26,0.9947564613050244,0.9977274311130842,-0.0029709698080597757
2020-03-27,0.9942744839682742,0.9970935070991035,-0.002819023130829268
2020-03-30,0.9947033028888286,0.9972493291621309,-0.0025460262733023598
2020-03-31,0.9953022233861982,0.9971961707459354,-0.001893947359737136
2020-04-01,0.9955175758455784,0.9970935070991035,-0.0015759312535250647
2020-04-02,0.9955707342617741,0.9970935070991035,-0.001522772837329378
2020-04-03,0.996487037361664,0.9971454290474631,-0.0006583916857990646
2020-04-06,0.9963236068506434,0.9970958151300715,-0.0007722082794281437
2020-04-07,0.996789197674241,0.9971961707459356,-0.00040697307169457186
2020-04-08,0.9963236068506434,0.9973012511104907,-0.0009776442598473656
2020-04-09,0.9963236068506434,0.997351992808963,-0.0010283859583196664
2020-04-13,0.9963236068506434,0.9972493291621309,-0.0009257223114875757
2020-04-14,0.9963236068506434,0.9970935070991035,-0.0007699002484601314
2020-04-15,0.9963236068506434,0.9970935070991035,-0.0007699002484601314
2020-04-16,0.9963236068506431,0.9972493291621309,-0.0009257223114877977
2020-04-17,0.9957404245351348,0.9978325114776396,-0.002092086942504845
2020-04-20,0.9953022233861981,0.9978844334259992,-0.0025822100398010805
2020-04-21,0.9948667333998493,0.9977321558617755,-0.002865422461926226
2020-04-22,0.9947564613050242,0.9976270754972203,-0.0028706141921961414
2020-04-23,0.9946006392419967,0.9970438931817117,-0.0024432539397150066
2020-04-24,0.9946006392419967,0.9971489735462671,-0.002548334304270372
2020-04-27,0.9944331187575569,0.9978325114776396,-0.0033993927200827168
2020-04-28,0.9947526050846481,0.9979351751244715,-0.0031825700398233625
2020-04-29,0.9947526050846481,0.9977793530614439,-0.003026747976795807
2020-04-30,0.9944264498109257,0.9971961707459354,-0.002769720935009712
2020-05-01,0.9951347029017581,0.9971454290474631,-0.0020107261457049663
2020-05-04,0.9948552687314802,0.9970958151300713,-0.002240546398591059
2020-05-05,0.9946994466684524,0.9977793530614439,-0.003079906392991494
2020-05-06,0.9943732913947301,0.9977274311130842,-0.0033541397183540766
2020-05-07,0.9943732913947302,0.9977274311130842,-0.0033541397183539656
2020-05-08,0.994750188366925,0.9982449438850418,-0.0034947555181168433
2020-05-11,0.9943732913947302,0.998295685583514,-0.003922394188783818
2020-05-12,0.9940538050676389,0.9981398635204864,-0.004086058452847596
2020-05-13,0.9941668703350153,0.9982449438850418,-0.00407807355002654
2020-05-14,0.9945437673072098,0.9986986639044535,-0.0041548965972436624
2020-05-15,0.9942776731493571,0.9988544859674809,-0.004576812818123832
2020-05-18,0.9942776731493571,0.9988544859674809,-0.004576812818123832
2020-05-19,0.9942776731493573,0.9987494056029258,-0.004471732453568467
2020-05-20,0.9942204247597421,0.9988013275512854,-0.004580902791543218
2020-05-21,0.9948712672054713,0.9988544859674809,-0.003983218762009688
2020-05-22,0.9943799603413611,0.9987494056029258,-0.004369445261564686
2020-05-26,0.9939482486068593,0.9991411053532042,-0.005192856746344954
2020-05-27,0.9945471691042287,0.9991411053532042,-0.0045939362489755275
2020-05-28,0.9952116460072478,0.9991411053532044,-0.003929459345956676
2020-05-29,0.9952116460072478,0.9991411053532042,-0.003929459345956454
2020-06-01,0.9952116460072478,0.9988544859674809,-0.0036428399602331796
2020-06-02,0.9953512241664505,0.9988013275512854,-0.0034501033848348683
2020-06-03,0.9948234748887164,0.9991411053532042,-0.004317630464487854
2020-06-04,0.9952471216226059,0.9990384417063723,-0.0037913200837664807
2020-06-05,0.9956030503633213,0.9991411053532042,-0.0035380549898829106
2020-06-08,0.9963634688782211,0.9991411053532042,-0.0027776364749830806
2020-06-09,0.9965897446323035,0.9991411053532041,-0.002551360720900564
2020-06-10,0.997011236279287,0.9990891834048444,-0.0020779471255574222
2020-06-11,0.9974229818977638,0.998933361341817,-0.0015103794440531892
2020-06-12,0.9973685266807002,0.9989852832901768,-0.0016167566094765773
2020-06-15,0.997922602315976,0.9986986639044535,-0.000776061588477539
2020-06-16,0.9976284178781832,0.9985935835398982,-0.0009651656617150062
2020-06-17,0.9972724891374678,0.9984413059756743,-0.0011688168382064656
2020-06-18,0.9976284178781832,0.9985935835398982,-0.0009651656617150062
2020-06-19,0.9978667854382146,0.9983336923424153,-0.00046690690420070347
2020-06-22,0.9978667854382146,0.9980675981845626,-0.00020081274634797808
2020-06-23,0.9983092268869656,0.99822342024759,8.580663937551858e-05
2020-06-24,0.9985245793463458,0.9979850526875589,0.0005395266587868708
2020-06-25,0.9981848015444268,0.997416798217129,0.0007680033272977616
2020-06-26,0.9983611488353252,0.9968855378499805,0.0014756109853447663
2020-06-29,0.9980885479863298,0.9968855378499805,0.0012030101363493806
2020-06-30,0.9984199041049675,0.9975690757813529,0.0008508283236146053
2020-07-01,0.9986405830056031,0.9975690757813528,0.001071507224250312
2020-07-02,0.9988945541681467,0.9975690757813528,0.0013254783867938658
2020-07-06,0.9988413957519511,0.9975690757813528,0.0012723199705982902
2020-07-07,0.9986405830056033,0.9968855378499802,0.0017550451556230806
2020-07-08,0.9988945541681467,0.9968336159016205,0.002060938266526202
2020-07-09,0.9986937414217989,0.9969362795484524,0.0017574618733464664
2020-07-10,0.9988945541681467,0.9969858934658443,0.0019086607023023339
2020-07-13,0.9990620746525867,0.9966701853905999,0.002391889261986746
2020-07-14,0.9992675106330061,0.9962972289257405,0.002970281707265654
2020-07-15,0.9992675106330061,0.9963975845416045,0.0028699260914015756
2020-07-16,0.9988945541681467,0.9966701853905999,0.002224368777546726
2020-07-17,0.9988945541681467,0.9966701853906,0.0022243687775466148
2020-07-20,0.9991152330687824,0.9966701853905999,0.0024450476781824326
2020-07-21,0.9990620746525867,0.9964693726442521,0.002592702008334613
2020-07-22,0.9993777827278311,0.9961460300967845,0.0032317526310465805
2020-07-23,0.9993777827278311,0.9960003786361602,0.003377404091670866
2020-07-24,0.9990620746525867,0.9957949426557409,0.003267131996845807
2020-07-27,0.9990620746525867,0.9960467688526115,0.003015305799975221
2020-07-28,0.9990620746525867,0.9954121633593906,0.0036499112931960287
2020-07-29,0.9987894738035913,0.9954617772767826,0.0033276965268086434
2020-07-30,0.9988997458984165,0.9949836753258294,0.003916070572587027
2020-07-31,0.9992727023632759,0.9951262254529074,0.004146476910368513
2020-08-03,0.9992727023632759,0.9952288890997394,0.004043813263536533
2020-08-04,0.9992727023632759,0.9955686669016582,0.003704035461617683
2020-08-05,0.9992727023632759,0.99541977610367,0.003852926259605871
2020-08-06,0.9992727023632759,0.9956680912111264,0.003604611152149495
2020-08-07,0.9992727023632759,0.9956680912111264,0.003604611152149495
2020-08-10,0.9992727023632759,0.99541977610367,0.003852926259605871
2020-08-11,0.9995387965211285,0.99541977610367,0.0041190204174584855
2020-08-12,0.9995387965211285,0.9956680912111264,0.0038707053100021094
2020-08-13,0.9992727023632759,0.9950172487653971,0.004255453597878822
2020-08-14,0.9992182471462122,0.9948208556063005,0.004397391539911699
2020-08-17,0.9992182471462122,0.9950799983017512,0.004138248844461012
2020-08-18,0.9990128111657929,0.9952763914608478,0.003736419704945093
2020-08-19,0.9987467170079403,0.9956680912111264,0.0030786257968138386
2020-08-20,0.9986894686183254,0.9952763914608478,0.0034130771574776286
2020-08-21,0.9988452906813527,0.9958595737763564,0.0029857169049963828
2020-08-24,0.9987894738035914,0.996325164599954,0.0024643092036373826
2020-08-25,0.9990048262629715,0.996525977346302,0.002478848916669496
2020-08-26,0.9991178915303481,0.9960084645743446,0.0031094269560035803
2020-08-27,0.9992182471462122,0.9960084645743446,0.0032097825718676587
2020-08-28,0.9991051818788358,0.9954058537569446,0.003699328121891221
2020-08-31,0.9990048262629718,0.9952094605978482,0.003795365665123618
2020-09-01,0.9988452906813527,0.9946262782823396,0.004219012399013122
2020-09-02,0.9991051818788358,0.9954058537569446,0.003699328121891221
2020-09-03,0.9988997458984165,0.9946919478258905,0.0042077980725259145
2020-09-04,0.9987894738035914,0.9946919478258905,0.0040975259777008555
2020-09-08,0.9990048262629717,0.994108765510382,0.004896060752589748
2020-09-09,0.9991051818788358,0.9940580238119098,0.005047158066926016
2020-09-10,0.9991596370958993,0.9934748414964014,0.0056847955994978605
2020-09-11,0.9991051818788358,0.9926276058915755,0.006477575987260287
2020-09-14,0.9993154591589269,0.9932615299055563,0.006053929253370671
2020-09-15,0.9990891834048444,0.9932615299055563,0.005827653499288155
2020-09-16,0.9990891834048444,0.9932615299055563,0.005827653499288155
2020-09-17,0.9988789061247534,0.9932615299055563,0.005617376219197112
2020-09-18,0.9987154756137328,0.9941087655103821,0.004606710103350675
2020-09-21,0.9987154756137328,0.9948883409849871,0.003827134628745621
2020-09-22,0.9987154756137328,0.9948883409849871,0.003827134628745621
2020-09-23,0.9987154756137328,0.9946919478258905,0.004023527787842207
2020-09-24,0.9987154756137328,0.9939123723512856,0.00480310326244715
2020-09-25,0.9987154756137326,0.994429885123243,0.004285590490489599
2020-09-28,0.9989815697715854,0.9950799983017514,0.003901571469833942
2020-09-29,0.9988789061247534,0.9942327626969255,0.004646143427827876
2020-09-30,0.9987154756137328,0.9939379350056238,0.004777540608108977
2020-10-01,0.9987154756137328,0.993484214986212,0.005231260627520773
2020-10-02,0.9988181392605647,0.9943314505910379,0.004486688669526839
2020-10-05,0.9983756978118139,0.9937325300936681,0.004643167718145769
2020-10-06,0.9983756978118139,0.993484214986212,0.004891482825601923
2020-10-07,0.9983237758634541,0.993195746029021,0.005128029834433057
2020-10-08,0.9985391283228344,0.9930906656644658,0.005448462658368625
2020-10-09,0.9985391283228344,0.9929539380391809,0.005585190283653563
2020-10-12,0.9985391283228344,0.993740778842974,0.004798349479860464
2020-10-13,0.9983336923424151,0.993740778842974,0.004592913499441131
2020-10-14,0.998231028695583,0.9946800902458941,0.0035509384496889007
2020-10-15,0.9984909198930662,0.9949340614084374,0.003556858484628722
2020-10-16,0.9984413059756744,0.9952206807941608,0.003220625181513559
2020-10-19,0.9986734701443339,0.9950717899961725,0.0036016801481614236
2020-10-20,0.9983336923424151,0.99541977610367,0.00291391623874504
2020-10-21,0.9980395079046224,0.99541977610367,0.0026197318009523185
2020-10-22,0.9980395079046224,0.99541977610367,0.0026197318009523185
2020-10-23,0.9979850526875587,0.9950280763533914,0.0029569763341672495
2020-10-26,0.9985391283228344,0.9957601494668882,0.002778978855946246
2020-10-27,0.9980346666049504,0.9957601494668882,0.0022745171380622597
2020-10-28,0.9974167982171289,0.9957601494668882,0.0016566487502407412
2020-10-29,0.9974167982171289,0.9957601494668882,0.0016566487502407412
2020-10-30,0.9974167982171289,0.9957601494668882,0.0016566487502407412
2020-11-02,0.9968336159016205,0.9952288890997395,0.0016047268018809513
2020-11-03,0.9963423090375101,0.9958169820091146,0.0005253270283954725
2020-11-04,0.9961934182395223,0.9958169820091146,0.00037643623040772844
2020-11-05,0.9960883378749668,0.9958169820091146,0.0002713558658521409
2020-11-06,0.9951713270825948,0.9958169820091146,-0.0006456549265198008
2020-11-09,0.9951713270825945,0.9958169820091146,-0.0006456549265201339
2020-11-10,0.9954728006062463,0.9956680912111264,-0.00019529060488010508
2020-11-11,0.9961934182395221,0.9956680912111265,0.0005253270283955835
2020-11-12,0.9966847251036323,0.9950799983017514,0.0016047268018808403
2020-11-13,0.9967332602857564,0.9952763914608478,0.001456868824908586
2020-11-16,0.9968408739190157,0.9946255490151187,0.002215324903896976
2020-11-17,0.9968408739190157,0.9946255490151187,0.002215324903896976
2020-11-18,0.997318975869969,0.9954252822588361,0.0018936936111328961
2020-11-19,0.9970105494903617,0.994920820540952,0.0020897289494097304
2020-11-20,0.9968471189793412,0.9943525660705224,0.0024945529088188367
2020-11-23,0.9967510814361088,0.9943029521531305,0.0024481292829783285
2020-11-24,0.99680689831387,0.994920820540952,0.001886077772918049
2020-11-25,0.99680689831387,0.994920820540952,0.001886077772918049
2020-11-27,0.9963832515799804,0.9941696224793588,0.002213629100621617
2020-11-30,0.996479289123213,0.9940735849361264,0.0024057041870866325
2020-12-01,0.9960675435047361,0.9934071813661807,0.002660362138555472
2020-12-02,0.9960675435047361,0.9934071813661807,0.002660362138555472
2020-12-03,0.996369017028388,0.994206914609898,0.0021621024184900195
2020-12-04,0.9966847251036325,0.9942544169710064,0.0024303081326261244
2020-12-07,0.996479289123213,0.9941087655103821,0.002370523612830966
2020-12-08,0.996369017028388,0.9934748414964014,0.0028941755319865647
2020-12-09,0.9960964161793927,0.9925810933077299,0.003515322871662785
2020-12-10,0.9962486937436166,0.9927236434348082,0.003525050308808342
2020-12-11,0.9960964161793927,0.9934748414964014,0.00262157468299129
2020-12-14,0.9958169820091146,0.993231935753459,0.0025850462556555875
2020-12-15,0.9962486937436166,0.9923847001486334,0.0038639935949831283
2020-12-16,0.9954974956820232,0.9925810933077301,0.0029164023742930256
2020-12-17,0.9947768780487476,0.9918298952461366,0.0029469828026109646
2020-12-18,0.9938353428484202,0.9918298952461367,0.0020054476022834944
2020-12-21,0.9939334919479361,0.9918298952461367,0.0021035967017993817
2020-12-22,0.9943549835949196,0.9918298952461367,0.0025250883487828446
2020-12-23,0.9937032631151165,0.9924807376918658,0.001222525423250631
2020-12-24,0.9936547279329924,0.9923433023740987,0.0013114255588936308
2020-12-28,0.9933390198577479,0.9930097059440443,0.0003293139137036105
2020-12-29,0.9931426266986513,0.9922037242148959,0.0009389024837553883
2020-12-30,0.9931426266986513,0.9923433023740987,0.0007993243245525417
2020-12-31,0.9933390198577479,0.9930097059440443,0.0003293139137036105
2021-01-04,0.9933390198577479,0.9926693150384936,0.0006697048192542132
2021-01-05,0.9933390198577479,0.9926693150384936,0.0006697048192542132
2021-01-06,0.9935543723171281,0.9922037242148959,0.001350648102232177
2021-01-07,0.9924139101797096,0.9923433023740987,7.060780561085611e-05
2021-01-08,0.9934583347738958,0.9922037242148959,0.0012546105589998913
2021-01-11,0.9933060572096719,0.9928724198998119,0.00043363730986001325
2021-01-12,0.993565948407155,0.9928724198998119,0.0006935285073430553
2021-01-13,0.9931635070825938,0.9928724198998119,0.0002910871827819239
2021-01-14,0.9933060572096719,0.9924342187508753,0.00087183845879657
2021-01-15,0.9921190824884076,0.9924342187508753,-0.00031513626246770787
2021-01-19,0.9921190824884076,0.9923856835687513,-0.0002666010803437091
2021-01-20,0.9919556519773871,0.9923856835687511,-0.0004300315913640107
2021-01-21,0.9931426266986513,0.9923856835687511,0.0007569431299001561
2021-01-22,0.9931426266986513,0.9923856835687511,0.0007569431299001561
2021-01-25,0.992870025849656,0.9923856835687513,0.00048434228090465936
2021-01-26,0.9937370987888396,0.9923856835687511,0.0013514152200885254
2021-01-27,0.994580484889651,0.9930872677129525,0.0014932171766984803
2021-01-28,0.9954974956820232,0.9932239953382375,0.002273500343785706
2021-01-29,0.995547109599415,0.9935254688618894,0.002021640737525532
2021-02-01,0.995547109599415,0.992745893387284,0.002801216212130919
2021-02-02,0.9952157534807773,0.992745893387284,0.002469860093493259
2021-02-03,0.9952642886629013,0.992745893387284,0.002518395275617258
2021-02-04,0.9948750271482635,0.9920443092430828,0.0028307179051806353
2021-02-05,0.9948750271482635,0.992292624350539,0.0025824027977244812
2021-02-08,0.9944929293311534,0.9921403467863152,0.0023525825448381665
2021-02-09,0.9943947802316376,0.9919075816177979,0.002487198613839725
2021-02-10,0.9943947802316376,0.9921403467863152,0.00225443344532239
2021-02-11,0.9934532450313102,0.9928238847176878,0.0006293603136223735
2021-02-12,0.9925354303936542,0.9936298664468363,-0.0010944360531820463
2021-02-16,0.99345324503131,0.9934902882876334,-3.70432563233658e-05
2021-02-17,0.9938541896833706,0.9936784016289604,0.00017578805441020862
2021-02-18,0.9947236981146346,0.9926693150384938,0.002054383076140809
2021-02-19,0.9939523387828866,0.9917277798381664,0.0022245589447201786
2021-02-22,0.9930593387646836,0.9915435498517733,0.0015157889129102653
2021-02-23,0.9939027248654948,0.9908771462818277,0.0030255785836671434
2021-02-24,0.9939523387828866,0.9917277798381664,0.0022245589447201786
2021-02-25,0.9940008739650107,0.9914950146696492,0.002505859295361512
2021-02-26,0.9933982631476109,0.9908771462818277,0.0025211168657832683
2021-03-01,0.9939523387828866,0.9917277798381666,0.0022245589447199565
2021-03-02,0.9939027248654948,0.9914950146696492,0.002407710195845625
2021-03-03,0.9938066873222624,0.9926207798563697,0.0011859074658927549
2021-03-04,0.9939027248654948,0.9933921391881178,0.0005105856773770512
2021-03-05,0.9939523387828866,0.993484214986212,0.00046812379667460213
2021-03-08,0.9938541896833706,0.9937325300936681,0.00012165958970244972
2021-03-09,0.9947236981146346,0.9936298664468363,0.0010938316677983062
2021-03-10,0.9939523387828866,0.9929611707619203,0.0009911680209663265
2021-03-11,0.9938541896833708,0.9930097059440444,0.0008444837393264404
2021-03-12,0.9946255490151187,0.9930097059440444,0.0016158430710743188
2021-03-15,0.9954252822588361,0.9930097059440444,0.002415576314791723
2021-03-16,0.9961573553723327,0.9926693150384938,0.003488040333838982
2021-03-17,0.9962069692897245,0.9926693150384938,0.0035376542512307596
2021-03-18,0.9962565832071164,0.9922311138895571,0.004025469317559316
2021-03-19,0.9962565832071164,0.9922311138895571,0.004025469317559316
2021-03-22,0.9957025075718408,0.9922311138895571,0.0034713936822836633
2021-03-23,0.9963203759596623,0.9916946813357436,0.004625694623918708
2021-03-24,0.9963203759596623,0.9916946813357436,0.004625694623918708
2021-03-25,0.9968248376775461,0.9925252983273498,0.004299539350196335
2021-03-26,0.9967752237601543,0.9930173536934925,0.003757870066661728
2021-03-29,0.9973292993954301,0.9924251042619175,0.00490419513351259
2021-03-30,0.9968248376775461,0.9924251042619175,0.004399733415628604
2021-03-31,0.9967752237601543,0.9924251042619175,0.004350119498236715
2021-04-01,0.9968248376775461,0.9924838595315599,0.0043409781459862185
2021-04-05,0.9967752237601543,0.9928568159964193,0.003918407763734977
2021-04-06,0.9973292993954299,0.99210562867236,0.005223670723069951
2021-04-07,0.9977717408441809,0.99210562867236,0.005666112171820892
2021-04-08,0.9972672791262968,0.9919292813814615,0.005337997744835232
2021-04-09,0.9971669235104327,0.9912961725607414,0.00587075094969125
2021-04-12,0.9974982796290706,0.9908849589975128,0.006613320631557729
2021-04-13,0.9977189585297062,0.9912465586433497,0.006472399886356506
2021-04-14,0.9975666809654823,0.9908849589975128,0.006681721967969456
2021-04-15,0.9969002773955367,0.9906746817174215,0.006225595678115203
2021-04-16,0.9970105494903617,0.9915283367294011,0.005482212760960614
2021-04-19,0.9970105494903617,0.9915283367294011,0.005482212760960614
2021-04-20,0.9972704406878447,0.9923717228302125,0.004898717857632184
2021-04-21,0.9965869027564722,0.9919292813814615,0.00465762137501069
2021-04-22,0.9965869027564722,0.9915180678182329,0.005068834938239286
2021-04-23,0.996739180320696,0.9912023597429886,0.005536820577707324
2021-04-26,0.996739180320696,0.9920560147549682,0.004683165565727787
2021-04-27,0.9968950023837235,0.9928769880041078,0.004018014379615686
2021-04-28,0.9967873887504644,0.9939476616552588,0.0028397270952055242
2021-04-29,0.9967873887504644,0.9931964635936654,0.0035909251567989298
2021-04-30,0.9967873887504642,0.9928769880041078,0.003910400746356402
2021-05-03,0.9961365463047351,0.9925536454566402,0.003582900848094983
2021-05-04,0.9957248006862581,0.9933048327806996,0.00241996790555854
2021-05-05,0.9957248006862581,0.9932552188633078,0.0024695818229503175
2021-05-06,0.9957248006862583,0.9932552188633078,0.0024695818229505395
2021-05-07,0.9961030422829921,0.9939047166844978,0.0021983255984943106
2021-05-10,0.9963756431319875,0.9939047166844978,0.0024709264474896964
2021-05-11,0.9962729794851556,0.9939047166844979,0.0023682628006577167
2021-05-12,0.9964364099961761,0.9931964635936654,0.003239946402510685
2021-05-13,0.9958374894988067,0.992873121046198,0.0029643684526087233
2021-05-14,0.9948739661225887,0.9932552188633079,0.001618747259280795
2021-05-17,0.9947105356115682,0.9932552188633078,0.0014553167482603824
2021-05-18,0.9947612773100405,0.994006416924901,0.0007548603851394997
2021-05-19,0.9949534413545102,0.9935747051903991,0.0013787361641111051
2021-05-20,0.9957248006862581,0.9939476616552586,0.0017771390309995194
2021-05-21,0.9957248006862583,0.994006416924901,0.001718383761357356
2021-05-24,0.996572036291084,0.9935747051903991,0.002997331100684897
2021-05-25,0.9967873887504642,0.9935747051903991,0.0032126835600650994
2021-05-26,0.9967873887504642,0.9935747051903991,0.0032126835600650994
2021-05-27,0.9959401531456384,0.9935747051903991,0.002365447955239297
2021-05-28,0.9952195355123629,0.9941578875059076,0.0010616480064552514
2021-06-01,0.9943761494115515,0.9942837005275864,9.244888396509054e-05
2021-06-02,0.9943761494115515,0.9946605974997812,-0.00028444808822969403
2021-06-03,0.9943761494115515,0.9942837005275866,9.24488839648685e-05
2021-06-04,0.9945218008721759,0.9939523444089489,0.000569456463227036
2021-06-07,0.995365186972987,0.9937661877556291,0.0015989992173579548
2021-06-08,0.9960858046062628,0.9937661877556291,0.0023196168506337544
2021-06-09,0.9961934182395221,0.9937661877556291,0.002427230483893039
2021-06-10,0.996296081886354,0.9937661877556291,0.002529894130724908
2021-06-11,0.9963942309858701,0.9937661877556291,0.0026280432302410173
2021-06-14,0.9961934182395221,0.9942837005275866,0.001909717711935488
2021-06-15,0.9960858046062628,0.995114317519193,0.0009714870870698444
2021-06-16,0.9958374894988065,0.9956063728853357,0.00023111661347074985
2021-06-17,0.996033882657903,0.995939493669717,9.43889881860338e-05
2021-06-18,0.996033882657903,0.9956063728853355,0.00042750977256755807
2021-06-21,0.996132031757419,0.9952750167666978,0.0008570149907212166
2021-06-22,0.996033882657903,0.9952146731350571,0.0008192095228459761
2021-06-23,0.996033882657903,0.9956063728853357,0.000427509772567336
2021-06-24,0.996132031757419,0.9952750167666979,0.0008570149907211055
2021-06-25,0.9963423090375104,0.9956063728853357,0.0007359361521747099
2021-06-28,0.9963423090375103,0.9954840089845616,0.000858300052948735
2021-06-29,0.996494586601734,0.9960897306179385,0.0004048559837954713
2021-06-30,0.9970935070991035,0.995716774153079,0.0013767329460244726
2021-07-01,0.9970935070991035,0.996118572224131,0.0009749348749724662
2021-07-02,0.9970935070991035,0.9967987409316005,0.0002947661675030133
2021-07-06,0.9968880711186842,0.9966106275902737,0.00027744352841041486
2021-07-07,0.996677793838593,0.9961789158557718,0.000498877982821222
2021-07-08,0.9966281799212012,0.9957407147068351,0.0008874652143661121
2021-07-09,0.996677793838593,0.9961789158557718,0.000498877982821222
2021-07-12,0.99641790264111,0.9964051916098541,1.2711031255885352e-05
2021-07-13,0.9956181693973927,0.9963464363402119,-0.0007282669428192445
2021-07-14,0.9955623525196312,0.9959249446932285,-0.0003625921735972426
2021-07-15,0.9960536593837415,0.9964051916098543,-0.0003515322261128384
2021-07-16,0.9963693674589859,0.9962860927085709,8.327475041491894e-05
2021-07-19,0.9962237159983615,0.9967899141251422,-0.0005661981267807148
2021-07-20,0.9962237159983615,0.9969953501055615,-0.0007716341072000477
2021-07-21,0.995957621840509,0.9975108566974992,-0.0015532348569902155
2021-07-22,0.9954993636381864,0.9977211339775905,-0.0022217703394041832
2021-07-23,0.995765457796039,0.9973193359065384,-0.0015538781104994515
2021-07-26,0.9963993818100199,0.9977310815250153,-0.0013316997149954712
2021-07-27,0.9966147342694001,0.9977842399412109,-0.0011695056718108443
2021-07-28,0.9967742698510191,0.9975181457833584,-0.0007438759323392663
2021-07-29,0.9975346883659187,0.9980226075012422,-0.00048791913532342246
2021-07-30,0.9976423019991779,0.9975536134931502,8.868850602772316e-05
2021-08-02,0.9973474743078762,0.9973977914301227,-5.031712224656815e-05
2021-08-03,0.997347474307876,0.9978402328788737,-0.0004927585709977311
2021-08-04,0.997347474307876,0.9972659710172936,8.150329058231875e-05
2021-08-05,0.9972398606746168,0.9970556937372024,0.00018416693741440948
2021-08-06,0.9972398606746168,0.9974377915543122,-0.00019793087969544043
2021-08-09,0.9972398606746168,0.9978402328788737,-0.0006003722042569049
2021-08-10,0.9972398606746168,0.997684410815846,-0.0004445501412292385
2021-08-11,0.9971322470413577,0.997684410815846,-0.0005521637744883012
2021-08-12,0.9966284256247864,0.9980077533633136,-0.0013793277385272251
2021-08-13,0.9957777920684474,0.9980665086329562,-0.002288716564508797
2021-08-16,0.9955624396090672,0.997684410815846,-0.0021219712067788166
2021-08-17,0.9957777920684474,0.9972819694912848,-0.0015041774228373717
2021-08-18,0.9959412225794679,0.9972819694912851,-0.001340746911817181
2021-08-19,0.9957777920684474,0.9971101489542663,-0.0013323568858188972
2021-08-20,0.9951946097529389,0.997110148954266,-0.0019155392013270323
2021-08-23,0.9951946097529389,0.9970498053226253,-0.0018551955696863853
2021-08-24,0.9951946097529389,0.9966018007838154,-0.0014071910308764979
2021-08-25,0.9948177127807444,0.9967899141251424,-0.001972201344398017
2021-08-26,0.9937470391295936,0.9966018007838154,-0.002854761654221827
2021-08-27,0.9935316866702132,0.9970498053226253,-0.003518118652412139
2021-08-30,0.9935316866702131,0.9972819694912848,-0.0037502828210717043
2021-08-31,0.9930264214963177,0.9970556937372024,-0.004029272240884674
2021-09-01,0.9934744382805981,0.9971982438642807,-0.003723805583682571
2021-09-02,0.993909928266947,0.9976299555987824,-0.003720027331835407
2021-09-03,0.9941825291159423,0.9969953501055616,-0.0028128209896193246
2021-09-07,0.9936686519058818,0.9968319195945411,-0.003163267688659266
2021-09-08,0.9938320824169022,0.9962778439592653,-0.0024457615423630896
2021-09-09,0.9941999122730305,0.9960897306179385,-0.0018898183449079786
2021-09-10,0.9938320824169022,0.9957583744993007,-0.001926292082398473
2021-09-13,0.9937789240007067,0.9954562141867237,-0.001677290186017033
2021-09-14,0.9936658587333305,0.9959737269586811,-0.0023078682253506733
2021-09-15,0.9935063231517113,0.9960813405919403,-0.0025750174402290327
2021-09-16,0.993280047397629,0.9964299802467966,-0.003149932849167647
2021-09-17,0.9933960510568863,0.9964299802467966,-0.0030339291899103005
2021-09-20,0.9936114035162668,0.9963755250297328,-0.0027641215134660557
2021-09-21,0.9937789240007069,0.9968235295685427,-0.003044605567835812
2021-09-22,0.99408950546722,0.9972056273856527,-0.0031161219184326905
2021-09-23,0.99408950546722,0.9972056273856527,-0.0031161219184326905
2021-09-24,0.9936658587333305,0.9965858023098242,-0.002919943576493722
2021-09-27,0.9935063231517113,0.9969261932153749,-0.0034198700636636215
2021-09-28,0.9933345026146927,0.9969261932153748,-0.003591690600682096
2021-09-29,0.9930150162876011,0.9965775535605184,-0.003562537272917221
2021-09-30,0.9929605610705374,0.9970312735799302,-0.0040707125093927266
2021-10-01,0.9929605610705374,0.9970312735799302,-0.0040707125093927266
2021-10-04,0.9930150162876014,0.9970312735799302,-0.004016257292328795
2021-10-05,0.9930150162876014,0.9970312735799302,-0.004016257292328795
2021-10-06,0.9923994790188808,0.9970312735799302,-0.0046317945610493405
2021-10-07,0.9922436569558535,0.9970312735799302,-0.004787616624076674
2021-10-08,0.9920173812017707,0.9963511048724607,-0.0043337236706899596
2021-10-11,0.9913545464673211,0.9966395738296515,-0.005285027362330386
2021-10-12,0.9908624911011784,0.9966395738296515,-0.005777082728473104
2021-10-13,0.990121768647199,0.9969261932153749,-0.006804424568175871
2021-10-14,0.9897575253898304,0.9969261932153748,-0.0071686678255443725
2021-10-15,0.9904761770020417,0.9975607987085956,-0.007084621706553884
2021-10-18,0.9910167675503083,0.9974012631269766,-0.006384495576668314
2021-10-19,0.9910167675503083,0.9969588216782259,-0.005942054127917595
2021-10-20,0.9910167675503083,0.9971351689691241,-0.006118401418815811
2021-10-21,0.9910167675503085,0.9966927275203734,-0.00567595997006487
2021-10-22,0.9910167675503083,0.9966927275203734,-0.005675959970065092
2021-10-25,0.9904761770020415,0.9969588216782259,-0.006482644676184424
2021-10-26,0.9904761770020415,0.9975469145876009,-0.007070737585559428
2021-10-27,0.990121768647199,0.9972312065123566,-0.0071094378651576084
2021-10-28,0.989920955900851,0.9970548592214583,-0.00713390332060726
2021-10-29,0.990121768647199,0.9972312065123564,-0.007109437865157386
2021-11-01,0.9891058049100271,0.9966906159640898,-0.007584811054062723
2021-11-02,0.9891058049100271,0.9964522484040584,-0.007346443494031352
2021-11-03,0.989646395458294,0.9965142686731916,-0.0068678732148975685
2021-11-04,0.9896463954582939,0.9970548592214582,-0.007408463763164286
2021-11-05,0.989646395458294,0.99690596842347,-0.007259572965175987
2021-11-08,0.989646395458294,0.9968584660623616,-0.007212070604067589
2021-11-09,0.989646395458294,0.9965636383710599,-0.006917242912765853
2021-11-10,0.989646395458294,0.9963755250297329,-0.0067291295714388966
2021-11-11,0.989646395458294,0.9963755250297329,-0.0067291295714388966
2021-11-12,0.988702326479972,0.9963755250297329,-0.007673198549760896
2021-11-15,0.9888183301392293,0.9965636383710597,-0.0077453082318303945
2021-11-16,0.9902656982703822,0.9968584660623618,-0.006592767791979592
2021-11-17,0.9905814063456265,0.9964942228049932,-0.005912816459366699
2021-11-18,0.9908540071946221,0.9960405027855814,-0.005186495590959295
2021-11-19,0.9910642844747132,0.9962216219559978,-0.005157337481284663
2021-11-22,0.9900694737979188,0.9955870164627771,-0.005517542664858377
2021-11-23,0.9899099382162998,0.9960085081097606,-0.0060985698934608035
2021-11-24,0.9891340382144738,0.9964002078600392,-0.007266169645565479
2021-11-26,0.9883747945018614,0.9964002078600392,-0.008025413358177858
2021-11-29,0.9886981370493292,0.9964002078600392,-0.00770207081071006
2021-11-30,0.9886981370493291,0.9964002078600392,-0.007702070810710171
2021-12-01,0.9886981370493291,0.9966431136029814,-0.007944976553652339
2021-12-02,0.9886981370493291,0.9967018688726238,-0.008003731823294724
2021-12-03,0.9883747945018615,0.9971939242387665,-0.008819129736905018
2021-12-06,0.9883747945018615,0.9971939242387665,-0.008819129736905018
2021-12-07,0.9883747945018614,0.9975172667862341,-0.009142472284372705
2021-12-08,0.9875184352359321,0.9974665250877618,-0.009948089851829711
2021-12-09,0.9865641530329963,0.9969510184958243,-0.010386865462828077
2021-12-10,0.9865641530329963,0.9972743610432918,-0.010710208010295541
2021-12-13,0.9858716931257271,0.9969510184958241,-0.011079325370097037
2021-12-14,0.9858129378560848,0.9965593187455457,-0.010746380889460894
2021-12-15,0.9865641530329963,0.9968319195945411,-0.010267766561544822
2021-12-16,0.9865641530329963,0.9968319195945411,-0.010267766561544822
2021-12-17,0.9865641530329963,0.9968319195945411,-0.010267766561544822
2021-12-20,0.9854399813912252,0.9962120945187123,-0.010772113127487049
2021-12-21,0.9842827216973762,0.9962708497883547,-0.01198812809097849
2021-12-22,0.9837421311491096,0.9963311934199957,-0.012589062270886076
2021-12-23,0.9827493566509334,0.9956063728853355,-0.012857016234402052
2021-12-27,0.9821952810156578,0.9959297154328032,-0.013734434417145391
2021-12-28,0.9827493566509334,0.9958270517859713,-0.01307769513503787
2021-12-29,0.9832296035675593,0.9954252537149194,-0.012195650147360126
2021-12-30,0.9842827216973762,0.9954252537149194,-0.011142532017543227
2021-12-31,0.9846060642448439,0.9951526528659241,-0.010546588621080266
2022-01-03,0.9846060642448439,0.9952146731350571,-0.0106086088902132
2022-01-04,0.984065473696577,0.9952750167666979,-0.011209543070120898
2022-01-05,0.984065473696577,0.9949488614929756,-0.010883387796398525
2022-01-06,0.9837421311491096,0.9952750167666979,-0.011532885617588362
2022-01-07,0.9823533356393628,0.9956571145838078,-0.01330377894444501
2022-01-10,0.9821722164689464,0.9951526528659239,-0.012980436396977546
2022-01-11,0.9834153605180689,0.9956063728853355,-0.012191012367266607
2022-01-12,0.9834153605180688,0.9962120945187123,-0.012796734000643517
2022-01-13,0.9834153605180689,0.9954872739840525,-0.012071913465983575
2022-01-14,0.9847182716725423,0.9949331983487767,-0.01021492667623436
2022-01-18,0.9857949177762522,0.9949331983487767,-0.009138280572524526
2022-01-19,0.9860102702356326,0.99511742833517,-0.009107158099537438
2022-01-20,0.9860102702356326,0.9948790607751387,-0.008868790539506066
2022-01-21,0.9865940286525665,0.9943305875313769,-0.007736558878810418
2022-01-24,0.9881617359317052,0.99511742833517,-0.00695569240346483
2022-01-25,0.9884686419254395,0.9948790607751387,-0.006410418849699173
2022-01-26,0.9877499903132282,0.9944673151566616,-0.006717324843433459
2022-01-27,0.9861822830340896,0.9941651548440846,-0.007982871809995018
2022-01-28,0.9863279344947138,0.9944673151566616,-0.00813938066194786
2022-01-31,0.9870791496716252,0.9949711365732329,-0.00789198690160764
2022-02-01,0.9864470333959972,0.9948790607751384,-0.008432027379141283
2022-02-02,0.9860121657770514,0.9944673151566616,-0.008455149379610227
2022-02-03,0.9854399813912255,0.9946637083157582,-0.009223726924532771
2022-02-04,0.9849975399424746,0.9944673151566616,-0.009469775214187015
2022-02-07,0.9866442820526797,0.9948790607751384,-0.008234778722458702
2022-02-08,0.9872569949123641,0.9948152680225926,-0.007558273110228497
2022-02-09,0.9872569949123641,0.9948152680225926,-0.007558273110228497
2022-02-10,0.9872569949123641,0.9948152680225926,-0.007558273110228497
2022-02-11,0.9881721094479355,0.9946310380361993,-0.0064589285882638015
2022-02-14,0.9885671099031794,0.9949708158381182,-0.006403705934938775
2022-02-15,0.9885671099031794,0.9955886842259397,-0.007021574322760293
2022-02-16,0.9885671099031794,0.9956431394430034,-0.0070760295398240025
2022-02-17,0.9885671099031792,0.9948745427205303,-0.006307432817351133
2022-02-18,0.9888904524506469,0.9942566743327088,-0.005366221882061928
2022-02-22,0.9882403392721385,0.9942022191156451,-0.005961879843506601
2022-02-23,0.9874238471699114,0.9938827435260875,-0.006458896356176136
2022-02-24,0.9864290364931171,0.9936912609608576,-0.007262224467740497
2022-02-25,0.9868555926994818,0.9940590908169857,-0.007203498117503981
2022-02-28,0.9870417493528015,0.9946942744817876,-0.007652525128986065
2022-03-01,0.9859404781639101,0.9946942744817876,-0.008753796317877538
2022-03-02,0.9859404781639101,0.9946942744817878,-0.00875379631787776
2022-03-03,0.9859404781639101,0.9946942744817878,-0.00875379631787776
2022-03-04,0.9859404781639101,0.9943251849748383,-0.008384706810928289
2022-03-07,0.985368293778084,0.9937581493485821,-0.008389855570498095
2022-03-08,0.9855139452387083,0.99408950546722,-0.008575560228511692
2022-03-09,0.9870039442621902,0.994391665779797,-0.0073877215176068045
2022-03-10,0.9881052154510814,0.9944448241959927,-0.00633960874491124
2022-03-11,0.9881052154510817,0.9936689241941664,-0.005563708743084761
2022-03-14,0.98757219873262,0.9936689241941664,-0.006096725461546382
2022-03-15,0.9870039442621901,0.9937912880949403,-0.006787343832750259
2022-03-16,0.9874048889142506,0.9940779074806637,-0.006673018566413114
2022-03-17,0.9874048889142506,0.9940175638490228,-0.006612674934772245
2022-03-18,0.9874048889142506,0.9931423164771531,-0.0057374275629025195
2022-03-21,0.9863282428105408,0.9923990224786005,-0.006070779668059689
2022-03-22,0.9859893184276134,0.9921048380408077,-0.006115519613194342
2022-03-23,0.9866557219975591,0.991918681387488,-0.005262959389928823
2022-03-24,0.9871782924659933,0.9918599261178455,-0.004681633651852146
2022-03-25,0.9865756816485933,0.9924956064831392,-0.005919924834545842
2022-03-28,0.9861016463622833,0.9923280859986991,-0.0062264396364158925
2022-03-29,0.9861016463622833,0.9923280859986991,-0.0062264396364158925
2022-03-30,0.986655721997559,0.9920762598018285,-0.005420537804269432
2022-03-31,0.987732368101269,0.9911611452662568,-0.003428777164987795
2022-04-01,0.989108770920542,0.9913286657506968,-0.002219894830154834
2022-04-04,0.989108770920542,0.9913286657506968,-0.002219894830154834
2022-04-05,0.9886253681194721,0.9910091794236053,-0.002383811304133232
2022-04-06,0.9896008262866846,0.9907829036695229,-0.0011820773828383757
2022-04-07,0.9908653351731921,0.9913286657506968,-0.00046333057750469475
2022-04-08,0.9908157212558003,0.9909369660004181,-0.00012124474461783219
2022-04-11,0.9903721856184324,0.9900414390671244,0.00033074655130804764
2022-04-12,0.9908653351731921,0.9901465194316798,0.0007188157415123353
2022-04-13,0.9920194767717523,0.9913526278314866,0.0006668489402656963
2022-04-14,0.9928731317837316,0.9923280859986989,0.0005450457850326718
2022-04-18,0.9932552296008416,0.9920486518284208,0.001206577772420725
2022-04-19,0.9938891536148223,0.9921744648501001,0.0017146887647222497
2022-04-20,0.9935070557977125,0.9921744648501001,0.0013325909476123998
2022-04-21,0.9930958422344838,0.9915387844848064,0.001557057749677404
2022-04-22,0.9930958422344838,0.9915387844848064,0.001557057749677404
2022-04-25,0.9935070557977125,0.9925142426520189,0.0009928131456935496
2022-04-26,0.9942582431217718,0.992453899020378,0.001804344101393851
2022-04-27,0.994966496212604,0.9921225429017401,0.002843953310863956
2022-04-28,0.995534750683034,0.9925762629211519,0.0029584877618821226
2022-04-29,0.9958073515320292,0.9928025386752342,0.0030048128567949917
2022-05-02,0.9958073515320292,0.9928025386752342,0.0030048128567949917
2022-05-03,0.9958073515320292,0.992453899020378,0.0033534525116512004
2022-05-04,0.9958073515320293,0.9927405184061011,0.003066833125928148
2022-05-05,0.9958073515320293,0.9935570105083287,0.002250341023700586
2022-05-06,0.9958073515320293,0.9935570105083287,0.002250341023700586
2022-05-09,0.995534750683034,0.9933894900238884,0.0021452606591455536
2022-05-10,0.995534750683034,0.9933894900238884,0.0021452606591455536
2022-05-11,0.995534750683034,0.9929238992002908,0.002610851482743204
2022-05-12,0.9958171297689431,0.9925925430816529,0.0032245866872901985
2022-05-13,0.9965593187455458,0.9936133550064412,0.0029459637391046067
2022-05-16,0.9965005634759033,0.9939447111250791,0.002555852350824228
2022-05-17,0.9959464878406277,0.9934271983531214,0.0025192894875062377
2022-05-18,0.9956443275280504,0.993647877253757,0.0019964502742934043
2022-05-19,0.9953925013311796,0.993647877253757,0.0017446240774225963
2022-05-20,0.9957603311873077,0.9938927891767193,0.0018675420105883633
2022-05-23,0.9963781995751293,0.994346509196131,0.0020316903789983076
2022-05-24,0.9965935520345096,0.9945140296805709,0.002079522353938712
2022-05-25,0.9967361021615877,0.9949759849422718,0.0017601172193159043
2022-05-26,0.9972901777968636,0.9957875158979721,0.0015026618988914775
2022-05-27,0.9976299555987824,0.9957271722663313,0.0019027833324510857
2022-05-31,0.9979858843394979,0.9957271722663313,0.0022587120731665244
2022-06-01,0.9983092268869656,0.9948536210414979,0.0034556058454676686
2022-06-02,0.9983092268869656,0.9951478054792907,0.003161421407674836
2022-06-03,0.9980226075012422,0.9953631579386711,0.0026594495625710257
2022-06-06,0.9981328795960673,0.9951478054792907,0.0029850741167766204
2022-06-07,0.9986734701443342,0.9949666863088743,0.0037067838354598592
2022-06-08,0.9987785505088893,0.9949666863088745,0.0038118642000147807
2022-06-09,0.998524579346346,0.9949666863088745,0.003557893037471449
2022-06-10,0.998112833727869,0.9949666863088745,0.0031461474189944383
2022-06-13,0.9977103924033078,0.9949666863088745,0.002743706094433307
2022-06-14,0.9979532981462501,0.9949666863088745,0.0029866118373755857
2022-06-15,0.9984810474239844,0.9949666863088743,0.003514361115110054
2022-06-16,0.9985329693723439,0.9946645259962971,0.0038684433760468595
2022-06-17,0.9985329693723439,0.9943411834488294,0.004191785923514546
2022-06-21,0.9989544610193275,0.99492055023587,0.004033910783457495
2022-06-22,0.9989025390709679,0.9944969035019806,0.0044056355689873206
2022-06-23,0.9990620746525867,0.9940651917674789,0.004996882885107801
2022-06-24,0.9993777827278311,0.9945471691042288,0.0048306136236022645
2022-06-27,0.9992182471462122,0.9949853702531655,0.004232876893046744
2022-06-28,0.9989025390709677,0.9947526050846481,0.004149933986319576
2022-06-29,0.9987894738035913,0.9952307070356013,0.0035587667679899404
2022-06-30,0.9990620746525868,0.9954025275726199,0.0036595470799668517
2022-07-01,0.9993777827278313,0.9958149599800222,0.003562822747809058
2022-07-05,0.9994880548226562,0.9961383025274899,0.0033497522951663194
2022-07-06,0.9991723467474118,0.9959280252473987,0.003244321500013192
2022-07-07,0.9991723467474116,0.9955700480570601,0.0036022986903515575
2022-07-08,0.9991723467474118,0.9954569827896836,0.0037153639577282016
2022-07-11,0.9991723467474118,0.9954569827896836,0.0037153639577282016
2022-07-12,0.9991178915303481,0.9954569827896836,0.0036609087406644925
2022-07-13,0.9991178915303481,0.9952307070356013,0.003887184494746787
2022-07-14,0.9989170787840002,0.9956157497683424,0.003301329015657717
2022-07-15,0.9991178915303481,0.9959042187255333,0.003213672804814882
2022-07-18,0.9992255051636074,0.9954261167745801,0.0037993883890272695
2022-07-19,0.9991178915303481,0.9956175993398101,0.0035002921905380457
2022-07-20,0.9993777827278311,0.9962522048330309,0.003125577894800169
2022-07-21,0.9990620746525867,0.9955686669016582,0.0034934077509284345
2022-07-22,0.9986405830056031,0.9952288890997394,0.003411693905863711
2022-07-25,0.998535502641048,0.9952763914608478,0.0032591111802001693
2022-07-26,0.9983679821566077,0.995425282258836,0.002942699897771739
2022-07-27,0.9979858843394979,0.9960084645743446,0.00197741976515331
2022-07-28,0.9978782707062386,0.996400164324623,0.001478106381615607
2022-07-29,0.9978782707062388,0.996400164324623,0.001478106381615829
2022-08-01,0.9977326192456144,0.9963482423762632,0.0013843768693512226
2022-08-02,0.997274361043292,0.9961518492171667,0.0011225118261253275
2022-08-03,0.9972743610432918,0.9967697176049883,0.0005046434383034759
2022-08-04,0.9972743610432918,0.9967697176049883,0.0005046434383034759
2022-08-05,0.9977898676352295,0.9967697176049883,0.0010201500302411404
2022-08-08,0.9978486229048719,0.9967697176049883,0.0010789052998835258
2022-08-09,0.9980120534158925,0.996664637240433,0.001347416175459526
2022-08-10,0.9981577048765167,0.9969588216782257,0.0011988831982909787
2022-08-11,0.9983585176228644,0.9969588216782259,0.0013996959446385127
2022-08-12,0.9986818601703321,0.9969588216782259,0.0017230384921061992
2022-08-15,0.9986818601703321,0.9972901777968636,0.001391682373468539
2022-08-16,0.9986818601703321,0.9972901777968636,0.001391682373468539
2022-08-17,0.9987894738035913,0.9965935520345096,0.002195921769081677
2022-08-18,0.9987894738035913,0.9968319195945411,0.001957554209050194
2022-08-19,0.9987894738035914,0.9965593187455457,0.002230155058045691
2022-08-22,0.9987894738035914,0.9962708497883547,0.0025186240152367256
2022-08-23,0.9988390877209832,0.9967132912371056,0.0021257964838775623
2022-08-24,0.9991624302684509,0.9969339701377412,0.002228460130709653
2022-08-25,0.9994285244263034,0.996757622846843,0.002670901579460372
2022-08-26,0.9993209107930441,0.996478188676565,0.0028427221164790684
2022-08-29,0.9993209107930441,0.9967159159352837,0.0026049948577603343
2022-08-30,0.9992650939152828,0.9970980137523936,0.0021670801628892455
2022-08-31,0.9992078455256677,0.9968319195945411,0.0023759259311265657
2022-09-01,0.9992610039418635,0.9969953501055615,0.0022656538363019507
2022-09-02,0.9992102622433912,0.9972901777968635,0.0019200844465276923
2022-09-06,0.9990468317323705,0.9972901777968635,0.0017566539355070576
2022-09-07,0.9986151199978687,0.9973977914301229,0.0012173285677458123
2022-09-08,0.9986151199978687,0.9978667854382148,0.0007483345596538404
2022-09-09,0.9986151199978687,0.9973127098029387,0.0013024101949299371
2022-09-12,0.9985100396333133,0.9973127098029387,0.0011973298303745716
2022-09-13,0.9986103952491774,0.9965988038718849,0.0020115913772924543
2022-09-14,0.9988257477085578,0.9961773122249014,0.0026484354836564528
2022-09-15,0.9986103952491776,0.9966463062329933,0.0019640890161842783
2022-09-16,0.9986662121269388,0.9965988038718849,0.0020674082550539152
2022-09-19,0.9987822157861964,0.9961207019209317,0.0026615138652646975
2022-09-20,0.9986103952491776,0.9960675435047361,0.0025428517444414656
2022-09-21,0.9984340479582792,0.995759117125129,0.0026749308331501798
2022-09-22,0.9984340479582792,0.9962903774922777,0.0021436704660015016
2022-09-23,0.9984340479582792,0.9964911902386254,0.0019428577196537455
2022-09-26,0.9982237706781879,0.9963486401115473,0.0018751305666405704
2022-09-27,0.9984001179690863,0.995924993377658,0.0024751245914282904
2022-09-28,0.9985161216283437,0.9957574728932178,0.0027586487351258793
2022-09-29,0.9987822157861962,0.9951066304474887,0.0036755853387074877
2022-09-30,0.9989975682455766,0.9948181614902979,0.004179406755278725
2022-10-03,0.9990548166351916,0.9951585523958485,0.0038962642393430835
2022-10-04,0.9990548166351916,0.9948271962772106,0.004227620357980966
2022-10-05,0.9992701690945718,0.995070102020153,0.0042000670744187785
2022-10-06,0.9994335996055924,0.9949697464042889,0.0044638532013034915
2022-10-07,0.9996438768856836,0.9949697464042889,0.004674130481394645
2022-10-10,0.9996438768856836,0.9958169820091146,0.0038268948765689537
2022-10-11,0.9996983321027473,0.9958169820091146,0.003881350093632663
2022-10-12,0.9997514905189431,0.9958169820091146,0.0039345085098284605
2022-10-13,0.9996983321027473,0.9953745405603638,0.004323791542383493
2022-10-14,0.9995880600079223,0.9954748961762279,0.004113163831694466
2022-10-17,0.9994285244263033,0.9962069692897245,0.0032215551365787354
2022-10-18,0.9995880600079223,0.9962069692897245,0.00338109071819781
2022-10-19,0.9993777827278311,0.9962069692897245,0.0031708134381065456
2022-10-20,0.9996438768856838,0.9962069692897245,0.003436907595959271
2022-10-21,0.9996970353018793,0.9962069692897245,0.0034900660121547356
2022-10-24,0.999751490518943,0.9962069692897245,0.0035445212292184447
2022-10-25,0.9999110261005618,0.9961088201902086,0.0038022059103531847
2022-10-26,0.9999110261005618,0.9954748961762279,0.004436129924333954
2022-10-27,0.999751490518943,0.9948247829977197,0.004926707521223261
2022-10-28,0.999751490518943,0.9947244273818555,0.005027063137087451
2022-10-31,0.999751490518943,0.9939732293202623,0.005778261198680634
2022-11-01,0.999751490518943,0.9938306791931842,0.005920811325758724
2022-11-02,0.999751490518943,0.9931642756232386,0.006587214895704352
2022-11-03,0.9996970353018793,0.992823884717688,0.0068731505841912455
2022-11-04,0.9995336047908587,0.9926184487372685,0.006915156053590277
2022-11-07,0.999748957250239,0.992976425927607,0.006772531322632003
2022-11-08,0.999748957250239,0.9929764259276069,0.006772531322632114
2022-11-09,0.9995336047908587,0.9924153438759502,0.007118260914908525
2022-11-10,0.9995336047908587,0.9932363171250901,0.006297287665768647
2022-11-11,0.9996438768856838,0.9938389279424898,0.005804948943193944
2022-11-14,0.9995412132388519,0.994232477264236,0.005308735974615897
2022-11-15,0.9995956684559154,0.9940443639229093,0.005551304533006118
2022-11-16,0.9995412132388517,0.9947245326303787,0.004816680608472956
2022-11-17,0.9995956684559154,0.9940443639229093,0.005551304533006118
2022-11-18,0.9994880548226561,0.9938389279424898,0.0056491268801662775
2022-11-21,0.9994880548226561,0.9930179546933502,0.0064701001293059335
2022-11-22,0.9996983321027473,0.9938389279424898,0.005859404160257431
2022-11-23,0.9998578676843664,0.9943309833086326,0.005526884375733787
2022-11-25,0.9998578676843664,0.9937154460399121,0.006142421644454221
2022-11-28,0.9998034124673025,0.9933756682379933,0.006427744229309251
2022-11-29,0.999748957250239,0.9933756682379933,0.006373289012245764
2022-11-30,0.999748957250239,0.9933756682379933,0.006373289012245764
2022-12-01,0.9995855267392184,0.9933756682379933,0.0062098585012251295
2022-12-02,0.9995855267392184,0.9936641371951843,0.005921389544034095
2022-12-05,0.999312925890223,0.9936641371951841,0.005648788695038931
2022-12-06,0.9994205395234822,0.9934264099364656,0.005994129587016617
2022-12-07,0.9993154591589269,0.9934264099364656,0.005889049222461362
2022-12-08,0.9991051818788358,0.9925334099182623,0.006571771960573458
2022-12-09,0.9991051818788358,0.9925334099182623,0.006571771960573458
2022-12-12,0.9989417513678153,0.9936145232777923,0.005327228090022951
2022-12-13,0.9992650939152828,0.994106578643935,0.005158515271347808
2022-12-14,0.9993701742798382,0.9940558369454627,0.005314337334375474
2022-12-15,0.9991494953792024,0.9940558369454627,0.005093658433739656
2022-12-16,0.9991494953792024,0.9938181096867441,0.005331385692458279
2022-12-19,0.9990468317323705,0.992925109668541,0.006121722063829549
2022-12-20,0.9986151199978687,0.9923845191202741,0.006230600877594528
2022-12-21,0.9984143072515208,0.9921881259611778,0.006226181290343025
2022-12-22,0.9983092268869656,0.991321053021994,0.006988173864971525
2022-12-23,0.9985245793463458,0.9909879322376127,0.00753664710873303
2022-12-27,0.9986405830056031,0.9917127527722727,0.006927830233330434
2022-12-28,0.9986405830056031,0.9916608308239129,0.006979752181690224
2022-12-29,0.9984730625211631,0.9928163727202874,0.005656689800875636
2022-12-30,0.9988945541681467,0.9933441219980217,0.005550432170124964
2023-01-03,0.9988945541681467,0.9929620241809117,0.005932529987234925
2023-01-04,0.9986937414217987,0.9938054102817231,0.004888331140075586
2023-01-05,0.9986405830056031,0.9941002379730248,0.004540345032578275
2023-01-06,0.9984143072515208,0.9944291558560221,0.0039851513954987094
2023-01-09,0.9984730625211631,0.9950172487653973,0.0034558137557657576
2023-01-10,0.9988945541681467,0.9949697464042887,0.0039248077638579515
2023-01-11,0.9991152330687824,0.9944291558560221,0.0046860772127602646
2023-01-12,0.9988945541681469,0.9944291558560221,0.00446539831212478
2023-01-13,0.9990468317323705,0.9944291558560221,0.004617675876348426
2023-01-17,0.9990468317323705,0.9944291558560221,0.004617675876348426
2023-01-18,0.9987154756137328,0.9946255490151187,0.004089926598614069
2023-01-19,0.9987742308833751,0.9939754358366105,0.0047987950467646145
2023-01-20,0.9986219533191515,0.9937790426775139,0.0048429106416375545
2023-01-23,0.9989949097840107,0.9935121450636498,0.005482764720360911
2023-01-24,0.9986715672365433,0.9930584250442381,0.005613142192305132
2023-01-25,0.9989949097840107,0.9930584250442381,0.005936484739772596
2023-01-26,0.9988945541681467,0.9922980065293385,0.006596547638808126
2023-01-27,0.9990620746525868,0.9920228748989568,0.007039199753629988
2023-01-30,0.9991624302684509,0.9914546204285272,0.007707809839923696
2023-01-31,0.9991624302684509,0.9922980065293385,0.006864423739112335
2023-02-01,0.9993777827278311,0.9930119124603926,0.0063658702674385115
2023-02-02,0.9995412132388519,0.9937325300936681,0.005808683145183791
2023-02-03,0.9995412132388519,0.9938814208916563,0.005659792347195602
2023-02-06,0.9996438768856838,0.9932150173217107,0.006428859563973099
2023-02-07,0.999748957250239,0.9922059307312441,0.007543026518994966
2023-02-08,0.999748957250239,0.9924436579899628,0.007305299260276232
2023-02-09,0.9998565708834983,0.9922980065293385,0.0075585643541598024
2023-02-10,0.9996970353018794,0.9920095375721476,0.007687497729731763
2023-02-13,0.9994309411440269,0.990883772385427,0.008547168758599843
2023-02-14,0.9993777827278311,0.9911661514713362,0.008211631256494822
2023-02-15,0.9992647174604549,0.9903400634128855,0.00892465404756937
2023-02-16,0.9991596370958996,0.9901877858486617,0.008971851247237872
2023-02-17,0.9991596370958996,0.9901877858486617,0.008971851247237872
2023-02-21,0.9987775392787897,0.9893880526049446,0.009389486673845093
2023-02-22,0.9987230840617257,0.9900756166427281,0.008647467418997579
2023-02-23,0.9985176480813066,0.9889498514560077,0.009567796625298941
2023-02-24,0.9985176480813066,0.9890865790812926,0.009431069000014003
2023-02-27,0.9987230840617257,0.9889945032831982,0.009728580778527562
2023-02-28,0.9988390877209832,0.9894858101473085,0.009353277573674657
2023-03-01,0.9988390877209832,0.9887782727897438,0.010060814931239337
2023-03-02,0.9984073759864814,0.9889945032831982,0.009412872703283282
2023-03-03,0.9979858843394979,0.9885018469171978,0.009484037422300085
2023-03-06,0.9975541726049959,0.988090101298721,0.009464071306274913
2023-03-07,0.997446558971737,0.9874383808189177,0.010008178152819291
2023-03-08,0.997446558971737,0.9886385745424827,0.008807984429254234
2023-03-09,0.9974465589717368,0.9876750511662648,0.00977150780547209
2023-03-10,0.9974465589717368,0.9871265779225031,0.010319981049233706
2023-03-13,0.9970548592214582,0.9871265779225031,0.009928281298955066
2023-03-14,0.9966431136029814,0.9871265779225031,0.009516535680478277
2023-03-15,0.9971708628807157,0.9871712297496935,0.009999633131022145
2023-03-16,0.9967887650636058,0.9882523431092236,0.0085364219543822
2023-03-17,0.9961861542462059,0.9876912733030372,0.008494880943168748
2023-03-20,0.9955682858583842,0.9870267964000182,0.00854148945836597
2023-03-21,0.9954722483151519,0.9870267964000182,0.008445451915133684
2023-03-22,0.9954722483151519,0.9870267964000182,0.008445451915133684
2023-03-23,0.9950992918502924,0.9859010312132978,0.009198260636994693
2023-03-24,0.9944646863570716,0.9847314898387638,0.00973319651830784
2023-03-27,0.9942732037918417,0.9847314898387639,0.00954171395307779
2023-03-28,0.9945250299887124,0.9854397429295962,0.009085287059116154
2023-03-29,0.9945250299887124,0.9865655081163169,0.007959521872395459
2023-03-30,0.9945250299887126,0.9870267964000182,0.007498233588694392
2023-03-31,0.9950992918502924,0.9870267964000182,0.00807249545027422
2023-04-03,0.9950992918502924,0.9870267964000182,0.00807249545027422
2023-04-04,0.9950992918502924,0.9876912733030372,0.007408018547255257
2023-04-05,0.9950992918502924,0.9876912733030372,0.007408018547255257
2023-04-06,0.9950992918502924,0.9876912733030372,0.007408018547255257
2023-04-10,0.9944646863570716,0.9876912733030372,0.0067734130540344495
2023-04-11,0.9942732037918417,0.9876912733030372,0.0065819304888045105
2023-04-12,0.9945250299887124,0.9882523431092234,0.006272686879489009
2023-04-13,0.9950992918502922,0.9892614296996901,0.005837862150602113
2023-04-14,0.9950992918502924,0.9902705162901569,0.004828775560135501
2023-04-17,0.9950992918502924,0.9902705162901569,0.004828775560135501
2023-04-18,0.9956270411280267,0.991164264478828,0.004462776649198696
2023-04-19,0.9951467942114008,0.9916225226811505,0.003524271530250367
2023-04-20,0.99489496801453,0.9916225226811505,0.003272445333379559
2023-04-21,0.9940477324097042,0.9920580126674996,0.001989719742204632
2023-04-24,0.99351998313197,0.991990352537279,0.0015296305946910227
2023-04-25,0.99351998313197,0.9924020981557555,0.001117884976214456
2023-04-26,0.99351998313197,0.9924020981557555,0.001117884976214456
2023-04-27,0.99351998313197,0.9924020981557556,0.001117884976214345
2023-04-28,0.9939414747789537,0.9930685017257014,0.0008729730532522906
2023-05-01,0.9947887103837794,0.9934709430502626,0.0013177673335167395
2023-05-02,0.9955682858583842,0.9930585106428603,0.0025097752155238684
2023-05-03,0.9960485327750102,0.9920949872666424,0.003953545508367795
2023-05-04,0.9963642408502547,0.9927128556544641,0.0036513851957905574
2023-05-05,0.9967857324972382,0.9936763790306821,0.003109353466556164
2023-05-08,0.9967857324972382,0.9936763790306821,0.003109353466556164
2023-05-09,0.9970306444202003,0.9930076833457658,0.00402296107443445
2023-05-10,0.9970878928098155,0.9932107882070842,0.003877104602731274
2023-05-11,0.996714936344956,0.9939246941381382,0.0027902422068177835
2023-05-12,0.9966664011628318,0.9939246941381382,0.0027417070246935626
2023-05-15,0.9966664011628318,0.9937790426775139,0.002887358485317848
2023-05-16,0.9962346894283299,0.9939246941381382,0.002309995290191713
2023-05-17,0.9966664011628319,0.9946262782823396,0.0020401228804922678
2023-05-18,0.9970306444202003,0.9952288890997394,0.001801755320460896
2023-05-19,0.997584720055476,0.995425282258836,0.0021594377966400735
2023-05-22,0.9974865709559599,0.995425282258836,0.002061288697123964
2023-05-23,0.9976968482360512,0.995425282258836,0.0022715659772152286
2023-05-24,0.9977571918676921,0.995425282258836,0.0023319096088560975
2023-05-25,0.9975607987085956,0.995425282258836,0.0021355164497596224
2023-05-26,0.9975607987085956,0.995425282258836,0.0021355164497596224
2023-05-30,0.9975607987085956,0.995425282258836,0.0021355164497596224
2023-05-31,0.99808854798633,0.9954252822588361,0.0026632657274938687
2023-06-01,0.9983679821566077,0.995425282258836,0.002942699897771739
2023-06-02,0.9984199041049675,0.9952763914608478,0.003143512644119717
2023-06-05,0.9985687949029557,0.995425282258836,0.003143512644119717
2023-06-06,0.9983679821566077,0.995425282258836,0.002942699897771739
2023-06-07,0.9984730625211631,0.995425282258836,0.0030477802623271044
2023-06-08,0.9984730625211631,0.9960084645743443,0.0024645979468187473
2023-06-09,0.9984730625211631,0.9963482423762634,0.002124820144899675
2023-06-12,0.9984143072515208,0.9967606747836655,0.001653632467855326
2023-06-13,0.9981936283508852,0.9965745181303457,0.0016191102205395103
2023-06-14,0.9981417064025254,0.9967799541107651,0.0013617522917602765
2023-06-15,0.9979453132434288,0.9972974668827227,0.0006478463607061391
2023-06-16,0.998193628350885,0.9974463576807108,0.000747270670174216
2023-06-20,0.9984199041049677,0.9975490213275428,0.000870882777424975
2023-06-21,0.9986405830056033,0.9975490213275428,0.0010915616780605708
2023-06-22,0.9988413957519512,0.9981030969628186,0.0007382987891325632
2023-06-23,0.9989544610193277,0.9981030969628186,0.0008513640565090963
2023-06-26,0.9991178915303481,0.9980027413469545,0.0011151501833935873
2023-06-27,0.9990048262629717,0.9980027413469545,0.0010020849160171652
2023-06-28,0.9991571038271955,0.9978216221765382,0.001335481650657222
2023-06-29,0.9988972126297125,0.9974001305295546,0.001497082100157976
2023-06-30,0.9986818601703323,0.9968318760591248,0.0018499841112075144
2023-07-03,0.9985329693723439,0.996500519940487,0.0020324494318568753
2023-07-05,0.9982016132537063,0.9966494107384752,0.001552202515231027
2023-07-06,0.9977898676352295,0.9966494107384752,0.0011404568967542383
2023-07-07,0.9979532981462501,0.996500519940487,0.0014527782057630612
2023-07-10,0.9977211339775905,0.9965005199404873,0.0012206140371032737
2023-07-11,0.9973977914301229,0.9965490551226112,0.0008487363075116994
2023-07-12,0.9970498053226252,0.9965490551226112,0.0005007502000140551
2023-07-13,0.9964957296873495,0.9965490551226112,-5.332543526170852e-05
2023-07-14,0.9966180935881234,0.9966494107384752,-3.131715035187277e-05
2023-07-17,0.9967899141251422,0.996500519940487,0.0002893941846551229
2023-07-18,0.9965636383710597,0.9958169820091146,0.0007466563619450417
2023-07-19,0.9961993951136913,0.9954252822588361,0.0007741128548551801
2023-07-20,0.9961993951136913,0.995523431358352,0.0006759637553392928
2023-07-21,0.9954572061370888,0.9953745405603638,8.266557672498287e-05
2023-07-24,0.9951174283351698,0.9953745405603638,-0.00025711222519397836
2023-07-25,0.9951174283351698,0.9957143183622826,-0.0005968900271128286
2023-07-26,0.9951174283351698,0.9949631203006893,0.00015430803448046593
2023-07-27,0.994648434327078,0.9944225297524226,0.00022590457465532232
2023-07-28,0.9945226213053991,0.9951737278140158,-0.0006511065086166612
2023-07-31,0.9942120398388861,0.9954603471997391,-0.0012483073608530182
2023-08-01,0.9942120398388858,0.9954603471997393,-0.0012483073608534623
2023-08-02,0.994403522404116,0.9946131115949135,-0.00020958919079749894
2023-08-03,0.9945226213053991,0.9948722542903641,-0.00034963298496493156
2023-08-04,0.99481109026259,0.9954603471997391,-0.000649256937149123
2023-08-07,0.99481109026259,0.9960942712137199,-0.001283180951129892
2023-08-08,0.99481109026259,0.9962660917507387,-0.0014550014881486995
2023-08-09,0.994936903284269,0.9954865162761336,-0.0005496129918646231
2023-08-10,0.9949972469159097,0.9957383424730044,-0.0007410955570946731
2023-08-11,0.9951894109603797,0.9960696985916421,-0.0008802876312623553
2023-08-14,0.9951894109603797,0.9962558552449621,-0.0010664442845823574
2023-08-15,0.9958395241388879,0.9966117839856775,-0.0007722598467896358
2023-08-16,0.9964276170482631,0.9967606747836657,-0.00033305773540259764
2023-08-17,0.9964276170482631,0.9965745181303459,-0.0001469010820828176
2023-08-18,0.9964761522303872,0.9969324953206843,-0.0004563430902970733
2023-08-21,0.9964158085987462,0.9968364577774518,-0.0004206491787055455
2023-08-22,0.9958277156893712,0.9964784805871132,-0.0006507648977419622
2023-08-23,0.9958277156893712,0.9971923865181674,-0.0013646708287962106
2023-08-24,0.9957791805072469,0.9974463576807108,-0.001667177173463874
2023-08-25,0.9956851655622931,0.9972905356176834,-0.0016053700553902983
2023-08-28,0.9958277156893712,0.997613878165151,-0.0017861624757797845
2023-08-29,0.9953474687727454,0.9977949973355672,-0.0024475285628218213
2023-08-30,0.9953949711338536,0.9979000777001225,-0.0025051065662689
2023-08-31,0.9953949711338536,0.9979000777001225,-0.0025051065662689
2023-09-01,0.9953949711338536,0.9977949973355672,-0.0024000262017136453
2023-09-05,0.9953949711338537,0.9979000777001225,-0.002505106566268789
2023-09-06,0.9947448579553454,0.9978019286006063,-0.003057070645260951
2023-09-07,0.9947448579553454,0.9978622722322475,-0.003117414276902153
2023-09-08,0.9939844394404456,0.9977596085854156,-0.003775169144970003
2023-09-11,0.9933343262619374,0.9972675532192729,-0.003933226957335445
2023-09-12,0.9933963465310706,0.9974683659656208,-0.004072019434550267
2023-09-13,0.9940309520242915,0.9974683659656208,-0.003437413941329348
2023-09-14,0.9940947447768372,0.9968657551482208,-0.0027710103713836087
2023-09-15,0.9940947447768372,0.9967606747836657,-0.0026659300068284653
2023-09-18,0.9940947447768372,0.997014645946209,-0.002919901169371797
2023-09-19,0.994094744776837,0.9974683659656206,-0.003373621188783593
2023-09-20,0.9940947447768372,0.9974683659656206,-0.003373621188783371
2023-09-21,0.9946224940545715,0.9969277754173538,-0.0023052813627822966
2023-09-22,0.9947448579553455,0.9972675532192729,-0.0025226952639273437
2023-09-25,0.9940482321929914,0.9970135820567293,-0.002965349863737865
2023-09-26,0.9940947447768372,0.9972143948030773,-0.0031196500262400395
2023-09-27,0.9947448579553454,0.9974198307834965,-0.002674972828151101
2023-09-28,0.9947448579553454,0.9972675532192729,-0.0025226952639274547
2023-09-29,0.9946973555942372,0.9972143948030773,-0.002517039208840055
2023-10-02,0.9952251048719712,0.9974198307834965,-0.0021947259115252526
2023-10-03,0.9956465965189549,0.9974705724819688,-0.0018239759630138686
2023-10-04,0.9962346894283299,0.9978019286006066,-0.0015672391722766355
2023-10-05,0.9967887650636057,0.9983425191488734,-0.0015537540852677
2023-10-06,0.9972690119802317,0.9987154756137326,-0.0014464636335009828
2023-10-09,0.9967887650636057,0.9987742308833751,-0.0019854658197694386
2023-10-10,0.9967887650636057,0.9986738752675111,-0.0018851102039053602
2023-10-11,0.9967887650636057,0.9984730625211631,-0.0016842974575573821
2023-10-12,0.9966124177727076,0.9981715889975112,-0.001559171224803646
2023-10-13,0.9966124177727074,0.9981715889975112,-0.001559171224803868
2023-10-16,0.9959623045941994,0.9979453132434288,-0.001983008649229401
2023-10-17,0.9959623045941994,0.9979453132434288,-0.001983008649229401
2023-10-18,0.9959623045941992,0.9979453132434288,-0.001983008649229623
2023-10-19,0.9959623045941992,0.9981417064025254,-0.002179401808326209
2023-10-20,0.9959623045941992,0.9980226075012422,-0.0020603029070429546
2023-10-23,0.9952656788318455,0.9981417064025254,-0.002876027570679951
2023-10-24,0.9950775654905186,0.9981936283508852,-0.0031160628603665863
2023-10-25,0.9950775654905186,0.9981936283508852,-0.0031160628603665863
2023-10-26,0.9947618574152741,0.9981936283508852,-0.0034317709356110893
2023-10-27,0.9946980646627283,0.9981936283508852,-0.003495563688156955
2023-10-30,0.995266319133158,0.9980885479863298,-0.0028222288531718487
2023-10-31,0.9950335539646408,0.9983092268869656,-0.0032756729223247794
2023-11-01,0.9950335539646408,0.9982016132537063,-0.0031680592890654946
2023-11-02,0.9955380156825248,0.9980989496068742,-0.002560933924349418
2023-11-03,0.9955380156825245,0.9983092268869656,-0.0027712112044410153
2023-11-06,0.9950335539646407,0.9978402328788737,-0.0028066789142330295
2023-11-07,0.9947102114171732,0.9980885479863296,-0.003378336569156426
2023-11-08,0.994832575317947,0.9983425191488734,-0.0035099438309263986
2023-11-09,0.9947102114171732,0.9978019286006063,-0.0030917171834331514
2023-11-10,0.9947102114171732,0.9978622722322475,-0.0031520608150743534
2023-11-13,0.9948325753179472,0.9983425191488734,-0.0035099438309261766
2023-11-14,0.9948325753179472,0.9986219533191513,-0.0037893780012040468
2023-11-15,0.9952750167666979,0.9986219533191513,-0.003346936552453328
2023-11-16,0.9956571145838078,0.9983679821566077,-0.0027108675727999243
2023-11-17,0.996381935118468,0.9984730625211631,-0.0020911274026951254
2023-11-20,0.996381935118468,0.9983679821566077,-0.00198604703813976
2023-11-21,0.9962628362171847,0.9981417064025254,-0.0018788701853407197
2023-11-22,0.9962628362171847,0.9978622722322475,-0.0015994360150628495
2023-11-24,0.9966545359674631,0.9983425191488734,-0.0016879831814102797
2023-11-27,0.9968698884268433,0.9983425191488734,-0.0014726307220300772
2023-11-28,0.9966377242581838,0.9986219533191515,-0.001984229060967735
2023-11-29,0.9973178929656534,0.9988945541681469,-0.0015766612024934457
2023-11-30,0.9975973271359312,0.9988945541681467,-0.0012972270322154644
2023-12-01,0.9978767613062093,0.9989949097840107,-0.0011181484778014505
2023-12-04,0.9980442817906494,0.9990975734308428,-0.00105329164019341
2023-12-05,0.9980442817906494,0.9990975734308428,-0.00105329164019341
2023-12-06,0.998392267898147,0.9993701742798382,-0.0009779063816912625
2023-12-07,0.998392267898147,0.9995336047908587,-0.0011413368927117862
2023-12-08,0.9984480847759083,0.9996970353018793,-0.00124895052597096
2023-12-11,0.9981686506056303,0.9994309411440269,-0.0012622905383965488
2023-12-12,0.9979532981462501,0.9994309411440268,-0.0014776429977766403
2023-12-13,0.9982846542648878,0.9995336047908586,-0.0012489505259708489
2023-12-14,0.9984480847759084,0.9995855267392184,-0.0011374419633100041
2023-12-15,0.9983949263597128,0.9994804463746632,-0.0010855200149503252
2023-12-18,0.9986963998833646,0.9995880600079223,-0.0008916601245577693
2023-12-19,0.9986963998833646,0.9995880600079223,-0.0008916601245577693
2023-12-20,0.9990048262629717,0.9994829796433671,-0.00047815338039536304
2023-12-21,0.9988972126297123,0.9995880600079223,-0.0006908473782100133
2023-12-22,0.9990048262629717,0.9996438768856838,-0.0006390506227120785
2023-12-26,0.9988972126297125,0.9995880600079223,-0.0006908473782097913
2023-12-27,0.9990048262629717,0.9995880600079223,-0.0005832337449506175
2023-12-28,0.9987253920926937,0.9994829796433671,-0.0007575875506733443
2023-12-29,0.9985100396333133,0.9991596370958996,-0.0006495974625863044
2024-01-02,0.9985100396333135,0.9991596370958995,-0.0006495974625859713
2024-01-03,0.9987154756137326,0.9988997458984165,-0.00018427028468381845
2024-01-04,0.9989417513678152,0.9990592814800354,-0.00011753011222026544
2024-01-05,0.9988257477085578,0.9990048262629715,-0.0001790785544136808
2024-01-08,0.9989417513678152,0.9987253920926935,0.000216359275121647
2024-01-09,0.9989949097840107,0.9985658565110747,0.0004290532729360752
2024-01-10,0.9987742308833751,0.9986734701443339,0.00010076073904119465
2024-01-11,0.9987154756137328,0.9990048262629717,-0.0002893506492389619
2024-01-12,0.9986103952491774,0.9990048262629717,-0.00039443101379432743
2024-01-16,0.9987154756137328,0.9990048262629717,-0.0002893506492389619
2024-01-17,0.9986128119669009,0.9990048262629717,-0.0003920142960708306
2024-01-18,0.998563198049509,0.9990048262629718,-0.0004416282134628302
2024-01-19,0.998563198049509,0.9990048262629718,-0.0004416282134628302
2024-01-22,0.9981417064025254,0.9986734701443339,-0.0005317637418085219
2024-01-23,0.9980885479863298,0.998933361341817,-0.0008448133554871395
2024-01-24,0.9981936283508852,0.9987230840617257,-0.0005294557108405096
2024-01-25,0.9986738752675111,0.9987230840617257,-4.920879421466129e-05
2024-01-26,0.9986738752675111,0.998231028695583,0.0004428465719280572
2024-01-29,0.9988413957519511,0.9983336923424153,0.0005077034095357646
2024-01-30,0.9985687949029557,0.9986734701443339,-0.00010467524137824924
2024-01-31,0.9983425191488734,0.9982310286955832,0.00011149045329017504
2024-02-01,0.998563198049509,0.9982310286955832,0.00033216935392577085
2024-02-02,0.9988945541681469,0.9987230840617259,0.00017147010642093452
2024-02-05,0.9988945541681467,0.9984073759864814,0.0004871781816652154
2024-02-06,0.9988945541681467,0.9984631928642429,0.0004313613039037545
2024-02-07,0.9988945541681467,0.9986734701443339,0.00022108402381271208
2024-02-08,0.9990048262629717,0.9984073759864814,0.0005974502764902745
2024-02-09,0.9993777827278311,0.9984631928642429,0.0009145898635881666
2024-02-12,0.9995880600079223,0.9981474847889984,0.001440575218923934
2024-02-13,0.9995880600079223,0.9980989496068744,0.0014891104010479328
2024-02-14,0.9995336047908586,0.9979355190958538,0.0015980856950048583
2024-02-15,0.9994309411440268,0.9983176169129637,0.0011133242310630287
2024-02-16,0.9992675106330061,0.9978486229048719,0.001418887728134255
2024-02-20,0.9992675106330062,0.9976057171619297,0.0016617934710765336
2024-02-21,0.9992675106330062,0.9976057171619297,0.0016617934710765336
2024-02-22,0.9992675106330061,0.9976057171619295,0.0016617934710766447
2024-02-23,0.9990620746525868,0.9976057171619295,0.0014563574906573118
2024-02-26,0.9988945541681469,0.996985892086101,0.0019086620820458755
2024-02-27,0.9986738752675111,0.9966545359674631,0.00201933930004794
2024-02-28,0.998673875267511,0.9972743610432918,0.0013995142242191339
2024-02-29,0.9990468317323703,0.9972743610432918,0.001772470689078487
2024-03-01,0.999370174279838,0.9972743610432918,0.0020958132365461735
2024-03-04,0.9993182523314784,0.9972743610432918,0.0020438912881866056
2024-03-05,0.9993182523314784,0.997274361043292,0.0020438912881863835
2024-03-06,0.9993182523314782,0.9972743610432918,0.0020438912881863835
2024-03-07,0.9991624302684509,0.9974377915543124,0.0017246387141384156
2024-03-08,0.9992675106330061,0.9970980137523936,0.0021694968806125203
2024-03-11,0.9989949097840107,0.9972743610432918,0.001720548740718919
2024-03-12,0.9993182523314784,0.997274361043292,0.0020438912881863835
2024-03-13,0.998994909784011,0.997274361043292,0.001720548740718919
2024-03-14,0.9987742308833751,0.996985892086101,0.001788338797274136
2024-03-15,0.9987742308833754,0.9966008493533599,0.00217338153001545
2024-03-18,0.9987154756137328,0.9962091496030813,0.002506326010651483
2024-03-19,0.9987662173122052,0.9962091496030813,0.0025570677091238947
2024-03-20,0.9986103952491774,0.9960533275400538,0.0025570677091235616
2024-03-21,0.9984340479582792,0.9957046878851974,0.002729360073081777
2024-03-22,0.9984340479582794,0.9949964347943651,0.0034376131639143326
2024-03-25,0.9986103952491774,0.994471523224388,0.004138872024789353
2024-03-26,0.9986103952491774,0.9953450744492213,0.0032653207999561173
2024-03-27,0.9981183398830349,0.9957271722663313,0.002391167616703549
2024-03-28,0.9981741567607961,0.9957271722663313,0.002446984494464788
2024-04-01,0.9981234150623238,0.9953073410609097,0.0028160740014141483
2024-04-02,0.9978077069870795,0.9946858502175899,0.003121856769489617
2024-04-03,0.9979080626029436,0.9951478054792907,0.0027602571236529094
2024-04-04,0.9976696950429123,0.9948536210414979,0.0028160740014143704
2024-04-05,0.9982237706781879,0.9944715232243879,0.003752247453799984
2024-04-08,0.9982237706781881,0.9944715232243879,0.003752247453800206
2024-04-09,0.9982237706781879,0.9953450744492215,0.0028786962289664153
2024-04-10,0.9982237706781881,0.9958270517859713,0.0023967188922168203
2024-04-11,0.9986154704284668,0.9958270517859713,0.0027884186424954605
2024-04-12,0.9985596535507053,0.9956063728853357,0.0029532806653695953
2024-04-15,0.9985596535507053,0.9956063728853357,0.0029532806653695953
2024-04-16,0.9982997623532223,0.9956063728853357,0.0026933894678865533
2024-04-17,0.9980675981845626,0.9962708497883549,0.0017967483962076924
2024-04-18,0.9979080626029438,0.9969510184958243,0.0009570441071194979
2024-04-19,0.9973054517855438,0.9970017601942966,0.00030369159124710166
2024-04-22,0.997613878165151,0.9966196623771866,0.0009942157879644364
2024-04-23,0.9972905356176833,0.9971351689691241,0.00015536664855919646
2024-04-24,0.9970456236947212,0.9966927275203734,0.0003528961743477499
2024-04-25,0.997045623694721,0.9961772209284356,0.0008684027662854144
2024-04-26,0.996785732497238,0.9956851655622931,0.0011005669349448688
2024-04-29,0.997045623694721,0.9963197710555137,0.000725852639207325
2024-04-30,0.997045623694721,0.996319771055514,0.000725852639207103
2024-05-01,0.9976634920825428,0.9963197710555137,0.0013437210270290656
2024-05-02,0.9974036008850597,0.9962006721542306,0.001202928730829167
2024-05-03,0.997613878165151,0.996516380229475,0.0010974979356760395
2024-05-06,0.9979080626029435,0.996516380229475,0.001391682373468539
2024-05-07,0.9981741567607961,0.996516380229475,0.0016577765313211534
2024-05-08,0.9981234150623238,0.9963242161850051,0.0017991988773187195
2024-05-09,0.9979080626029436,0.9958197544671211,0.002088308135822503
2024-05-10,0.9976696950429125,0.9958197544671211,0.0018499405757913534
2024-05-13,0.9982237706781881,0.99531593305055,0.0029078376276381324
2024-05-14,0.9979080626029436,0.995266319133158,0.002641743469785629
2024-05-15,0.9980675981845626,0.9955820272084023,0.0024855709761603118
2024-05-16,0.9978077069870795,0.9950775654905186,0.0027301414965609228
2024-05-17,0.9982997623532223,0.9958197544671211,0.002480007886101143
2024-05-20,0.9977591718049555,0.9958197544671211,0.001939417337834426
2024-05-21,0.9977591718049555,0.9957701405497292,0.0019890312552263145
2024-05-22,0.9977591718049555,0.9952018860792996,0.0025572857256559445
2024-05-23,0.9972050961696797,0.9946980646627283,0.002507031506951418
2024-05-24,0.9973539869676679,0.9942765730157447,0.0030774139519231802
2024-05-28,0.9972409217002913,0.9947190144644955,0.002521907235795817
2024-05-29,0.9972409217002913,0.9947190144644955,0.002521907235795817
2024-05-30,0.9972409217002915,0.9953854180344412,0.0018555036658503
2024-05-31,0.9974463576807108,0.9953854180344411,0.0020609396462696328
2024-06-03,0.9969661107640849,0.995716774153079,0.0012493366110059023
2024-06-04,0.9962522048330309,0.995716774153079,0.000535430679951876
2024-06-05,0.9960963827700032,0.9959374530537147,0.00015892971628850283
2024-06-06,0.9963978562936552,0.9960897306179385,0.00030812567571669724
2024-06-07,0.9963978562936552,0.9954252537149193,0.0009726025787358816
2024-06-10,0.9963978562936552,0.9954252537149193,0.0009726025787358816
2024-06-11,0.9963978562936552,0.995248906424021,0.0011489498696342082
2024-06-12,0.9959058009275125,0.9957415627900212,0.00016423813749122385
2024-06-13,0.9957143183622826,0.9957923044884935,-7.798612621090495e-05
2024-06-14,0.9954128448386309,0.995459183704112,-4.6338865481110325e-05
2024-06-17,0.9955088823818632,0.9957415627900212,-0.00023268040815804802
2024-06-18,0.9957143183622826,0.9964217314974909,-0.0007074131352082791
2024-06-20,0.9951262254529074,0.9961840042387722,-0.0010577787858647714
2024-06-21,0.9952222629961399,0.9965858023098242,-0.00136353931368427
2024-06-24,0.9951737278140158,0.9961840042387722,-0.0010102764247563734
2024-06-25,0.9957143183622826,0.9959737269586809,-0.0002594085963982806
2024-06-26,0.9959058009275125,0.9959737269586809,-6.792603116845264e-05
2024-06-27,0.9951737278140158,0.9951230934023422,5.063441167363347e-05
2024-06-28,0.9948722542903639,0.9945308439707672,0.0003414103195966689
2024-07-01,0.9946131115949135,0.9943785664065433,0.00023454518837018323
2024-07-02,0.9948722542903639,0.9949708158381183,-9.856154775444992e-05
2024-07-03,0.9943264922091902,0.9956352927411375,-0.0013088005319472629
2024-07-05,0.9943264922091902,0.9956352927411375,-0.0013088005319472629
2024-07-08,0.9943750273913142,0.9954718622301169,-0.0010968348388026294
2024-07-09,0.9939732293202623,0.9948661405967401,-0.0008929112764777258
2024-07-10,0.9931037208889983,0.9943858936801142,-0.0012821727911158654
2024-07-11,0.9924373173190527,0.9939941939298356,-0.0015568766107828536
2024-07-12,0.9931512232501067,0.9945117067017932,-0.0013604834516864894
2024-07-15,0.9940207316813706,0.994266794778831,-0.00024606309746033617
2024-07-16,0.9940207316813706,0.9936166816003228,0.00040405008104782425
2024-07-17,0.9940207316813706,0.9936166816003228,0.00040405008104782425
2024-07-18,0.9940207316813706,0.9944673151566616,-0.00044658347529102915
2024-07-19,0.9940207316813706,0.994403522404116,-0.0003827907227453853
2024-07-22,0.9940207316813706,0.9944035224041157,-0.0003827907227450522
2024-07-23,0.9940207316813706,0.9944035224041158,-0.00038279072274516324
2024-07-24,0.9939246941381382,0.9944035224041158,-0.00047882826597756
2024-07-25,0.9933068257503166,0.9952095041332641,-0.0019026783829475535
2024-07-26,0.9932107882070842,0.9957975970426394,-0.0025868088355551766
2024-07-29,0.9936763790306818,0.9957975970426394,-0.0021212180119575264
2024-07-30,0.9945236146355075,0.9957975970426394,-0.001273982407131835
2024-07-31,0.9947244273818555,0.9958441096264851,-0.0011196822446295496
2024-08-01,0.9946262782823394,0.9960405027855816,-0.0014142245032422451
2024-08-02,0.9946262782823396,0.995524996193644,-0.0008987179113043586
2024-08-05,0.9953583513958364,0.9953854180344412,-2.7066638604855697e-05
2024-08-06,0.9946919478258905,0.9949051711178154,-0.00021322329192485778
2024-08-07,0.9948883409849871,0.995524996193644,-0.0006366552086568555
2024-08-08,0.9948883409849871,0.995524996193644,-0.0006366552086568555
2024-08-09,0.9949864900845031,0.9955249961936441,-0.0005385061091409682
2024-08-12,0.994206914609898,0.9953854180344412,-0.0011785034245432868
2024-08-13,0.9943525660705222,0.995236527236453,-0.0008839611659307023
2024-08-14,0.9944011012526465,0.9949916153134909,-0.000590514060844427
2024-08-15,0.9944011012526465,0.995236527236453,-0.0008354259838064815
2024-08-16,0.9943525660705222,0.9953854180344411,-0.0010328519639188904
2024-08-19,0.9950189696404681,0.9954474383035743,-0.00042846866310619625
2024-08-20,0.995084639184019,0.9954474383035743,-0.0003627991195552793
2024-08-21,0.995035025266627,0.995939493669717,-0.0009044684030899974
2024-08-22,0.9943029521531305,0.995939493669717,-0.0016365415165865427
2024-08-23,0.9935708790396338,0.9954474383035744,-0.0018765592639405915
2024-08-26,0.9933744858805373,0.9954474383035744,-0.0020729524230370666
2024-08-27,0.9931736731341894,0.995939493669717,-0.002765820535527652
2024-08-28,0.9931060130039685,0.995939493669717,-0.002833480665748511
2024-08-29,0.9933068257503166,0.9965593187455457,-0.003252492995229117
2024-08-30,0.9934557165483047,0.9966196623771865,-0.003163945828881798
2024-09-03,0.9934557165483048,0.9966196623771865,-0.003163945828881687
2024-09-04,0.9934557165483048,0.9971939242387665,-0.0037382076904617367
2024-09-05,0.9934557165483048,0.9975172667862341,-0.004061550237929312
2024-09-06,0.992723643434808,0.9968826612930134,-0.004159017858205383
2024-09-09,0.9925747526368198,0.9963781995751294,-0.003803446938309585
2024-09-10,0.9925747526368198,0.9965935520345096,-0.004018799397689787
2024-09-11,0.9925272502757114,0.9965935520345096,-0.004066301758798185
2024-09-12,0.992723643434808,0.9962355748441711,-0.0035119314093631226
2024-09-13,0.9919522841030601,0.9958951839386205,-0.003942899835560398
2024-09-16,0.9920220592906068,0.9952307070356015,-0.0032086477449946305
2024-09-17,0.992723643434808,0.9946942744817876,-0.0019706310469795874
2024-09-18,0.992723643434808,0.9946942744817876,-0.0019706310469795874
2024-09-19,0.9926276058915755,0.9949708158381182,-0.0023432099465426903
2024-09-20,0.9934748414964014,0.9952307070356013,-0.00175586553919993
2024-09-23,0.9940580238119097,0.9949788808387304,-0.000920857026820765
2024-09-24,0.9931642756232386,0.9949788808387304,-0.0018146052154918157
2024-09-25,0.9932128108053625,0.9942706277478983,-0.0010578169425358164
2024-09-26,0.9930119980590145,0.9935194296863049,-0.0005074316272903889
2024-09-27,0.9923433023740985,0.9934118160530456,-0.001068513678947114
2024-09-30,0.9931642756232386,0.992871225504779,0.0002930501184595924
2024-10-01,0.9931642756232386,0.9928712255047788,0.00029305011845981443
2024-10-02,0.9938306791931842,0.9934118160530456,0.0004188631401386145
2024-10-03,0.9938306791931842,0.9934118160530456,0.0004188631401386145
2024-10-04,0.9938306791931842,0.9934118160530456,0.0004188631401386145
2024-10-07,0.9944295996905536,0.9935194296863048,0.0009101700042487559
2024-10-08,0.9947782393454101,0.9937474358605115,0.0010308034848985903
2024-10-09,0.994232477264236,0.9941324785932523,9.999867098375859e-05
2024-10-10,0.9949340614084374,0.9941324785932526,0.0008015828151848314
2024-10-11,0.9943314505910377,0.9941324785932526,0.00019897199778506902
2024-10-14,0.9939379012692915,0.9941324785932526,-0.00019457732396110927
2024-10-15,0.9941756285280101,0.9941856370094481,-1.0008481437950856e-05
2024-10-16,0.9940299770673857,0.9948054620852768,-0.0007754850178910422
2024-10-17,0.9940956466109369,0.9945260279149988,-0.000430381304061922
2024-10-18,0.9938853693308456,0.9948054620852768,-0.0009200927544311677
2024-10-21,0.9935696612556012,0.9950062748316246,-0.0014366135760234267
2024-10-22,0.9938145731785633,0.9945582580473444,-0.0007436848687811803
2024-10-23,0.9929429219058639,0.9945582580473443,-0.0016153361414804612
2024-10-24,0.992182503390964,0.9941367664003607,-0.0019542630093967173
2024-10-25,0.9921825033909644,0.9933960439463814,-0.0012135405554170031
2024-10-28,0.9921825033909643,0.9923325778481012,-0.00015007445713699497
2024-10-29,0.9915180264879451,0.9923325778481012,-0.0008145513601561793
2024-10-30,0.9913846968141734,0.9917127527722726,-0.00032805595809914934
2024-10-31,0.9922784450028449,0.9904355630095691,0.0018428819932757579
2024-11-01,0.9916438395096241,0.9901407353182672,0.0015031041913569076
2024-11-04,0.9913846968141734,0.9904738561026487,0.0009108407115246964
2024-11-05,0.9911985401608536,0.9897936873951793,0.0014048527656743692
2024-11-06,0.9918042617942305,0.9906326760089458,0.0011715857852847567
2024-11-07,0.9925554598558237,0.9910262253306921,0.0015292345251316508
2024-11-08,0.9933158783707233,0.9910262253306921,0.0022896530400312587
2024-11-11,0.9938196997872946,0.9906931045463107,0.0031265952409839093
2024-11-12,0.9945992752618995,0.9905591133170583,0.004040161944841247
2024-11-13,0.9952959010242536,0.9908988911189771,0.004397009905276472
2024-11-14,0.9951037369797836,0.9913277100395315,0.003776026940252142
2024-11-15,0.9956443275280502,0.9905591133170583,0.005085214210991951
2024-11-18,0.9960467688526115,0.9893721385957942,0.006674630256817249
2024-11-19,0.9961518492171667,0.9902642856257563,0.005887563591410405
2024-11-20,0.9960092990900884,0.9898624875547045,0.006146811535383878
2024-11-21,0.9961518492171667,0.9894689382329582,0.006682910984208479
2024-11-22,0.9961518492171667,0.989950915569708,0.006200933647458662
2024-11-25,0.9960467688526115,0.9898624875547043,0.006184281297907157
2024-11-26,0.9966646372404332,0.9894689382329581,0.007195699007475076
2024-11-27,0.9971923865181674,0.989757407190149,0.0074349793280183984
2024-11-29,0.9971923865181674,0.9892670582312386,0.007925328286928823
2024-12-02,0.9972409217002915,0.989372138595794,0.007868783104497568
2024-12-03,0.9975351061380843,0.9884985873709605,0.009036518767123747
2024-12-04,0.9971530083209742,0.9881050380492143,0.009047970271759853
2024-12-05,0.9976450636871169,0.9883935070064054,0.009251556680711537
2024-12-06,0.9980767754216188,0.988687691444198,0.009389083977420776
2024-12-09,0.9977610673463744,0.9890567809511474,0.008704286395227023
2024-12-10,0.9977610673463744,0.9896913864443684,0.008069680902005993
2024-12-11,0.9977610673463743,0.9896913864443684,0.008069680902005882
2024-12-12,0.998192779080876,0.9896913864443684,0.008501392636507621
2024-12-13,0.998192779080876,0.9903996395352006,0.007793139545675398
2024-12-16,0.9978198226160166,0.9915401016726191,0.006279720943397571
2024-12-17,0.998192779080876,0.9904956770784331,0.0076971020024428904
2024-12-18,0.998192779080876,0.9902191357221026,0.007973643358773375
2024-12-19,0.9977610673463743,0.9902191357221026,0.007541931624271636
2024-12-20,0.9977114534289825,0.9909478522410443,0.006763601187938173
2024-12-23,0.9972690119802315,0.9908318485817869,0.00643716339844469
2024-12-24,0.9967887650636057,0.9906861971211626,0.006102567942443127
2024-12-26,0.9964158085987462,0.991012352394885,0.005403456203861179
2024-12-27,0.9964158085987462,0.991012352394885,0.005403456203861179
2024-12-30,0.9964158085987462,0.991676829297904,0.0047389793008422165
2024-12-31,0.9958752180504796,0.9928323711942786,0.0030428468562010424
2025-01-02,0.9958752180504796,0.9938214087557143,0.0020538092947652853
2025-01-03,0.9958752180504796,0.9938214087557143,0.0020538092947652853
2025-01-06,0.9958752180504796,0.993188299934994,0.0026869181154856037
2025-01-07,0.9956940988800632,0.9929505726762755,0.002743526203787705
2025-01-08,0.9950914880626635,0.9929505726762755,0.0021409153863879427
2025-01-10,0.9956940988800632,0.9927402953961844,0.0029538034838788585
2025-01-13,0.9949801929490091,0.99221254611845,0.0027676468305590785
2025-01-14,0.9943300797705009,0.9924228233985413,0.0019072563719596536
2025-01-15,0.9935039917120502,0.9924683866127899,0.0010356050992602617
2025-01-16,0.9942006174744041,0.99266055065726,0.0015400668171441367
2025-01-17,0.9949801929490091,0.9921248338367141,0.002855359112294953
2025-01-21,0.9949801929490091,0.9922806558997416,0.0026995370492675086
2025-01-22,0.9949801929490091,0.9916608308239129,0.0033193621250962035
2025-01-23,0.9952251048719715,0.9913277100395316,0.0038973948324398933
2025-01-24,0.9952726072330796,0.9911472062264334,0.004125401006646268
2025-01-27,0.9956940988800633,0.990675453072652,0.005018645807411293
2025-01-28,0.9956940988800633,0.990675453072652,0.005018645807411293
2025-01-29,0.9956940988800632,0.990675453072652,0.005018645807411182
2025-01-30,0.9952251048719715,0.9914266403967114,0.0037984644752601104
2025-01-31,0.9958131977813465,0.9916274531430593,0.004185744638287137
2025-02-03,0.9961861542462059,0.9911025415730823,0.0050836126731236275
2025-02-04,0.995717160238114,0.9913734819805158,0.0043436782575981825
2025-02-05,0.9958131977813465,0.9911472062264334,0.004665991554913096
2025-02-06,0.9961861542462059,0.9897833060426897,0.00640284820351622
2025-02-07,0.9965503975035743,0.989269428832629,0.007280968670945298
2025-02-10,0.9964522484040584,0.988681335923254,0.007770912480804415
2025-02-11,0.9965503975035743,0.9886281775070584,0.007922219996515878
2025-02-12,0.9963182333349148,0.9886281775070584,0.0076900558278563125
2025-02-13,0.9963182333349148,0.9886281775070584,0.0076900558278563125
2025-02-14,0.9963667685170388,0.9886281775070584,0.007738591009980311
2025-02-18,0.9963667685170388,0.9894818325190378,0.006884935998000996
2025-02-19,0.9966609529548315,0.9899016637244595,0.006759289230371945
2025-02-20,0.9969208441523145,0.9896782256781345,0.0072426184741800625
2025-02-21,0.997126280132734,0.9881924543905266,0.008933825742207357
2025-02-24,0.9970766662153422,0.9883642749275454,0.008712391287796772
2025-02-25,0.9965722044974583,0.989850046215153,0.006722158282305268
2025-02-26,0.996523669315334,0.9909430059914633,0.005580663323870638
2025-02-27,0.9960580784917363,0.9911025415730824,0.004955536918653913
2025-02-28,0.9955040028564605,0.9911025415730824,0.004401461283378039
2025-03-03,0.9961704064264063,0.9902635529593156,0.005906853467090745
2025-03-04,0.9965722044974581,0.9904310734437557,0.006141131053702398
2025-03-05,0.9960181288621824,0.9917949736274995,0.004223155234682974
2025-03-06,0.9959695936800583,0.9920004096079187,0.003969184072139642
2025-03-07,0.9964740553979422,0.991271693088977,0.005202362308965203
2025-03-10,0.9964740553979422,0.991271693088977,0.005202362308965203
2025-03-11,0.9967606747836657,0.9912716930889769,0.00548898169468881
2025-03-12,0.9961725818742903,0.991271693088977,0.004900888785313251
2025-03-13,0.9962776622388456,0.991271693088977,0.0050059691498686165
2025-03-14,0.9956112586689,0.9915482344453075,0.004063024223592504
2025-03-17,0.995517243723946,0.991881355229689,0.0036358884942570002
2025-03-18,0.995812071415248,0.9916485900611716,0.004163481354076404
2025-03-19,0.995812071415248,0.9915482344453077,0.00426383696994026
2025-03-20,0.995517243723946,0.9916485900611716,0.003868653662774446
2025-03-21,0.9957601494668882,0.9917030452782352,0.004057104188653016
2025-03-24,0.9956112586689,0.9929802350409387,0.002631023627961304
2025-03-25,0.9956750514214459,0.9932179622996574,0.002457089121788436
2025-03-26,0.9960236910763023,0.9927699577608475,0.0032537333154547543
2025-03-27,0.9960236910763022,0.9919854243641445,0.004038266712157679
2025-03-28,0.9966738042548103,0.9921412464271719,0.004532557827638395
2025-03-31,0.9964254891473543,0.9923293597684987,0.0040961293788556175
2025-04-01,0.9961240156237023,0.9925215238129688,0.003602491810733577
2025-04-02,0.9961240156237023,0.9925215238129688,0.003602491810733577
2025-04-03,0.9967121085330773,0.9925215238129688,0.004190584720108581
2025-04-04,0.9967121085330776,0.9923789736858907,0.0043331348471868925
2025-04-07,0.9967121085330776,0.9923293597684989,0.00438274876457867
2025-04-08,0.9967121085330773,0.9921190824884076,0.004593026044669712
2025-04-09,0.9963096672085163,0.9918651113258642,0.004444555882652135
2025-04-10,0.9961873033077423,0.9921190824884076,0.004068220819334667
2025-04-11,0.9967899141251422,0.9921735377054712,0.004616376419670942
2025-04-14,0.9961873033077424,0.9919136465079882,0.004273656799754222
2025-04-15,0.9961873033077426,0.9906013615248906,0.005585941782851989
2025-04-16,0.996441274470286,0.9903685963563732,0.006072678113912766
2025-04-17,0.996441274470286,0.9900043530990048,0.006436921371281157
2025-04-21,0.9964985228599009,0.9900043530990048,0.006494169760896118
2025-04-22,0.9963104095185742,0.9900043530990047,0.006306056419569495
2025-04-23,0.9964985228599009,0.9887974794877639,0.007701043372137062
2025-04-24,0.9966796420303172,0.988853296365525,0.007826345664792234
2025-04-25,0.9968471625147574,0.9893459527315254,0.007501209783231988
2025-04-28,0.9974817680079782,0.9891617227451323,0.00832004526284591
2025-04-29,0.9977974760832224,0.9894216139426152,0.00837586214060726
2025-04-30,0.9978532929609839,0.9896543791111326,0.008198913849851275
2025-05-01,0.9972186874677631,0.9893459527315254,0.00787273473623773
2025-05-02,0.9972186874677631,0.9893459527315254,0.00787273473623773
2025-05-05,0.9974289647478544,0.9882586307454305,0.009170334002423841
2025-05-06,0.9974289647478544,0.9880258655769131,0.009403099170941287
2025-05-07,0.9974289647478544,0.9881625932021982,0.009266371545656127
2025-05-08,0.9973186926530293,0.989643464510039,0.007675228142990265
2025-05-09,0.9977211339775903,0.9898917796174954,0.007829354360094909
2025-05-12,0.9973186926530292,0.9897461281568711,0.007572564496158063
2025-05-13,0.9968142309351452,0.989938292201341,0.00687593873380421
2025-05-14,0.9969245030299703,0.9898917796174955,0.0070327234124747395
2025-05-15,0.9966867757712515,0.9888589128484643,0.007827862922787254
2025-05-16,0.9965765036764266,0.9899993932507547,0.006577110425671884
2025-05-19,0.996218526486088,0.9898917796174954,0.006326746868592581
2025-05-20,0.9966309588934904,0.9896540523587767,0.006976906534713723
2025-05-21,0.9967360392580457,0.9894698223723836,0.007266216885662091
2025-05-22,0.9961303176246689,0.9892690096260357,0.006861307998633159
2025-05-23,0.9957989615060311,0.9895513887119448,0.006247572794086276
2025-05-27,0.9957989615060311,0.9895513887119448,0.006247572794086276
2025-05-28,0.9958508834543909,0.9895513887119448,0.006299494742446066
2025-05-29,0.9959129037235238,0.9899993932507547,0.005913510472769112
2025-05-30,0.9962460245079053,0.9897395020532718,0.006506522454633568
2025-06-02,0.9966377242581838,0.9883507065435251,0.008287017714658673
2025-06-03,0.9959129037235238,0.989643464510039,0.006269439213484773
2025-06-04,0.9954591837041122,0.9894800339990186,0.0059791497050936115
2025-06-05,0.9961840042387722,0.9879991626911776,0.008184841547594579
2025-06-06,0.9962890846033275,0.9877043349998756,0.008584749603451902
2025-06-09,0.9957715718313701,0.9878924483412024,0.007879123490167728
2025-06-10,0.9965775535605184,0.988350706543525,0.008226847016993388
2025-06-11,0.9969261932153748,0.987120904613013,0.00980528860236174
2025-06-12,0.9970980137523936,0.9859056709442361,0.011192342808157507
2025-06-13,0.9970980137523937,0.9859056709442363,0.011192342808157396
2025-06-16,0.996355824775791,0.9859056709442363,0.010450153831554676
2025-06-17,0.9965935520345096,0.9859996858891901,0.010593866145319542
2025-06-18,0.9969168945819773,0.9862536570517338,0.010663237530243452
2025-06-20,0.9963486401115473,0.986301159412842,0.010047480698705313
2025-06-23,0.9963486401115477,0.9859531733053445,0.01039546680620318
2025-06-24,0.9960329320363033,0.9872760206073807,0.008756911428922542
2025-06-25,0.9964985228599009,0.9875708482986827,0.008927674561218235
2025-06-26,0.9959374530537146,0.987824819461226,0.008112633592488594
2025-06-27,0.995515961406731,0.9878248194612262,0.007691141945504798
2025-06-30,0.995638325307505,0.987824819461226,0.007813505846278934
2025-07-01,0.9952001241585683,0.9878723218223344,0.0073278023362338685
2025-07-02,0.994672374880834,0.9865494745202984,0.008122900360535645
2025-07-03,0.9952604677902093,0.9880731345686824,0.00718733322152687
2025-07-07,0.9952604677902093,0.9880212126203226,0.00723925516988666
2025-07-08,0.9952604677902093,0.9880731345686822,0.007187333221527092
2025-07-09,0.9957407147068351,0.9895037492455421,0.0062369654612930425
2025-07-10,0.9963464363402118,0.9895037492455421,0.0068426870946697305
2025-07-11,0.9961789158557716,0.9893029364991943,0.006875979356577244
2025-07-14,0.9964051916098543,0.9893029364991943,0.007102255110659983
2025-07-15,0.9961789158557718,0.9895037492455421,0.00667516661022971
2025-07-16,0.9955144389527526,0.9895037492455421,0.006010689707210526
2025-07-17,0.9957407147068349,0.9906442296478325,0.005096485059002398
2025-07-18,0.9954540953211118,0.9906442296478327,0.004809865673279123
2025-07-21,0.9954540953211118,0.9895037492455421,0.005950346075569768
2025-07-22,0.9954540953211118,0.9880731345686824,0.007380960752429444
2025-07-23,0.9958270517859713,0.9880731345686824,0.007753917217288908
2025-07-24,0.9954252537149193,0.9880731345686824,0.007352119146236902
2025-07-25,0.9960897306179385,0.9880731345686824,0.008016596049256086
2025-07-28,0.995716774153079,0.9866983653182866,0.009018408834792435
2025-07-29,0.996118572224131,0.9866983653182866,0.009420206905844442
2025-07-30,0.9961789158557718,0.9868472561162748,0.009331659739497011
2025-07-31,0.9966106275902735,0.9869454052157908,0.009665222374482751
2025-08-01,0.9966106275902735,0.9868472561162748,0.00976337147399875
2025-08-04,0.9959461506872546,0.9868472561162748,0.009098894570979787
2025-08-05,0.9954540953211118,0.9867987209341507,0.008655374386961179
2025-08-06,0.9954540953211118,0.9868968700336667,0.00855722528744518
2025-08-07,0.9958270517859713,0.9868968700336667,0.008930181752304645
2025-08-08,0.9958270517859713,0.9868968700336667,0.008930181752304645
2025-08-11,0.9958270517859713,0.9869950191331825,0.008832032652788757
2025-08-12,0.9951775539647814,0.9868968700336667,0.008280683931114696
2025-08-13,0.9954540953211118,0.9868968700336667,0.00855722528744518
2025-08-14,0.9958270517859713,0.9869950191331825,0.008832032652788757
2025-08-15,0.9965518723206312,0.9869454052157905,0.009606467104840699
2025-08-18,0.9969339701377412,0.9869454052157905,0.00998856492195066
2025-08-19,0.9964915286889905,0.9869454052157905,0.009546123473199941
2025-08-20,0.9966018007838154,0.9869454052157905,0.00965639556802489
2025-08-21,0.9972819694912848,0.9868472561162746,0.01043471337501023
2025-08-22,0.9976053120387526,0.9866983653182864,0.010906946720466215
2025-08-25,0.9979532981462499,0.9868472561162748,0.011106042029975116
2025-08-26,0.9982846542648878,0.9869454052157905,0.011339249049097222
2025-08-27,0.9982846542648877,0.9868472561162748,0.011437398148612887
2025-08-28,0.9980052200946097,0.9867965144178025,0.011208705676807207
2025-08-29,0.9980052200946097,0.9868472561162748,0.011157963978334906
2025-09-02,0.9978921548272333,0.9852265027465166,0.012665652080716683
2025-09-03,0.9975973271359313,0.9850776119485284,0.012519715187402913
2025-09-04,0.997478228234648,0.9865494745202982,0.01092875371434987
2025-09-05,0.997478228234648,0.9866983653182866,0.01077986291636146
2025-09-08,0.997478228234648,0.9868472561162748,0.010630972118373272
2025-09-09,0.9978262143421456,0.9883709161646587,0.009455298177486915
2025-09-10,0.9981659921440644,0.9897529956593943,0.008412996484670088
2025-09-11,0.9985777377625414,0.9909453980100446,0.007632339752496886
2025-09-12,0.9984143072515208,0.9909453980100446,0.0074689092414762515
2025-09-15,0.9984730625211631,0.9910457536259086,0.0074273088952544475
2025-09-16,0.9984730625211631,0.9909961397085166,0.007476922812646447
2025-09-17,0.9984730625211631,0.9909453980100446,0.007527664511118526
2025-09-18,0.9986405830056031,0.9919999940570616,0.00664058894854147
2025-09-19,0.9988945541681469,0.9931241656988327,0.005770388469314214
2025-09-22,0.9990620746525867,0.9929752749008444,0.006086799751742311
2025-09-23,0.9987894738035913,0.9930779385476765,0.005711535255914835
2025-09-24,0.9988413957519511,0.9929752749008444,0.005866120851106715
2025-09-25,0.9988413957519511,0.9929752749008444,0.005866120851106715
2025-09-26,0.9988413957519512,0.9929752749008444,0.005866120851106826
2025-09-29,0.9985687949029557,0.9929752749008446,0.0055935200021111076
2025-09-30,0.9986818601703321,0.9929256609834526,0.005756199186879529
2025-10-01,0.9989025390709679,0.9930745517814408,0.005827987289527159
2025-10-02,0.9988452906813527,0.9932268293456646,0.0056184613356881075
2025-10-03,0.9990048262629717,0.9932268293456646,0.005777996917307071
2025-10-06,0.9992647174604549,0.9932268293456646,0.006037888114790224
2025-10-07,0.9991571038271955,0.9932268293456646,0.005930274481530828
2025-10-08,0.9987253920926937,0.9932268293456644,0.005498562747029312
2025-10-09,0.9985658565110747,0.9932268293456646,0.005339027165410015
2025-10-10,0.9983505040516945,0.9932268293456646,0.005123674706029813
2025-10-13,0.9983505040516945,0.9932268293456644,0.005123674706030035
2025-10-14,0.9983505040516942,0.9922030133197578,0.006147490731936434
2025-10-15,0.9983505040516945,0.9922526272371496,0.006097876814544878
2025-10-16,0.9984001179690862,0.9922030133197578,0.006197104649328433
2025-10-17,0.9984588732387285,0.9921026577038937,0.006356215534834786
2025-10-20,0.99866915051882,0.9931264737298006,0.0055426767890194295
2025-10-21,0.9986184088203478,0.9931264737298006,0.00549193509054724
2025-10-22,0.9982870527017099,0.9930238100829685,0.005263242618741448
2025-10-23,0.9982374387843181,0.9929752749008444,0.0052621638834737805
2025-10-24,0.9982870527017099,0.9940682346771547,0.00421881802455526
2025-10-27,0.9982870527017098,0.9948833856679786,0.0034036670337311836
2025-10-28,0.998237438784318,0.9948833856679786,0.003354053116339406
2025-10-29,0.9980885479863298,0.9946779496875591,0.003410598298770773
2025-10-30,0.9980885479863298,0.9946779496875591,0.003410598298770773
2025-10-31,0.9978622722322473,0.9946779496875591,0.003184322544688256
2025-11-03,0.9979141941806071,0.9948833856679786,0.003030808512628491
2025-11-04,0.9981936283508852,0.9946779496875593,0.0035156786633259163
2025-11-05,0.9980885479863298,0.9946779496875593,0.0034105982987705508
2025-11-06,0.9982016132537063,0.9939159571129309,0.004285656140775362
2025-11-07,0.9982603685233487,0.9940682346771547,0.0041921338461939905
2025-11-10,0.9980885479863298,0.9950356632322023,0.0030528847541275717
2025-11-11,0.9982016132537063,0.9951383268790344,0.003063286374671903
2025-11-12,0.9977326192456144,0.9951383268790344,0.002594292366580042
2025-11-13,0.9970980137523936,0.9950356632322024,0.002062350520191214
2025-11-14,0.9974377915543124,0.9951383268790344,0.0022994646752780845
2025-11-17,0.9973186926530293,0.9951890685775067,0.0021296240755226403
2025-11-18,0.9970525984951768,0.9952398102759787,0.0018127882191980582
2025-11-19,0.9968319195945411,0.9952398102759787,0.0015921093185623514
2025-11-20,0.9964915286889903,0.9952398102759787,0.0012517184130115266
2025-11-21,0.9964915286889903,0.9952398102759787,0.0012517184130115266
2025-11-24,0.9962120945187123,0.9960324546783178,0.00017963984039448544
2025-11-25,0.9962120945187123,0.9959817129798455,0.00023038153886678625
2025-11-26,0.9962120945187123,0.9959817129798455,0.00023038153886678625
2025-11-28,0.9954872739840525,0.9959817129798455,-0.0004944389957930451
2025-12-01,0.9946566569924461,0.9958813573639814,-0.0012247003715353255
2025-12-02,0.9945308439707672,0.9958294354156219,-0.0012985914448546687
2025-12-03,0.9947757558937294,0.9966504086647616,-0.0018746527710322702
2025-12-04,0.995099098441197,0.9965477450179295,-0.001448646576732493
2025-12-05,0.9951578537108393,0.9965477450179295,-0.0013898913070902186
2025-12-08,0.995099098441197,0.9965477450179295,-0.001448646576732493
2025-12-09,0.994996434794365,0.9965477450179295,-0.0015513102235645837
2025-12-10,0.9958270517859713,0.9972493291621309,-0.0014222773761596308
2025-12-11,0.9959297154328034,0.9966504086647616,-0.0007206932319582249
2025-12-12,0.9952802176116132,0.9965500530488975,-0.0012698354372843168
2025-12-15,0.9952802176116132,0.9965500530488975,-0.0012698354372843168
2025-12-16,0.9948264975922014,0.995829435415622,-0.0010029378234205355
2025-12-17,0.9944443997750916,0.9956286226692739,-0.0011842228941822963
2025-12-18,0.9952750167666979,0.9958294354156219,-0.0005544186489239156
2025-12-19,0.9957174582154488,0.9964981311005378,-0.0007806728850889844
2025-12-22,0.9957174582154488,0.9958294354156219,-0.00011197720017308566
2025-12-23,0.9960488143340864,0.9956805446176337,0.00036826971645276263
2025-12-24,0.9963801704527242,0.9953790710939819,0.0010010993587422634
2025-12-26,0.9963801704527242,0.99508424340268,0.001295927050044221
2025-12-29,0.9963801704527242,0.99508424340268,0.001295927050044221
2025-12-30,0.9956719173618919,0.99508424340268,0.0005876739592118874
