date,pe_sp600,pe_sp500,diff
1996-10-25,0.9850703424594703,0.9939690454290742,-0.008898702969603822
1996-10-28,0.9850703424594706,0.9941269197004183,-0.009056577240947772
1996-10-29,0.984773294313851,0.9940684427623432,-0.009295148448492219
1996-10-30,0.984255527474024,0.9940684427623432,-0.00981291528831918
1996-10-31,0.9839820657764344,0.9940125691895173,-0.01003050341308287
1996-11-01,0.9843816081793437,0.9941970964252665,-0.009815488245922821
1996-11-04,0.9847782048014679,0.9944902078194092,-0.009712003017941284
1996-11-05,0.9852415352371982,0.9946889131398452,-0.009447377902647047
1996-11-06,0.9852153584997895,0.9946889131398454,-0.009473554640055948
1996-11-07,0.9850468440778658,0.9944398987550921,-0.009393054677226287
1996-11-08,0.9850468440778658,0.9943454926813857,-0.009298648603519921
1996-11-11,0.9851708088999893,0.9943454926813857,-0.009174683781396409
1996-11-12,0.9854198232847424,0.9943454926813857,-0.008925669396643299
1996-11-13,0.9850104220562894,0.9945838714863594,-0.009573449430069991
1996-11-14,0.9851267118905997,0.9945614360068775,-0.00943472411627777
1996-11-15,0.985194075696634,0.99459285209662,-0.009398776399985986
1996-11-18,0.985593618099543,0.9950173592398209,-0.009423741140277886
1996-11-19,0.9858301137649935,0.9949859431500786,-0.00915582938508508
1996-11-20,0.9855173727314936,0.9948747875977636,-0.009357414866269953
1996-11-21,0.9856487142458955,0.995211690738187,-0.009562976492291542
1996-11-22,0.9860401684652217,0.9953188701456656,-0.009278701680443868
1996-11-25,0.9862785472701954,0.995141826355137,-0.008863279084941666
1996-11-26,0.9863047240076038,0.9948703764909018,-0.008565652483297992
1996-11-27,0.9858577527011267,0.994594355124857,-0.00873660242373031
1996-11-29,0.9864770488835952,0.994805721693063,-0.008328672809467808
1996-12-02,0.9866545366762788,0.9949229302803341,-0.00826839360405529
1996-12-03,0.9866545366762786,0.9950592936457421,-0.008404756969463523
1996-12-04,0.9865790687347026,0.9952976724507158,-0.008718603716013185
1996-12-05,0.9869786111376116,0.995569122314951,-0.008590511177339333
1996-12-06,0.9871550675215524,0.9953307435099773,-0.008175675988424946
1996-12-09,0.9872722761088233,0.9953621595997196,-0.008089883490896344
1996-12-10,0.9874778377348447,0.995397069783985,-0.007919232049140357
1996-12-11,0.9877373758377623,0.995496467117254,-0.007759091279491703
1996-12-12,0.9877149403582804,0.9954691515578007,-0.0077542111995202445
1996-12-13,0.987804833386098,0.9954046644087969,-0.0075998310226989
1996-12-16,0.9872045722338821,0.9954377354680581,-0.008233163234176
1996-12-17,0.9868563356656257,0.9952263688998523,-0.008370033234226582
1996-12-18,0.9866984613942814,0.9950493251093238,-0.008350863715042345
1996-12-19,0.9865613630620998,0.9949594320815061,-0.008398069019406207
1996-12-20,0.9863928486401762,0.9948914508379794,-0.008498602197803184
1996-12-23,0.9861618685506309,0.9946314105030983,-0.008469541952467408
1996-12-24,0.9859018282157497,0.9944950471376901,-0.008593218921940426
1996-12-26,0.9857387814782909,0.9942664228925514,-0.008527641414260545
1996-12-27,0.9857387814782909,0.9942664228925514,-0.008527641414260545
1996-12-30,0.9855526531400637,0.9938412167394169,-0.00828856359935326
1996-12-31,0.9855526531400637,0.9936298501712111,-0.008077197031147398
1997-01-02,0.9856425461678814,0.993741819406148,-0.008099273238266647
1997-01-03,0.9856111300781388,0.9937104033164055,-0.008099273238266647
1997-01-06,0.9854366893189516,0.9939913828579636,-0.00855469353901206
1997-01-07,0.9856480961102779,0.9940907801912326,-0.008442684080954721
1997-01-08,0.9859888191595761,0.9940227989477062,-0.00803397978813003
1997-01-09,0.9858955594629503,0.9937603548769784,-0.00786479541402818
1997-01-10,0.9862844138238399,0.9939037402016578,-0.007619326377817925
1997-01-13,0.9865153939133852,0.9942519767699141,-0.007736582856528895
1997-01-14,0.9865594909227746,0.9942519767699141,-0.007692485847139441
1997-01-15,0.9860641595624297,0.9942833928596566,-0.008219233297226958
1997-01-16,0.9855571581068395,0.9944276194712328,-0.00887046136439329
1997-01-17,0.9853187793018656,0.9945778991177651,-0.009259119815899441
1997-01-20,0.9853974006959718,0.9943178587828836,-0.008920458086911776
1997-01-21,0.9859151675357988,0.9945126990863669,-0.008597531550568083
1997-01-22,0.9857912027136753,0.9945806803298934,-0.008789477616218178
1997-01-23,0.985251774343941,0.9945088041134892,-0.00925702976954823
1997-01-24,0.9851154109785328,0.9944094067802202,-0.009293995801687327
1997-01-27,0.9847884439082105,0.9944707417946653,-0.009682297886454805
1997-01-28,0.9846450585835311,0.9946135735422755,-0.009968514958744401
1997-01-29,0.9848135730054551,0.9944371171583348,-0.009623544152879693
1997-01-30,0.9850895943715,0.9942355316771497,-0.00914593730564972
1997-01-31,0.9853182186166387,0.9939859682253341,-0.00866774960869543
1997-02-03,0.9848965384882106,0.9937049886837757,-0.008808450195565087
1997-02-04,0.9843895370326204,0.9936750697590732,-0.009285532726452717
1997-02-05,0.9842423054138523,0.9936419986998118,-0.009399693285959576
1997-02-06,0.9843623097689432,0.9936789647319508,-0.009316654963007598
1997-02-07,0.9843884865063517,0.9936789647319508,-0.009290478225599141
1997-02-10,0.9845570009282754,0.9936789647319509,-0.009121963803675581
1997-02-11,0.9845570009282754,0.9940279255170354,-0.009470924588760088
1997-02-12,0.9845939669604145,0.9940578444417384,-0.009463877481323935
1997-02-13,0.9843923814792294,0.9943292943059733,-0.009936912826743916
1997-02-14,0.9841558858137791,0.9943292943059735,-0.010173408492194391
1997-02-18,0.9840643599008215,0.9940668502352458,-0.010002490334424241
1997-02-19,0.9840929179141941,0.9941567432630632,-0.010063825348869182
1997-02-20,0.9838517433414001,0.9939071798112475,-0.010055436469847412
1997-02-21,0.9835027825563153,0.9937778635532758,-0.010275080996960506
1997-02-24,0.9832913757649892,0.9934345374726364,-0.010143161707647286
1997-02-25,0.9830179140673995,0.9934676085318976,-0.010449694464498172
1997-02-26,0.982928021039582,0.9934345374726364,-0.010506516433054447
1997-02-27,0.9829851611480476,0.993344644444819,-0.010359483296771388
1997-02-28,0.9833284872286867,0.993254751417001,-0.009926264188314327
1997-03-03,0.983427884561956,0.9928897638064543,-0.009461879244498372
1997-03-04,0.983229927640232,0.9926199368445976,-0.009390009204365612
1997-03-05,0.9829323038357191,0.9924442941432788,-0.009511990307559781
1997-03-06,0.9824833081478377,0.9924442941432791,-0.009960985995441374
1997-03-07,0.98222377004492,0.9925885207548552,-0.010364750709935144
1997-03-10,0.982586973235273,0.9926199368445975,-0.010032963609324486
1997-03-11,0.9825376820311053,0.9921548371156587,-0.009617155084553408
1997-03-12,0.9818475117704302,0.9917093674524834,-0.009861855682053222
1997-03-13,0.9811393945006279,0.991559087805951,-0.010419693305323108
1997-03-14,0.9805120533395933,0.9914911065624243,-0.010979053222830992
1997-03-17,0.9805120533395933,0.9914541405302852,-0.010942087190691896
1997-03-18,0.9808679446363927,0.9916851685112706,-0.010817223874877935
1997-03-19,0.9811317504934769,0.9915558522532989,-0.010424101759822002
1997-03-20,0.9813297074152009,0.991293408182571,-0.009963700767370076
1997-03-21,0.9816381994730736,0.991217940240995,-0.009579740767921341
1997-03-24,0.9818156872657572,0.9910918899433206,-0.009276202677563461
1997-03-25,0.9816304974349597,0.9908133168101506,-0.009182819375190943
1997-03-26,0.9817618389493615,0.9907234237823331,-0.008961584832971603
1997-03-27,0.9817618389493615,0.9910165351764756,-0.009254696227114056
1997-03-31,0.9816693034807926,0.991035570206728,-0.009366266725935324
1997-04-01,0.9810774760453009,0.9911254632345456,-0.010047987189244711
1997-04-02,0.9811309683421627,0.9910492178664962,-0.009918249524333511
1997-04-03,0.9814343052676608,0.9911603734188109,-0.009726068151150069
1997-04-04,0.981380812970799,0.9910990384043656,-0.009718225433566596
1997-04-07,0.981380812970799,0.9911321094636271,-0.009751296492828021
1997-04-08,0.98158191496212,0.991601516249586,-0.01001960128746604
1997-04-09,0.9816570020797125,0.991540181235141,-0.009883179155428468
1997-04-10,0.9819540502253321,0.9915116232217683,-0.009557572996436225
1997-04-11,0.9819540502253321,0.9915430393115109,-0.009588989086178779
1997-04-14,0.9817629637115913,0.9917589826370027,-0.009996018925411354
1997-04-15,0.9817629637115916,0.9917132803608761,-0.009950316649284585
1997-04-16,0.9817629637115913,0.9918817947827998,-0.010118831071208478
1997-04-17,0.9817629637115913,0.9918487237235386,-0.010085760011947276
1997-04-18,0.9817825937773552,0.99176293122601,-0.009980337448654786
1997-04-21,0.9817005434671209,0.9917315151362677,-0.010030971669146793
1997-04-22,0.9821757158924109,0.9918434843712047,-0.009667768478793803
1997-04-23,0.9825836052835527,0.9919197297392541,-0.009336124455701422
1997-04-24,0.9831158763161371,0.9921058580774814,-0.008989981761344357
1997-04-25,0.9828073842582643,0.9920773000641089,-0.009269915805844575
1997-04-28,0.9826037197281724,0.9923667570917295,-0.009763037363557103
1997-04-29,0.982103418205638,0.9924275898742113,-0.010324171668573356
1997-04-30,0.9818194936366197,0.9921966097846658,-0.01037711614804615
1997-05-01,0.9813725223301425,0.9917315100557268,-0.010358987725584301
1997-05-02,0.9809521438843393,0.9914973904163331,-0.010545246531993846
1997-05-05,0.9807573035808558,0.9910302825365477,-0.010272978955691903
1997-05-06,0.9803345302213233,0.9906223931454057,-0.010287862924082347
1997-05-07,0.9795814137319389,0.9905634645393486,-0.010982050807409771
1997-05-08,0.9790972789727473,0.990786164099693,-0.011688885126945658
1997-05-09,0.978648283284866,0.9911591433065696,-0.012510860021703651
1997-05-12,0.9791324180440574,0.9913170175779137,-0.01218459953385631
1997-05-13,0.9793164525083855,0.9914342261651846,-0.012117773656799113
1997-05-14,0.9796240993345949,0.9916942665000661,-0.012070167165471157
1997-05-15,0.9799842692716628,0.9918114750873368,-0.01182720581567398
1997-05-16,0.9802332836564159,0.9922003294482264,-0.011967045791810516
1997-05-19,0.9808139147428682,0.992589183809116,-0.011775269066247818
1997-05-20,0.9812391208960026,0.9925891838091161,-0.011350062913113468
1997-05-21,0.981304157112069,0.9923855192790241,-0.0110813621669551
1997-05-22,0.9814917176011031,0.9921259811761064,-0.0106342635750033
1997-05-23,0.9815309969370136,0.9920646461616611,-0.010533649224647501
1997-05-27,0.9815309969370136,0.9920646461616611,-0.010533649224647501
1997-05-28,0.9812182559035137,0.9922987658010548,-0.011080509897541058
1997-05-29,0.9810544849492266,0.9920513024483824,-0.010996817499155709
1997-05-30,0.9810169749065248,0.9919283383613036,-0.010911363454778722
1997-06-02,0.9811826815377424,0.9919868152993787,-0.010804133761636359
1997-06-03,0.9812725745655598,0.9921624580006972,-0.010889883435137415
1997-06-04,0.9815036025465452,0.9921624580006972,-0.010658855454152016
1997-06-05,0.9818012263510579,0.9923694207159286,-0.010568194364870664
1997-06-06,0.9811738851900234,0.9924519150283178,-0.011278029838294401
1997-06-09,0.9807501806801908,0.9924519150283175,-0.011701734348126713
1997-06-10,0.9805102726430367,0.992484986087579,-0.011974713444542262
1997-06-11,0.9801962220422175,0.992484986087579,-0.0122887640453615
1997-06-12,0.9803625043323281,0.9923556698296071,-0.011993165497279024
1997-06-13,0.980768694659593,0.9926451268572275,-0.011876432197634457
1997-06-16,0.9811890731053965,0.9927350198850452,-0.011545946779648708
1997-06-17,0.9816094515511998,0.9926451268572275,-0.01103567530602767
1997-06-18,0.9818290960783128,0.9928291613215557,-0.011000065243242929
1997-06-19,0.9821431466791323,0.9928291613215557,-0.01068601464242347
1997-06-20,0.9820067833137242,0.992829161321556,-0.010822378007831812
1997-06-23,0.9816208564965004,0.9928291613215557,-0.011208304825055304
1997-06-24,0.9811182467248597,0.9925677261227087,-0.011449479397849016
1997-06-25,0.9806679493543533,0.9927852705506783,-0.012117321196325026
1997-06-26,0.9806679493543533,0.9932307402138538,-0.012562790859500517
1997-06-27,0.9806679493543533,0.993262156303596,-0.012594206949242737
1997-06-30,0.9806679493543535,0.9932920752282988,-0.012624125873945236
1997-07-01,0.9806679493543533,0.9931809196759842,-0.0125129703216309
1997-07-02,0.9812807159965219,0.9930380879283738,-0.01175737193185189
1997-07-03,0.9813856632721875,0.9930939615011997,-0.011708298229012204
1997-07-07,0.981669678352583,0.9928464981485273,-0.011176819795944315
1997-07-08,0.9818623548814301,0.9925704767824823,-0.010708121901052192
1997-07-09,0.9821308450136772,0.9925704767824823,-0.010439631768805135
1997-07-10,0.982500126076348,0.9925704767824823,-0.010070350706134379
1997-07-11,0.9828281476547558,0.9930375846622677,-0.010209437007511868
1997-07-14,0.9831268636961047,0.9932551290902374,-0.010128265394132696
1997-07-15,0.9834751002643611,0.993169336592709,-0.009694236328347872
1997-07-16,0.9833220429853952,0.9928552859918895,-0.009533243006494385
1997-07-17,0.9831464002840766,0.9932042467769742,-0.010057846492897538
1997-07-18,0.9835459426869859,0.9932042467769742,-0.009658304089988246
1997-07-21,0.9837959578067835,0.9931397596279705,-0.009343801821186992
1997-07-22,0.9838258767314865,0.9929201151008576,-0.009094238369371177
1997-07-23,0.983947046949189,0.9927971510137787,-0.008850104064589748
1997-07-24,0.9840797755788644,0.9929335143791868,-0.008853738800322364
1997-07-25,0.9840385728621464,0.9929020982894442,-0.008863525427297847
1997-07-28,0.9836735852515996,0.9928818347794031,-0.009208249527803414
1997-07-29,0.9834874569133722,0.9927997844691689,-0.009312327555796696
1997-07-30,0.9839119640565733,0.9925502210173532,-0.008638256960779911
1997-07-31,0.9843598665133505,0.9923591345036128,-0.007999267990262293
1997-08-01,0.984381528043258,0.992099596400695,-0.007718068357437047
1997-08-04,0.9837325253523157,0.9921281544140674,-0.00839562906175173
1997-08-05,0.9838937857914203,0.9921580733387702,-0.008264287547349869
1997-08-06,0.9835874257429201,0.9923345297227111,-0.008747103979790949
1997-08-07,0.9835119578013437,0.9923990168717145,-0.008887059070370795
1997-08-08,0.9829600567029957,0.9919541614484336,-0.008994104745437936
1997-08-11,0.9824929488232101,0.991678140082389,-0.009185191259178827
1997-08-12,0.9825749991334445,0.9917200418090399,-0.00914504267559546
1997-08-13,0.9830400988623835,0.9918956845103587,-0.008855585647975173
1997-08-14,0.9834260256796072,0.9918311973613548,-0.008405171681747592
1997-08-15,0.983220464053586,0.9918311973613548,-0.008610733307768847
1997-08-18,0.9834679274062582,0.9917962871770895,-0.00832835977083124
1997-08-19,0.9834094504681833,0.9914950441254903,-0.008085593657306989
1997-08-20,0.9831808262230444,0.9916861306392308,-0.008505304416186465
1997-08-21,0.9827787545593254,0.9915198483491202,-0.008741093789794818
1997-08-22,0.9825876680455848,0.9911716117808638,-0.008583943735278932
1997-08-25,0.9826269473814954,0.9913695687025877,-0.008742621321092381
1997-08-26,0.9826269473814951,0.9918150383657631,-0.009188090984267983
1997-08-27,0.9826269473814951,0.9916716530410835,-0.00904470565958837
1997-08-28,0.9826269473814954,0.991964764435226,-0.009337817053730602
1997-08-29,0.9830235440036194,0.9924096198585071,-0.00938607585488771
1997-09-02,0.9832545240931645,0.9924995128863248,-0.00924498879316027
1997-09-03,0.9831931890787196,0.9923823042990538,-0.009189115220334276
1997-09-04,0.9831931890787196,0.9924192703311929,-0.009226081252473373
1997-09-05,0.9831931890787196,0.992201725903223,-0.009008536824503421
1997-09-08,0.9830429094321872,0.9921647598710841,-0.009121850438896906
1997-09-09,0.9831640796498902,0.9920703537973775,-0.008906274147487347
1997-09-10,0.9831444495841263,0.9923912269147404,-0.009246777330614075
1997-09-11,0.9829730558584349,0.992485632988447,-0.00951257713001219
1997-09-12,0.9833010774368427,0.9927351964402628,-0.00943411900342006
1997-09-15,0.9833736354376551,0.9925918111155831,-0.009218175677928042
1997-09-16,0.9839445715662556,0.9926636873319874,-0.00871911576573181
1997-09-17,0.9842985157428799,0.9929111506846598,-0.008612634941779995
1997-09-18,0.9847656236226651,0.9931225172528662,-0.00835689363020109
1997-09-19,0.9851215149194649,0.9932406643475665,-0.008119149428101657
1997-09-22,0.985307643257692,0.9933400616808359,-0.008032418423143839
1997-09-23,0.9853076432576923,0.9933400616808359,-0.008032418423143617
1997-09-24,0.9853076432576923,0.9933400616808357,-0.008032418423143395
1997-09-25,0.9852677496818875,0.9932280924458988,-0.007960342764011363
1997-09-26,0.9850766631681468,0.993163605296895,-0.008086942128748165
1997-09-29,0.9848750776869616,0.9930956240533685,-0.0082205463664069
1997-09-30,0.9847584226767598,0.9926494553802597,-0.00789103270349989
1997-10-01,0.9851821271865924,0.9927438614539663,-0.007561734267373943
1997-10-02,0.9853249589342025,0.9930314733902218,-0.007706514456019331
1997-10-03,0.9851611879799154,0.99316783675563,-0.008006648775714664
1997-10-06,0.9852987821967942,0.9931364206658875,-0.007837638469093244
1997-10-07,0.9851022593738581,0.9931154814592107,-0.0080132220853526
1997-10-08,0.9851022593738581,0.9934497955700712,-0.00834753619621309
1997-10-09,0.9851231985805351,0.9936262519540119,-0.008503053373476788
1997-10-10,0.9852018199746414,0.9935001712486922,-0.008298351274050764
1997-10-13,0.9850247761841129,0.9934632052165533,-0.008438429032440409
1997-10-14,0.9849047718290219,0.9931933782546962,-0.008288606425674305
1997-10-15,0.9847884819947115,0.993160307195435,-0.008371825200723548
1997-10-16,0.9844845965023609,0.9928904802335784,-0.008405883731217534
1997-10-17,0.9841052574144847,0.9928291452191332,-0.0087238878046485
1997-10-20,0.9843542717992376,0.992987002946053,-0.008632731146815398
1997-10-21,0.984445797712195,0.9928095151533695,-0.008363717441174479
1997-10-22,0.9848453401151043,0.9928703479358512,-0.008025007820746888
1997-10-23,0.9848894371244938,0.9928291452191332,-0.007939708094639397
1997-10-24,0.9843983688086271,0.9926177786509272,-0.008219409842300074
1997-10-27,0.9843424952358014,0.9925863625611848,-0.008243867325383403
1997-10-28,0.9846139451000365,0.9928247413661585,-0.008210796266121978
1997-10-29,0.9846390741972808,0.993159055477019,-0.008519981279738187
1997-10-30,0.9849064440502203,0.9932883717349907,-0.008381927684770418
1997-10-31,0.9849064440502203,0.9933442453078167,-0.008437801257596411
1997-11-03,0.9849064440502203,0.9929903011311922,-0.008083857080971923
1997-11-04,0.9849064440502201,0.992683941082692,-0.007777497032471881
1997-11-05,0.9853085157139392,0.9928953076508981,-0.007586791936958881
1997-11-06,0.985558908909428,0.9928953076508978,-0.007336398741469852
1997-11-07,0.9855813443889101,0.9925940645992989,-0.00701272021038879
1997-11-10,0.9854863509086156,0.9923826980310928,-0.00689634712247722
1997-11-11,0.9855337798121836,0.992277750755427,-0.006743970943243416
1997-11-12,0.9855337798121836,0.9923091668451696,-0.006775387032985969
1997-11-13,0.9855337798121836,0.9923705018596148,-0.006836722047431243
1997-11-14,0.9852461678759279,0.9917512056771463,-0.006505037801218361
1997-11-17,0.9852461678759279,0.9916069790655703,-0.006360811189642379
1997-11-18,0.9854074283150329,0.9914706157001622,-0.006063187385129232
1997-11-19,0.9853655265883816,0.991435705515897,-0.0060701789275153795
1997-11-20,0.9856782676218815,0.9913712183668931,-0.005692950745011638
1997-11-21,0.985628976417714,0.9914124210836112,-0.005783444665897197
1997-11-24,0.9858367921649815,0.9911425941217543,-0.005305801956772771
1997-11-25,0.9855436807708391,0.9914510861796271,-0.00590740540878798
1997-11-26,0.9854143645128673,0.9918476828017513,-0.006433318288883938
1997-11-28,0.9857352551140247,0.9918476828017513,-0.006112427687726574
1997-12-01,0.986161619517616,0.991816266712009,-0.005654647194392903
1997-12-02,0.9860323032596443,0.9918983170222431,-0.005866013762598765
1997-12-03,0.9862806358599893,0.9919297331119854,-0.005649097251996138
1997-12-04,0.9867296315478706,0.9921284384324216,-0.005398806884550966
1997-12-05,0.9871758002209792,0.9921284384324216,-0.004952638211442428
1997-12-08,0.9867762578180701,0.9922914851698802,-0.0055152273518100925
1997-12-09,0.9868548792121763,0.992230150155435,-0.0053752709432587364
1997-12-10,0.9869788440342998,0.9921480998452009,-0.005169255810901108
1997-12-11,0.9865339886110187,0.9920867648307556,-0.005552776219736932
1997-12-12,0.9867561444739554,0.9918557368497702,-0.00509959237581481
1997-12-15,0.9863595478518313,0.9913716020905791,-0.005012054238747732
1997-12-16,0.9866471597880868,0.9911101668917318,-0.004463007103645
1997-12-17,0.9867197177888994,0.9908341455256868,-0.004114427736787385
1997-12-18,0.9868112437018566,0.9908954805401321,-0.004084236838275523
1997-12-19,0.9866684119542463,0.9910282091698074,-0.004359797215561123
1997-12-22,0.9865454478671676,0.9909982902451047,-0.004452842377937083
1997-12-23,0.9869000906273185,0.9912483053649025,-0.004348214737583955
1997-12-24,0.9870579648986627,0.9914866841698764,-0.004428719271213688
1997-12-26,0.9873555887031754,0.9917362476216921,-0.004380658918516689
1997-12-29,0.9876270385674105,0.9918733459538736,-0.004246307386463033
1997-12-30,0.98777042389209,0.9918733459538733,-0.0041029220617833095
1997-12-31,0.9880831649255901,0.9918733459538733,-0.0037901810282832127
1998-01-02,0.9881505287316241,0.9921333862887546,-0.003982857557130459
1998-01-05,0.9879803814245606,0.9923675059281483,-0.004387124503587692
1998-01-06,0.9880558493661368,0.9921453500652117,-0.004089500699074877
1998-01-07,0.9882323057500775,0.9917907073050606,-0.003558401554983104
1998-01-08,0.9883048637508897,0.9919569895951714,-0.0036521258442817617
1998-01-09,0.9882323057500773,0.9917086569948265,-0.0034763512447492095
1998-01-12,0.9881848768465094,0.9916473219803812,-0.0034624451338718387
1998-01-13,0.9878972649102539,0.9913388299225083,-0.003441565012254455
1998-01-14,0.9878721358130095,0.9913388299225083,-0.003466694109498847
1998-01-15,0.9878162622401836,0.9913388299225083,-0.0035225676823247287
1998-01-16,0.9873917550969825,0.9913687488472112,-0.003976993750228641
1998-01-20,0.9869165826716927,0.9908661390755702,-0.003949556403877508
1998-01-21,0.986523460556637,0.9907158594290382,-0.004192398872401193
1998-01-22,0.9864284670763426,0.990350871818491,-0.003922404742148444
1998-01-23,0.9861004454979347,0.9901845895283804,-0.004084144030445658
1998-01-26,0.9861004454979347,0.9896640327476127,-0.0035635872496779797
1998-01-27,0.9861004454979347,0.9897175250444746,-0.003617079546539892
1998-01-28,0.9858269838003453,0.989574139719795,-0.0037471559194497406
1998-01-29,0.985601236212237,0.9898216030724675,-0.004220366860230418
1998-01-30,0.9853529036118919,0.9896354747342401,-0.0042825711223482
1998-02-02,0.9851332590847788,0.9893880113815678,-0.004254752296789066
1998-02-03,0.9847588457791143,0.9896803743769984,-0.004921528597884084
1998-02-04,0.9847016705236636,0.9896803743769984,-0.004978703853334765
1998-02-05,0.9846754937862552,0.9895809770437292,-0.004905483257473975
1998-02-06,0.9847553615989895,0.9895510581190267,-0.004795696520037196
1998-02-09,0.9843491712717246,0.989997226792135,-0.005648055520410367
1998-02-10,0.9842998800675569,0.990351869552286,-0.006051989484729181
1998-02-11,0.9837521496414549,0.9904568168279518,-0.006704667186496982
1998-02-12,0.9837270205442102,0.9907182520267988,-0.006991231482588511
1998-02-13,0.9833410937269864,0.9906868359370562,-0.007345742210069783
1998-02-17,0.9833903849311542,0.9911311473497745,-0.007740762418620317
1998-02-18,0.9833511055952435,0.9912857556608212,-0.007934650065577697
1998-02-19,0.9838421739111103,0.9913081911403031,-0.007466017229192823
1998-02-20,0.9840458384412022,0.9914846475242438,-0.00743880908304162
1998-02-23,0.9840458384412022,0.991519557708509,-0.007473719267306778
1998-02-24,0.9842679943041387,0.9915921157093216,-0.007324121405182904
1998-02-25,0.9844531841349363,0.9914691516222426,-0.007015967487306263
1998-02-26,0.9846372185992646,0.9920136631205345,-0.007376444521269954
1998-02-27,0.9846130564923412,0.9923012750567901,-0.007688218564448901
1998-03-02,0.9841256851025149,0.9923833253670242,-0.00825764026450937
1998-03-03,0.9842352594237227,0.9924391989398499,-0.00820393951612719
1998-03-04,0.9842614361611309,0.9926567433678196,-0.008395307206688685
1998-03-05,0.9838725818002417,0.9923503833193194,-0.008477801519077621
1998-03-06,0.9837465010949219,0.9920470463938211,-0.008300545298899231
1998-03-09,0.9837914007376799,0.9920470463938211,-0.00825564565614123
1998-03-10,0.983892159857305,0.9921232917618705,-0.00823113190456548
1998-03-11,0.9843411555451864,0.992349039349979,-0.00800788380479256
1998-03-12,0.9841189996822499,0.992349039349979,-0.008230039667729061
1998-03-13,0.9836931792892214,0.9920730179839341,-0.008379838694712705
1998-03-16,0.9838416650663776,0.9921680114642284,-0.008326346397850792
1998-03-17,0.9841012031692953,0.9924154748169011,-0.008314271647605787
1998-03-18,0.984470484231966,0.9928603302401819,-0.008389846008215907
1998-03-19,0.9846367665220769,0.9929775388274529,-0.008340772305375999
1998-03-20,0.9847549136167776,0.9929775388274529,-0.008222625210675294
1998-03-23,0.9848842298747493,0.9929775388274529,-0.008093308952703548
1998-03-24,0.9850388381857961,0.9930494150438574,-0.00801057685806128
1998-03-25,0.9845918668793188,0.9932355433820843,-0.00864367650276554
1998-03-26,0.9845918668793188,0.9931243878297695,-0.008532520950450762
1998-03-27,0.9845656901419103,0.9929487451284512,-0.008383054986540905
1998-03-30,0.9846481844542995,0.9928437978527856,-0.008195613398486179
1998-03-31,0.9850341112715232,0.9928437978527856,-0.007809686581262465
1998-04-01,0.9847464993352678,0.9927879242799597,-0.008041424944691844
1998-04-02,0.9845243434723313,0.9930220439193536,-0.00849770044702225
1998-04-03,0.9838716832543578,0.9931331994716682,-0.009261516217310417
1998-04-06,0.9836489836940134,0.9927898733910289,-0.00914088969701543
1998-04-07,0.98355064086883,0.9928184314044012,-0.009267790535571141
1998-04-08,0.9837620074370359,0.9928184314044014,-0.009056423967365501
1998-04-09,0.9836186221123564,0.9928970527985076,-0.009278430686151196
1998-04-13,0.9837942648136752,0.9929920462788019,-0.009197781465126731
1998-04-14,0.9838810661830845,0.993186886582285,-0.009305820399200582
1998-04-15,0.9837714918618764,0.993186886582285,-0.009415394720408643
1998-04-16,0.9832761605015315,0.9928992746460297,-0.009623114144498124
1998-04-17,0.982736732131797,0.9930516333414686,-0.0103149012096716
1998-04-20,0.9832155875156758,0.9932857529808623,-0.010070165465186465
1998-04-21,0.9837478585482602,0.9933537342243889,-0.009605875676128695
1998-04-22,0.9840354704845157,0.9933537342243889,-0.009318263739873212
1998-04-23,0.9840354704845157,0.9931958599530448,-0.009160389468529151
1998-04-24,0.9840926105929814,0.9929888972378135,-0.008896286644832108
1998-04-27,0.9838812440247753,0.9928659331507345,-0.008984689125959178
1998-04-28,0.9838812440247751,0.9926732566218873,-0.008792012597112264
1998-04-29,0.983481701621866,0.9922844022609979,-0.00880270063913191
1998-04-30,0.9831499145212557,0.9921265279896536,-0.008976613468397954
1998-05-01,0.9831798334459584,0.9921265279896536,-0.008946694543695233
1998-05-04,0.9832210361626763,0.9917615403791068,-0.008540504216430489
1998-05-05,0.9829239880170567,0.9914582034536085,-0.00853421543655175
1998-05-06,0.9826227449654575,0.9911286897907019,-0.00850594482524436
1998-05-07,0.9826701738690256,0.9913596698802473,-0.008689496011221709
1998-05-08,0.9825440931637058,0.9913858466176557,-0.008841753453949885
1998-05-11,0.9826897519260891,0.9914773725306131,-0.008787620604523982
1998-05-12,0.9832291802958235,0.9916887390988192,-0.008459558802995648
1998-05-13,0.9835572018742313,0.9917881364320881,-0.008230934557856728
1998-05-14,0.9836392521844656,0.9921943267593528,-0.008555074574887245
1998-05-15,0.9835951551750761,0.9921681500219446,-0.008572994846868465
1998-05-18,0.9835951551750761,0.9919067148230973,-0.008311559648021216
1998-05-19,0.98314485780457,0.991619102886842,-0.008474245082272014
1998-05-20,0.9826495264442251,0.9915018942995709,-0.008852367855345822
1998-05-21,0.9830974289010022,0.9913516146530388,-0.008254185752036625
1998-05-22,0.9831889548139593,0.9913516146530388,-0.008162659839079489
1998-05-26,0.9828239672034126,0.9915280710369795,-0.0087041038335669
1998-05-27,0.9826716085079734,0.9918408120704794,-0.009169203562505945
1998-05-28,0.9827976588056476,0.9914715877753535,-0.008673928969705869
1998-05-29,0.982774392009003,0.9914715877753535,-0.00869719576635053
1998-06-01,0.9830339301119206,0.9915887963626244,-0.008554866250703785
1998-06-02,0.9828815714164817,0.991773986193422,-0.00889241477694036
1998-06-03,0.9835305741074237,0.9915518303304856,-0.008021256223061823
1998-06-04,0.9839999808933829,0.9915887963626244,-0.0075888154692415055
1998-06-05,0.9839999808933829,0.9911629759695961,-0.007162995076213208
1998-06-08,0.9839999808933829,0.9911629759695961,-0.007162995076213208
1998-06-09,0.9839999808933829,0.9914605997741088,-0.007460618880725911
1998-06-10,0.983671959314975,0.9912744714358817,-0.007602512120906679
1998-06-11,0.9832640699238332,0.9909094838253347,-0.00764541390150153
1998-06-12,0.9833933861818049,0.9904857793155021,-0.007092393133697139
1998-06-15,0.9832271038916941,0.9905725806849113,-0.007345476793217176
1998-06-16,0.9834384704599001,0.9910376804138503,-0.007599209953950248
1998-06-17,0.9832019747944497,0.9908067003243051,-0.007604725529855361
1998-06-18,0.9834241306573862,0.9907815712270608,-0.007357440569674578
1998-06-19,0.983590412947497,0.990643977010182,-0.0070535640626849805
1998-06-22,0.9839818671668232,0.9907297695077104,-0.00674790234088718
1998-06-23,0.9838376405552471,0.9905825378889422,-0.006744897333695099
1998-06-24,0.983767776172197,0.9902081245832776,-0.006440348411080543
1998-06-25,0.9838134784483237,0.9898337112776129,-0.006020232829289207
1998-06-26,0.9836477718171062,0.9894592979719481,-0.005811526154841928
1998-06-29,0.9839876799647215,0.9893874217555438,-0.0053997417908223655
1998-06-30,0.9842771369923418,0.9892440364308643,-0.004966899438522576
1998-07-01,0.9845741851379614,0.9892047570949539,-0.0046305719569925685
1998-07-02,0.9845741851379614,0.9893995973984371,-0.0048254122604757255
1998-07-06,0.9848581097069798,0.9896109639666432,-0.004752854259663319
1998-07-07,0.9848832388042242,0.9897543492913227,-0.004871110487098429
1998-07-08,0.9851671633732427,0.9899657158595286,-0.004798552486285912
1998-07-09,0.9852155234271106,0.9901967438405139,-0.00498122041340332
1998-07-10,0.9848748003778122,0.9901967438405139,-0.0053219434627017614
1998-07-13,0.9847201920667656,0.9903260600984859,-0.005605868031720251
1998-07-14,0.9847956600083418,0.9906184230939162,-0.0058227630855743895
1998-07-15,0.9850431233610143,0.9909479367568228,-0.005904813395808506
1998-07-16,0.9855753943935988,0.9911975002086384,-0.005622105815039635
1998-07-17,0.9856878595132329,0.9913204642957176,-0.005632604782484729
1998-07-20,0.9856228232971667,0.991593925993307,-0.005971102696140318
1998-07-21,0.9854649655702468,0.9918439411131046,-0.006378975542857823
1998-07-22,0.9853126068748078,0.9918140221884019,-0.00650141531359405
1998-07-23,0.9850041148169351,0.992075457387249,-0.007071342570313943
1998-07-24,0.9854882495761264,0.9919224001082829,-0.006434150532156568
1998-07-27,0.985344864251447,0.9915494209014064,-0.006204556649959447
1998-07-28,0.9856372272468774,0.9913567443725594,-0.005719517125681972
1998-07-29,0.9856073083221747,0.9915098016515252,-0.0059024933293505555
1998-07-30,0.9856657852602498,0.9915383596648977,-0.0058725744046478345
1998-07-31,0.9855079109889056,0.9912623382988528,-0.005754427309947241
1998-08-03,0.9855428211731709,0.9914153955778188,-0.0058725744046478345
1998-08-04,0.9852693594755815,0.9913104483021532,-0.006041088826571728
1998-08-05,0.9855624708697239,0.9914276568894241,-0.005865186019700208
1998-08-06,0.9857399586624076,0.9917200198848545,-0.005980061222446875
1998-08-07,0.9858471380698863,0.9919148601883377,-0.006067722118451413
1998-08-10,0.9856968584233539,0.9918290676908095,-0.006132209267455613
1998-08-11,0.9855802034131521,0.9916177011226033,-0.006037497709451167
1998-08-12,0.985133232106675,0.9912181587196941,-0.0060849266130190705
1998-08-13,0.9854627457695817,0.9912181587196941,-0.005755412950112393
1998-08-14,0.9859538140854481,0.9914033485504917,-0.005449534465043593
1998-08-17,0.9863267932923248,0.9913005650494623,-0.004973771757137535
1998-08-18,0.9860926736529312,0.991518109477432,-0.005425435824500835
1998-08-19,0.9860664969155227,0.9916125155511384,-0.005546018635615657
1998-08-20,0.9862680823967078,0.9912578727909873,-0.004989790394279492
1998-08-21,0.9868158128228101,0.9909972150186135,-0.00418140219580343
1998-08-24,0.9871034247590655,0.9908984802803926,-0.0037950555213270842
1998-08-25,0.987129601496474,0.9911325999197865,-0.0040029984233125315
1998-08-26,0.9869280160152887,0.9911939349342317,-0.0042659189189430125
1998-08-27,0.9865550368084121,0.9909779916087399,-0.0044229548003278385
1998-08-28,0.986428986510738,0.9910065496221122,-0.00457756311137425
1998-08-31,0.9867772230789943,0.9910364685468149,-0.004259245467820638
1998-09-01,0.9867772230789943,0.9912209957825643,-0.0044437727035699925
1998-09-02,0.9864477094160877,0.9916658512058454,-0.005218141789757658
1998-09-03,0.9864477094160877,0.99182711164495,-0.00537940222886224
1998-09-04,0.9863427796242166,0.9913577048589909,-0.0050149252347743145
1998-09-08,0.98637009518367,0.9910368142578334,-0.0046667190741633835
1998-09-09,0.9863142216108441,0.9910737802899724,-0.004759558679128251
1998-09-10,0.9864906779947848,0.9908242168381565,-0.00433353884337162
1998-09-11,0.9866922634759699,0.9910153033518972,-0.004323039875927304
1998-09-14,0.9868887862989059,0.9913216634003975,-0.00443287710149165
1998-09-15,0.9871782433265265,0.9913502214137702,-0.004171978087243677
1998-09-16,0.9869472632369812,0.9914327157261592,-0.004485452489177977
1998-09-17,0.9869210864995726,0.9913411898132017,-0.004420103313629187
1998-09-18,0.9866223704582235,0.9915113371202656,-0.004888966662042082
1998-09-21,0.9864767116958404,0.9916776194103762,-0.005200907714535852
1998-09-22,0.9865186134224913,0.9916776194103762,-0.00515900598788499
1998-09-23,0.9862875854415059,0.9914313024347845,-0.005143716993278646
1998-09-24,0.9861373057949738,0.9917011293966411,-0.005563823601667295
1998-09-25,0.9863137621789143,0.9918990863183653,-0.005585324139451009
1998-09-28,0.9862492750299108,0.9918990863183653,-0.005649811288454543
1998-09-29,0.9861680939673492,0.9917619879861838,-0.005593894018834589
1998-09-30,0.9859819656291218,0.991533363741045,-0.005551398111923178
1998-10-01,0.985981965629122,0.9913112078781084,-0.005329242248986454
1998-10-02,0.9862534154933569,0.9913426239678509,-0.005089208474494011
1998-10-05,0.9868053165917051,0.9915127712749144,-0.004707454683209322
1998-10-06,0.9869509753540884,0.9915772584239183,-0.004626283069829928
1998-10-07,0.9873726554825165,0.9917969029510312,-0.004424247468514664
1998-10-08,0.9874547057927507,0.9918553798891063,-0.0044006740963555835
1998-10-09,0.9877842194556574,0.9918852988138093,-0.004101079358151849
1998-10-12,0.9879169480853327,0.9919126143732624,-0.003995666287929689
1998-10-13,0.9881479281748781,0.9917832981152906,-0.0036353699404125805
1998-10-14,0.9878584711472576,0.9915611422523541,-0.003702671105096589
1998-10-15,0.9878857867067108,0.9914998072379088,-0.00361402053119797
1998-10-16,0.9879583447075234,0.9915671710439431,-0.0036088263364196793
1998-10-19,0.9876550077820251,0.9913071307090616,-0.0036521229270365385
1998-10-20,0.9875222791523498,0.9909421430985149,-0.0034198639461651137
1998-10-21,0.9870152776967596,0.9908301738635779,-0.0038148961668182935
1998-10-22,0.9864443415681589,0.9906353335600948,-0.004190991991935955
1998-10-23,0.9862786349369413,0.9903035464594844,-0.004024911522543029
1998-10-26,0.9861314033181733,0.9903847275220458,-0.004253324203872477
1998-10-27,0.9860493530079391,0.9901007124416504,-0.004051359433711377
1998-10-28,0.9857517292034261,0.9903454481861353,-0.004593718982709216
1998-10-29,0.9859378575416534,0.9900644686445773,-0.004126611102923894
1998-10-30,0.9857693431197296,0.9900371530851239,-0.00426780996539422
1998-11-02,0.9859868875476994,0.9898929264735479,-0.0039060389258485095
1998-11-03,0.9863613008533639,0.9899957099745773,-0.0036344091212133778
1998-11-04,0.986757897475488,0.9899957099745773,-0.0032378124990892765
1998-11-05,0.9873771936579566,0.9899957099745773,-0.0026185163166206893
1998-11-06,0.9877067073208632,0.9900630737806113,-0.002356366459748127
1998-11-09,0.9877559985250309,0.9897699623864689,-0.0020139638614379285
1998-11-10,0.9879245129469546,0.9898824275061032,-0.0019579145591486213
1998-11-11,0.9875249705440455,0.9900676173369006,-0.0025426467928550966
1998-11-12,0.9877559985250309,0.9900362012471581,-0.002280202722127145
1998-11-13,0.9879539554467549,0.9901349359853792,-0.0021809805386242553
1998-11-16,0.9880981820583309,0.9901349359853792,-0.0020367539270482737
1998-11-17,0.9883742034243758,0.9898859216006258,-0.0015117181762500653
1998-11-18,0.98844607964078,0.9902228247410493,-0.0017767451002692614
1998-11-19,0.9885532590482587,0.9905508463194571,-0.0019975872711983644
1998-11-20,0.9884997667513971,0.9908717369206147,-0.002371970169217641
1998-11-23,0.9889648664803361,0.9907954915525651,-0.0018306250722289752
1998-11-24,0.9885411619705035,0.9906960942192958,-0.002154932248792374
1998-11-25,0.988788625323176,0.9909302138586896,-0.0021415885355136055
1998-11-27,0.98863556804421,0.9909302138586896,-0.002294645814479579
1998-11-30,0.9882662869815393,0.9910373932661684,-0.0027711062846290657
1998-12-01,0.988080158643312,0.9909379959328993,-0.0028578372895873283
1998-12-02,0.9885038631531445,0.991235619737412,-0.0027317565842674973
1998-12-03,0.9882924965849385,0.9911771427993368,-0.002884646214398323
1998-12-04,0.9882924965849385,0.9908795189948241,-0.00258702240988562
1998-12-07,0.9882673674876941,0.9909187983307345,-0.0026514308430404254
1998-12-08,0.9885072755248481,0.9910616300783448,-0.0025543545534967294
1998-12-09,0.9882994597775803,0.991085792185268,-0.002786332407687775
1998-12-10,0.9880741956793361,0.9908516725458746,-0.0027774768665385086
1998-12-11,0.9875868242895097,0.9904627101898135,-0.002875885900303743
1998-12-14,0.987479644882031,0.9905838804075162,-0.0031042355254852216
1998-12-15,0.9876910114502371,0.9904844830742472,-0.002793471624010113
1998-12-16,0.987559669935835,0.9906900447002686,-0.0031303747644335633
1998-12-17,0.9880214296995299,0.9908887500207046,-0.00286732032117476
1998-12-18,0.9882613377366838,0.990853839836439,-0.002592502099755256
1998-12-21,0.9883332139530883,0.9909798901341136,-0.0026466761810253203
1998-12-22,0.9880597522554987,0.9910050192313579,-0.002945266975859173
1998-12-23,0.9878232565900482,0.9911820630218864,-0.0033588064318381683
1998-12-24,0.9880707199427207,0.9915646684384364,-0.003493948495715715
1998-12-28,0.9882655602462038,0.9918381301360257,-0.0035725698898219083
1998-12-29,0.9881936840297993,0.9920233199668234,-0.003829635937024012
1998-12-30,0.9878641703668928,0.9920233199668236,-0.0041591495999308
1998-12-31,0.9877922941504885,0.9921811942381676,-0.004388900087679115
1999-01-04,0.9878406542043564,0.9923576506221083,-0.0045169964177519395
1999-01-05,0.9877761670553528,0.9924869668800803,-0.004710799824727552
1999-01-06,0.9875451390743674,0.9923758113277653,-0.00483067225339795
1999-01-07,0.9877672949373039,0.9924031268872188,-0.004635831949914904
1999-01-08,0.988121937697455,0.992604712368404,-0.00448277467094893
1999-01-11,0.9880735776435872,0.9923171004321483,-0.004243522788561105
1999-01-12,0.9881248834782401,0.9920787216271746,-0.003953838148934463
1999-01-13,0.9879670257513203,0.99211363181144,-0.004146606060119629
1999-01-14,0.9878057653122155,0.9924012437476954,-0.004595478435479916
1999-01-15,0.9878057653122155,0.992757135044495,-0.004951369732279498
1999-01-19,0.9877332073114033,0.9928290112608995,-0.005095803949496158
1999-01-20,0.9881393976386681,0.9925675760620524,-0.004428178423384277
1999-01-21,0.9881393976386681,0.9924725825817579,-0.004333184943089763
1999-01-22,0.988195271211494,0.992261216013552,-0.004065944802058019
1999-01-25,0.9881503715687356,0.9921109363670197,-0.003960564798284105
1999-01-26,0.988399385953489,0.9921109363670197,-0.003711550413530773
1999-01-27,0.9886457029290808,0.9918995697988136,-0.0032538668697327244
1999-01-28,0.9889826060695042,0.9919816201090477,-0.0029990140395435017
1999-01-29,0.9889826060695039,0.9923249461896871,-0.003342340120183196
1999-02-01,0.9894638835143612,0.9921135796214812,-0.0026496961071199587
1999-02-02,0.9897050580871549,0.9916674109483729,-0.001962352861217931
1999-02-03,0.9897050580871549,0.9916674109483729,-0.001962352861217931
1999-02-04,0.9899360860681401,0.991970747873871,-0.002034661805730864
1999-02-05,0.9901023683582509,0.9921559377046686,-0.0020535693464176497
1999-02-08,0.9901322872829537,0.9921559377046686,-0.0020236504217149287
1999-02-09,0.9901881608557793,0.9921286221452151,-0.001940461289435813
1999-02-10,0.9903995274239854,0.9920701452071401,-0.0016706177831546931
1999-02-11,0.990313734926457,0.9916680735434209,-0.0013543386169638794
1999-02-12,0.9906626957115419,0.9916942502808295,-0.0010315545692876071
1999-02-16,0.9908884432996503,0.9919056168490356,-0.0010171735493852418
1999-02-17,0.9908129753580741,0.9921546312337886,-0.0013416558757144426
1999-02-18,0.9911409969364819,0.9924184370908723,-0.0012774401543903524
1999-02-19,0.9912582055237529,0.9927023616598908,-0.0014441561361379085
1999-02-22,0.9913754141110238,0.9929817496947441,-0.001606335583720253
1999-02-23,0.9913754141110238,0.9928949483253346,-0.001519534214310836
1999-02-24,0.9914965843287268,0.9929390453347241,-0.0014424610059973197
1999-02-25,0.9911696172584045,0.9926907127343791,-0.0015210954759746764
1999-02-26,0.9909312384534306,0.9929164603224875,-0.001985221869056919
1999-03-01,0.9907809588068983,0.9931016501532851,-0.002320691346386794
1999-03-02,0.9907809588068983,0.9930481578564232,-0.0022671990495248817
1999-03-03,0.9908108777316011,0.992890283585079,-0.002079405853477878
1999-03-04,0.9912802845175602,0.9927589420706772,-0.0014786575531169355
1999-03-05,0.9909014796504859,0.9927589420706772,-0.001857462420191247
1999-03-08,0.9909014796504859,0.9927589420706769,-0.001857462420191025
1999-03-09,0.9909014796504859,0.9927589420706769,-0.001857462420191025
1999-03-10,0.9910214840055767,0.992828806453727,-0.0018073224481502947
1999-03-11,0.991324820931075,0.9928822987505888,-0.001557477819513764
1999-03-12,0.9909840978817764,0.9926088370529995,-0.0016247391712230774
1999-03-15,0.9910652789443383,0.992635013790408,-0.0015697348460697036
1999-03-16,0.9911585386409639,0.9928715094558583,-0.00171297081489441
1999-03-17,0.9910292223829922,0.9930345561933172,-0.002005333810324972
1999-03-18,0.9909618585769582,0.9928580998093764,-0.001896241232418272
1999-03-19,0.9908072502659117,0.9928950658415153,-0.0020878155756036687
1999-03-22,0.9904777366030051,0.9930180299285942,-0.002540293325589138
1999-03-23,0.990287867864864,0.9928415735446535,-0.0025537056797895197
1999-03-24,0.9905054122928337,0.9928415735446534,-0.0023361612518196795
1999-03-25,0.9908323793631559,0.9928415735446535,-0.0020091941814975867
1999-03-26,0.9909553434502351,0.9928950658415153,-0.001939722391280263
1999-03-29,0.9910987287749145,0.9925823248080152,-0.0014835960331007758
1999-03-30,0.9911799098374761,0.9926817221412844,-0.001501812303808303
1999-03-31,0.9911799098374758,0.99255567184361,-0.0013757620061342068
1999-04-01,0.9909888233237354,0.9926275480600147,-0.0016387247362793511
1999-04-05,0.9909067730135013,0.9925063778423118,-0.001599604828810497
1999-04-06,0.9910705439677885,0.9926051125805325,-0.0015345686127440361
1999-04-07,0.991225152278835,0.9927484979052119,-0.001523345626376904
1999-04-08,0.9913371215137721,0.9929336877360098,-0.0015965662222376942
1999-04-09,0.9914315275874784,0.9929588168332539,-0.0015272892457754983
1999-04-12,0.9913416345596607,0.9931657795484855,-0.0018241449888247718
1999-04-13,0.9913701925730332,0.9929805897176879,-0.0016103971446547183
1999-04-14,0.9913402736483305,0.9925111829317286,-0.001170909283398025
1999-04-15,0.9912582233380962,0.9926963727625264,-0.0014381494244302129
1999-04-16,0.9911321426327766,0.9925752025448235,-0.0014430599120468512
1999-04-19,0.991363170613762,0.9925259113406557,-0.0011627407268937073
1999-04-20,0.9914166629106236,0.9923145447724496,-0.0008978818618260442
1999-04-21,0.9912402065266829,0.992144397465386,-0.0009041909387030866
1999-04-22,0.9912675220861363,0.9924050552377599,-0.001137533151623571
1999-04-23,0.9912090451480612,0.9927532918060159,-0.0015442466579547176
1999-04-26,0.9911445579990575,0.9928961235536263,-0.0017515655545687903
1999-04-27,0.9912675220861363,0.9930395088783058,-0.0017719867921694998
1999-04-28,0.9912140297892745,0.9934640160215068,-0.0022499862322322706
1999-04-29,0.9909106928637763,0.9932526494533008,-0.0023419565895245187
1999-04-30,0.990695695028391,0.9935240993175357,-0.0028284042891446592
1999-05-03,0.9908818233666183,0.9937092891483336,-0.0028274657817152216
1999-05-04,0.9910968212020036,0.9937092891483336,-0.002612467946329966
1999-05-05,0.9912331845674117,0.9935430068582227,-0.0023098222908110033
1999-05-06,0.9915207965036672,0.993325462430253,-0.0018046659265857912
1999-05-07,0.9915207965036672,0.9930146583056574,-0.0014938618019901817
1999-05-10,0.9912897685226818,0.9928853420476856,-0.001595573525003835
1999-05-11,0.991166804435603,0.993096748839012,-0.0019299444034089897
1999-05-12,0.9911982205253453,0.9931316590232774,-0.0019334384979320385
1999-05-13,0.9913101897602824,0.9932577093209516,-0.0019475195606691864
1999-05-14,0.9916311107690854,0.9931263678065497,-0.001495257037464337
1999-05-17,0.9916846030659471,0.9930191883990709,-0.0013345853331238056
1999-05-18,0.9917430800040222,0.9930191883990709,-0.0012761083950486585
1999-05-19,0.9916381327283567,0.9934428929089035,-0.0018047601805468716
1999-05-20,0.9917239252258852,0.9935658569959822,-0.0018419317700970606
1999-05-21,0.9917239252258852,0.993479055626573,-0.0017551304006878654
1999-05-24,0.9917239252258852,0.9933530053288989,-0.0016290801030137692
1999-05-25,0.9917239252258852,0.9933762721255436,-0.00165234689965843
1999-05-26,0.9917239252258852,0.9933762721255436,-0.00165234689965843
1999-05-27,0.9915805399012056,0.9928809407651987,-0.0013004008639930786
1999-05-28,0.9917657297320035,0.9927438424330172,-0.000978112701013667
1999-06-01,0.9916871083378969,0.9928337354608346,-0.0011466271229377822
1999-06-02,0.9916286313998219,0.9929708337930162,-0.0013422023931942695
1999-06-03,0.9913315832542023,0.9932198481777694,-0.0018882649235670845
1999-06-04,0.9914758098657785,0.993184937993504,-0.001709128127725501
1999-06-07,0.9916415164969961,0.9931086926254545,-0.0014671761284584806
1999-06-08,0.9919015568318773,0.9934455957658779,-0.001544038934000569
1999-06-09,0.9917314095248138,0.9933142542514758,-0.001582844726662036
1999-06-10,0.9915468822890643,0.9931290644206783,-0.001582182131613985
1999-06-11,0.99138900801772,0.9929235027946571,-0.001534494776937123
1999-06-14,0.9910826479692196,0.9931161793235039,-0.0020335313542843014
1999-06-15,0.9913540978334549,0.9932846937454279,-0.0019305959119730876
1999-06-16,0.9913210267741935,0.9932846937454279,-0.0019636669712344013
1999-06-17,0.9910286637787631,0.993020887888344,-0.001992224109580887
1999-06-18,0.9911144562762917,0.993020887888344,-0.001906431612052284
1999-06-21,0.9911144562762917,0.9928049445628522,-0.0016904882865604876
1999-06-22,0.9910660962224238,0.9927150515350347,-0.0016489553126108891
1999-06-23,0.990899813932313,0.9928443677930064,-0.0019445538606934765
1999-06-24,0.9905414307722482,0.9927271592057355,-0.0021857284334872995
1999-06-25,0.9904800957578029,0.9924906635402849,-0.0020105677824819868
1999-06-28,0.9905385726958781,0.9920436922338077,-0.0015051195379296445
1999-06-29,0.9903044530564844,0.9921983005448546,-0.0018938474883701817
1999-06-30,0.9903763292728887,0.9920034602413714,-0.0016271309684827706
1999-07-01,0.9900330031922494,0.9915789530981703,-0.0015459499059209403
1999-07-02,0.9898478133614518,0.9918279674829232,-0.0019801541214714558
1999-07-06,0.9891396960916498,0.9918279674829235,-0.0026882713912737
1999-07-07,0.9885597892332544,0.9918593835726658,-0.0032995943394114047
1999-07-08,0.988531231219882,0.9918593835726658,-0.003328152352783831
1999-07-09,0.9883256695938606,0.9921517465680965,-0.0038260769742358702
1999-07-12,0.9879774330256045,0.9921866567523617,-0.00420922372675725
1999-07-13,0.9879189560875291,0.9921866567523617,-0.004267700664832619
1999-07-14,0.9878630825147034,0.9925299828330011,-0.00466690031829764
1999-07-15,0.9878630825147034,0.9925299828330011,-0.00466690031829764
1999-07-16,0.9882456879312533,0.9925299828330011,-0.004284294901747754
1999-07-19,0.9879973553309082,0.9929087877000754,-0.004911432369167246
1999-07-20,0.9877792766821367,0.992635326002486,-0.0048560493203493316
1999-07-21,0.9877257843852748,0.9927716893678942,-0.005045904982619365
1999-07-22,0.9879438630340467,0.9928888979551649,-0.0049450349211181965
1999-07-23,0.9882718846124545,0.9930259962873464,-0.004754111674891925
1999-07-26,0.9880335058074804,0.9928146297191404,-0.004781123911659968
1999-07-27,0.9881053820238849,0.9931692724792915,-0.005063890455406672
1999-07-28,0.9877452120868171,0.993562394594347,-0.005817182507529939
1999-07-29,0.9877987043836786,0.9938500065306027,-0.006051302146924176
1999-07-30,0.988142030464318,0.9935291159294452,-0.005387085465127117
1999-08-02,0.9882950877432841,0.9931973288288347,-0.004902241085550596
1999-08-03,0.9882950877432843,0.9931161477662731,-0.004821060022988766
1999-08-04,0.9881739175255814,0.9931531137984122,-0.0049791962728308325
1999-08-05,0.9886007671050108,0.9933383036292096,-0.004737536524198838
1999-08-06,0.9887219373227136,0.9931626609278913,-0.0044407236051776655
1999-08-09,0.9886870271384482,0.9931327420031885,-0.004445714864740213
1999-08-10,0.988950832995532,0.9930768684303628,-0.00412603543483081
1999-08-11,0.9889138669633929,0.9928841919015157,-0.003970324938122771
1999-08-12,0.988706904248162,0.9930687191372649,-0.004361814889102922
1999-08-13,0.9887682392626069,0.9934475240043393,-0.0046792847417324035
1999-08-16,0.9889426800217944,0.9935295743145736,-0.004586894292779142
1999-08-17,0.9892909165900509,0.9933632920244627,-0.004072375434411857
1999-08-18,0.9891207692829871,0.9931149594241176,-0.00399419014113056
1999-08-19,0.9895228409467061,0.9932994866598669,-0.003776645713160831
1999-08-20,0.9895228409467061,0.9934428719845465,-0.0039200310378404435
1999-08-23,0.9894416598841445,0.9933570794870179,-0.003915419602873449
1999-08-24,0.9893422625508754,0.9932277632290462,-0.003885500678170728
1999-08-25,0.9890127488879689,0.993091399863638,-0.0040786509756691736
1999-08-26,0.988550989124274,0.9929543015314566,-0.0044033124071826135
1999-08-27,0.9879960073350791,0.9929243826067538,-0.004928375271674668
1999-08-30,0.9878589090028977,0.9925874794663309,-0.004728570463433113
1999-08-31,0.9878850857403061,0.9924561379519286,-0.004571052211622462
1999-09-01,0.9881215814057568,0.9925054291560963,-0.004383847750339509
1999-09-02,0.9883285441209881,0.9924155361282788,-0.00408699200729068
1999-09-03,0.9884864183923322,0.992199592802787,-0.0037131744104548225
1999-09-07,0.9890833019081784,0.9923023763038165,-0.0032190743956380663
1999-09-08,0.9893871874005288,0.9923023763038165,-0.00291518890328768
1999-09-09,0.9890662967993714,0.9923023763038165,-0.003236079504445044
1999-09-10,0.9894264667364393,0.9919728626409099,-0.0025463959044705886
1999-09-13,0.9896125950746665,0.9915940577738355,-0.00198146269916899
1999-09-14,0.9892718720253683,0.991566742214382,-0.0022948701890137535
1999-09-15,0.989085743687141,0.9914354006999802,-0.002349657012839179
1999-09-16,0.9888801820611196,0.9916205905307778,-0.002740408469658173
1999-09-17,0.9888801820611198,0.9912210481278685,-0.002340866066748659
1999-09-20,0.9892170852015428,0.9909596129290216,-0.0017425277274787376
1999-09-21,0.9892170852015428,0.9909596129290217,-0.0017425277274788487
1999-09-22,0.9894249009488105,0.9912965160694447,-0.0018716151206341625
1999-09-23,0.9898728034055875,0.9914076716217597,-0.0015348682161722138
1999-09-24,0.9901761403310858,0.9915510569464389,-0.00137491661535305
1999-09-27,0.9903709806345691,0.9917013365929711,-0.0013303559584020297
1999-09-28,0.9901761403310856,0.9918874649311985,-0.0017113246001129179
1999-09-29,0.9901761403310858,0.9920823052346817,-0.0019061649035958528
1999-09-30,0.9902346172691607,0.992115376293943,-0.0018807590247822414
1999-10-01,0.9902346172691607,0.9923029367829773,-0.0020683195138165855
1999-10-04,0.9907372270408017,0.9927024791858864,-0.001965252145084695
1999-10-05,0.991221361799993,0.9930001029903993,-0.00177874119040633
1999-10-06,0.9914703761847463,0.992793140275168,-0.0013227640904216464
1999-10-07,0.9919614445006127,0.9929224565331397,-0.0009610120325269644
1999-10-08,0.991988760060066,0.9926914285521545,-0.000702668492088554
1999-10-11,0.9922482981629838,0.9927734788623886,-0.0005251806994048813
1999-10-12,0.9924323326273121,0.9930099745278391,-0.0005776419005270039
1999-10-13,0.9925961035815994,0.992911239789618,-0.000315136208018596
1999-10-14,0.9926876294945568,0.9932714097266864,-0.0005837802321295715
1999-10-15,0.9923507263541334,0.9932714097266861,-0.0009206833725527996
1999-10-18,0.9923507263541334,0.9931285779790758,-0.0007778516249424827
1999-10-19,0.9923088246274823,0.9931012624196226,-0.0007924377921403325
1999-10-20,0.9922100898892614,0.9930477701227608,-0.0008376802334993938
1999-10-21,0.9922855578308376,0.9930477701227608,-0.0007622122919231922
1999-10-22,0.992628883911477,0.9931848684549421,-0.0005559845434651711
1999-10-25,0.9927819411904429,0.9932763943678997,-0.0004944531774567773
1999-10-26,0.9931028317916005,0.9928547142394715,0.00024811755212905684
1999-10-27,0.9931301473510538,0.9929265904558757,0.00020355689517803643
1999-10-28,0.9933317328322389,0.9926782578555308,0.0006534749767080905
1999-10-29,0.9933031748188664,0.9929658697917864,0.0003373050270800704
1999-11-01,0.9929549382506101,0.9930602758654927,-0.00010533761488262794
1999-11-02,0.9927847909435465,0.9928917614435689,-0.00010697050002239639
1999-11-03,0.993068715512565,0.9930288597757504,3.9855736814642384e-05
1999-11-04,0.9932635558160483,0.9929502383816442,0.0003133174344041034
1999-11-05,0.9932635558160483,0.9932237000792334,3.985573681486443e-05
1999-11-08,0.9931752528033372,0.9931906290199721,-1.5376216634943596e-05
1999-11-09,0.9930439112889353,0.9931432001164042,-9.928882746890189e-05
1999-11-10,0.9932660671518718,0.9934146499806393,-0.00014858282876750728
1999-11-11,0.993154097916935,0.9938636456685209,-0.0007095477515859372
1999-11-12,0.993154097916935,0.99426318807143,-0.0011090901544950071
1999-11-15,0.9931048067127672,0.9944065733961094,-0.0013017666833421426
1999-11-16,0.9931661417272124,0.9941351235318745,-0.0009689818046620946
1999-11-17,0.9934002613666063,0.9941351235318745,-0.0007348621652681908
1999-11-18,0.9934901543944238,0.9941052046071716,-0.0006150502127477697
1999-11-19,0.9936265177598318,0.9940766465937991,-0.0004501288339673337
1999-11-22,0.9937578592742337,0.9938710849677779,-0.00011322569354421663
1999-11-23,0.9934369686730762,0.9937639055602993,-0.0003269368872230727
1999-11-24,0.9933375713398072,0.9935652002398632,-0.00022762890005600944
1999-11-26,0.993201207974399,0.9937766070311898,-0.0005753990567907152
1999-11-29,0.9935494445426555,0.993926886677722,-0.00037744213506651914
1999-11-30,0.9935494445426555,0.9937498428871934,-0.00020039834453788874
1999-12-01,0.9933153249032617,0.9939183573091173,-0.0006030324058555747
1999-12-02,0.9934202721789273,0.9940611890567276,-0.0006409168778003238
1999-12-03,0.9933617952408521,0.993924090724546,-0.0005622954836939087
1999-12-06,0.9934202721789273,0.9938068821372753,-0.0003866099583480498
1999-12-07,0.9931803641417734,0.9938889324475092,-0.0007085683057358461
1999-12-08,0.9933643986061016,0.9941765443837648,-0.000812145777663198
1999-12-09,0.9933643986061016,0.9942715378640593,-0.000907139257957712
1999-12-10,0.9934957401205035,0.9942222466598916,-0.0007265065393881054
1999-12-13,0.9935306503047686,0.9940858832944834,-0.0005552329897148267
1999-12-14,0.9936378297122475,0.9939629192074045,-0.00032508949515708263
1999-12-15,0.9935557794020132,0.9941698819226361,-0.0006141025206228834
1999-12-16,0.9936928777341948,0.9945181184908921,-0.0008252407566973208
1999-12-17,0.9937347794608458,0.9944131712152265,-0.0006783917543807805
1999-12-20,0.9936166323661451,0.9942920009975236,-0.0006753686313785146
1999-12-21,0.9938221939921665,0.9942620820728209,-0.00043988808065431595
1999-12-22,0.9940982153582112,0.9944482104110481,-0.00034999505283694887
1999-12-23,0.9940263391418069,0.9948270152781226,-0.0008006761363156256
1999-12-27,0.9937922195024131,0.9949341946856011,-0.0011419751831879266
1999-12-28,0.9937922195024131,0.9950571587726802,-0.0012649392702670514
1999-12-29,0.9938236355921557,0.995024087713419,-0.0012004521212632957
1999-12-30,0.9937286421118613,0.995218928016902,-0.0014902859050407447
1999-12-31,0.9938771278890175,0.9950896117589303,-0.0012124838699127949
2000-01-03,0.9939416150380213,0.9950361194620683,-0.0010945044240470159
2000-01-04,0.9941261422737706,0.9949802458892426,-0.0008541036154720016
2000-01-05,0.9939890439415893,0.9949802458892426,-0.0009912019476533418
2000-01-06,0.9939890439415893,0.9951858075152638,-0.0011967635736744864
2000-01-07,0.9940535310905929,0.995447242714111,-0.0013937116235180902
2000-01-10,0.9939507475895636,0.995583606079519,-0.0016328584899554244
2000-01-11,0.9940327978997977,0.9958057619424557,-0.0017729640426580318
2000-01-12,0.9940327978997977,0.9956109216389724,-0.0015781237391746528
2000-01-13,0.9941377451754633,0.9958057619424555,-0.0016680167669922419
2000-01-14,0.9941091871620908,0.9959350782004273,-0.0018258910383364135
2000-01-18,0.9939658018374115,0.9960929524717718,-0.0021271506343603086
2000-01-19,0.9939144960027585,0.9958315172729244,-0.0019170212701659084
2000-01-20,0.9939907413708081,0.9957243378654461,-0.0017335964946380011
2000-01-21,0.9939907413708079,0.995836307100383,-0.0018455657295750605
2000-01-24,0.9939576703115469,0.9955756493280093,-0.0016179790164624341
2000-01-25,0.994016147249622,0.9953372705230354,-0.0013211232734134937
2000-01-26,0.9939602736767962,0.9955442332382668,-0.001583959561470616
2000-01-27,0.9941943933161899,0.9954857563001916,-0.001291362984001787
2000-01-28,0.9943870698450368,0.9953012290644422,-0.0009141592194054082
2000-01-31,0.9940894460405243,0.9950081176702997,-0.000918671629775436
2000-02-01,0.9943501038128981,0.9952920422393182,-0.000941938426420097
2000-02-02,0.9942602107850804,0.9953251132985794,-0.0010649025134989998
2000-02-03,0.9943215457995256,0.9954693399101554,-0.0011477941106298184
2000-02-04,0.9942221484662566,0.9954693399101556,-0.001247191443899065
2000-02-07,0.994312041494074,0.9954394209854529,-0.001127379491378866
2000-02-08,0.9942821225693713,0.9955687372434247,-0.0012866146740533324
2000-02-09,0.9944134640837733,0.9957233455544712,-0.0013098814706978823
2000-02-10,0.9944647699184263,0.9957233455544712,-0.001258575636044923
2000-02-11,0.9944920854778795,0.9954394209854527,-0.0009473355075731993
2000-02-14,0.9943557221124715,0.995349527957635,-0.000993805845163509
2000-02-15,0.9946040547128165,0.9955074022289794,-0.0009033475161628335
2000-02-16,0.9944676913474085,0.9955074022289794,-0.0010397108815708433
2000-02-17,0.9946255656187526,0.9954724920447141,-0.0008469264259615139
2000-02-18,0.994654123632125,0.995201042180479,-0.0005469185483539807
2000-02-22,0.9947613030396038,0.9948520813953944,-9.077835579063276e-05
2000-02-23,0.9946179177149244,0.9947576753216878,-0.0001397576067634354
2000-02-24,0.9946965391090306,0.9949189357607924,-0.00022239665176182477
2000-02-25,0.9946965391090306,0.9946848161213987,1.1722987631856974e-05
2000-02-28,0.994918694971967,0.9948077802084776,0.00011091476348945584
2000-02-29,0.9951383394990799,0.9948077802084775,0.00033055929060243905
2000-03-01,0.99482559846558,0.9947133741347711,0.0001122243308089299
2000-03-02,0.9946813718540041,0.9945185338312879,0.00016283802271621628
2000-03-03,0.9944865315505208,0.9945830209802917,-9.648942977091846e-05
2000-03-06,0.9945258108864313,0.9944600568932125,6.575399321884223e-05
2000-03-07,0.9945842878245064,0.9942748670624151,0.00030942076209128366
2000-03-08,0.9946104645619149,0.9945876080959152,2.2856465999754327e-05
2000-03-09,0.9945755543776497,0.9944373284493828,0.0001382259282668441
2000-03-10,0.9947418366677604,0.994314364362304,0.0004274723054563667
2000-03-13,0.9947418366677605,0.9941709790376246,0.0005708576301358681
2000-03-14,0.9946042424508817,0.9939344833721739,0.00066975907870781
2000-03-15,0.9943559098505366,0.9938233278198592,0.0005325820306774087
2000-03-16,0.9944172448649817,0.9937698355229974,0.0006474093419843729
2000-03-17,0.9941950890020452,0.9939336064772845,0.00026148252476076994
2000-03-20,0.9942509625748709,0.9938264270698061,0.00042453550506482696
2000-03-21,0.993938221541371,0.9939927093599169,-5.448781854588969e-05
2000-03-22,0.9940501907763079,0.9943360354405562,-0.00028584466424830257
2000-03-23,0.994186554141716,0.9943674515302985,-0.0001808973885825127
2000-03-24,0.9939690097137462,0.9940610914817982,-9.208176805197699e-05
2000-03-27,0.993836281084071,0.9937634676772855,7.281340678544357e-05
2000-03-28,0.9935767429811532,0.9933846628102112,0.00019208017094196617
2000-03-29,0.9935767429811532,0.9934160788999538,0.0001606640811994131
2000-03-30,0.9937542307738368,0.9935773393390583,0.00017689143477850333
2000-03-31,0.9941604211011017,0.9934890363263473,0.0006713847747543689
2000-04-03,0.9938680581056711,0.9936742261571448,0.0001938319485262907
2000-04-04,0.9938381391809684,0.9936372601250058,0.0002008790559626661
2000-04-05,0.9938011731488295,0.9933758249261588,0.00042534822267070727
2000-04-06,0.9939453997604053,0.9934807722018243,0.00046462755858101
2000-04-07,0.9939061204244951,0.9932324396014793,0.0006736808230157765
2000-04-10,0.9939061204244951,0.9930375992979962,0.0008685211264989334
2000-04-11,0.9939061204244951,0.9930375992979962,0.0008685211264989334
2000-04-12,0.9939061204244951,0.9927095777195882,0.0011965427049068778
2000-04-13,0.9939061204244951,0.9926450905705845,0.0012610298539106335
2000-04-14,0.9939061204244949,0.9923641110290264,0.0015420093954684466
2000-04-17,0.9938775624111227,0.992152761005245,0.0017248014058777184
2000-04-18,0.994014660743304,0.9923543464864298,0.0016603142568741847
2000-04-19,0.9941998505741018,0.9925559319676152,0.0016439186064866051
2000-04-20,0.994228408587474,0.9923794755836743,0.0018489330037996243
2000-04-24,0.9939585816256171,0.9926278081840193,0.0013307734415978212
2000-04-25,0.9940453829950265,0.9929573218469261,0.0010880611481004498
2000-04-26,0.9942509446210479,0.9930131954197517,0.0012377492012961566
2000-04-27,0.994456506247069,0.9931251646546888,0.0013313415923802419
2000-04-28,0.994614363973989,0.9933365312228949,0.0012778327510940546
2000-05-01,0.9947908203579297,0.9935979664217419,0.0011928539361877322
2000-05-02,0.9948193783713019,0.9936514587186038,0.001167919652698024
2000-05-03,0.9947373280610677,0.9934031261182587,0.0013342019428090879
2000-05-04,0.9944245870275678,0.9932849790235582,0.0011396080040095846
2000-05-05,0.9944245870275678,0.9930736124553521,0.0013509745722156685
2000-05-08,0.9945931014494916,0.9928884226245545,0.0017046788249371891
2000-05-09,0.9945346245114165,0.9926868371433694,0.001847787368047138
2000-05-10,0.994506066498044,0.9926868371433694,0.0018192293546746008
2000-05-11,0.9945881168082785,0.9928371167899015,0.0017510000183770247
2000-05-12,0.9943516211428278,0.9926928901783255,0.0016587309645023085
2000-05-15,0.9945857407822215,0.9929150460412622,0.0016706947409592665
2000-05-16,0.994546461446311,0.993044362299234,0.0015020991470769962
2000-05-17,0.9945750194596834,0.9931807256646421,0.0013942937950413015
2000-05-18,0.9943051924978268,0.9933444966189291,0.0009606958788976883
2000-05-19,0.9941015279677349,0.9933647601289701,0.0007367678387647514
2000-05-22,0.9938793721047982,0.9932069024020506,0.0006724697027475912
2000-05-23,0.9940086883627699,0.9933571820485827,0.0006515063141872002
2000-05-24,0.9939502114246949,0.9934565793818517,0.0004936320428431396
2000-05-25,0.994211646623542,0.9934235083225905,0.0007881383009514797
2000-05-26,0.9942878919915914,0.9935229056558594,0.0007649863357319653
2000-05-30,0.9944827322950746,0.9939683753190347,0.0005143569760398536
2000-05-31,0.9945899117025534,0.9942717122445328,0.0003181994580205849
2000-06-01,0.9945899117025532,0.9943946763316117,0.00019523537094146004
2000-06-02,0.9944827322950746,0.9944626575751385,2.0074719936036267e-05
2000-06-05,0.994451316205332,0.9948116183602232,-0.0003603021548912455
2000-06-06,0.9945412092331497,0.9948629241948761,-0.0003217149617263937
2000-06-07,0.9945412092331497,0.9948629241948761,-0.0003217149617263937
2000-06-08,0.9944827322950746,0.9949214011329512,-0.00043866883787668787
2000-06-09,0.9944827322950748,0.9952023806745093,-0.000719648379434501
2000-06-12,0.9943655237078036,0.9950112941607689,-0.0006457704529653219
2000-06-13,0.9943655237078038,0.9947916496336561,-0.00042612592585222764
2000-06-14,0.9945233979791478,0.9949036188685929,-0.00038022088944511534
2000-06-15,0.994771730579493,0.9948391317195892,-6.740114009617937e-05
2000-06-16,0.9946605750271782,0.994599223682435,6.135134474316573e-05
2000-06-19,0.9946320170138055,0.9941118522926087,0.0005201647211968696
2000-06-20,0.9945499667035714,0.9939825360346368,0.0005674306689346098
2000-06-21,0.9945214086901991,0.9940384096074628,0.00048299908273630177
2000-06-22,0.9945772822630249,0.9936495552465732,0.0009277270164517182
2000-06-23,0.9942739453375264,0.9936495552465732,0.0006243900909532751
2000-06-26,0.9941108986000678,0.9940557455738381,5.5153026229715074e-05
2000-06-27,0.9940495635856229,0.9943032089265106,-0.000253645340887676
2000-06-28,0.9940495635856227,0.9943032089265106,-0.00025364534088789803
2000-06-29,0.9939423841781442,0.9943032089265106,-0.0003608247483664062
2000-06-30,0.9939723031028469,0.9943032089265104,-0.0003309058236634632
2000-07-03,0.9937108679039998,0.9943032089265104,-0.0005923410225106007
2000-07-05,0.9937108679039998,0.9943032089265104,-0.0005923410225106007
2000-07-06,0.9938180473114785,0.9942038115932413,-0.00038576428176284594
2000-07-07,0.9939945036954192,0.9942038115932413,-0.00020930789782214188
2000-07-10,0.9941117122826901,0.9941738926685386,-6.218038584848706e-05
2000-07-11,0.9938941678547204,0.9940794865948323,-0.00018531874011185057
2000-07-12,0.993757069522539,0.9940425205626932,-0.0002854510401542054
2000-07-13,0.993885266111055,0.9938846462913489,6.198197061157984e-07
2000-07-14,0.9940966161348365,0.9937006118270206,0.00039600430781583373
2000-07-17,0.9942342103517152,0.9936012144937518,0.0006329958579633921
2000-07-18,0.9944628345968539,0.9934892452588145,0.0009735893380393712
2000-07-19,0.9941704716014234,0.9936732797231429,0.0004971918782804563
2000-07-20,0.9945187081696798,0.9937676857968493,0.0007510223728305343
2000-07-21,0.9941978175685222,0.9937676857968495,0.000430131771672726
2000-07-24,0.99404753792199,0.9936605063893708,0.00038703153261920864
2000-07-25,0.993599635465213,0.9936954165736359,-9.578110842289878e-05
2000-07-26,0.9935411585271378,0.9936640004838934,-0.00012284195675560383
2000-07-27,0.993599635465213,0.9937284876328972,-0.00012885216768421248
2000-07-28,0.9933710112200744,0.9937284876328972,-0.0003574764128227992
2000-07-31,0.9935885556480439,0.9937284876328972,-0.00013993198485329206
2000-08-01,0.9934382760015117,0.9937284876328972,-0.0002902116313855396
2000-08-02,0.993211436176567,0.9937284876328972,-0.0005170514563301865
2000-08-03,0.9931800200868245,0.9938514517199761,-0.0006714316331516423
2000-08-04,0.993209939011527,0.9938514517199761,-0.0006415127084491434
2000-08-07,0.9934115244927122,0.9938863619042415,-0.00047483741152931636
2000-08-08,0.9931490804219846,0.9938564429795388,-0.0007073625575542142
2000-08-09,0.9929542401185012,0.9935588191750261,-0.0006045790565248899
2000-08-10,0.9930614195259799,0.9934295029170543,-0.0003680833910744141
2000-08-11,0.9926111221554739,0.9935588191750261,-0.0009476970195522183
2000-08-14,0.9924346657715333,0.9933532575490045,-0.0009185917774712227
2000-08-15,0.9925245587993508,0.9932973839761788,-0.0007728251768280847
2000-08-16,0.9924301527256442,0.9932973839761788,-0.0008672312505346724
2000-08-17,0.992351531331538,0.9932624737919135,-0.0009109424603754857
2000-08-18,0.9924335816417721,0.9934381164932321,-0.001004534851460015
2000-08-21,0.9923751047036972,0.9931620951271872,-0.0007869904234900638
2000-08-22,0.9924424685097311,0.993267042402853,-0.0008245738931219604
2000-08-23,0.9924686452471397,0.9934173220493854,-0.0009486768022456404
2000-08-24,0.9925946955448138,0.9937067790770059,-0.0011120835321920541
2000-08-25,0.9925126452345795,0.9940557398620905,-0.0015430946275110102
2000-08-28,0.9926246144695166,0.9940888109213517,-0.0014641964518351536
2000-08-29,0.9924812291448372,0.9937678899125488,-0.001286660767711667
2000-08-30,0.992399178834603,0.9935188755277957,-0.0011196966931926733
2000-08-31,0.9924361448667419,0.9935188755277957,-0.001082730661053799
2000-09-01,0.9924012346824768,0.9936087685556132,-0.001207533873136435
2000-09-05,0.992429792695849,0.9938577829403665,-0.001427990244517563
2000-09-06,0.9925611342102508,0.9938577829403665,-0.0012966487301157015
2000-09-07,0.9927463240410486,0.9939257641838931,-0.0011794401428445456
2000-09-08,0.9927812342253137,0.9936463761490401,-0.0008651419237263314
2000-09-11,0.9927526762119414,0.9934960965025077,-0.0007434202905662879
2000-09-12,0.9926213346975393,0.9934960965025077,-0.0008747618049683714
2000-09-13,0.993041713143343,0.9935859895303254,-0.0005442763869824008
2000-09-14,0.9930941122091003,0.9935215023813215,-0.00042739017222126474
2000-09-15,0.993022235992696,0.993611395409139,-0.000589159416442997
2000-09-18,0.9931535775070979,0.993740711667111,-0.000587134160013103
2000-09-19,0.9929519920259126,0.9937407116671108,-0.0007887196411981989
2000-09-20,0.9928733706318064,0.9937107927424083,-0.0008374221106018931
2000-09-21,0.9930749561129915,0.9934994261742022,-0.0004244700612107133
2000-09-22,0.9932805177390128,0.9936846160049998,-0.00040409826598697407
2000-09-25,0.9936212407883112,0.9939103635931084,-0.00028912280479720387
2000-09-26,0.9937576041537193,0.9937790220787063,-2.141792498699946e-05
2000-09-27,0.9935890897317954,0.9937441118944409,-0.00015502216264551283
2000-09-28,0.9940611542954955,0.9935099922550472,0.0005511620404482498
2000-09-29,0.9942114339420278,0.9936533775797267,0.000558056362301107
2000-10-02,0.9940884698549489,0.9939546206313259,0.0001338492236230282
2000-10-03,0.9939940637812423,0.9939876916905871,6.372090655237805e-06
2000-10-04,0.9938829082289278,0.993851328325179,3.157990374880182e-05
2000-10-05,0.9939342140635807,0.9935753069591342,0.0003589071044465264
2000-10-06,0.9937763397922363,0.9932121037687812,0.0005642360234551225
2000-10-09,0.9936449982778345,0.9932121037687812,0.000432894509053261
2000-10-10,0.9938429551995585,0.9930678771572052,0.0007750780423532166
2000-10-11,0.9940281450303561,0.9934895572856333,0.0005385877447228182
2000-10-12,0.993891781664948,0.9937153048737417,0.00017647679120624815
2000-10-13,0.9941301604699216,0.9936822338144804,0.0004479266554412442
2000-10-16,0.9941775893734897,0.9935964413169518,0.0005811480565378613
2000-10-17,0.9942530573150659,0.9936897010135778,0.0005633563014880716
2000-10-18,0.9943602367225444,0.9936582849238352,0.0007019517987091328
2000-10-19,0.9944546427962512,0.9938444132620625,0.0006102295341886554
2000-10-20,0.9943688502987226,0.9940305416002897,0.0003383086984328765
2000-10-23,0.9945636906022057,0.9942929856710175,0.0002707049311881926
2000-10-24,0.9942090478420545,0.9943215436843899,-0.00011249584233530285
2000-10-25,0.9941848857351313,0.9938341722945634,0.000350713440567918
2000-10-26,0.9944609071011761,0.9939513808818345,0.0005095262193415273
2000-10-27,0.9944609071011761,0.9943968505450097,6.405655616636974e-05
2000-10-30,0.9945838711882549,0.9943024444713033,0.0002814267169515272
2000-10-31,0.9945158899447284,0.9940683248319097,0.00044756511281873745
2000-11-01,0.9944828188854672,0.9941296598463549,0.00035315903911226076
2000-11-02,0.9943929258576497,0.9943312453275398,6.168053010990882e-05
2000-11-03,0.9944923231909186,0.9943925803419852,9.974284893343732e-05
2000-11-06,0.994527233375184,0.9942753717547141,0.00025186162046986205
2000-11-07,0.9944011830775097,0.9943925803419852,8.602735524498861e-06
2000-11-08,0.9941646874120594,0.9941451169893127,1.9570422746695293e-05
2000-11-09,0.9941361293986868,0.994173675002685,-3.754560399826801e-05
2000-11-10,0.9939381724769628,0.9939038480408284,3.4324436134380854e-05
2000-11-13,0.9939381724769628,0.9938393608918247,9.881158513813659e-05
2000-11-14,0.9939381724769628,0.9939575079865252,-1.9335509562345976e-05
2000-11-15,0.9939381724769628,0.9942049713391976,-0.0002667988622347961
2000-11-16,0.993726805908757,0.9941464944011225,-0.00041968849236551087
2000-11-17,0.9936323998350504,0.994056601373305,-0.0004242015382546205
2000-11-20,0.9937553639221292,0.9936677470124153,8.761690971381686e-05
2000-11-21,0.9938339853162356,0.9932818201951916,0.000552165121043946
2000-11-22,0.9939019665597622,0.9931588561081128,0.0007431104516493203
2000-11-24,0.9938705504700196,0.9931588561081126,0.0007116943619069893
2000-11-27,0.993609892697646,0.9930468868731755,0.0005630058244704417
2000-11-28,0.993609892697646,0.9930468868731758,0.0005630058244702196
2000-11-29,0.9933338713316012,0.9929296782859048,0.00040419304569638825
2000-11-30,0.9935945291039747,0.9927331554629687,0.0008613736410060246
2000-12-01,0.993465212846003,0.9924407924675384,0.0010244203784646189
2000-12-04,0.993465212846003,0.9927022276663856,0.0007629851796173703
2000-12-05,0.9935438342401092,0.9930107197242584,0.0005331145158508077
2000-12-06,0.9934410507390797,0.993105125797965,0.00033592494111478466
2000-12-07,0.9932907710925475,0.9934939801588544,-0.0002032090663068864
2000-12-08,0.993153672760366,0.9938799069760781,-0.0007262342157120516
2000-12-11,0.9932029639645338,0.9940241335876542,-0.0008211696231203991
2000-12-12,0.9931243425704276,0.9939968180282008,-0.0008724754577732474
2000-12-13,0.9930013784833486,0.9940298890874621,-0.001028510604113575
2000-12-14,0.9930658656323524,0.9940912241019072,-0.0010253584695547602
2000-12-15,0.9930957845570549,0.994361051063764,-0.0012652665067091062
2000-12-18,0.9933447989418083,0.9946210913986453,-0.0012762924568370249
2000-12-19,0.9930339948172127,0.9945675991017835,-0.001533604284570833
2000-12-20,0.9928677125271018,0.9943562325335774,-0.001488520006475591
2000-12-21,0.9928202836235338,0.9942512852579117,-0.0014310016343779264
2000-12-22,0.9929636689482133,0.9941283211708329,-0.0011646522226196332
2000-12-26,0.9928816186379791,0.9939919578054248,-0.0011103391674457397
2000-12-27,0.9931792424424918,0.9937863961794036,-0.0006071537369117808
2000-12-28,0.9931792424424918,0.9935165692175469,-0.00033732677505515785
2000-12-29,0.9931299512383241,0.9933480547956228,-0.0002181035572986767
2001-01-02,0.9929928529061428,0.9932187385376511,-0.00022588563150827135
2001-01-03,0.9932961898316409,0.9930430958363328,0.00025309399530815124
2001-01-04,0.9930704422435327,0.9933443388879317,-0.00027389664439902983
2001-01-05,0.9933311000159063,0.993743881290841,-0.00041278127493471484
2001-01-08,0.9931826142387501,0.993743881290841,-0.0005612670520909191
2001-01-09,0.992933599853997,0.9936266727035699,-0.0006930728495728733
2001-01-10,0.9929036809292943,0.9936266727035701,-0.0007229917742758163
2001-01-11,0.9929036809292943,0.9937386419385069,-0.0008349610092126536
2001-01-12,0.99283180471289,0.9935755952010481,-0.0007437904881580915
2001-01-16,0.9926739304415456,0.9937811568270697,-0.0011072263855240738
2001-01-17,0.9926739304415456,0.9938710498548872,-0.001197119413341552
2001-01-18,0.9926739304415456,0.993726823243311,-0.0010528928017653483
2001-01-19,0.9927683365152522,0.9936683463052358,-0.0009000097899836135
2001-01-22,0.9928196423499049,0.993804709670644,-0.000985067320739108
2001-01-23,0.9929054348474338,0.9941873150871938,-0.0012818802397600582
2001-01-24,0.9929054348474338,0.9942591913035981,-0.0013537564561643123
2001-01-25,0.9928469579093584,0.9938112888468214,-0.0009643309374629538
2001-01-26,0.9928196423499052,0.993752811908746,-0.0009331695588408184
2001-01-29,0.9930266050651364,0.9938970385203222,-0.0008704334551857817
2001-01-30,0.993001475967892,0.9939555154583973,-0.0009540394905053207
2001-01-31,0.9928986924668624,0.9940499215321039,-0.0011512290652415658
2001-02-01,0.9927775222491598,0.9939736761640544,-0.0011961539148945821
2001-02-02,0.9926010658652189,0.9936393620531937,-0.0010382961879747965
2001-02-05,0.9926010658652189,0.9937939703642404,-0.001192904499021541
2001-02-06,0.9926010658652189,0.9938797628617688,-0.0012786969965499217
2001-02-07,0.992408389336372,0.9941591508966221,-0.0017507615602501136
2001-02-08,0.9922537810253252,0.9941032773237964,-0.0018494962984711982
2001-02-09,0.9920280334372168,0.993813820296176,-0.0017857868589592485
2001-02-12,0.9921722600487929,0.9935978769706839,-0.0014256169218910264
2001-02-13,0.9919338812438192,0.9935978769706841,-0.0016639957268649308
2001-02-14,0.9917594404846314,0.9935034708969775,-0.0017440304123461647
2001-02-15,0.9915742506538341,0.9937090325229989,-0.0021347818691648257
2001-02-16,0.991703566911806,0.9938854889069396,-0.0021819219951336732
2001-02-20,0.9919293144999142,0.9940357685534719,-0.0021064540535576937
2001-02-21,0.9921145043307118,0.9938601258521532,-0.0017456215214414206
2001-02-22,0.9922139016639808,0.9939246130011571,-0.0017107113371762628
2001-02-23,0.9923751621030854,0.9937481566172162,-0.0013729945141307542
2001-02-26,0.9926214790786771,0.9939640999427082,-0.00134262086403103
2001-02-27,0.9925103235263626,0.9939926579560804,-0.001482334429717791
2001-02-28,0.9927487023313363,0.993849272631401,-0.0011005703000647182
2001-03-01,0.9925373357631303,0.9938162015721397,-0.0012788658090093774
2001-03-02,0.9929368781660394,0.9937910724748955,-0.0008541943088561377
2001-03-05,0.9928340946650098,0.9938495494129704,-0.001015454747960609
2001-03-06,0.992704778407038,0.9936154297735768,-0.0009106513665387839
2001-03-07,0.993200109767383,0.9936154297735768,-0.000415320006193709
2001-03-08,0.9927980381036641,0.9936154297735769,-0.0008173916699127926
2001-03-09,0.9923501356468871,0.9935160324403077,-0.0011658967934206066
2001-03-12,0.9920525118423742,0.9936473739547096,-0.0015948621123353934
2001-03-13,0.9922999751950469,0.9936473739547096,-0.0013473987596627213
2001-03-14,0.9925113819863731,0.9937766902126816,-0.001265308226308437
2001-03-15,0.9925758691353769,0.9937182132746064,-0.0011423441392295342
2001-03-16,0.9928365269077507,0.9939777513775239,-0.001141224469773161
2001-03-19,0.9926503985695233,0.9940849307850026,-0.0014345322154792894
2001-03-20,0.9928483554912475,0.994113488798375,-0.0012651333071275195
2001-03-21,0.9929202317076518,0.9940140914651062,-0.0010938597574544628
2001-03-22,0.992691607462513,0.9943017034013615,-0.0016100959388485325
2001-03-23,0.9926197312461088,0.9943630384158068,-0.0017433071696979496
2001-03-26,0.9926197312461087,0.994513318062339,-0.0018935868162303082
2001-03-27,0.9926511473358511,0.9944234250345213,-0.001772277698670166
2001-03-28,0.992715634484855,0.9944234250345215,-0.0017077905496665213
2001-03-29,0.9926511473358511,0.994318477758856,-0.0016673304230048203
2001-03-30,0.9926511473358511,0.9944548411242639,-0.001803693788412719
2001-04-02,0.9928276037197918,0.9944548411242639,-0.001627237404472015
2001-04-03,0.9925651596490641,0.9942326852613271,-0.001667525612263021
2001-04-04,0.9925001234329979,0.9942326852613274,-0.001732561828329482
2001-04-05,0.9923951761573322,0.9944725932984813,-0.0020774171411490627
2001-04-06,0.9927092267581517,0.9946947491614178,-0.0019855224032661045
2001-04-09,0.9928937539939009,0.9946947491614178,-0.0018009951675168612
2001-04-10,0.9928117036836666,0.9948610314515286,-0.0020493277678620414
2001-04-11,0.9929550890083463,0.9948240654193897,-0.0018689764110434437
2001-04-12,0.9929550890083461,0.9949098579169181,-0.0019547689085720465
2001-04-16,0.9929865050980886,0.9946400309550615,-0.0016535258569728706
2001-04-17,0.9931178466124905,0.9945456248813549,-0.0014277782688644214
2001-04-18,0.992942203911172,0.994858365914855,-0.0019161620036829419
2001-04-19,0.9930095677172062,0.9949527719885614,-0.0019432042713551922
2001-04-20,0.9927936243917143,0.9948455925810826,-0.0020519681893683694
2001-04-23,0.9927291372427105,0.9949242139751889,-0.0021950767324784293
2001-04-24,0.9925920389105292,0.9949242139751889,-0.0023321750646597694
2001-04-25,0.9929915813134382,0.9949242139751889,-0.0019326326617506995
2001-04-26,0.9925446100069613,0.9949242139751889,-0.0023796039682276726
2001-04-27,0.9928815131473844,0.994662778776342,-0.00178126562895764
2001-04-30,0.9927129987254607,0.9944032406734241,-0.0016902419479634112
2001-05-01,0.9925074370994392,0.9943733217487215,-0.001865884649282279
2001-05-02,0.9925074370994392,0.9944591142462499,-0.0019516771468106597
2001-05-03,0.9924429499504354,0.9943220159140687,-0.0018790659636332974
2001-05-04,0.992398852941046,0.994350573927441,-0.0019517209863949558
2001-05-07,0.9928009246047652,0.994350573927441,-0.0015496493226757613
2001-05-08,0.9930609649396462,0.993953977305317,-0.0008930123656707423
2001-05-09,0.9933224001384934,0.9937039621855194,-0.00038156204702599616
2001-05-10,0.9932909840487508,0.9936181696879908,-0.00032718563923994637
2001-05-11,0.9933981634562296,0.9935282766601731,-0.000130113203943516
2001-05-14,0.9931357193855018,0.993446226349939,-0.00031050696443712944
2001-05-15,0.9928894024099102,0.9931855685775653,-0.00029616616765515413
2001-05-16,0.9933614669736105,0.9932927479850436,6.871898856686265e-05
2001-05-17,0.9933614669736105,0.9931381396739971,0.00022332729961338504
2001-05-18,0.9933373048666869,0.9934175277088502,-8.022284216324671e-05
2001-05-21,0.9938067116526461,0.9933125804331848,0.0004941312194612912
2001-05-22,0.9941194526861461,0.9930092435076864,0.0011102091784597201
2001-05-23,0.9939035093606543,0.9930354202450948,0.0008680891155594672
2001-05-24,0.9939570016575161,0.9928990568796867,0.0010579447778293893
2001-05-25,0.9939177223216056,0.9931212127426234,0.0007965095789821408
2001-05-29,0.9942053342578611,0.9928597775437764,0.0013455567140846503
2001-05-30,0.9938309209521964,0.9924683233244503,0.0013625976277460428
2001-05-31,0.9941791575204526,0.9923249379997708,0.0018542195206817658
2001-06-01,0.9943951008459444,0.9922299445194764,0.002165156326467965
2001-06-04,0.9942690505482701,0.992053488135536,0.002215562412734129
2001-06-05,0.9943303855627154,0.9921253643519402,0.002205021210775149
2001-06-06,0.9941801059161831,0.992454878014847,0.0017252279013361127
2001-06-07,0.994244593065187,0.9921788566488019,0.0020657364163850778
2001-06-08,0.9943439903984559,0.9921439464645367,0.002200043933919149
2001-06-11,0.9944489376741217,0.9918956138641916,0.002553323809930119
2001-06-12,0.9944265021946396,0.9920486711431575,0.0023778310514820378
2001-06-13,0.9945019701362158,0.9923101063420047,0.002191863794211102
2001-06-14,0.9945476724123425,0.9920987397737986,0.0024489326385439547
2001-06-15,0.9943135527729489,0.9923957879194182,0.001917764853530679
2001-06-18,0.9945393003610573,0.9921357475845368,0.00240355277652049
2001-06-19,0.9946512695959941,0.9923857627043347,0.0022655068916594967
2001-06-20,0.9948672129214859,0.9924977319392715,0.002369480982214456
2001-06-21,0.9946512695959941,0.9926340953046796,0.0020171742913145385
2001-06-22,0.9946745363926388,0.9926340953046796,0.0020404410879591994
2001-06-25,0.9945887438951102,0.9924898686931036,0.002098875202006578
2001-06-26,0.994527408880665,0.992529148029014,0.0019982608516510014
2001-06-27,0.9943428816449158,0.9925622190882754,0.0017806625566404444
2001-06-28,0.9943987552177415,0.9927658836183672,0.0016328715993743081
2001-06-29,0.9944886482455589,0.9924518330175477,0.002036815228011246
2001-07-02,0.9947143958336674,0.9922502475363628,0.002464148297304569
2001-07-03,0.9947143958336676,0.9920465830062709,0.0026678128273966983
2001-07-05,0.9949303391591594,0.9919952771716178,0.002935061987541565
2001-07-06,0.9949303391591594,0.9921024565790966,0.002827882580062835
2001-07-09,0.9952849819193105,0.992073898565724,0.0032110833535864414
2001-07-10,0.9953961374716253,0.9921418798092506,0.0032542576623746378
2001-07-11,0.9953647213818827,0.9919161322211424,0.003448589160740312
2001-07-12,0.9952748283540653,0.9920740064924866,0.003200821861578773
2001-07-13,0.9951202200430186,0.9921684125661929,0.002951807476825663
2001-07-16,0.9950476620422063,0.9921099356281178,0.002937726414088515
2001-07-17,0.9950214853047977,0.9920105382948488,0.003010947009948972
2001-07-18,0.9951578486702058,0.9922711960672226,0.002886652602983264
2001-07-19,0.9950933615212021,0.9920105382948486,0.0030828232263534483
2001-07-20,0.9950619454314595,0.9921684125661929,0.0028935328652666126
2001-07-23,0.9952198197028038,0.9923321835204801,0.002887636182323683
2001-07-24,0.9950905034448321,0.9925173733512778,0.00257313009355431
2001-07-25,0.9950905034448321,0.9924824631670124,0.00260804027781969
2001-07-26,0.9948956631413487,0.9923382365554364,0.0025574265859122924
2001-07-27,0.9951795877103671,0.9925692645364216,0.0026103231739454946
2001-07-30,0.9952069032698205,0.992597822549794,0.0026090807200265242
2001-07-31,0.9952330800072291,0.9926263805631663,0.0026066994440627766
2001-08-01,0.9955932499442969,0.9922774197780817,0.0033158301662151723
2001-08-02,0.9957595322344079,0.9922774197780817,0.0034821124563262362
2001-08-03,0.9956607974961871,0.9922774197780817,0.0033833777181053737
2001-08-06,0.9954843411122464,0.9922261139434286,0.00325822716881774
2001-08-07,0.99540571971814,0.9920312736399456,0.003374446078194371
2001-08-08,0.9955051170514092,0.9919754000671199,0.0035297169842892773
2001-08-09,0.9955635939894841,0.9917139648682727,0.003849629121211451
2001-08-10,0.9955350359761119,0.9919066413971199,0.0036283945789920002
2001-08-13,0.9954057197181398,0.9922275145144829,0.0031782052036569697
2001-08-14,0.9953199272206114,0.9920696402431386,0.0032502869774727605
2001-08-15,0.9954371358078824,0.9917936188770937,0.0036435169307886817
2001-08-16,0.9951263316832868,0.9915175975110488,0.0036087341722379485
2001-08-17,0.9951943129268136,0.9913062309428428,0.003888081983970837
2001-08-20,0.995099906853107,0.9913062309428428,0.0037936759102642492
2001-08-21,0.9952763632370477,0.991751700606018,0.0035246626310296847
2001-08-22,0.99542664288358,0.9914540768015053,0.003972566082074636
2001-08-23,0.9956282283647653,0.9917681274023248,0.0038601009624404936
2001-08-24,0.9954989121067931,0.9918240009751507,0.003674911131642422
2001-08-27,0.9951671250061829,0.9916224154939655,0.0035447095122174144
2001-08-28,0.9948956751419475,0.9913247916894526,0.0035708834524948996
2001-08-29,0.9946940896607627,0.9914826659607969,0.003211423699965743
2001-08-30,0.994604196632945,0.9910574598076627,0.0035467368252822817
2001-08-31,0.9945692864486796,0.9911602433086922,0.0034090431399873555
2001-09-04,0.9947271607200239,0.9906279722761075,0.004099188443916324
2001-09-05,0.9948443693072949,0.9905830726333497,0.0042612966739452585
2001-09-06,0.9948774403665561,0.9903216374345025,0.004555802932053599
2001-09-07,0.9947602317792852,0.990547385022611,0.004212846756674216
2001-09-10,0.9947602317792852,0.9906331775201396,0.004127054259145613
2001-09-17,0.9946922505357584,0.9908672971595333,0.0038249533762251264
2001-09-18,0.9945692864486798,0.9906821073287355,0.003887179119944295
2001-09-19,0.9944748803749732,0.9905378807171594,0.0039369996578138
2001-09-20,0.9947812404234734,0.9908506217506593,0.003930618672814079
2001-09-21,0.9947812404234736,0.9909405147784772,0.003840725644996379
2001-09-24,0.9949042045105525,0.9910476941859556,0.0038565103245968846
2001-09-25,0.9947781542128784,0.9911334866834842,0.0036446675293941855
2001-09-26,0.9949011182999571,0.9912997689735951,0.0036013493263620244
2001-09-27,0.9949243850966017,0.9912412920355199,0.0036830930610818324
2001-09-28,0.994985720111047,0.9913991663068642,0.0035865538041828238
2001-10-01,0.9951150363690188,0.9916047279328856,0.0035103084361332026
2001-10-02,0.9949571620976747,0.9917887623972138,0.0031683997004609
2001-10-03,0.9949571620976747,0.9920811253926443,0.002876036705030449
2001-10-04,0.99501849711212,0.9923294579929893,0.002689039119130654
2001-10-05,0.9950798321265651,0.9925242982964725,0.00255553383009266
2001-10-08,0.9949977818163308,0.9923402638321442,0.0026575179841865637
2001-10-09,0.9947961963351456,0.9925254536629419,0.0022707426722037294
2001-10-10,0.9949325597005537,0.9924641186484966,0.0024684410520571243
2001-10-11,0.994710403837617,0.9924940375731993,0.0022163662644176796
2001-10-12,0.9947104038376172,0.9926519118445436,0.002058491993073619
2001-10-15,0.9947858717791932,0.9927103887826186,0.0020754829965745625
2001-10-16,0.994871664276722,0.9929864101486636,0.0018852541280584
2001-10-17,0.9949766115523876,0.9931157264066354,0.0018608851457522224
2001-10-18,0.9949047353359831,0.99308081622237,0.001823919113613126
2001-10-19,0.9948774197765299,0.9929456547990929,0.0019317649774369672
2001-10-22,0.995176135817879,0.9931570615904196,0.0020190742274593942
2001-10-23,0.9950004931165602,0.9933519018939027,0.0016485912226575916
2001-10-24,0.9950319092063028,0.9936531449455019,0.0013787642608008577
2001-10-25,0.9949498588960686,0.993901477545847,0.001048381350221561
2001-10-26,0.9947653316603191,0.993901477545847,0.0008638541144720957
2001-10-29,0.9941951657547351,0.9937351952557362,0.0004599704989989295
2001-10-30,0.9942677237555475,0.9937351952557362,0.0005325284998113355
2001-10-31,0.9940312280900969,0.993864511513708,0.00016671657638889226
2001-11-01,0.9945315296126312,0.9941568745091386,0.0003746551034926604
2001-11-02,0.9942840662599588,0.9940275582511666,0.00025650800879217783
2001-11-05,0.9941846689266898,0.9936038537413343,0.0005808151853554655
2001-11-06,0.9940183866365792,0.993733169999306,0.0002852166372731002
2001-11-07,0.9942667192369241,0.9938325673325752,0.0004341519043489228
2001-11-08,0.9942667192369241,0.9938624862572778,0.0004042329796463129
2001-11-09,0.9942918483341685,0.9938939023470204,0.00039794598714815166
2001-11-12,0.9940183866365789,0.9942079529478398,-0.0001895663112608803
2001-11-13,0.9942297934279055,0.9942079529478398,2.1840480065704604e-05
2001-11-14,0.994075185116859,0.9939883084207268,8.687669613216542e-05
2001-11-15,0.9938465608717202,0.9940197245104694,-0.00017316363874919638
2001-11-16,0.9936780464497961,0.9939898055857667,-0.0003117591359705907
2001-11-19,0.9933804226452834,0.9939898055857667,-0.000609382940483294
2001-11-20,0.9932574585582047,0.9939583894960241,-0.0007009309378194217
2001-11-21,0.9932888746479472,0.994089731010426,-0.0008008563624787302
2001-11-23,0.9934750029861743,0.9942808175241666,-0.0008058145379923332
2001-11-26,0.9932694413601528,0.9942194825097214,-0.0009500411495685368
2001-11-27,0.9933374226036796,0.9944690459615371,-0.0011316233578574364
2001-11-28,0.9932588012095733,0.9943791529337194,-0.0011203517241460403
2001-11-29,0.9934030278211493,0.9943791529337194,-0.0009761251125700587
2001-11-30,0.9933131347933318,0.9941880664199788,-0.0008749316266469798
2001-12-03,0.99306681781774,0.9940438398084026,-0.0009770219906626298
2001-12-04,0.9933877084188976,0.9936745587457321,-0.00028685032683450906
2001-12-05,0.9936477487537786,0.9937508041137815,-0.0001030553600028794
2001-12-06,0.9937263701478848,0.993935993944579,-0.00020962379669420272
2001-12-07,0.9938634684800662,0.9938502014470506,1.326703301562926e-05
2001-12-10,0.9936269728146158,0.9936160818076569,1.089100695883527e-05
2001-12-11,0.9932723300544648,0.9932528786173039,1.9451437160866725e-05
2001-12-12,0.9932723300544648,0.9933291239853536,-5.6793930888754396e-05
2001-12-13,0.9935107088594385,0.993514313816151,-3.604956712477403e-06
2001-12-14,0.993747204524889,0.9936042068439687,0.0001429976809202982
2001-12-17,0.993747204524889,0.9939901336611924,-0.00024292913630341584
2001-12-18,0.9936211542272149,0.9939002406333749,-0.000279086406160034
2001-12-19,0.9934141915119835,0.9939901336611926,-0.0005759421492090855
2001-12-20,0.9934141915119835,0.9939615756478201,-0.0005473841358365483
2001-12-21,0.99350859758569,0.9941602809682561,-0.0006516833825661594
2001-12-24,0.9933913889984191,0.9941602809682561,-0.0007688919698370933
2001-12-26,0.9932969829247125,0.9939990205291516,-0.0007020376044390986
2001-12-27,0.9933283990144549,0.9939431469563257,-0.0006147479418707746
2001-12-28,0.9932339929407485,0.9939082367720603,-0.0006742438313117605
2001-12-31,0.9930180496152566,0.993880921212607,-0.0008628715973503231
2002-01-02,0.9925943451054243,0.9940122627270088,-0.0014179176215844969
2002-01-03,0.9922967213009116,0.9943402843054168,-0.0020435630045051445
2002-01-04,0.9921196775103828,0.99436759986487,-0.0022479223544872307
2002-01-07,0.992003022500181,0.9943675998648702,-0.002364577364689202
2002-01-08,0.9919042877619602,0.9945160856420264,-0.002611797880066269
2002-01-09,0.9918143947341427,0.9944515984930226,-0.0026372037588798802
2002-01-10,0.9918143947341427,0.9947006128777757,-0.0028862181436329903
2002-01-11,0.9920744350690239,0.9947305318024783,-0.0026560967334543495
2002-01-14,0.9922290433800705,0.9947590898158508,-0.0025300464357803643
2002-01-15,0.9924217199089176,0.9947590898158508,-0.0023373699069332288
2002-01-16,0.9927280799574181,0.994916964087195,-0.0021888841297769135
2002-01-17,0.9927280799574179,0.9949169640871951,-0.0021888841297772466
2002-01-18,0.9930257037619306,0.9951225257132162,-0.002096821951285688
2002-01-22,0.9931486678490096,0.995168227989343,-0.002019560140333443
2002-01-23,0.9929559913201625,0.9952676253226119,-0.002311634002449381
2002-01-24,0.9926126652395233,0.9953936756202861,-0.0027810103807628384
2002-01-25,0.9925795941802616,0.9953936756202864,-0.002814081440024707
2002-01-28,0.9923189364078882,0.9951322404214393,-0.0028133040135511767
2002-01-29,0.9922875203181456,0.9951815316256069,-0.002894011307461253
2002-01-30,0.992579883313576,0.9953128731400087,-0.0027329898264326635
2002-01-31,0.9927411437526809,0.99534594419927,-0.0026048004465891728
2002-02-01,0.992933820281528,0.9955386207281172,-0.0026048004465891728
2002-02-04,0.9931108640720564,0.9954528282305888,-0.0023419641585323836
2002-02-05,0.9929344076881159,0.9954528282305886,-0.0025184205424726436
2002-02-06,0.992823252135801,0.995291567791484,-0.002468315655682951
2002-02-07,0.9927673785629754,0.9952915677914841,-0.002524189228508722
2002-02-08,0.9927180873588076,0.9954087763787549,-0.00269068901994729
2002-02-11,0.9922935802156065,0.9952235865479575,-0.002930006332350965
2002-02-12,0.9920311361448788,0.9951590993989536,-0.003127963254074828
2002-02-13,0.9916567228392141,0.9952662788064325,-0.0036095559672183475
2002-02-14,0.9918546797609379,0.9951369625484605,-0.003282282787522628
2002-02-15,0.9919490858346445,0.9951655205618329,-0.0032164347271884663
2002-02-19,0.9918197695766727,0.994997006139909,-0.0031772365632363186
2002-02-20,0.9920822136474002,0.9949684481265366,-0.0028862344791363848
2002-02-21,0.9919379870358243,0.9952560600627923,-0.0033180730269680714
2002-02-22,0.9917615306518838,0.9950303124746837,-0.003268781822799882
2002-02-25,0.9915952483617727,0.9949404194468662,-0.003345171085093468
2002-02-26,0.9917722921523014,0.9949404194468662,-0.0031681272945647265
2002-02-27,0.991677298672007,0.9949962930196921,-0.0033189943476850114
2002-02-28,0.991478593351571,0.99494280072283,-0.003464207371259076
2002-03-01,0.9913422299861631,0.99494280072283,-0.003600570736666975
2002-03-04,0.9913721489108656,0.994693786338077,-0.003321637427211477
2002-03-05,0.9917547543274156,0.9946937863380771,-0.002939032010661591
2002-03-06,0.9919312107113561,0.9946652283247046,-0.0027340176133484606
2002-03-07,0.9918698756969111,0.9945753352968871,-0.0027054595999760345
2002-03-08,0.9919424336977235,0.9944207269858404,-0.002478293288116884
2002-03-11,0.9919697492571767,0.994334934488312,-0.0023651852311352695
2002-03-12,0.9917852220214275,0.9942355371550428,-0.002450315133615266
2002-03-13,0.9915042424798695,0.993974879382669,-0.0024706369027995834
2002-03-14,0.9914743235551667,0.993974879382669,-0.0025005558275023043
2002-03-15,0.9916939680822794,0.9942355371550428,-0.002541569072763372
2002-03-18,0.9918888083857627,0.9941235679201059,-0.002234759534343267
2002-03-19,0.9917989153579452,0.9938172078716054,-0.002018292513660258
2002-03-20,0.9917764798784631,0.993543746174016,-0.001767266295552905
2002-03-21,0.9919249656556193,0.9936117274175427,-0.0016867617619233943
2002-03-22,0.9919863006700645,0.9934997581826055,-0.00151345751254095
2002-03-25,0.9918633365829859,0.9936543664936522,-0.0017910299106663752
2002-03-26,0.9917689305092793,0.9938613292088834,-0.002092398699604092
2002-03-27,0.9918020015685404,0.9938139003053157,-0.0020118987367753194
2002-03-28,0.9920951129626828,0.9936909362182367,-0.001595823255553852
2002-04-01,0.9923334917676567,0.9936909362182367,-0.0013574444505799477
2002-04-02,0.9923334917676567,0.9935296757791321,-0.0011961840114753652
2002-04-03,0.9922636273846069,0.9932806613943788,-0.0010170340097718222
2002-04-04,0.9923390953261831,0.993216174245375,-0.0008770789191918649
2002-04-05,0.9920776601273359,0.993216174245375,-0.0011385141180391134
2002-04-08,0.992112570311601,0.9932746511834504,-0.0011620808718493247
2002-04-09,0.9922496686437826,0.9933976152705293,-0.0011479466267466654
2002-04-10,0.9919509526024335,0.9935205793576082,-0.0015696267551746912
2002-04-11,0.9921040098813994,0.9931316170015472,-0.001027607120147822
2002-04-12,0.9922901382196265,0.9930597407851428,-0.0007696025655162808
2002-04-15,0.9923721885298609,0.9929525613776643,-0.0005803728478034342
2002-04-16,0.9924620815576786,0.9930346116878984,-0.0005725301302198504
2002-04-17,0.9926063081692545,0.9931709750533065,-0.0005646668840519897
2002-04-18,0.9924951526169398,0.9930498048356038,-0.0005546522186640201
2002-04-19,0.9924139715543782,0.9930498048356038,-0.0006358332812256284
2002-04-22,0.9925251271066929,0.9933706954367609,-0.0008455683300679917
2002-04-23,0.9924902169224276,0.9934006143614638,-0.0009103974390362035
2002-04-24,0.9923672528353489,0.9932692728470619,-0.0009020200117130228
2002-04-25,0.9926056316403226,0.9933720563480916,-0.0007664247077689978
2002-04-26,0.9928670668391695,0.9934305332861667,-0.0005634664469972295
2002-04-29,0.9929284018536148,0.9934006143614638,-0.0004722125078490125
2002-04-30,0.9929032727563704,0.993277650274385,-0.0003743775180146125
2002-05-01,0.9925823821552128,0.993277650274385,-0.0006952681191721988
2002-05-02,0.992334049554868,0.993277650274385,-0.0009436007195169349
2002-05-03,0.9921761752835238,0.9930392714694111,-0.0008630961858873132
2002-05-06,0.9923613651143213,0.9927112498910032,-0.0003498847766819635
2002-05-07,0.9920999299154741,0.9927112498910032,-0.000611319975529101
2002-05-08,0.9915182910305661,0.9927112498910032,-0.0011929588604371322
2002-05-09,0.9915182910305661,0.9927112498910032,-0.0011929588604371322
2002-05-10,0.9915182910305661,0.9927112498910032,-0.0011929588604371322
2002-05-13,0.9915182910305663,0.992939874136142,-0.0014215831055757189
2002-05-14,0.9913203341088421,0.9930392714694111,-0.0017189373605689395
2002-05-15,0.9915424899717789,0.993336895273924,-0.0017944053021451412
2002-05-16,0.9916858752964582,0.9932784183358488,-0.0015925430393906037
2002-05-17,0.9916323829995963,0.9931734710601833,-0.0015410880605869481
2002-05-20,0.9917584332972706,0.9933313453315272,-0.0015729120342565794
2002-05-21,0.9917584332972706,0.9932455528339988,-0.0014871195367281986
2002-05-22,0.9918339012388466,0.993304029772074,-0.0014701285332273661
2002-05-23,0.9919772865635261,0.9936250108846084,-0.001647724321082289
2002-05-24,0.9921351608348704,0.9935138553322934,-0.0013786944974230053
2002-05-28,0.9921682318941316,0.9933704700076142,-0.0012022381134826343
2002-05-29,0.9921097549560564,0.9931230066549416,-0.0010132516988852203
2002-05-30,0.9922269635433275,0.9936931725605258,-0.0014662090171982944
2002-05-31,0.9923882239824321,0.9940624536231968,-0.0016742296407646906
2002-06-03,0.9927091145835895,0.9942309680451205,-0.0015218534615309975
2002-06-04,0.9927990076114072,0.9944799824298737,-0.0016809748184665185
2002-06-05,0.9927990076114072,0.9945334747267353,-0.0017344671153280977
2002-06-06,0.9927271313950029,0.9946627909847072,-0.0019356595897043194
2002-06-07,0.9929581593759881,0.9947326553677572,-0.0017744959917691538
2002-06-10,0.9930439518735167,0.9946741784296819,-0.0016302265561651819
2002-06-11,0.9927825166746695,0.9944762215079581,-0.0016937048332885674
2002-06-12,0.9924342801064133,0.9947368792803317,-0.002302599173918396
2002-06-13,0.9921868167537409,0.9950292422757621,-0.002842425522021186
2002-06-14,0.9921554006639983,0.9947685845033885,-0.002613183839390132
2002-06-17,0.9921839586773707,0.9948198903380414,-0.002635931660670665
2002-06-18,0.9922452936918158,0.9948440524449647,-0.0025987587531488554
2002-06-19,0.9923066287062611,0.9948141335202619,-0.0025075048140008604
2002-06-20,0.9921946594713242,0.9946777701548536,-0.002483110683529355
2002-06-21,0.991770954961492,0.9944153260841259,-0.0026443711226338262
2002-06-24,0.991555011636,0.9946887877817154,-0.0031337761457154167
2002-06-25,0.9913779678454714,0.9949512318524433,-0.003573264006971888
2002-06-26,0.9912276881989392,0.9949512318524434,-0.0037235436535041355
2002-06-27,0.9913304716999687,0.9949512318524434,-0.0036207601524747
2002-06-28,0.9913304716999687,0.9949512318524434,-0.0036207601524747
2002-07-01,0.9910704313650874,0.9950298532465496,-0.003959421881462144
2002-07-02,0.9905983668013872,0.9949685182321043,-0.004370151430717062
2002-07-03,0.9904219104174465,0.9947201856317593,-0.004298275214312808
2002-07-05,0.9901185734919482,0.9948832323692179,-0.004764658877269734
2002-07-08,0.9899429307906297,0.9948832323692179,-0.004940301578588269
2002-07-09,0.9898435334573606,0.995094598937424,-0.005251065480063377
2002-07-10,0.9897961045537927,0.9949996054571297,-0.005203500903336988
2002-07-11,0.9896841353188558,0.9949681893673872,-0.005284054048531384
2002-07-12,0.989572166083919,0.9949168835327342,-0.0053447174488152616
2002-07-15,0.9896841353188558,0.9948382621386279,-0.00515412681977212
2002-07-16,0.9893854192775067,0.9948051910793666,-0.0054197718018599295
2002-07-17,0.9891119575799171,0.9948051910793666,-0.0056932334994495015
2002-07-18,0.9890251562105079,0.9948051910793666,-0.005780034868858697
2002-07-19,0.9888809295989318,0.9948051910793666,-0.005924261480434789
2002-07-22,0.9891119575799173,0.9948051910793666,-0.0056932334994492795
2002-07-23,0.9893995695161727,0.9948051910793666,-0.0054056215631939075
2002-07-24,0.9892416351410969,0.9949233381740673,-0.005681703032970442
2002-07-25,0.98898019994225,0.9946626804016937,-0.005682480459443751
2002-07-26,0.9886878369468196,0.9944700038728466,-0.005782166926026955
2002-07-29,0.988711103743464,0.9943470397857674,-0.005635936042303391
2002-07-30,0.989076091354011,0.994381949970033,-0.005305858616022063
2002-07-31,0.9892920346795028,0.9942647413827621,-0.004972706703259333
2002-08-01,0.9892407288448499,0.9941205147711859,-0.004879785926335978
2002-08-02,0.9892966024176758,0.9941456438684305,-0.00484904145075471
2002-08-05,0.9893265213423785,0.994175562793133,-0.004849041450754488
2002-08-06,0.9891719130313318,0.9943512054944516,-0.005179292463119767
2002-08-07,0.9887249417248547,0.9943512054944516,-0.005626263769596851
2002-08-08,0.9888069920350889,0.9943512054944516,-0.0055442134593626236
2002-08-09,0.9887770731103863,0.9943512054944516,-0.0055741323840652335
2002-08-12,0.9887770731103863,0.9943512054944516,-0.0055741323840652335
2002-08-13,0.9886224647993396,0.9943512054944516,-0.005728740695111978
2002-08-14,0.9882258681772156,0.9943512054944516,-0.006125337317235968
2002-08-15,0.9882258681772154,0.9940777437968622,-0.00585187561964684
2002-08-16,0.9882258681772156,0.9939484275388902,-0.005722559361674651
2002-08-19,0.98825099727446,0.9940918128635697,-0.00584081558910976
2002-08-20,0.9883605715956678,0.9942147769506486,-0.005854205354980824
2002-08-21,0.9885047982072439,0.9944405245387569,-0.005935726331512958
2002-08-22,0.9884434631927987,0.9945433080397865,-0.006099844846987779
2002-08-23,0.987851635757307,0.9946605166270575,-0.006808880869750511
2002-08-26,0.9879241937581194,0.9944840602431168,-0.006559866484997401
2002-08-27,0.9882229097994685,0.9941358236748604,-0.005912913875391945
2002-08-28,0.9884177501029517,0.9941358236748604,-0.005718073571908677
2002-08-29,0.9890095775384435,0.9941358236748606,-0.005126246136417101
2002-08-30,0.9889370195376309,0.9939100760867524,-0.004973056549121502
2002-09-03,0.988738314217195,0.9937152357832689,-0.0049769215660738775
2002-09-04,0.9886311348097164,0.9937152357832689,-0.005084100973552497
2002-09-05,0.9886025767963439,0.9941389402931013,-0.005536363496757457
2002-09-06,0.98880128211678,0.9940361567920719,-0.005234874675291934
2002-09-09,0.9888833324270141,0.9941311502723661,-0.005247817845351999
2002-09-10,0.9890093827246884,0.9940139416850952,-0.005004558960406746
2002-09-11,0.9888431004345776,0.9939440773020454,-0.005100976867467799
2002-09-12,0.988748694360871,0.9938767134960113,-0.0051280191351402715
2002-09-13,0.9882242307314136,0.9939886827309482,-0.00576445199953457
2002-09-16,0.9876551487063571,0.9937521870654977,-0.006097038359140661
2002-09-17,0.9869899612139268,0.9937773161627421,-0.006787354948815327
2002-09-18,0.9867023492776712,0.9937487581493697,-0.007046408871698495
2002-09-19,0.9870430723269695,0.9939474634698058,-0.0069043911428362525
2002-09-20,0.9874658456865021,0.9940193396862101,-0.00655349399970806
2002-09-23,0.9873538764515651,0.9943488533491167,-0.006994976897551575
2002-09-24,0.9873800531889736,0.9943488533491167,-0.006968800160143118
2002-09-25,0.9873567863923288,0.9944718174361956,-0.007115031043866793
2002-09-26,0.9872617929120348,0.9943284321115162,-0.007066639199481473
2002-09-27,0.9871189611644242,0.9941228704854949,-0.007003909321070645
2002-09-30,0.9865866134836839,0.9940370779879665,-0.00745046450428255
2002-10-01,0.9863750604566885,0.9937494660517109,-0.0073744055950223375
2002-10-02,0.9861889321184611,0.9937843762359763,-0.0075954441175151155
2002-10-03,0.986253419267465,0.9937843762359763,-0.007530956968511249
2002-10-04,0.9863069115643269,0.9937843762359763,-0.0074774646716493365
2002-10-07,0.986491438800076,0.9935109145383866,-0.007019475738310632
2002-10-08,0.9865371410762027,0.9934857854411422,-0.006948644364939471
2002-10-09,0.9870282093920694,0.9935801915148488,-0.0065519821227794095
2002-10-10,0.9873764459603256,0.9937653813456463,-0.006388935385320704
2002-10-11,0.9874622384578542,0.9940268165444933,-0.006564578086639128
2002-10-14,0.9874087461609922,0.9942284020256786,-0.006819655864686469
2002-10-15,0.9872826958633181,0.9944998518899136,-0.0072171560265955614
2002-10-16,0.98723779622056,0.9944998518899136,-0.007262055669353673
2002-10-17,0.987337193553829,0.9946170604771848,-0.007279866923355804
2002-10-18,0.9874856793309854,0.9946432372145932,-0.007157557883607835
2002-10-21,0.9875129948904386,0.9945404537135636,-0.0070274588231249435
2002-10-22,0.9876157783914681,0.9946190751076698,-0.007003296716201701
2002-10-23,0.9878647927762212,0.9947561734398512,-0.006891380663630042
2002-10-24,0.9878909695136296,0.9947561734398512,-0.006865203926221586
2002-10-25,0.9879897042518505,0.9948175084542964,-0.006827804202445886
2002-10-28,0.9880651721934267,0.9950789436531435,-0.007013771459716822
2002-10-29,0.9882811155189186,0.9949931511556149,-0.006712035636696312
2002-10-30,0.9880884389900715,0.9951051203905518,-0.007016681400480285
2002-10-31,0.9879897042518505,0.9948017834650537,-0.006812079213203148
2002-11-01,0.988215451839959,0.994675702759734,-0.00646025091977509
2002-11-04,0.9878672152717028,0.9947475789761385,-0.006880363704435677
2002-11-05,0.987628836466729,0.9947475789761385,-0.00711874250940947
2002-11-06,0.9876288364667289,0.9948034525489642,-0.007174616082235241
2002-11-07,0.9878902716655759,0.9949961290778113,-0.007105857412235461
2002-11-08,0.988007480252847,0.9949426367809495,-0.006935156528102504
2002-11-11,0.9877198683165914,0.9948841598428744,-0.007164291526282951
2002-11-12,0.9879178252383155,0.9949835571761434,-0.0070657319378278904
2002-11-13,0.9880612105629948,0.9949300648792815,-0.006868854316286699
2002-11-14,0.9878301825820097,0.9949631359385427,-0.007132953356532967
2002-11-15,0.9880916177808567,0.9951483257693405,-0.00705670798848379
2002-11-18,0.9882462260919033,0.9952602950042774,-0.007014068912374105
2002-11-19,0.9883673963096062,0.9952602950042774,-0.006892898694671135
2002-11-20,0.98829192836803,0.995174502506749,-0.006882574138718955
2002-11-21,0.9890096523383572,0.9954668655021793,-0.006457213163822084
2002-11-22,0.9889102550050881,0.9954668655021793,-0.00655661049709122
2002-11-25,0.9889687319431634,0.9952983510802557,-0.0063296191370922905
2002-11-26,0.9888515233558924,0.9952039450065491,-0.006352421650656637
2002-11-27,0.9890825513368777,0.9953804013904898,-0.006297850053612053
2002-11-29,0.98915510933769,0.9955568577744305,-0.006401748436740462
2002-12-02,0.9891277937782366,0.9953641812455833,-0.006236387467346782
2002-12-03,0.9890457434680024,0.9953641812455833,-0.006318437777580899
2002-12-04,0.9890806536522678,0.9951384336574749,-0.00605778000520707
2002-12-05,0.9889862475785612,0.9951384336574749,-0.006152186078913657
2002-12-06,0.9889862475785615,0.9949074056764895,-0.0059211580979280365
2002-12-09,0.9889862475785612,0.994839424432963,-0.005853176854401787
2002-12-10,0.989104394673262,0.9950321009618102,-0.005927706288548107
2002-12-11,0.988546917895277,0.9950934359762553,-0.006546518080978281
2002-12-12,0.9885962090994448,0.9950672592388469,-0.006471050139402079
2002-12-13,0.9886203712063683,0.9948288804338731,-0.0062085092275048215
2002-12-16,0.9888259328323894,0.9951003302981083,-0.006274397465718895
2002-12-17,0.9888017707254663,0.9952848575338575,-0.00648308680839127
2002-12-18,0.9884648675850429,0.9953090196407809,-0.006844152055737962
2002-12-19,0.9884375520255897,0.9951860555537019,-0.006748503528112182
2002-12-20,0.9883790750875145,0.9954082114166386,-0.007029136329124053
2002-12-23,0.9882477335731127,0.9952579317701061,-0.007010198196993445
2002-12-24,0.9882477335731125,0.9951551482690767,-0.006907414695964231
2002-12-26,0.9882762915864849,0.9950502009934111,-0.006773909406926237
2002-12-27,0.9883004536934081,0.9949603079655933,-0.006659854272185184
2002-12-30,0.9885118202616142,0.9948609106323245,-0.0063490903707102975
2002-12-31,0.9889621176321204,0.9948335950728712,-0.005871477440750783
2003-01-02,0.9896765963287184,0.9946160506449013,-0.004939454316182923
2003-01-03,0.9900761387316275,0.9947531489770827,-0.004677010245455193
2003-01-06,0.9903018863197359,0.9947531489770828,-0.004451262657346855
2003-01-07,0.9900412285473623,0.9946946720390076,-0.004653443491645315
2003-01-08,0.990097102120188,0.995073476906082,-0.004976374785894078
2003-01-09,0.990097102120188,0.995073476906082,-0.004976374785894078
2003-01-10,0.990097102120188,0.9947858649698264,-0.004688762849638373
2003-01-13,0.9899119122893903,0.9943138004061262,-0.004401888116735808
2003-01-14,0.9896384505918009,0.9938921202776982,-0.004253669685897354
2003-01-15,0.9895629826502247,0.9937258379875874,-0.004162855337362714
2003-01-16,0.9894316411358228,0.9937258379875874,-0.004294196851764576
2003-01-17,0.9897292649403355,0.9937258379875874,-0.003996573047251872
2003-01-21,0.9896707880022606,0.993790325136591,-0.004119537134330442
2003-01-22,0.9897220938369133,0.9937344515637652,-0.004012357726851823
2003-01-23,0.9895991297498344,0.9940471925972653,-0.004448062847430823
2003-01-24,0.9899779346169088,0.9941835559626734,-0.004205621345764632
2003-01-27,0.9899465185271664,0.9941322501280204,-0.0041857316008540035
2003-01-28,0.9903681986555944,0.9939819704814882,-0.00361377182589373
2003-01-29,0.9902069382164899,0.9938647618942172,-0.0036578236777273787
2003-01-30,0.9901827761095665,0.9940150415407495,-0.0038322654311829796
2003-01-31,0.9901595093129216,0.9936940604282152,-0.0035345511152935494
2003-02-03,0.990136242516277,0.9935576970628072,-0.0034214545465302004
2003-02-04,0.9901100657788687,0.9935102681592392,-0.0034002023803704207
2003-02-05,0.9899437834887579,0.9936001611870566,-0.0036563776982987406
2003-02-06,0.9896831257163841,0.9933887946188508,-0.0037056689024667078
2003-02-07,0.9896105677155717,0.9932938011385564,-0.003683233422984711
2003-02-10,0.9895407033325216,0.9935652510027915,-0.004024547670269829
2003-02-11,0.9898383271370346,0.9935039159883462,-0.0036655888513116297
2003-02-12,0.9899370618752552,0.9935652510027915,-0.003628189127536263
2003-02-13,0.9900582320929582,0.9934532817678544,-0.0033950496748962333
2003-02-14,0.9898360762300217,0.9936195640579655,-0.003783487827943799
2003-02-18,0.9904313349924864,0.993668855262133,-0.003237520269646632
2003-02-19,0.9902437745034521,0.9936374391723904,-0.003393664668938312
2003-02-20,0.9900382128774309,0.9933246981388906,-0.003286485261459693
2003-02-21,0.9904313349924864,0.9932995690416461,-0.0028682340491597014
2003-02-24,0.9906368966185077,0.993355442614472,-0.0027185459959642166
2003-02-25,0.9908220864493053,0.9934234238579985,-0.0026013374086932828
2003-02-26,0.9908779600221311,0.9934496005954071,-0.0025716405732759684
2003-02-27,0.9904940678278725,0.9934496005954071,-0.0029555327675345744
2003-02-28,0.9901114624113224,0.9934496005954071,-0.0033381381840846824
2003-03-03,0.9899994931763854,0.993025093452206,-0.0030256002758206613
2003-03-04,0.9894517627502831,0.9930009313452826,-0.00354916859499943
2003-03-05,0.9887865752578529,0.9931181399325535,-0.004331564674700639
2003-03-06,0.9890349078581978,0.9929951758454747,-0.003960267987276889
2003-03-07,0.9890349078581978,0.992697552040962,-0.0036626441827641854
2003-03-10,0.9893782339388373,0.9927796023511961,-0.0034013684123588295
2003-03-11,0.9895798194200224,0.9928440895002,-0.0032642700801776003
2003-03-12,0.9897058697176966,0.9930367660290471,-0.0033308963113505285
2003-03-13,0.9899316173058049,0.9935942428070319,-0.0036626255012269793
2003-03-14,0.9902155418748234,0.9935942428070319,-0.0033787009322084893
2003-03-17,0.9904314852003152,0.993652719745107,-0.00322123454479184
2003-03-18,0.9903054349026411,0.9937555032461365,-0.0034500683434953716
2003-03-19,0.9902803058053967,0.9936800353045605,-0.003399729499163784
2003-03-20,0.990062761377427,0.9935221610332161,-0.0034593996557891193
2003-03-21,0.9901614961156476,0.9934922421085134,-0.003330745992865758
2003-03-24,0.9904742371491477,0.9934277549595097,-0.0029535178103620163
2003-03-25,0.9906176224738273,0.9934608260187711,-0.0028432035449437176
2003-03-26,0.9906176224738271,0.992954655075439,-0.002337032601611888
2003-03-27,0.9906449380332806,0.9928559203372184,-0.002210982303937792
2003-03-28,0.9905914457364187,0.9926337644742814,-0.0020423187378627583
2003-03-31,0.9905401399017658,0.9928513089022512,-0.002311169000485336
2003-04-01,0.9903241965762739,0.9929685174895221,-0.002644320913248177
2003-04-02,0.9903241965762741,0.9930403937059268,-0.0027161971296526533
2003-04-03,0.9901799699646979,0.9930403937059268,-0.002860423741228857
2003-04-04,0.9901799699646979,0.9927370567804283,-0.002557086815730414
2003-04-07,0.9901799699646979,0.9927370567804285,-0.002557086815730525
2003-04-08,0.9903651597954956,0.9923720691698815,-0.002006909374385968
2003-04-09,0.9903651597954956,0.9922035547479576,-0.0018383949524620746
2003-04-10,0.9906969468961059,0.9921390675989539,-0.0014421207028479932
2003-04-11,0.9902479512082244,0.9919538777681565,-0.0017059265599320694
2003-04-14,0.990183464059221,0.9920257539845607,-0.0018422899253397462
2003-04-15,0.9902165351184822,0.9918143874163546,-0.0015978522978724596
2003-04-16,0.9901137516174525,0.9919001799138832,-0.0017864282964307199
2003-04-17,0.9899372952335118,0.9916518473135381,-0.0017145520800262437
2003-04-21,0.9898112449358377,0.9915732259194319,-0.001761980983594147
2003-04-22,0.9898671185086634,0.991731100190776,-0.0018639816821126587
2003-04-23,0.9898214162325368,0.9915698397516715,-0.0017484235191346231
2003-04-24,0.989660155793432,0.9917069380838529,-0.0020467822904208788
2003-04-25,0.9890785169085238,0.9915053526026676,-0.002426835694143814
2003-04-28,0.9882396227204938,0.9915053526026676,-0.0032657298821737735
2003-04-29,0.9883295157483115,0.9914494790298419,-0.0031199632815304135
2003-04-30,0.9883830080451732,0.9913844428137758,-0.0030014347686025955
2003-05-01,0.9884857915462026,0.9915074069008545,-0.003021615354651841
2003-05-02,0.98867191988443,0.9913018452748332,-0.002629925390403187
2003-05-05,0.9885017725773663,0.9915894572110887,-0.003087684633722443
2003-05-06,0.9884458990045405,0.9917650999124072,-0.0033192009078667484
2003-05-07,0.9884993913014024,0.9917365418990348,-0.00323715059763241
2003-05-08,0.9886980966218385,0.9921153467661091,-0.0034172501442706338
2003-05-09,0.9885552648742281,0.9922466882805112,-0.0036914234062831452
2003-05-12,0.9886672341091651,0.9921931959836493,-0.0035259618744841736
2003-05-13,0.9886137418123034,0.9919532879464954,-0.003339546134191962
2003-05-14,0.9885109583112738,0.9917606114176483,-0.003249653106374484
2003-05-15,0.9881814446483671,0.9916235130854667,-0.003442068437099599
2003-05-16,0.9883044087354459,0.9916235130854667,-0.0033191043500208073
2003-05-19,0.987613862819372,0.9915241157521978,-0.003910252932825764
2003-05-20,0.988064160189878,0.99147482454803,-0.0034106643581520713
2003-05-21,0.9889473826347994,0.9918810148752949,-0.0029336322404954762
2003-05-22,0.989807938352737,0.992462653760203,-0.0026547154074660906
2003-05-23,0.9899849821432656,0.9924626537602028,-0.002477671616937238
2003-05-27,0.9900636035373718,0.9922451093322331,-0.002181505794861316
2003-05-28,0.9899691974636652,0.99222094722531,-0.0022517497616447724
2003-05-29,0.9899178916290124,0.9923522887397118,-0.002434397110699371
2003-05-30,0.9898012366188105,0.9923522887397118,-0.0025510521209013426
2003-06-02,0.9899939131476576,0.9922702384294777,-0.0022763252818200908
2003-06-03,0.9901640604547214,0.9921331400972961,-0.001969079642574756
2003-06-04,0.9900568810472427,0.9921866323941582,-0.0021297513469155094
2003-06-05,0.9900283230338702,0.9923551468160818,-0.0023268237822116067
2003-06-06,0.9899255395328408,0.9926311681821268,-0.0027056286492860293
2003-06-09,0.9897328630039935,0.992270998245059,-0.002538135241065498
2003-06-10,0.9894728226691124,0.9920368786056653,-0.002564055936552845
2003-06-11,0.9894455071096591,0.9922220684364627,-0.002776561326803595
2003-06-12,0.989445507109659,0.9923340376713996,-0.0028885305617406543
2003-06-13,0.9893980782060909,0.9923733170073102,-0.0029752388012193043
2003-06-16,0.9892343072518038,0.9920699800818119,-0.0028356728300080736
2003-06-17,0.9891886049756774,0.9917330769413888,-0.0025444719657113923
2003-06-18,0.9889772384074711,0.9916003483117134,-0.0026231099042423045
2003-06-19,0.9888001946169425,0.9914791780940105,-0.0026789834770680754
2003-06-20,0.988693015209464,0.9912308454936656,-0.0025378302842016254
2003-06-23,0.9887244312992063,0.9909469209246471,-0.0022224896254408044
2003-06-24,0.988941975727176,0.9906629058442519,-0.0017209301170758584
2003-06-25,0.9889932815618291,0.9901934990582928,-0.001200217496463707
2003-06-26,0.988826999271718,0.9903786888890904,-0.0015516896173723982
2003-06-27,0.9886282939512822,0.9902675333367754,-0.001639239385493263
2003-06-30,0.9884597795293585,0.9904431760380941,-0.00198339650873558
2003-07-01,0.9883284380149564,0.9905194214061436,-0.0021909833911871734
2003-07-02,0.9883284380149562,0.9909982767900222,-0.0026698387750659913
2003-07-03,0.9883284380149564,0.9913465133582784,-0.003018075343321991
2003-07-07,0.9883284380149564,0.9913465133582784,-0.003018075343321991
2003-07-08,0.9886916412053092,0.9909003446851697,-0.0022087034798605742
2003-07-09,0.9888932266864945,0.9908178503727807,-0.0019246236862862087
2003-07-10,0.9890569976407817,0.9907228568924862,-0.0016658592517044823
2003-07-11,0.9891010946501712,0.9908395119026882,-0.0017384172525169994
2003-07-14,0.9891310135748739,0.9908395119026882,-0.0017084983278142785
2003-07-15,0.9891624296646162,0.9905609387695181,-0.0013985091049019127
2003-07-16,0.9889859732806755,0.9903008984346368,-0.001314925153961255
2003-07-17,0.9888693182704738,0.9900812539075238,-0.0012119356370500212
2003-07-18,0.9888042820544076,0.9900561248102794,-0.001251842755871757
2003-07-21,0.9888042820544076,0.9902945036152531,-0.0014902215608454394
2003-07-22,0.9888042820544074,0.9904607859053639,-0.0016565038509565033
2003-07-23,0.9888042820544074,0.9904607859053641,-0.0016565038509567254
2003-07-24,0.9888042820544076,0.9901338188350418,-0.0013295367806341885
2003-07-25,0.988848379063797,0.9899080712469336,-0.001059692183136618
2003-07-28,0.9890680235909097,0.989701108531702,-0.0006330849407922834
2003-07-29,0.9891538160884383,0.9896366213826984,-0.0004828052942600358
2003-07-30,0.9893302724723789,0.9898516192180835,-0.0005213467457045873
2003-07-31,0.9898480393122059,0.9902005800031684,-0.0003525406909624662
2003-08-01,0.9902082092492738,0.9905300936660749,-0.00032188441680114366
2003-08-04,0.9904682495841551,0.9906879679374192,-0.00021971835326406453
2003-08-05,0.9906752122993864,0.9906879679374192,-1.2755638032824201e-05
2003-08-06,0.9907310858722121,0.9907524550864231,-2.1369214210920084e-05
2003-08-07,0.9908923463113168,0.9904900110156952,0.0004023352956216142
2003-08-08,0.9911413606960698,0.9906402906622275,0.0005010700338423657
2003-08-11,0.9912959690071164,0.9902819075021626,0.001014061504953756
2003-08-12,0.9912674109937443,0.9900328931174097,0.001234517876334551
2003-08-13,0.9912959690071164,0.9900643092071523,0.001231659799964091
2003-08-14,0.9913258879318192,0.990064309207152,0.001261578724667145
2003-08-15,0.991267410993744,0.9899785167096234,0.0012888942841206008
2003-08-18,0.9912674109937443,0.9903065382880313,0.0009608727057129895
2003-08-19,0.9911444469066653,0.9902624412786422,0.000882005628023097
2003-08-20,0.9910909546098033,0.9902310251888996,0.0008599294209037378
2003-08-21,0.9911279206419424,0.990145232691371,0.000982687950571437
2003-08-22,0.9911279206419424,0.9904052730262524,0.0007226476156900752
2003-08-25,0.9909223590159211,0.9904052730262524,0.0005170859896687086
2003-08-26,0.9913460635257537,0.9904910655237807,0.000854998001972973
2003-08-27,0.991377479615496,0.990361749265809,0.0010157303496870496
2003-08-28,0.9915145779476774,0.9903303331760664,0.0011842447716109428
2003-08-29,0.9914359565535712,0.9899610521133959,0.0014749044401752842
2003-09-02,0.9915672980679731,0.9899610521133959,0.0016062459545771457
2003-09-03,0.9913746215391259,0.9899610521133959,0.0014135694257300102
2003-09-04,0.9910199787789749,0.9902718562379912,0.0007481225409836645
2003-09-05,0.9909171952779454,0.9901017089309279,0.0008154863470175577
2003-09-08,0.9907184899575092,0.9902441487655007,0.00047434119200850944
2003-09-09,0.9908618752821887,0.9904727730106394,0.0003891022715493131
2003-09-10,0.9909111664863565,0.990598853715959,0.0003123127703974493
2003-09-11,0.9906135426818435,0.9904868844810222,0.00012665820082136126
2003-09-12,0.9905576691090181,0.9902108631149773,0.0003468059940407997
2003-09-15,0.9902600453045052,0.9898524799549124,0.00040756534959274227
2003-09-16,0.9900104818526894,0.9897039941777565,0.0003064876749329093
2003-09-17,0.9899872150560447,0.9898023370029398,0.00018487805310485328
2003-09-18,0.9901185565704467,0.9896581103913636,0.00046044617908302943
2003-09-19,0.9901185565704467,0.9895682173635462,0.0005503392069005075
2003-09-22,0.9899500421485228,0.9894389011055744,0.0005111410429483598
2003-09-23,0.9898173135188473,0.9896102948312657,0.0002070186875815505
2003-09-24,0.9899544118510288,0.9897174742387445,0.00023693761228438248
2003-09-25,0.9897931514119243,0.9896494929952179,0.00014365841670638257
2003-09-26,0.989438508651773,0.9895936194223922,-0.00015511077061924894
2003-09-29,0.9892628659504547,0.9896266904816534,-0.00036382453119876423
2003-09-30,0.9892628659504547,0.9893925708422597,-0.0001297048918050825
2003-10-01,0.9892043890123795,0.989130126771532,7.426224084750022e-05
2003-10-02,0.9891586867362527,0.9889390402577914,0.00021964647846128837
2003-10-03,0.9892373081303591,0.9888745531087878,0.0003627550215713482
2003-10-06,0.989349277365296,0.9887925027985534,0.0005567745667426349
2003-10-07,0.9895606273890775,0.988698096724847,0.0008625306642304764
2003-10-08,0.9895344506516692,0.9886262205084426,0.0009082301432266071
2003-10-09,0.9893765929247494,0.9888857586113604,0.0004908343133890325
2003-10-10,0.9889723259782921,0.9883983872215341,0.0005739387567580412
2003-10-13,0.9886240894100359,0.9882122588833067,0.0004118305267292177
2003-10-14,0.9881120818874924,0.9876119977310908,0.0005000841564016811
2003-10-15,0.9880562083146666,0.9875535207930155,0.0005026875216510573
2003-10-16,0.9881673638669813,0.9875086211502576,0.0006587427167237259
2003-10-17,0.9874769554561071,0.9871196587941965,0.00035729666191064435
2003-10-20,0.9876211820676833,0.9870611818561214,0.0005600002115619951
2003-10-21,0.9876856692166872,0.986721273708506,0.0009643955081811706
2003-10-22,0.9878836261384113,0.986324677086382,0.001558949052029246
2003-10-23,0.9878522100486687,0.986011936052882,0.0018402739957867897
2003-10-24,0.9879080836214944,0.9857707614800884,0.0021373221414060506
2003-10-27,0.987620471685239,0.9854947401140435,0.002125731571195555
2003-10-28,0.9874911554272671,0.9851960240726942,0.0022951313545728214
2003-10-29,0.9868006095111932,0.9847127345451664,0.0020878749660268037
2003-10-30,0.9866079329823461,0.9847127345451666,0.0018951984371794461
2003-10-31,0.9867835756836648,0.984609951044137,0.0021736246395278602
2003-11-03,0.9869128919416366,0.9842889699316026,0.002623922010033919
2003-11-04,0.9870301005289075,0.9842889699316026,0.0027411305973048528
2003-11-05,0.987056277266316,0.9842889699316026,0.0027673073347133093
2003-11-06,0.9867193741258926,0.984821317612343,0.001898056513549573
2003-11-07,0.9863501498307667,0.9850612256494968,0.0012889241812699126
2003-11-10,0.9854372286070054,0.9854438310660468,-6.60245904138268e-06
2003-11-11,0.9855814552185816,0.9853177807683726,0.00026367445020902824
2003-11-12,0.985766645049379,0.985631831369192,0.00013481368018708473
2003-11-13,0.9856224184378031,0.9860563385123929,-0.00043392007458986637
2003-11-14,0.9854372286070054,0.9861550732506138,-0.0007178446436083563
2003-11-17,0.9855483841593202,0.9864310946166587,-0.0008827104573384537
2003-11-18,0.9859720886691526,0.9863666074676549,-0.00039451879850227467
2003-11-19,0.9870690443572423,0.9862163278211227,0.0008527165361196243
2003-11-20,0.9871275212953174,0.985653869313704,0.001473651981613422
2003-11-21,0.9871275212953174,0.9856811848731571,0.0014463364221602992
2003-11-24,0.9873127111261151,0.9859301992579104,0.0013825118682047055
2003-11-25,0.987532355653228,0.9863090041249847,0.001223351528243266
2003-11-26,0.9874503053429938,0.986253130552159,0.0011971747908348096
2003-11-28,0.9876451456464769,0.986451835872595,0.0011933097738818788
2003-12-01,0.9879382570406195,0.9864769649698394,0.0014612920707801624
2003-12-02,0.988185720393292,0.9863540008827607,0.0018317195105312933
2003-12-03,0.9879250626209182,0.9864484069564672,0.0014766556644509876
2003-12-04,0.9881857203932918,0.9866359674455014,0.0015497529477903615
2003-12-05,0.9882142784066644,0.9871080320092016,0.0011062463974628178
2003-12-08,0.9882384405135877,0.9871554609127697,0.0010829796008179349
2003-12-09,0.9884783485507416,0.9869702710819722,0.0015080774687693532
2003-12-10,0.9885082674754442,0.9870016871717145,0.0015065803037296321
2003-12-11,0.988746646280418,0.9871702015936384,0.0015764446867795323
2003-12-12,0.988688169342343,0.9872094809295489,0.0014786884127941935
2003-12-15,0.9886095479482369,0.9869480457307019,0.001661502217534916
2003-12-16,0.9888111334294218,0.9869704812101837,0.0018406522192381258
2003-12-17,0.9890585967820943,0.9867452171119393,0.0023133796701549914
2003-12-18,0.98996508602366,0.9865276726839697,0.003437413339690276
2003-12-19,0.9901407287249786,0.9865014959465613,0.0036392327784172673
2003-12-22,0.9901966022978044,0.9865872884440899,0.0036093138537144354
2003-12-23,0.9904307219371982,0.986470079856819,0.003960642080379162
2003-12-24,0.9907041836347875,0.9863266945321396,0.004377489102647902
2003-12-26,0.9908405470001956,0.9863266945321394,0.004513852468056245
2003-12-29,0.9907760598511918,0.9865426378576312,0.004233421993560582
2003-12-30,0.990875457184461,0.9863984112460552,0.00447704593840581
2003-12-31,0.9907682777769824,0.9861509478933828,0.004617329883599641
2004-01-02,0.9909447341609229,0.9862044401902447,0.004740293970678211
2004-01-05,0.9908802470119193,0.9858497974300936,0.005030449581825747
2004-01-06,0.9909746530856258,0.9855562508397457,0.005418402245880083
2004-01-07,0.9911325273569698,0.9854704583422171,0.005662069014752635
2004-01-08,0.99113252735697,0.9858932317017497,0.0052392956552203
2004-01-09,0.9911576564542144,0.9860911886234738,0.005066467830740606
2004-01-12,0.9911576564542144,0.986001295595656,0.0051563608585584175
2004-01-13,0.9911576564542144,0.9856530590274,0.005504597426814417
2004-01-14,0.9912362778483206,0.9857901573595813,0.00544612048873927
2004-01-15,0.9912362778483206,0.9857901573595813,0.00544612048873927
2004-01-16,0.9912362778483206,0.9857901573595813,0.00544612048873927
2004-01-20,0.9912362778483206,0.985393560737457,0.005842717110863593
2004-01-21,0.9912362778483208,0.9849940183345479,0.006242259513772885
2004-01-22,0.9910991795161392,0.9850665763353603,0.006032603180778917
2004-01-23,0.990815254947121,0.985243032719301,0.005572222227819945
2004-01-26,0.9908451738718236,0.985360241306572,0.005484932565251621
2004-01-27,0.9904214693619912,0.9857346546122366,0.00468681474975452
2004-01-28,0.9903900532722488,0.9857346546122366,0.004655398660012189
2004-01-29,0.9901186034080137,0.9855187112867451,0.004599892121268656
2004-01-30,0.9902619887326931,0.9852712479340725,0.004990740798620608
2004-02-02,0.9904390325232217,0.9853438059348848,0.005095226588336943
2004-02-03,0.9906885959750373,0.9852617556246506,0.0054268403503867635
2004-02-04,0.9907171539884098,0.9851497863897137,0.005567367598696027
2004-02-05,0.9905558935493052,0.9847028150832366,0.005853078466068529
2004-02-06,0.9905858124740079,0.9846544550293689,0.005931357444639018
2004-02-09,0.9906502996230115,0.9847978403540483,0.005852459268963273
2004-02-10,0.9908993140077647,0.9844496037857919,0.006449710221972715
2004-02-11,0.9908408370696896,0.9848723771453244,0.0059684599243652325
2004-02-12,0.990686228758643,0.9851757140708227,0.005510514687820267
2004-02-13,0.9906277518205678,0.9854517354368676,0.005176016383700244
2004-02-17,0.9901324204602228,0.9853305652191646,0.0048018552410581394
2004-02-18,0.9903311257806591,0.9856799853823384,0.004651140398320708
2004-02-19,0.9901540819901304,0.9856799853823381,0.0044740966077922995
2004-02-20,0.9900280316924561,0.9859110133633235,0.004117018329132582
2004-02-23,0.9897679913575749,0.9861904013981766,0.003577589959398275
2004-02-24,0.9896893699634687,0.9861259142491728,0.003563455714295838
2004-02-25,0.9896893699634687,0.986429251174671,0.003260118788797728
2004-02-26,0.9898439782745152,0.98682879357758,0.0030151846969351803
2004-02-27,0.9896452729540793,0.9866741852665337,0.002971087687545615
2004-03-01,0.9893243823529217,0.9866468697070803,0.0026775126458414844
2004-03-02,0.9893243823529217,0.9861989672503033,0.003125415102618434
2004-03-03,0.9893543012776245,0.9861727905128949,0.0031815107647296115
2004-03-04,0.9894906646430326,0.9865023041758016,0.002988360467230944
2004-03-05,0.9894321877049577,0.9867783255418463,0.0026538621631113646
2004-03-08,0.9894321877049574,0.9869043758395206,0.0025278118654368242
2004-03-09,0.9894321877049574,0.9872450988888188,0.002187088816138605
2004-03-10,0.989586796016004,0.9873662691065217,0.0022205269094822677
2004-03-11,0.9897161122739757,0.9873243673798706,0.0023917448941050967
2004-03-12,0.9898532106061573,0.9869948537169638,0.0028583568891934474
2004-03-15,0.9899895739715653,0.9870507272897896,0.0029388466817756864
2004-03-16,0.9902496143064468,0.9870507272897896,0.0031988870166571592
2004-03-17,0.9905102720788204,0.9873383392260451,0.0031719328527752833
2004-03-18,0.9907703124137015,0.9873996742404904,0.003370638173211149
2004-03-19,0.990675906339995,0.9876972980450031,0.002978608294991969
2004-03-22,0.9908604335757443,0.9877793483552374,0.003081085220506874
2004-03-23,0.9911712377003399,0.9876023045647089,0.003568933135631003
2004-03-24,0.9909111973654589,0.9877094839721874,0.003201713393271466
2004-03-25,0.9908598915308058,0.9877094839721874,0.0031504075586183955
2004-03-26,0.9906402470036929,0.9876510070341122,0.0029892399695806704
2004-03-29,0.9906402470036929,0.9875076217094331,0.0031326252942598387
2004-03-30,0.9907773453358741,0.9875634952822587,0.003213850053615408
2004-03-31,0.990517305000993,0.9874848738881525,0.0030324311128404613
2004-04-01,0.9907188904821783,0.9872861685677162,0.003432721914462089
2004-04-02,0.9909385350092912,0.9876408113278672,0.003297723681424003
2004-04-05,0.9910819203339706,0.9879703249907742,0.0031115953431963828
2004-04-06,0.990996127836442,0.9879965017281825,0.0029996261082594344
2004-04-07,0.9907167398015889,0.9881137103154535,0.002603029486135444
2004-04-08,0.9909154451220249,0.9878940657883406,0.003021379333684293
2004-04-12,0.9913120417441491,0.9880697084896591,0.003242333254489971
2004-04-13,0.9913120417441489,0.9886077136214034,0.0027043281227454585
2004-04-14,0.9913120417441491,0.9887841700053441,0.0025278717388049765
2004-04-15,0.9913120417441493,0.9887841700053441,0.0025278717388051986
2004-04-16,0.9918076098515398,0.9890918168315533,0.002715793019986479
2004-04-19,0.9917517362787142,0.9892029723838683,0.002548763894845818
2004-04-20,0.9915021728268986,0.9890910031489313,0.002411169677967284
2004-04-21,0.9914235514327921,0.9889737945616605,0.002449756871131692
2004-04-22,0.9913921353430498,0.9891959504245967,0.0021961849184530813
2004-04-23,0.9913607192533073,0.9890965530913278,0.0022641661619794418
2004-04-26,0.9912786689430731,0.9891314632755932,0.0021472056674799456
2004-04-27,0.9911799342048523,0.9886859936124179,0.0024939405924343516
2004-04-28,0.9912113502945946,0.9887372994470707,0.0024740508475239453
2004-04-29,0.9912113502945946,0.9888052806905971,0.002406069603997474
2004-04-30,0.9913878066785353,0.9888771569070016,0.0025106497715337017
2004-05-03,0.9919096088462863,0.9895673623146618,0.0023422465316245145
2004-05-04,0.9918238163487577,0.9896066416505723,0.002217174698185387
2004-05-05,0.9918883034977614,0.989469543318391,0.0024187601793703717
2004-05-06,0.99197409599529,0.9894346331341255,0.0025394628611644654
2004-05-07,0.9921287043063365,0.9897156126756836,0.0024130916306528416
2004-05-10,0.992160120396079,0.9898024140450928,0.0023577063509861995
2004-05-11,0.9921287043063365,0.9898354851043542,0.0022932192019823328
2004-05-12,0.9920752120094747,0.9898724511364932,0.002202760872981435
2004-05-13,0.9920752120094747,0.9895748273319805,0.0025003846774941385
2004-05-14,0.9920752120094749,0.9895748273319803,0.0025003846774945826
2004-05-17,0.9922948565365878,0.9893526714690436,0.0029421850675441785
2004-05-18,0.9927185610464202,0.9890650595327883,0.0036535015136318627
2004-05-19,0.99271856104642,0.9882823186565591,0.004436242389860845
2004-05-20,0.9926540738974163,0.9879079053508946,0.004746168546521767
2004-05-21,0.9927154089118615,0.9879079053508946,0.00480750356096693
2004-05-24,0.9931342112903857,0.987831659982845,0.005302551307540759
2004-05-25,0.9935845086608917,0.9873797865450596,0.0062047221158320065
2004-05-26,0.9936563848772961,0.9864472291996899,0.0072091556776062715
2004-05-27,0.9934615445738129,0.9859993267429131,0.007462217830899731
2004-05-28,0.9934030676357376,0.9859458344460512,0.007457233189686385
2004-06-01,0.9932103911068906,0.986056989998366,0.007153401108524582
2004-06-02,0.9931109937736214,0.9861681455506808,0.006942848222940667
2004-06-03,0.9925989862510782,0.986303306973958,0.00629567927712027
2004-06-04,0.99262142173056,0.9859905659404579,0.0066308557901021414
2004-06-07,0.9926544927898213,0.9860668113085073,0.006587681481314056
2004-06-08,0.9928909884552718,0.9863033069739577,0.006587681481314056
2004-06-09,0.9929897231934927,0.9867820433951032,0.006207679798389432
2004-06-10,0.9929897231934927,0.9866695782754689,0.006320144918023796
2004-06-14,0.9928667591064138,0.986458211707263,0.006408547399150755
2004-06-15,0.9930298058438723,0.9862217160418125,0.006808089802059825
2004-06-16,0.9930856794166983,0.9859543461888731,0.007131333227825221
2004-06-17,0.9931170955064407,0.9855522745251541,0.007564820981286524
2004-06-18,0.9931170955064407,0.9853944167982341,0.007722678708206532
2004-06-21,0.9931432722438492,0.9853944167982341,0.007748855445615099
2004-06-22,0.9936103801236346,0.9856366575539292,0.00797372256970541
2004-06-23,0.9938593945083877,0.9858849901542743,0.00797440435411334
2004-06-24,0.9939312707247919,0.9858131139378699,0.00811815678692207
2004-06-25,0.9940484793120629,0.9857412377214656,0.008307241590597259
2004-06-28,0.9941651343222648,0.9855375731913737,0.008627561130891137
2004-06-29,0.9942236112603399,0.9853745264539149,0.00884908480642499
2004-06-30,0.9944000676442807,0.9857521020100897,0.008647965634191013
2004-07-01,0.9940720460658726,0.9854613278233241,0.008610718242548554
2004-07-02,0.9939057637757618,0.9855724833756389,0.008333280400122933
2004-07-06,0.9938271423816556,0.9855079962266353,0.008319146155020274
2004-07-07,0.9938271423816556,0.9854765801368928,0.008350562244762827
2004-07-08,0.9938271423816556,0.9854011121953167,0.008426030186338918
2004-07-09,0.9938664217175663,0.9852697706809147,0.008596651036651637
2004-07-12,0.9935062517804982,0.9849762240905668,0.008530027689931385
2004-07-13,0.9934449167660532,0.9848550538728641,0.008589862893189082
2004-07-14,0.9932289734405612,0.985047730401711,0.00818124303885015
2004-07-15,0.9932289734405612,0.9852089908408156,0.008019982599745568
2004-07-16,0.9931644862915575,0.9850796745828438,0.008084811708713668
2004-07-19,0.9930415222044786,0.9846830779607199,0.008358444243758756
2004-07-20,0.9928972955929025,0.984530020681754,0.008367274911148526
2004-07-21,0.992936574928813,0.9841156336369248,0.008820941291888262
2004-07-22,0.9930309810025196,0.9838815139975311,0.009149467004988532
2004-07-23,0.9930923160169647,0.9839100720109035,0.009182244006061158
2004-07-26,0.9930309810025196,0.9836340506448586,0.009396930357660982
2004-07-27,0.9928867543909434,0.9837521977395591,0.009134556651384296
2004-07-28,0.9928308808181178,0.9837521977395591,0.009078683078558636
2004-07-29,0.9928023228047451,0.9837248821801057,0.009077440624639443
2004-07-30,0.9929868500404946,0.983448860814061,0.009537989226433563
2004-08-02,0.9929223628914908,0.9833668105038269,0.009555552387663924
2004-08-03,0.9928610278770456,0.9834739899113053,0.009387037965740253
2004-08-04,0.9929169014498713,0.9836915343392751,0.009225367110596183
2004-08-05,0.9927908511521972,0.9836330574012001,0.009157793750997123
2004-08-06,0.9929454594632438,0.9839457984347,0.00899966102854377
2004-08-09,0.9928141179488419,0.9839850777706104,0.008829040178231495
2004-08-10,0.9929804002389527,0.9846469281681121,0.008333472070840675
2004-08-11,0.993317303379376,0.9848321179989098,0.008485185380466165
2004-08-12,0.9932873844546731,0.9849370652745754,0.008350319180097765
2004-08-13,0.9931754152197363,0.9848355359319337,0.008339879287802554
2004-08-16,0.9934119108851865,0.985175444079549,0.008236466805637499
2004-08-17,0.9933261183876582,0.9854237766798942,0.007902341707763938
2004-08-18,0.9933261183876582,0.9853451552857878,0.007980963101870353
2004-08-19,0.9931415911519087,0.9849969187175317,0.008144672434376998
2004-08-20,0.9933117384589725,0.9847208973514868,0.008590841107485647
2004-08-23,0.9932167449786782,0.9844594621526398,0.008757282826038382
2004-08-24,0.993099536391407,0.9843839942110636,0.008715542180343427
2004-08-25,0.9932498160379394,0.9847048848122208,0.008544931225718533
2004-08-26,0.9933216922543437,0.9850588289888452,0.008262863265498521
2004-08-27,0.9935438481172802,0.9849085493423129,0.008635298774967382
2004-08-30,0.9937822269222542,0.9848550570454511,0.008927169876803087
2004-08-31,0.9938084036596626,0.984776435651345,0.009031968008317626
2004-09-01,0.9940243469851544,0.984776435651345,0.009247911333809422
2004-09-02,0.9944460271135824,0.9849376960904496,0.009508331023132865
2004-09-03,0.9945902537251585,0.9848842037935877,0.00970604993157087
2004-09-07,0.9945082034149242,0.9849334949977553,0.009574708417168898
2004-09-08,0.9945082034149244,0.9847963966655741,0.009711806749350349
2004-09-09,0.9946375196728962,0.9846278822436502,0.010009637429245988
2004-09-10,0.9945387849346753,0.9851601532762345,0.009378631658440773
2004-09-13,0.9947233121704248,0.9850921720327082,0.009631140137716598
2004-09-14,0.9946933932457218,0.9850680099257846,0.00962538331993723
2004-09-15,0.9947207088051753,0.9845435462963272,0.010177162508848037
2004-09-16,0.9946035002179042,0.9845435462963271,0.010059953921577103
2004-09-17,0.9945041028846351,0.9847048067354317,0.009799296149203385
2004-09-20,0.9946653633237397,0.9850841458233082,0.009581217500431505
2004-09-21,0.9945533940888028,0.9850348546191404,0.009518539469662413
2004-09-22,0.9945533940888028,0.9849276752116617,0.009625718877141143
2004-09-23,0.9944747726946966,0.9846067846105045,0.009867988084192092
2004-09-24,0.9947237870794498,0.984854247963177,0.009869539116272752
2004-09-27,0.9948531033374216,0.9844039505926706,0.010449152744751
2004-09-28,0.9948880135216869,0.9840830599915134,0.010804953530173522
2004-09-29,0.9947586972637151,0.9842493422816241,0.010509354982091046
2004-09-30,0.9946293810057432,0.9843219002824365,0.010307480723306672
2004-10-01,0.9946992453887932,0.9843219002824365,0.010377345106356684
2004-10-04,0.9945379849496886,0.9840796595267415,0.010458325422947112
2004-10-05,0.9944905560461206,0.9838740979007201,0.010616458145400465
2004-10-06,0.9943733474588496,0.9833418268681358,0.011031520590713884
2004-10-07,0.9943053662153231,0.9833650936647804,0.01094027255054264
2004-10-08,0.9944346824732948,0.9835407363660992,0.010893946107195629
2004-10-11,0.9945290885470012,0.9837163790674176,0.010812709479583571
2004-10-12,0.9945825808438631,0.9839770368397913,0.010605544004071765
2004-10-13,0.9945212458294178,0.9840011989467147,0.010520046882703138
2004-10-14,0.9946284252368965,0.9841938754755618,0.010434549761334733
2004-10-15,0.9945953541776352,0.9841353985374864,0.010459955640148788
2004-10-18,0.9944781455903643,0.9842473677724234,0.010230777817940906
2004-10-19,0.9946041958880385,0.9846469101753327,0.009957285712705821
2004-10-20,0.9946041958880385,0.984920371872922,0.009683824015116471
2004-10-21,0.9945692857037732,0.985168704473267,0.009400581230506244
2004-10-22,0.9946411619201776,0.9855233472334183,0.009117814686759318
2004-10-25,0.9946904531243452,0.9860020836545635,0.008688369469781687
2004-10-26,0.9948024223592822,0.9863148246880636,0.008487597671218539
2004-10-27,0.9951132264838778,0.986649138798924,0.00846408768495377
2004-10-28,0.9952984163146752,0.9863756771013347,0.008922739213340525
2004-10-29,0.9953314873739366,0.9867960555471381,0.0085354318267985
2004-11-01,0.9955241639027838,0.9870464487426269,0.008477715160156829
2004-11-02,0.995808088471802,0.9872829444080772,0.008525144063724843
2004-11-03,0.9960194550400083,0.9874467153623643,0.008572739677644048
2004-11-04,0.9959250489663017,0.987553894769843,0.00837115419645873
2004-11-05,0.9957747693197694,0.9874544974365741,0.008320271883195285
2004-11-08,0.9958260751544222,0.9874875684958351,0.008338506658587153
2004-11-09,0.9956147085862164,0.9878193555964457,0.007795352989770632
2004-11-10,0.9954833670718145,0.9876751289848695,0.007808238086944974
2004-11-11,0.9954833670718145,0.9876751289848696,0.007808238086944863
2004-11-12,0.9953540508138424,0.9879615661262436,0.007392484687598788
2004-11-15,0.9951381074883507,0.9879615661262434,0.007176541362107325
2004-11-16,0.9950560571781164,0.9876297790256331,0.007426278152483312
2004-11-17,0.9949126718534372,0.9872045728724989,0.007708098980938383
2004-11-18,0.994417340493092,0.9867482841010186,0.007669056392073492
2004-11-19,0.9941109804445918,0.9867482841010186,0.007362696343573227
2004-11-22,0.9938744847791413,0.9864999515006734,0.007374533278467932
2004-11-23,0.9939279770760032,0.9862670066561614,0.007660970419841817
2004-11-24,0.993856100859599,0.9862670066561614,0.007589094203437563
2004-11-26,0.9939286588604114,0.9866119207356104,0.007316738124800937
2004-11-29,0.9937522024764704,0.9866654130324723,0.007086789443998098
2004-11-30,0.9937522024764704,0.9867512055300008,0.0070009969464696065
2004-12-01,0.9940005350768154,0.986438464496501,0.0075620705803144395
2004-12-02,0.9939635690446765,0.9865748278619089,0.007388741182767666
2004-12-03,0.9937871126607358,0.9863983714779682,0.007388741182767666
2004-12-06,0.9935506169952854,0.9865103407129052,0.007040276282380131
2004-12-07,0.9934456697196196,0.986510340712905,0.006935329006714563
2004-12-08,0.9934456697196196,0.9866760473441227,0.006769622375496831
2004-12-09,0.9932604798888222,0.9867022240815312,0.006558255807290969
2004-12-10,0.9934969755542726,0.9866723051568285,0.006824670397444166
2004-12-13,0.9933527489426964,0.9867477730984047,0.0066049758442917605
2004-12-14,0.9934040547773494,0.9867477730984047,0.00665628167894472
2004-12-15,0.9936755046415845,0.9867477730984047,0.006927731543179827
2004-12-16,0.9936503755443401,0.9869973365502204,0.006653038994119731
2004-12-17,0.9936852857286055,0.987053210123046,0.006632075605559451
2004-12-20,0.993907441591542,0.9867391595222266,0.0071682820693154126
2004-12-21,0.9940577212380741,0.9867391595222266,0.007318561715847549
2004-12-22,0.9939457520031373,0.9863832682254271,0.007562483777710183
2004-12-23,0.9939970578377902,0.9863559526659739,0.007641105171816376
2004-12-27,0.9939719287405457,0.9863832682254271,0.007588660515118639
2004-12-28,0.9937559854150539,0.9860856444209144,0.007670340994139546
2004-12-29,0.9932556838925197,0.9856592800173231,0.007596403875196667
2004-12-30,0.9930443173243136,0.9856079741826701,0.007436343141643542
2004-12-31,0.9930181405869052,0.9856614664795319,0.007356674107373284
2005-01-03,0.993229507155111,0.9857199434176068,0.007509563737504221
2005-01-04,0.9932625782143722,0.9856341509200784,0.007628427294293805
2005-01-05,0.9934059635390518,0.9856341509200784,0.007771812618973306
2005-01-06,0.9938811359643417,0.985346538983823,0.008534596980518727
2005-01-07,0.9939073127017501,0.9854637475710939,0.00844356513065625
2005-01-10,0.994075827123674,0.985552050583805,0.008523776539869021
2005-01-11,0.9940265359195063,0.985552050583805,0.008474485335701276
2005-01-12,0.9942424792449983,0.9852487136583069,0.008993765586691405
2005-01-13,0.9942424792449983,0.9851902367202318,0.009052242524766552
2005-01-14,0.9941779920959946,0.9851640599828232,0.009013932113171363
2005-01-18,0.9941518153585861,0.9852555858957806,0.00889622946280555
2005-01-19,0.9938454553100856,0.9855683269292805,0.008277128380805077
2005-01-20,0.9937090919446777,0.9856102286559316,0.008098863288746094
2005-01-21,0.9936446047956736,0.9854920815612311,0.008152523234442488
2005-01-24,0.9937440021289429,0.98590646860606,0.007837533522882856
2005-01-25,0.99400543732779,0.986428270773811,0.007577166553978998
2005-01-26,0.9943117973762902,0.986970037239414,0.007341760136876152
2005-01-27,0.9945375449643987,0.9870728207404434,0.007464724223955277
2005-01-28,0.9947632925525072,0.987399787810766,0.007363504741741189
2005-01-31,0.9945706160236598,0.9872970043097363,0.007273611713923489
2005-02-01,0.9943341203582096,0.9869893574835271,0.007344762874682442
2005-02-02,0.994406678359022,0.9868994644557094,0.0075072139033125485
2005-02-03,0.9944066783590217,0.9868459721588476,0.007560706200174128
2005-02-04,0.994406678359022,0.9868459721588476,0.00756070620017435
2005-02-07,0.9943825162520986,0.9868459721588476,0.007536544093250996
2005-02-08,0.994525901576778,0.986691363847801,0.00783453772897702
2005-02-09,0.9944724092799161,0.9868125340655038,0.007659875214412248
2005-02-10,0.9942872194491187,0.9867874049682595,0.007499814480859235
2005-02-11,0.9939240162587658,0.9866109485843187,0.00731306767444706
2005-02-14,0.9937797896471896,0.9865251560867901,0.007254633560399459
2005-02-15,0.9937797896471896,0.9868546697496967,0.006925119897492893
2005-02-16,0.9937797896471896,0.9869272277505091,0.006852561896680487
2005-02-17,0.9937797896471896,0.9869557857638815,0.006824003883308061
2005-02-18,0.9939300692937217,0.9868570510256608,0.007073018268060949
2005-02-22,0.9936566075961324,0.9867340869385817,0.006922520657550724
2005-02-23,0.9937929709615405,0.986436463134069,0.007356507827471548
2005-02-24,0.9940536287339142,0.9866078568597607,0.007445771874153517
2005-02-25,0.9945026244217956,0.9870581542302667,0.00744447019152894
2005-02-28,0.9947640596206427,0.9873195894291138,0.00744447019152894
2005-03-01,0.9948253946350879,0.987656492569537,0.007168902065550875
2005-03-02,0.9950737272354329,0.9880104367461613,0.0070632904892715676
2005-03-03,0.9950423111456905,0.9880104367461613,0.0070318743995292365
2005-03-04,0.9948760288555797,0.9883399504090679,0.006536078446511828
2005-03-07,0.9949345057936548,0.9884629144961466,0.0064715912975081835
2005-03-08,0.994829558517989,0.9883635171628776,0.006466041355111418
2005-03-09,0.9946792788714568,0.9878573462195458,0.006821932651911
2005-03-10,0.9947351524442827,0.987736176001843,0.006998976442439631
2005-03-11,0.9947002422600173,0.987607979413327,0.007092262846690289
2005-03-14,0.9951481447167945,0.9880337998063558,0.007114344910438719
2005-03-15,0.9951767027301667,0.9879288700144846,0.007247832715682079
2005-03-16,0.9951767027301667,0.9879847435873105,0.007191959142856197
2005-03-17,0.9951481447167945,0.9878932176743531,0.00725492704244135
2005-03-18,0.9948867095179473,0.9880880579778363,0.006798651540111056
2005-03-21,0.9948867095179473,0.9880880579778363,0.006798651540111056
2005-03-22,0.9945498063775243,0.9879116015938956,0.006638204783628754
2005-03-23,0.9945498063775241,0.9879116015938955,0.006638204783628643
2005-03-24,0.9941477347138051,0.9880694758652397,0.006078258848565388
2005-03-28,0.9941970259179729,0.9881987921232115,0.005998233794761387
2005-03-29,0.9942202927146173,0.9883015756242409,0.005918717090376391
2005-03-30,0.9939712783298642,0.9883015756242409,0.005669702705623281
2005-03-31,0.9938640989223857,0.9880515605044435,0.005812538417942159
2005-04-01,0.9938355409090133,0.9878174408650496,0.006018100043963637
2005-04-04,0.993835540909013,0.9874684800799649,0.006367060829048143
2005-04-05,0.9935227998755134,0.9873898586858586,0.006132941189654795
2005-04-06,0.9934055912882422,0.9874433509827205,0.005962240305521727
2005-04-07,0.9931672124832683,0.9874191888757973,0.0057480236074710644
2005-04-08,0.9934013321226625,0.9876418884361416,0.005759443686520815
2005-04-11,0.9932963848469966,0.9877181338041912,0.005578251042805404
2005-04-12,0.9934035642544753,0.9881069881650805,0.005296576089394822
2005-04-13,0.9937404673948984,0.9882732704551913,0.005467196939707097
2005-04-14,0.9937690254082708,0.988659197272415,0.0051098281358558095
2005-04-15,0.9937941545055152,0.9888705472961967,0.0049236072093185035
2005-04-18,0.993389887559058,0.9885496566950394,0.004840230864018635
2005-04-19,0.9935663439429987,0.9886379597077504,0.004928384235248329
2005-04-20,0.9936735233504773,0.9885521672102218,0.005121356140255551
2005-04-21,0.9938848899186835,0.988430996992519,0.005453892926164494
2005-04-22,0.9940015449288854,0.9882934027756403,0.00570814215324511
2005-04-25,0.9940835952391195,0.9880327450032667,0.006050850235852834
2005-04-26,0.993928986928073,0.9879768714304407,0.005952115497632304
2005-04-27,0.9940835952391195,0.9873937342482447,0.006689860990874763
2005-04-28,0.993799670670101,0.9870642205853379,0.006735450084763062
2005-04-29,0.9940110372383071,0.9866992329747912,0.007311804263515853
2005-05-02,0.9940424533280496,0.986828549232763,0.007213904095286661
2005-05-03,0.9941685036257237,0.9869105995429972,0.0072579040827265295
2005-05-04,0.9942629096994301,0.9867986303080601,0.0074642793913699546
2005-05-05,0.9943579031797244,0.9867986303080601,0.0075592728716642466
2005-05-06,0.994443695677253,0.9867986303080604,0.007645065369192627
2005-05-09,0.9945609042645241,0.9868930363817667,0.007667867882757418
2005-05-10,0.9947830601274606,0.9870878766852501,0.00769518344221054
2005-05-11,0.9948129790521634,0.9872865820056859,0.0075263970464775065
2005-05-12,0.9944528091150956,0.987249615973547,0.007203193141548603
2005-05-13,0.9943943321770202,0.9870336726480552,0.00736065952896503
2005-05-16,0.9943044391492027,0.9874581797912562,0.0068462593579465825
2005-05-17,0.993935158086532,0.9876508563201034,0.006284301766428579
2005-05-18,0.9937475975974976,0.986960604077344,0.006786993520153661
2005-05-19,0.9939817172368913,0.9869344273399355,0.0070472898969557995
2005-05-20,0.9937761556108702,0.9871630515850744,0.006613104025795735
2005-05-23,0.9938047136242424,0.9879658332943835,0.005838880329858909
2005-05-24,0.9937795845269981,0.9879658332943835,0.005813751232614628
2005-05-25,0.9938521425278103,0.9882148476791365,0.005637294848673813
2005-05-26,0.9934919725907425,0.9879272357428811,0.005564736847861407
2005-05-27,0.9934634145773701,0.988309841159431,0.005153573417939095
2005-05-31,0.9934075410045442,0.9881237128212038,0.005283828183340389
2005-06-01,0.9934360990179169,0.9880450914270976,0.00539100759081923
2005-06-02,0.9933868078137491,0.9881814547925055,0.005205353021243586
2005-06-03,0.9933333155168872,0.9882113737172085,0.005121941799678731
2005-06-06,0.9934593658145613,0.9888317615769175,0.004627604237643745
2005-06-07,0.9934593658145615,0.9890002759988412,0.004459089815720296
2005-06-08,0.9934593658145615,0.9890002759988417,0.004459089815719852
2005-06-09,0.993304757503515,0.9888317615769175,0.004472995926597445
2005-06-10,0.9933047575035148,0.9888317615769175,0.004472995926597223
2005-06-13,0.9934593658145613,0.9890019088839811,0.004457456930580195
2005-06-14,0.9935765744018324,0.9890632438984264,0.004513330503406077
2005-06-15,0.9935180974637573,0.9890333249737236,0.0044847724900336505
2005-06-16,0.993752217103151,0.9889166699635217,0.004835547139629304
2005-06-17,0.9937522171031509,0.9889865343465717,0.0047656827565791815
2005-06-20,0.9936578110294445,0.9889102889785223,0.004747522050922215
2005-06-21,0.9936877299541472,0.9891262323040142,0.0045614976501330284
2005-06-22,0.9934262947553001,0.988724160640295,0.0047021341150050855
2005-06-23,0.9936869525276738,0.988724160640295,0.0049627918873788035
2005-06-24,0.9937989217626108,0.9888471247273739,0.004951797035236849
2005-06-27,0.9938288406873137,0.9888471247273739,0.004981715959939792
2005-06-28,0.994160627787924,0.9888471247273739,0.005313503060550118
2005-06-29,0.9939754379571265,0.9886892504560297,0.005286187501096773
2005-06-30,0.9939219456602645,0.9889178747011687,0.00500407095909583
2005-07-01,0.993892026735562,0.9888721724250419,0.0050198543105201
2005-07-05,0.9939819197633795,0.9887109119859371,0.0052710077774423825
2005-07-06,0.9941112360213514,0.9887788932294638,0.0053323427918876565
2005-07-07,0.9941112360213512,0.9888961018167347,0.005215134204616501
2005-07-08,0.9939678506966719,0.9889772828792963,0.004990567817375613
2005-07-11,0.9938858003864376,0.9889458667895538,0.004939933596883828
2005-07-12,0.9937487020542561,0.9888514607158472,0.004897241338408964
2005-07-13,0.9937487020542564,0.9888514607158472,0.004897241338409186
2005-07-14,0.9939099624933607,0.9886813134087837,0.005228649084576986
2005-07-15,0.9938858003864376,0.9886571513018606,0.005228649084576986
2005-07-18,0.9940913620124592,0.9886285932884881,0.005462768723971112
2005-07-19,0.993893405090735,0.9885387002606705,0.005354704830064505
2005-07-20,0.9939219631041074,0.9886105764770748,0.005311386627032566
2005-07-21,0.9937607026650026,0.9885832609176214,0.005177441747381217
2005-07-22,0.993696215515999,0.9884949579049105,0.005201257611088472
2005-07-25,0.9935591171838176,0.9884194899633343,0.005139627220483334
2005-07-26,0.9935591171838176,0.9884620906999186,0.005097026483898981
2005-07-27,0.9937901451648029,0.9886233511390234,0.005166794025779464
2005-07-28,0.9938663905328524,0.989007243333282,0.004859147199570368
2005-07-29,0.9940027538982603,0.989106640666551,0.004896113231709354
2005-08-01,0.9936818328894574,0.9892186099014881,0.004463222987969306
2005-08-02,0.9937431679039027,0.9893628365130641,0.004380331390838599
2005-08-03,0.9939545344721088,0.9891014013142171,0.004853133157891709
2005-08-04,0.9940665037070456,0.9890714823895144,0.0049950213175312674
2005-08-05,0.9938609420810246,0.9890365722052492,0.004824369875775392
2005-08-08,0.9936495755128183,0.9888169276781361,0.00483264783468218
2005-08-09,0.9939289635476716,0.9887676364739684,0.0051613270737032035
2005-08-10,0.9941599915286568,0.9887031493249647,0.005456842203692025
2005-08-11,0.9945620631923757,0.9888562066039307,0.005705856588445024
2005-08-12,0.9945620631923757,0.9885266929410239,0.006035370251351813
2005-08-15,0.9945061896195501,0.9887524405291322,0.005753749090417815
2005-08-16,0.9943515813085035,0.9886989482322706,0.005652633076232982
2005-08-17,0.9942695309982692,0.9889799277738287,0.005289603224440498
2005-08-18,0.9947165023047463,0.9891563841577696,0.005560118146976656
2005-08-19,0.9948276578570611,0.9888963438228883,0.005931314034172797
2005-08-22,0.9948956391005878,0.9888963438228883,0.00599929527769949
2005-08-23,0.9950128476878588,0.9890466234694204,0.0059662242184383985
2005-08-24,0.9949016921355439,0.9891951092465766,0.005706582888967304
2005-08-25,0.9950702065574679,0.9890288269564658,0.00604137960100215
2005-08-26,0.9948526621294983,0.9886051224466335,0.006247539682864844
2005-08-29,0.9950291185134389,0.9889533590148898,0.006075759498549105
2005-08-30,0.9949171492785018,0.9888273087172155,0.006089840561286364
2005-08-31,0.9951346937064716,0.9889803659961816,0.0061543277102900085
2005-09-01,0.9951588558133949,0.9888033222056529,0.006355533607741992
2005-09-02,0.9948379652122373,0.9889611964769969,0.005876768735240456
2005-09-06,0.9948080462875346,0.9889611964769971,0.005846849810537513
2005-09-07,0.9948080462875346,0.9893261840875439,0.005481862199990695
2005-09-08,0.9948379652122373,0.9891313437840606,0.005706621428176684
2005-09-09,0.9948080462875346,0.9888033222056528,0.006004724081881796
2005-09-12,0.9947838841806113,0.9886046168852168,0.0061792672953944194
2005-09-13,0.9947381819044847,0.9887474486328272,0.005990733271657556
2005-09-14,0.994708262979782,0.9893964513237692,0.005311811656012799
2005-09-15,0.9948695234188866,0.989507606876084,0.005361916542802603
2005-09-16,0.9950137500304628,0.990013777819416,0.004999972211046755
2005-09-19,0.9951571353551423,0.990273818154297,0.0048833172008452275
2005-09-20,0.9950129087435661,0.9902738181542973,0.004739090589268802
2005-09-21,0.9949814926538235,0.990273818154297,0.004707674499526471
2005-09-22,0.9948994423435893,0.9901445018963253,0.004754940447263989
2005-09-23,0.9948994423435893,0.9900633208337637,0.004836121509825597
2005-09-26,0.9950942826470726,0.9901627181670328,0.00493156448003973
2005-09-27,0.9948468192944001,0.9903786614925247,0.004468157801875372
2005-09-28,0.995015333716324,0.9905271472696807,0.004488186446643283
2005-09-29,0.9948468192944003,0.9905495827491627,0.004297236545237615
2005-09-30,0.9945544562989695,0.9903274268862262,0.004227029412743333
2005-10-03,0.9947928351039435,0.9904534771839004,0.00433935792004303
2005-10-04,0.9946315746648389,0.9905654464188375,0.004066128246001388
2005-10-05,0.9947686729970202,0.9906967879332393,0.004071885063780867
2005-10-06,0.9948507233072545,0.99065269092385,0.0041980323834045485
2005-10-07,0.9946527663855304,0.9901832841378907,0.004469482247639656
2005-10-10,0.9947385588830587,0.9902325753420583,0.004505983541000402
2005-10-11,0.9949545022085508,0.9903555394291376,0.004598962779413185
2005-10-12,0.994799893897504,0.990071524348742,0.00472836954876199
2005-10-13,0.9950158372229959,0.9904197609169983,0.004596076305997565
2005-10-14,0.9951592225476753,0.990328235004041,0.004830987543634313
2005-10-17,0.9952127148445371,0.9904354144115197,0.004777300433017384
2005-10-18,0.9950581065334906,0.9904354144115197,0.004622692121970862
2005-10-19,0.9948895921115667,0.9905782461591298,0.004311345952436874
2005-10-20,0.9947544306882898,0.9906902153940669,0.0040642152942229615
2005-10-21,0.9943316573287572,0.9908828919229139,0.003448765405843268
2005-10-24,0.9941882720040779,0.9908828919229139,0.003305380081163989
2005-10-25,0.9941882720040777,0.9908828919229139,0.003305380081163767
2005-10-26,0.9941882720040777,0.9908828919229139,0.003305380081163767
2005-10-27,0.9941882720040777,0.9910313777000702,0.0031568943040074515
2005-10-28,0.9941389807999101,0.9911480327102719,0.00299094808963829
2005-10-31,0.9941389807999101,0.9912160139537987,0.0029229668461114855
2005-11-01,0.9941389807999099,0.9912805011028025,0.0028584796971073967
2005-11-02,0.9939843724888634,0.991073538387571,0.0029108341012924477
2005-11-03,0.9939843724888634,0.991073538387571,0.0029108341012924477
2005-11-04,0.9941688997246128,0.9911634314153887,0.003005468309224102
2005-11-07,0.9941075647101676,0.9917907725764235,0.002316792133744139
2005-11-08,0.9943297205731041,0.9919119427941262,0.002417777778977892
2005-11-09,0.9942225411656256,0.9919418617188289,0.002280679446796663
2005-11-10,0.9942980091072016,0.9921081440089398,0.0021898650982618006
2005-11-11,0.9942036030334952,0.9916578466384336,0.0025457563950616047
2005-11-14,0.9941736841087923,0.9917137202112594,0.002459963897532891
2005-11-15,0.9940074018186816,0.9917398969486679,0.0022675048700137035
2005-11-16,0.9939489248806065,0.9916449034683734,0.0023040214122330704
2005-11-17,0.9939489248806065,0.9915750390853236,0.0023738857952828596
2005-11-18,0.9940347173781349,0.9913801987818401,0.0026545185962947304
2005-11-21,0.9940661334678774,0.9913015773877341,0.0027645560801433655
2005-11-22,0.9945140359246545,0.9915380730531845,0.0029759628714699504
2005-11-23,0.994277540259204,0.9915380730531845,0.0027394672060194747
2005-11-25,0.9942775402592038,0.9915118963157761,0.002765643943427709
2005-11-28,0.9941917477616754,0.9913747979835945,0.0028169497780808905
2005-11-29,0.9940147039711469,0.9917637603396556,0.0022509436314912534
2005-11-30,0.9937925481082102,0.9917968313989168,0.001995716709293327
2005-12-01,0.9937925481082102,0.9919498886778828,0.0018426594303273536
2005-12-02,0.9935811413168839,0.9920728527649617,0.001508288551922199
2005-12-05,0.9934518250589118,0.9920414366752192,0.0014103883836926734
2005-12-06,0.9933015454123796,0.9918128124300803,0.0014887329822992346
2005-12-07,0.9934308616703513,0.9916685858185043,0.0017622758518470727
2005-12-08,0.9932381851415045,0.991698504743207,0.0015396803982975493
2005-12-09,0.9933453645489831,0.9919326243826008,0.0014127401663823758
2005-12-12,0.9931112449095892,0.9921313297030369,0.0009799152065523842
2005-12-13,0.9930213518817717,0.9923927649018839,0.0006285869798877686
2005-12-14,0.9926170849353143,0.9922485382903078,0.0003685466450065178
2005-12-15,0.9926501559945755,0.9921586452624903,0.0004915107320851986
2005-12-16,0.9926501559945755,0.9919973848233855,0.000652771171190003
2005-12-19,0.9924011416098224,0.9917483704386324,0.000652771171190003
2005-12-20,0.9923366544608186,0.9916697490445262,0.0006669054162924404
2005-12-21,0.9924979148999235,0.9910207463535842,0.0014771685463392803
2005-12-22,0.9925592499143687,0.9912083068426183,0.0013509430717504323
2005-12-23,0.9926177268524439,0.9912083068426183,0.0014094200098255794
2005-12-27,0.9924692410752874,0.9911184138148008,0.0013508272604866312
2005-12-28,0.9922217777226152,0.9909197084943647,0.0013020692282504909
2005-12-29,0.9921359852250866,0.9908638349215391,0.0012721503035475479
2005-12-30,0.9921359852250868,0.9909197084943647,0.00121627673072211
2006-01-03,0.9920235201054525,0.990870417290197,0.0011531028152554912
2006-01-04,0.9915483476801624,0.9908059301411932,0.0007424175389691978
2006-01-05,0.9916018399770242,0.9906480558698493,0.0009537841071749487
2006-01-06,0.9916018399770242,0.9903340052690296,0.0012678347079946306
2006-01-09,0.99165771354985,0.990148815438232,0.001508898111618029
2006-01-10,0.9916277946251473,0.9898727940721873,0.0017550005529599622
2006-01-11,0.9917762804023035,0.9903789650155191,0.0013973153867843369
2006-01-12,0.9917762804023035,0.990434838588345,0.001341441813958455
2006-01-13,0.9916328950776241,0.9905292446620514,0.001103650415572699
2006-01-17,0.991515686490353,0.9906286419953206,0.0008870444950324075
2006-01-18,0.9916014789878815,0.9904783623487882,0.001123116639093369
2006-01-19,0.9917448643125609,0.9902293479640351,0.0015155163485258694
2006-01-20,0.9919213206965016,0.9900762906850692,0.0018450300114324358
2006-01-23,0.99186782839964,0.9899713434094034,0.0018964849902366465
2006-01-24,0.991979797634577,0.9900943074964824,0.001885490138094581
2006-01-25,0.9920071131940302,0.9902319017133612,0.0017752114806690589
2006-01-26,0.9919785551806578,0.9902319017133612,0.0017466534672966327
2006-01-27,0.9918020987967171,0.9900408151996206,0.0017612835970964857
2006-01-30,0.9918020987967171,0.9898043195341701,0.0019977792625469615
2006-01-31,0.9921054357222153,0.9898043195341701,0.0023011161880451825
2006-02-01,0.9921480364587996,0.9898043195341701,0.0023437169246294243
2006-02-02,0.9920622439612712,0.9900852990757282,0.0019769448855430083
2006-02-03,0.9922963636006649,0.9902868845569135,0.002009479043751372
2006-02-06,0.9923784139108992,0.9902868845569135,0.0020915293539857105
2006-02-07,0.9919894515548383,0.9901183701349896,0.001871081419848708
2006-02-08,0.9919074012446042,0.9899128085089682,0.0019945927356359583
2006-02-09,0.9923862566284823,0.9898854929495148,0.002500763678967566
2006-02-10,0.9925849619489185,0.9900556402565786,0.002529321692339992
2006-02-13,0.9924421302013084,0.9899943052421334,0.00244782495917506
2006-02-14,0.9923563377037796,0.9899943052421334,0.002362032461646235
2006-02-15,0.9923290221443264,0.9899612341828722,0.002367787961454204
2006-02-16,0.9923825144411881,0.9899326761694996,0.0024498382716884315
2006-02-17,0.9917697477990195,0.9896117551606967,0.0021579926383228365
2006-02-21,0.9916263624743401,0.9897819024677604,0.0018444600065796735
2006-02-22,0.9914684882029962,0.9895749397525291,0.0018935484504670752
2006-02-23,0.9913251028783167,0.9896607322500575,0.001664370628259193
2006-02-24,0.9914462730960194,0.9898991110550311,0.0015471620409882592
2006-02-27,0.9917449891373685,0.989963598204035,0.0017813909333335154
2006-02-28,0.9916770078938419,0.9901078248156112,0.0015691830782307292
2006-03-01,0.9913706478453416,0.989957545169079,0.0014131026762626009
2006-03-02,0.991097186147752,0.9898141598443996,0.0012830263033524192
2006-03-03,0.9909799775604813,0.9897582862715737,0.0012216912889075893
2006-03-06,0.9909799775604813,0.9892521153282419,0.0017278622322394188
2006-03-07,0.9909799775604811,0.9893693239155128,0.001610653644968263
2006-03-08,0.9905757106140238,0.9896453452815577,0.0009303653324661543
2006-03-09,0.9904936603037897,0.9896686120782023,0.000825048225587377
2006-03-10,0.9908254474044,0.989525226753523,0.001300220650877093
2006-03-13,0.9908003183071556,0.9896424353407939,0.0011578829663617674
2006-03-14,0.9905519857068105,0.9898054820782525,0.0007465036285579929
2006-03-15,0.9908927087561088,0.9898296441851759,0.001063064570932859
2006-03-16,0.9906443761557638,0.9898296441851759,0.0008147319705879008
2006-03-17,0.9908354626695044,0.9898296441851759,0.0010058184843284579
2006-03-20,0.9908354626695042,0.9898296441851759,0.0010058184843282358
2006-03-21,0.9908605917667488,0.9895696038502945,0.0012909879164543225
2006-03-22,0.9902478251245802,0.9891226325438175,0.0011251925807627128
2006-03-23,0.9901985339204125,0.988896884955709,0.0013016489647034168
2006-03-24,0.9901985339204125,0.988896884955709,0.0013016489647034168
2006-03-27,0.9896381663440013,0.988896884955709,0.0007412813882922142
2006-03-28,0.989436580862816,0.988896884955709,0.0005396959071070073
2006-03-29,0.9889492094729897,0.9888744494762272,7.475999676254119e-05
2006-03-30,0.9888372402380526,0.988896884955709,-5.964471765640411e-05
2006-03-31,0.9887001419058713,0.9887739208686303,-7.377896275895246e-05
2006-04-03,0.9885674132761958,0.9886478705709559,-8.045729476013896e-05
2006-04-04,0.9882191767079397,0.9886695321008635,-0.000450355392923818
2006-04-05,0.9883044764340471,0.9889185464856166,-0.0006140700515695485
2006-04-06,0.9882531705993943,0.9890670322627726,-0.000813861663378268
2006-04-07,0.9880166749339437,0.9886627653163154,-0.0006460903823716224
2006-04-10,0.9883649115021997,0.9884468219908236,-8.191048862382644e-05
2006-04-11,0.9879194418390246,0.9881034959101843,-0.00018405407115973382
2006-04-12,0.9876161049135265,0.988002736790559,-0.00038663187703258384
2006-04-13,0.9872334994969766,0.9877096253964166,-0.0004761258994400164
2006-04-17,0.9869728417246028,0.9876823098369631,-0.0007094681123603896
2006-04-18,0.9869728417246028,0.9876823098369631,-0.0007094681123603896
2006-04-19,0.9866797303304604,0.9879313242217163,-0.0012515938912558422
2006-04-20,0.9867477115739869,0.9879564533189606,-0.0012087417449737625
2006-04-21,0.9866984203698191,0.987706889867145,-0.0010084694973259145
2006-04-24,0.986572370072145,0.9876215901410377,-0.0010492200688926312
2006-04-25,0.9866535511347067,0.9873007170236746,-0.0006471658889679599
2006-04-26,0.9864779084333881,0.9870076056295322,-0.0005296971961440411
2006-04-27,0.9862917800951609,0.9866474356924642,-0.00035565559730321716
2006-04-28,0.985917366789496,0.9860899589144796,-0.00017259212498355048
2006-05-01,0.9855627240293451,0.9859905615812102,-0.00042783755186515116
2006-05-02,0.9860871876588027,0.9858529673643316,0.00023422029447106585
2006-05-03,0.9861104544554473,0.9858928609401364,0.00021759351531092097
2006-05-04,0.9865825190191475,0.9860768954044646,0.0005056236146828708
2006-05-05,0.9864294617401816,0.9857692485782552,0.0006602131619264373
2006-05-08,0.9864608778299242,0.9854323454378322,0.0010285323920919964
2006-05-09,0.9860864645242593,0.985360469221428,0.0007259953028313504
2006-05-10,0.986062302417336,0.985360469221428,0.0007018331959079971
2006-05-11,0.985615331110859,0.9847773320392317,0.0008379990716272934
2006-05-12,0.9861476021434435,0.9854163427942534,0.0007312593491901609
2006-05-15,0.9864771158063501,0.9857039547305091,0.0007731610758410223
2006-05-16,0.9869681841222165,0.9860898815477328,0.0008783025744837358
2006-05-17,0.9871052824543979,0.9861171971071863,0.0009880853472116202
2006-05-18,0.9870633807277469,0.9863829422067444,0.0006804385210025243
2006-05-19,0.9868009366570192,0.9863829422067444,0.00041799445027479454
2006-05-22,0.9867525766031513,0.9862568615014247,0.0004957151017266348
2006-05-23,0.9865840621812275,0.986399693249035,0.0001843689321925357
2006-05-24,0.9869135758441343,0.9862736429513608,0.0006399328927735315
2006-05-25,0.9874089072044789,0.9861251571742045,0.0012837500302744775
2006-05-26,0.9878962785943055,0.98616006735847,0.0017362112358355608
2006-05-30,0.9881677284585406,0.9858118307902136,0.0023558976683270005
2006-05-31,0.9880447643714617,0.9853873236470125,0.0026574407244491782
2006-06-01,0.9883257439130197,0.9852444918994023,0.0030812520136174193
2006-06-02,0.9882644088985746,0.9852885889087919,0.002975819989782691
2006-06-05,0.9881823585883402,0.9854146392064658,0.0027677193818744783
2006-06-06,0.988511872251247,0.9858934945903446,0.002618377660902449
2006-06-07,0.988469970524596,0.986199854638845,0.0022701158857509895
2006-06-08,0.9889819780471394,0.9863978115605689,0.0025841664865704495
2006-06-09,0.9890378516199653,0.9862276642535054,0.002810187366459882
2006-06-12,0.9891104096207775,0.9863443192637071,0.0027660903570703166
2006-06-13,0.9894399232836842,0.9867933149515885,0.0026466083320957345
2006-06-14,0.9891924599310118,0.987077239520607,0.0021152204104047945
2006-06-15,0.9896386286041201,0.9873982206331412,0.002240407970978908
2006-06-16,0.9896386286041201,0.9872436123220947,0.0023950162820254306
2006-06-19,0.989437043122935,0.9873920980992509,0.0020449450236841304
2006-06-20,0.9892867634764028,0.9873920980992509,0.0018946653771518829
2006-06-21,0.9894097275634818,0.9872436123220945,0.002166115241387323
2006-06-22,0.9897923329800317,0.9872436123220945,0.002548720657937209
2006-06-23,0.9896609914656296,0.9875150621863298,0.0021459292792997964
2006-06-26,0.9894341516406847,0.9873571278112542,0.0020770238294305354
2006-06-27,0.9893992414564196,0.987357127811254,0.0020421136451655997
2006-06-28,0.9892731607510997,0.9872627217375478,0.0020104390135519123
2006-06-29,0.9893992110487742,0.9869563616890471,0.0024428493597270506
2006-06-30,0.9895355744141823,0.986486954903088,0.0030486195110942527
2006-07-03,0.98958486561835,0.9863820076274225,0.0032028579909275656
2006-07-05,0.9894302573073033,0.98635344961405,0.0030768076932532473
2006-07-06,0.9898539618171355,0.9865604123292814,0.003293549487854097
2006-07-07,0.9898539618171357,0.9867182866006257,0.0031356752165100366
2006-07-10,0.9900152222562403,0.986909373114366,0.003105849141874284
2006-07-11,0.9899294297587119,0.9872024845085087,0.0027269452502032276
2006-07-12,0.9897852031471357,0.9876269916517098,0.0021582114954259435
2006-07-13,0.9896239427080311,0.9878180781654501,0.001805864542581026
2006-07-14,0.9895977659706225,0.9878405136449323,0.0017572523256902395
2006-07-17,0.9895977659706225,0.9874160065017313,0.002181759468891209
2006-07-18,0.9896370453065331,0.9878363849475346,0.001800660358998507
2006-07-19,0.9893530302261377,0.9881001908046185,0.001252839421519214
2006-07-20,0.9895215446480616,0.9883762121706633,0.001145332477398342
2006-07-21,0.989716384951545,0.9883762121706633,0.001340172780881721
2006-07-24,0.9896794189194059,0.9884943592653639,0.001185059654042031
2006-07-25,0.9899277515197509,0.9886236755233356,0.0013040759964152437
2006-07-26,0.9893073636600416,0.9884288352198526,0.0008785284401889859
2006-07-27,0.9892374992769918,0.9882218725046212,0.001015626772370548
2006-07-28,0.9891948985404072,0.9880307859908806,0.0011641125495266413
2006-07-31,0.9887479272339301,0.9877593361266456,0.0009885911072845532
2006-08-01,0.9889844228993807,0.987652156719167,0.0013322661802137592
2006-08-02,0.9890085850063037,0.9873457966706665,0.0016627883356372664
2006-08-03,0.9892581484581194,0.9872778154271399,0.001980333030979553
2006-08-04,0.989172355960591,0.9868288197392585,0.002343536221332543
2006-08-07,0.9890968880190151,0.9868071582093509,0.0022897298096641316
2006-08-08,0.9890511857428883,0.9866160716956106,0.0024351140472776978
2006-08-09,0.988959659829931,0.9865532074489851,0.002406452380945834
2006-08-10,0.9886786802883727,0.9864903432023596,0.00218833708601307
2006-08-11,0.9883353542077333,0.9861623216239518,0.0021730325837815423
2006-08-14,0.9883353542077336,0.9861623216239518,0.0021730325837817643
2006-08-15,0.9883888465045952,0.9862617189572208,0.00212712754737443
2006-08-16,0.9884937937802608,0.9863297002007474,0.0021640935795134153
2006-08-17,0.9886440734267931,0.986042088264492,0.002601985162301035
2006-08-18,0.9883300228259737,0.9863214762993451,0.0020085465266286295
2006-08-21,0.987960798530848,0.986222078966076,0.0017387195647718956
2006-08-22,0.9877494485070663,0.9865060035350945,0.0012434449719717078
2006-08-23,0.9878936751186422,0.986411597461388,0.001482077657254277
2006-08-24,0.9877825195663275,0.986411597461388,0.0013709221049394982
2006-08-25,0.9878174297505928,0.9861919529342751,0.0016254768163177502
2006-08-28,0.9879753040219372,0.9867039604568183,0.001271343565118932
2006-08-29,0.9879753040219372,0.9861919529342751,0.001783351087662144
2006-08-30,0.9878854109941193,0.985879211900775,0.0020061990933443186
2006-08-31,0.9876247532217457,0.9854903575398855,0.002134395681860246
2006-09-01,0.9879456742305486,0.9852009005122653,0.0027447737182833
2006-09-05,0.9878227101434699,0.9850645371468569,0.002758172996612962
2006-09-06,0.9879912245653936,0.9846857322797826,0.0033054922856109448
2006-09-07,0.9882025911335997,0.985109436789615,0.0030931543439846054
2006-09-08,0.98853690524446,0.9850331914215656,0.003503713822894383
2006-09-11,0.9888858660295446,0.9850662624808268,0.003819603548717798
2006-09-12,0.9894181370621293,0.9853287065515547,0.004089430510574643
2006-09-13,0.9894181370621291,0.9854833148626012,0.003934822199527899
2006-09-14,0.9895353456494003,0.9854358859590332,0.004099459690367069
2006-09-15,0.9900024535291858,0.9856220142972606,0.004380439231925215
2006-09-18,0.9902681986287439,0.9855801125706094,0.004688086058134533
2006-09-19,0.9900460427658072,0.9851556054274084,0.004890437338398779
2006-09-20,0.9897319921649878,0.9845846692988076,0.005147322866180137
2006-09-21,0.9900080135310326,0.9849141829617144,0.005093830569318225
2006-09-22,0.9897240889620144,0.9850672402406802,0.004656848721334206
2006-09-25,0.9896612247153889,0.9851616463143867,0.0044995784010021245
2006-09-26,0.9895400544976859,0.9853301607363105,0.004209893761375372
2006-09-27,0.9897240889620144,0.985501554462002,0.004222534500012309
2006-09-28,0.9895864947451356,0.9859267606151365,0.0036597341299990926
2006-09-29,0.9892852516935362,0.9861651394201103,0.0031201122734259013
2006-10-02,0.9895728636297918,0.9862911897177845,0.003281673912007288
2006-10-03,0.9892695267042937,0.9857651532319418,0.003504373472351885
2006-10-04,0.9892346165200283,0.9854812286629233,0.003753387857104995
2006-10-05,0.9891997063357629,0.9851704245383279,0.004029281797435003
2006-10-06,0.9891666352765017,0.9849634618230966,0.004203173453405151
2006-10-09,0.9893887911394382,0.9852369235206859,0.004151867618752303
2006-10-10,0.9896728062198336,0.985837184672902,0.0038356215469315114
2006-10-11,0.9896728062198336,0.9860337074958377,0.003639098723995815
2006-10-12,0.9893035819247077,0.9862827218805911,0.0030208600441166134
2006-10-13,0.9891607501770975,0.9860352585279186,0.0031254916491788576
2006-10-16,0.989134573439689,0.985930311252253,0.003204262187435969
2006-10-17,0.9890116093526102,0.9856195071276574,0.0033921022249527866
2006-10-18,0.9890795905961367,0.9854934264223377,0.003586164173798978
2006-10-19,0.9890033452280873,0.9854934264223377,0.003509918805749579
2006-10-20,0.9890033452280873,0.985428939273334,0.0035744059547533347
2006-10-23,0.9891145007804019,0.9854620103325952,0.003652490447806689
2006-10-24,0.9894132168217512,0.9858364236382599,0.0035767931834913558
2006-10-25,0.9895313639164519,0.9858757029741704,0.0036556609422815356
2006-10-26,0.9894964537321865,0.986186507098766,0.0033099466334205463
2006-10-27,0.9896194178192657,0.9864625284648108,0.003156889354454906
2006-10-30,0.9895824517871263,0.9868883488578394,0.0026941029292869567
2006-10-31,0.9901218801568606,0.987149006630213,0.002972873526647657
2006-11-01,0.990180357094936,0.987149006630213,0.003031350464723026
2006-11-02,0.9903643915592643,0.9873152889203238,0.0030491026389404263
2006-11-03,0.990481600146535,0.9872434127039195,0.0032381874426155033
2006-11-06,0.9906318797930675,0.9873964699828854,0.0032354098101821105
2006-11-07,0.9903558584270226,0.9871204486168408,0.0032354098101817774
2006-11-08,0.9906991845076619,0.9871204486168408,0.0035787358908211386
2006-11-09,0.9906133920101335,0.9869167840867489,0.003696607923384665
2006-11-10,0.9909993188273573,0.9870531474521568,0.00394617137520048
2006-11-13,0.9911833532916855,0.9872458239810041,0.003937529310681365
2006-11-14,0.9914866902171836,0.987667504109432,0.00381918610775156
2006-11-15,0.9912483114122099,0.9877886743271349,0.003459637085075018
2006-11-16,0.991529290953768,0.9880585012889916,0.0034707896647763192
2006-11-17,0.9918726170344075,0.9879786334762575,0.0038939835581500715
2006-11-20,0.9920839836026135,0.9876516664059352,0.004432317196678359
2006-11-21,0.9922011921898845,0.9873910086335616,0.0048101835563229
2006-11-22,0.991979036326948,0.9874384375371295,0.004540598789818495
2006-11-24,0.9918305505497915,0.9879410473087702,0.0038895032410213304
2006-11-27,0.9914446237325678,0.9881606918358833,0.003283931896684522
2006-11-28,0.9909326162100246,0.9879410473087702,0.0029915689012544044
2006-11-29,0.9907569735087058,0.9877483707799231,0.0030086027287827832
2006-11-30,0.9908862897666777,0.9875000381795781,0.003386251587099598
2006-12-01,0.991093252481909,0.9876028216806075,0.003490430801301514
2006-12-04,0.9910932524819088,0.9876678578966739,0.003425394585234942
2006-12-05,0.9910932524819093,0.9877991994110757,0.0032940530708335247
2006-12-06,0.9911205680413623,0.9877499082069081,0.0033706598344541705
2006-12-07,0.9908806600042085,0.9873584539875822,0.003522206016626339
2006-12-08,0.9908806600042085,0.9873584539875822,0.003522206016626339
2006-12-11,0.9910036240912874,0.9873584539875822,0.003645170103705242
2006-12-12,0.9910350401810297,0.9875734518229674,0.0034615883580623175
2006-12-13,0.9910720062131687,0.9879813412141093,0.0030906649990594115
2006-12-14,0.9907312831638703,0.9881883039293407,0.0025429792345296187
2006-12-15,0.9904017695009639,0.988212466036264,0.002189303464699921
2006-12-18,0.9903793340214818,0.9880621863897318,0.0023171476317500606
2006-12-19,0.9903520184620284,0.987992322006682,0.002359696455346394
2006-12-20,0.9905633684858101,0.9880748163190709,0.0024885521667391552
2006-12-21,0.9906758336054444,0.9881421801251051,0.002533653480339293
2006-12-22,0.9905056862983806,0.9880596858127157,0.002446000485664901
2006-12-26,0.9902860417712678,0.9877665744185733,0.002519467352694482
2006-12-27,0.9902860417712678,0.9875738978897264,0.0027121438815413956
2006-12-28,0.9898139772075676,0.9874984299481502,0.0023155472594174054
2006-12-29,0.9894280503903435,0.987702094478242,0.0017259559121015622
2007-01-03,0.9892777707438116,0.987702094478242,0.0015756762655696477
2007-01-04,0.9891343854191321,0.9877020944782422,0.0014322909408899243
2007-01-05,0.9889980220537239,0.9877390605103811,0.001258961543342818
2007-01-08,0.9888349753162653,0.9877041503261159,0.0011308249901493816
2007-01-09,0.9888349753162653,0.9874327004618806,0.0014022748543847108
2007-01-10,0.9888349753162653,0.987467610646146,0.001367364670119331
2007-01-11,0.9882019451640559,0.9871752476507154,0.001026697513340502
2007-01-12,0.9877066138037108,0.9871752476507156,0.0005313661529952052
2007-01-16,0.9878612221147574,0.9871519808540707,0.0007092412606866105
2007-01-17,0.9879556281884638,0.9867261604610424,0.001229467727421385
2007-01-18,0.9878911410394603,0.9863182710699002,0.0015728699695600756
2007-01-19,0.9878562308551947,0.9857579034934891,0.0020983273617055653
2007-01-22,0.9879590143562244,0.985657144373864,0.0023018699823603717
2007-01-23,0.988205331331816,0.9853361632613296,0.0028691680704864275
2007-01-24,0.9881327733310038,0.9846916132946971,0.0034411600363066785
2007-01-25,0.9882399527384823,0.9849892370992098,0.0032507156392724834
2007-01-26,0.9885540033393018,0.9851744269300072,0.003379576409294538
2007-01-29,0.9889232276344276,0.9857347945064185,0.003188433128009094
2007-01-30,0.9891391709599194,0.9862480029586492,0.0028911680012702057
2007-01-31,0.9893054532500303,0.9867803506393896,0.0025251026106406504
2007-02-01,0.9898174607725737,0.9869275822581579,0.0028898785144158
2007-02-02,0.990377828348985,0.987070414005768,0.003307414343217019
2007-02-05,0.9901867418352447,0.9869688846631266,0.003217857172118088
2007-02-06,0.9900747726003074,0.9869688846631266,0.003105887937180807
2007-02-07,0.9899628033653706,0.9871319314005852,0.0028308719647853753
2007-02-08,0.9896081606052193,0.9871319314005852,0.002476229204634084
2007-02-09,0.9893383336433627,0.9871812226047528,0.002157111038609827
2007-02-12,0.9895068480652865,0.9874069701928613,0.002099877872425271
2007-02-13,0.9893312053639679,0.987249095921517,0.002082109442450908
2007-02-14,0.9893312053639678,0.9874759357464619,0.001855269617505928
2007-02-15,0.9893012864392652,0.9874266445422943,0.0018746418969708412
2007-02-16,0.9890837420112957,0.9875216380225885,0.001562103988707153
2007-02-20,0.9890224069968504,0.9870522312366297,0.001970175760220738
2007-02-21,0.9887859113313999,0.9871783119419492,0.0016075993894507645
2007-02-22,0.9886084235387165,0.9874517736395387,0.0011566498991777419
2007-02-23,0.9883274439971583,0.9872249338145939,0.0011025101825644645
2007-02-26,0.9880262009455592,0.9872249338145939,0.0008012671309652886
2007-02-27,0.9874742998472109,0.9871879677824548,0.00028633206475614514
2007-02-28,0.9868043579495918,0.9871486884465444,-0.000344330496952594
2007-03-01,0.9865884146241,0.9868053623659051,-0.0002169477418051402
2007-03-02,0.9865598566107275,0.9867518700690431,-0.00019201345831554306
2007-03-05,0.9863884628850359,0.9866838888255165,-0.0002954259404805981
2007-03-06,0.9864080929507997,0.9868099391231908,-0.0004018461723911404
2007-03-07,0.9865096222934414,0.9872178285143328,-0.0007082062208914053
2007-03-08,0.9866530076181206,0.9875611545949722,-0.0009081469768515982
2007-03-09,0.9871591785614526,0.9879437600115222,-0.0007845814500695436
2007-03-12,0.9870946914124489,0.9877807132740631,-0.000686021861614261
2007-03-13,0.9872380767371283,0.9880297276588165,-0.0007916509216882028
2007-03-14,0.9876073010322541,0.9882903854311901,-0.0006830843989359403
2007-03-15,0.9876073010322541,0.9884449937422367,-0.0008376927099825737
2007-03-16,0.9877022945125485,0.988337814334758,-0.0006355198222094405
2007-03-19,0.9877667816615522,0.9882462884218006,-0.0004795067602484382
2007-03-20,0.9876768886337347,0.9885058265247185,-0.0008289378909838163
2007-03-21,0.9881439965135198,0.988996894840585,-0.0008528983270651436
2007-03-22,0.9886762675461046,0.9892443581932575,-0.0005680906471529079
2007-03-23,0.9891232388525817,0.9891182774879376,4.961364644118227e-06
2007-03-26,0.9891845738670269,0.9890370964253762,0.00014747744165066745
2007-03-27,0.9891845738670269,0.9887764386530024,0.0004081352140244965
2007-03-28,0.9892131318803992,0.9886482420644865,0.0005648898159126281
2007-03-29,0.9892416898937716,0.9885315870542847,0.0007101028394869147
2007-03-30,0.9893646539808505,0.9886629285686865,0.000701725412163956
2007-04-02,0.9897015571212737,0.9888393849526275,0.000862172168646258
2007-04-03,0.9896195068110396,0.9889148528942034,0.0007046539168361621
2007-04-04,0.9898795471459207,0.988617229089691,0.001262318056229783
2007-04-05,0.9898346475031625,0.9884192721679667,0.0014153753351958676
2007-04-09,0.989617103075193,0.9883143248923011,0.0013027781828919283
2007-04-10,0.9896784380896383,0.988083296911316,0.001595141178322268
2007-04-11,0.9899094660706236,0.9879469335459079,0.0019625325247156766
2007-04-12,0.9901590295224392,0.9879076542099973,0.0022513753124419056
2007-04-13,0.9902872261109551,0.9878491772719221,0.00243804883903298
2007-04-16,0.9906305521915942,0.9879752579772418,0.0026552942143523994
2007-04-17,0.9909600658545009,0.9883234945454982,0.0026365713090027443
2007-04-18,0.9908224716376223,0.9883476566524213,0.002474814985200968
2007-04-19,0.9907639946995471,0.9878635218932298,0.0029004728063173335
2007-04-20,0.9907639946995471,0.9877510567735956,0.0030129379259514755
2007-04-23,0.9907639946995471,0.9879041140525615,0.002859880646985613
2007-04-24,0.9907954107892896,0.9878726979628192,0.002922712826470386
2007-04-25,0.990632364051831,0.9877607287278821,0.0028716353239488512
2007-04-26,0.9906009479620885,0.9875349811397739,0.0030659668223146364
2007-04-27,0.9905396129476433,0.9873174367118039,0.0032221762358393136
2007-04-30,0.9903359484175515,0.9874404007988831,0.0028955476186683926
2007-05-01,0.9902147781998485,0.9877437377243812,0.002471040475467312
2007-05-02,0.9900644985533162,0.9879075086786685,0.002156989874647741
2007-05-03,0.9899787060557879,0.9877544513997023,0.002224254656085556
2007-05-04,0.9902097340367729,0.9873523797359833,0.002857354300789594
2007-05-07,0.9901417527932465,0.9870415756113877,0.003100177181858732
2007-05-08,0.9898074386823859,0.986897348999812,0.002910089682573891
2007-05-09,0.9893163703665193,0.9870729917011303,0.0022433786653890397
2007-05-10,0.9894605969780956,0.9871541727636919,0.002306424214403746
2007-05-11,0.9892626400563714,0.9871911387958309,0.0020715012605405647
2007-05-14,0.9892925589810742,0.9871660096985864,0.0021265492824877885
2007-05-15,0.9892626400563717,0.9872009198828517,0.0020617201735199098
2007-05-16,0.9890677997528882,0.9874123266741782,0.0016554730787099459
2007-05-17,0.9887076298158202,0.9874453977334394,0.0012622320823807431
2007-05-18,0.9891138201430852,0.98768189339889,0.0014319267441952332
2007-05-21,0.9890603278462236,0.987818256764298,0.0012420710819255332
2007-05-22,0.9889483586112863,0.9875961009013615,0.0013522577099247535
2007-05-23,0.9887084505741324,0.9874536610667887,0.001254789507343701
2007-05-24,0.9886285827613982,0.9873373712324782,0.0012912115289199777
2007-05-25,0.9885844857520089,0.9871386659120421,0.0014458198399667221
2007-05-29,0.9884773063445301,0.9872700074264442,0.0012072989180859084
2007-05-30,0.9883701269370515,0.9877161760995525,0.0006539508374989733
2007-05-31,0.9880492538196886,0.9879217377255739,0.0001275160941146547
2007-06-01,0.9880193348949857,0.9880588360577552,-3.950116276951743e-05
2007-06-04,0.9882248965210073,0.9881637833334211,6.111318758617035e-05
2007-06-05,0.9880776649022391,0.9878903216358316,0.00018734326640756915
2007-06-06,0.9877506978319167,0.9876137517029344,0.00013694612898229597
2007-06-07,0.9876344079976063,0.9874413753302893,0.00019303266731696134
2007-06-08,0.9873412966034638,0.9870587699137395,0.00028252668972428285
2007-06-11,0.9871155490153556,0.9870288509890366,8.66980263189987e-05
2007-06-12,0.9869791856499476,0.9866322543669126,0.0003469312830349791
2007-06-13,0.9866982061083893,0.9865648905608785,0.00013331554751083718
2007-06-14,0.9863773155072317,0.9863700502573951,7.265249836629906e-06
2007-06-15,0.986266159954917,0.9865203299039275,-0.0002541699490105076
2007-06-18,0.9866060681025324,0.9863342015657002,0.0002718665368321993
2007-06-19,0.9869269891113353,0.9866637152286067,0.0002632738827285097
2007-06-20,0.9869269891113353,0.9868008135607883,0.0001261755505469475
2007-06-21,0.9870900358487941,0.9867196324982266,0.0003704033505674831
2007-06-22,0.987190794968419,0.9863408276311523,0.0008499673372667216
2007-06-25,0.987046568356843,0.986009040530542,0.0010375278263010657
2007-06-26,0.9871228137248925,0.9857250254501464,0.0013977882747461257
2007-06-27,0.9871577239091578,0.9860377664836465,0.0011199574255112976
2007-06-28,0.987190794968419,0.9860377664836466,0.0011530284847723893
2007-06-29,0.9871608760437163,0.9860377664836466,0.0011231095600696683
2007-07-02,0.9872979743758977,0.9858466799699059,0.0014512944059917876
2007-07-03,0.9869546482952584,0.9854722666642413,0.0014823816310171045
2007-07-05,0.9866438441706628,0.9850727242613322,0.001571119909330565
2007-07-06,0.9865825091562174,0.9851899328486031,0.0013925763076142461
2007-07-09,0.9865494380969562,0.9852248430328685,0.0013245950640876636
2007-07-10,0.9866605936492712,0.9852248430328685,0.0014357506164026645
2007-07-11,0.9870055077287202,0.9853343551588881,0.0016711525698320795
2007-07-12,0.9871953764668608,0.9853616707183412,0.0018337057485195984
2007-07-13,0.9872836794795721,0.9853858328252647,0.0018978466543073669
2007-07-16,0.9867995447203808,0.9854371386599174,0.0013624060604633392
2007-07-17,0.9867410677823054,0.9857069656217743,0.0010341021605311251
2007-07-18,0.9872588346221324,0.9857890159320084,0.0014698186901239696
2007-07-19,0.9872958006542715,0.9860003825002147,0.00129541815405676
2007-07-20,0.98747144335559,0.9862764038662594,0.0011950394893306404
2007-07-23,0.9875895904502906,0.9864779893474445,0.0011116011028461381
2007-07-24,0.9875311135122155,0.9866222159590207,0.0009088975531947874
2007-07-25,0.9873959520889386,0.9862018375132172,0.0011941145757213834
2007-07-26,0.9875703928481259,0.9856600710476141,0.0019103218005117606
2007-07-27,0.9873947501468073,0.9853193479983159,0.0020754021484914453
2007-07-30,0.9872505235352314,0.9849227513761919,0.002327772159039454
2007-07-31,0.9871393679829166,0.9850730310227241,0.0020663369601924275
2007-08-01,0.9869338063568952,0.9852415454446478,0.0016922609122473897
2007-08-02,0.9872422984147681,0.9853918250911802,0.0018504733235878978
2007-08-03,0.9874764180541618,0.9856422182866691,0.0018341997674926613
2007-08-06,0.9874764180541618,0.985402310249515,0.0020741078046467853
2007-08-07,0.9874764180541618,0.985348817952653,0.0021276001015086976
2007-08-08,0.9872815777506785,0.9852843308036494,0.0019972469470290743
2007-08-09,0.9870201425518316,0.9850228956048023,0.0019972469470292964
2007-08-10,0.98681458092581,0.9851580570280793,0.001656523897730633
2007-08-13,0.986772679199159,0.9852193920425246,0.0015532871566343864
2007-08-14,0.9865499796388146,0.9851439241009484,0.0014060555378662132
2007-08-15,0.9862290586300118,0.9851140051762456,0.0011150534537661683
2007-08-16,0.9859182545054161,0.9849967965889747,0.0009214579164414927
2007-08-17,0.9859182545054161,0.9854800861165025,0.00043816838891364007
2007-08-20,0.9858708256018481,0.9854287802818495,0.0004420453199985852
2007-08-21,0.9853263141035561,0.9853280211622246,-1.7070586685319356e-06
2007-08-22,0.9849631109132034,0.9858068765461032,-0.0008437656328997845
2007-08-23,0.9848819298506416,0.9864399066983126,-0.0015579768476710054
2007-08-24,0.9845610088418388,0.9865518759332497,-0.0019908670914108306
2007-08-27,0.9846839729289178,0.9862485390077513,-0.0015645660788334848
2007-08-28,0.984718883113183,0.9862758545672048,-0.0015569714540217827
2007-08-29,0.9842517752333976,0.9857435835346202,-0.0014918083012226413
2007-08-30,0.9839454151848973,0.985664962140514,-0.0017195469556167131
2007-08-31,0.9837602253540999,0.9858262225796186,-0.002065997225518701
2007-09-04,0.9840710294786953,0.9861274656312178,-0.0020564361525224895
2007-09-05,0.9843773895271954,0.9861274656312178,-0.0017500761040223356
2007-09-06,0.9843215159543698,0.986206087025324,-0.0018845710709541885
2007-09-07,0.9842043073670989,0.9860941177903871,-0.001889810423288285
2007-09-10,0.9843303880724187,0.9860941177903872,-0.0017637297179685651
2007-09-11,0.9842010718144467,0.9861202945277956,-0.0019192227133488782
2007-09-12,0.9843182804017178,0.9862432586148747,-0.0019249782131569582
2007-09-13,0.9839438670960531,0.9862991321877004,-0.002355265091647296
2007-09-14,0.9840306684654623,0.9858158426601724,-0.0017851741947101374
2007-09-17,0.9844776397719394,0.9853406702348826,-0.0008630304629432262
2007-09-18,0.9847461299041863,0.985129320211101,-0.0003831903069146936
2007-09-19,0.9848476592468282,0.9853371359583685,-0.0004894767115403154
2007-09-20,0.985067303773941,0.985469864588044,-0.00040256081410294797
2007-09-21,0.9850934805113494,0.9855484859821502,-0.00045500547080079556
2007-09-24,0.9847639668484426,0.9856556653896289,-0.0008916985411863143
2007-09-25,0.9847190672056847,0.9859241555218761,-0.0012050883161913717
2007-09-26,0.9849690823254823,0.9860879264761632,-0.0011188441506808644
2007-09-27,0.985197706570621,0.9861492614906084,-0.0009515549199874407
2007-09-28,0.9855040666191215,0.9861250993836852,-0.0006210327645637115
2007-10-01,0.9853874116089197,0.9859054548565722,-0.0005180432476524777
2007-10-02,0.9852924181286253,0.9861840279897423,-0.0008916098611169154
2007-10-03,0.9855233982181708,0.9862889577816135,-0.0007655595634427081
2007-10-04,0.9853469418342299,0.9862889577816135,-0.0009420159473836343
2007-10-05,0.9853469418342299,0.9862889577816135,-0.0009420159473836343
2007-10-08,0.9853469418342299,0.9862889577816135,-0.0009420159473836343
2007-10-09,0.9851022060897451,0.9862889577816135,-0.0011867516918684373
2007-10-10,0.9854504426580014,0.9862889577816135,-0.0008385151236121047
2007-10-11,0.9855734067450804,0.9857711909417866,-0.00019778419670613
2007-10-12,0.9853823202313399,0.9857711909417866,-0.0003888707104466871
2007-10-15,0.9854817175646089,0.9859154175533628,-0.00043369998875386617
2007-10-16,0.9855535937810131,0.9863399246965636,-0.0007863309155504705
2007-10-17,0.9860207016607985,0.9869526913387324,-0.0009319896779339532
2007-10-18,0.9859213043275296,0.9868084647271562,-0.000887160399626663
2007-10-19,0.9858494281111251,0.9866314209366276,-0.0007819928255025088
2007-10-22,0.985685657156838,0.9864676499823404,-0.0007819928255023978
2007-10-23,0.9856182933508038,0.9865796192172774,-0.0009613258664736835
2007-10-24,0.985802327815132,0.9864676499823404,-0.000665322167208382
2007-10-25,0.985954686510571,0.9869131196455155,-0.0009584331349444808
2007-10-26,0.9861184574648584,0.9870768905998027,-0.0009584331349443698
2007-10-29,0.9863171627852942,0.9871888598347397,-0.0008716970494454523
2007-10-30,0.9864343713725652,0.9870722048245381,-0.0006378334519728801
2007-10-31,0.9867274827667079,0.9870722048245381,-0.0003447220578302046
2007-11-01,0.9866512373986586,0.9872777664505594,-0.0006265290519008593
2007-11-02,0.9868460777021415,0.9873336400233849,-0.0004875623212433622
2007-11-05,0.9869991349811075,0.9873336400233851,-0.0003345050422776108
2007-11-06,0.9871172820758082,0.9877564133829178,-0.000639131307109575
2007-11-07,0.9870803160436691,0.9879226956730286,-0.0008423796293595132
2007-11-08,0.9873024719066058,0.9879785692458543,-0.0006760973392484493
2007-11-09,0.9876152129401059,0.9878927767483257,-0.0002775638082197496
2007-11-12,0.9877528071569844,0.988035608495936,-0.0002828013389515327
2007-11-13,0.9879368416213127,0.9881993794502232,-0.0002625378289105029
2007-11-14,0.9877003459558622,0.9881993794502232,-0.0004990334943609787
2007-11-15,0.9874807014287492,0.9879707552050843,-0.0004900537763350421
2007-11-16,0.987610017686721,0.9879707552050845,-0.00036073751836351864
2007-11-19,0.9877864740706617,0.9881559450358821,-0.000369470965220442
2007-11-20,0.987552354431268,0.9881832605953353,-0.0006309061640673574
2007-11-21,0.9876965810428442,0.9883260923429457,-0.0006295113001014707
2007-11-23,0.9881217871959784,0.9888171606588121,-0.0006953734628336594
2007-11-26,0.9883818275308597,0.9890886105230472,-0.0007067829921875157
2007-11-27,0.9886881875793602,0.9890327369502215,-0.00034454937086136894
2007-11-28,0.9887831810596545,0.9890065602128131,-0.00022337915315862045
2007-11-29,0.988446277919231,0.9886070178099038,-0.0001607398906727786
2007-11-30,0.9888352402752921,0.9888291736728405,6.066602451615388e-06
2007-12-03,0.9889990112295792,0.9887756813759786,0.00022332985360062896
2007-12-04,0.9892628170866631,0.9887756813759786,0.00048713571068448314
2007-12-05,0.989061231605478,0.9884616307751591,0.0005996008303188471
2007-12-06,0.9891793787001786,0.9884616307751591,0.0007177479250194407
2007-12-07,0.9891319497966108,0.988515123072021,0.0006168267245897363
2007-12-10,0.9896272811569554,0.9884537880575758,0.001173493099379641
2007-12-11,0.9897439361671575,0.9880058856007986,0.0017380505663588952
2007-12-12,0.9900278607361759,0.9880058856007986,0.002021975135377274
2007-12-13,0.9901041061042253,0.9881270558185016,0.0019770502857237027
2007-12-14,0.9897348250415547,0.9882257905567224,0.0015090344848323056
2007-12-17,0.989685533837387,0.9882257905567225,0.0014597432806644495
2007-12-18,0.9896069124432806,0.9882257905567225,0.0013811218865580344
2007-12-19,0.9895769935185779,0.9881085819694516,0.0014684115491262473
2007-12-20,0.9894949432083437,0.9874695712144297,0.00202537199391406
2007-12-21,0.9894456520041758,0.9874947003116741,0.0019509516925017012
2007-12-24,0.9893469172659551,0.9875261164014165,0.0018208008645386187
2007-12-26,0.989148211945519,0.9872877375964427,0.0018604743490763243
2007-12-27,0.9887439449990618,0.9871032103606935,0.0016407346383683352
2007-12-28,0.9886178947013876,0.9872204189479644,0.001397475753423194
2007-12-31,0.9889155185059003,0.9874699823997801,0.0014455361061201932
2008-01-02,0.9890415688035745,0.9873271506521697,0.0017144181514048284
2008-01-03,0.9888930830264183,0.987385627590245,0.001507455436173366
2008-01-04,0.9886709271634816,0.9874501147392488,0.0012208124242327756
2008-01-07,0.9886095921490367,0.9874815308289911,0.0011280613200455036
2008-01-08,0.9889697620861045,0.9877101550741298,0.001259607011974695
2008-01-09,0.9893740290325618,0.9880508781234282,0.001323150909133597
2008-01-10,0.9894181260419512,0.9881021839580811,0.001315942083870092
2008-01-11,0.9891840064025574,0.9881294995175346,0.0010545068850228434
2008-01-14,0.9888471032621344,0.988215292015063,0.0006318112470714565
2008-01-15,0.9891085384609812,0.9883051850428807,0.0008033534181005608
2008-01-16,0.9891840064025574,0.9884480167904908,0.0007359896120666676
2008-01-17,0.988761233043025,0.9882795023685671,0.00048173067445789197
2008-01-18,0.988761233043025,0.9882795023685671,0.00048173067445789197
2008-01-22,0.9890739740765249,0.9878305066806855,0.0012434673958393594
2008-01-23,0.9894108772169482,0.9882049199863502,0.0012059572305980204
2008-01-24,0.9894108772169482,0.9880615346616709,0.0013493425552772997
2008-01-25,0.989266650605372,0.9877684232675285,0.0014982273378435496
2008-01-28,0.9895007702447657,0.9878242968403541,0.0016764734044115714
2008-01-29,0.9895007702447657,0.9877629618259088,0.0017378084188568454
2008-01-30,0.9896127394797029,0.9877344038125366,0.00187833566716622
2008-01-31,0.9896351749591848,0.98763999773883,0.0019951772203548046
2008-02-01,0.9895910779497955,0.9873665360412405,0.0022245419085550333
2008-02-04,0.9896731282600296,0.9866965941436213,0.0029765341164083026
2008-02-05,0.9890813008245378,0.9865481083664651,0.0025331924580727083
2008-02-06,0.9891182668566769,0.9864251442793864,0.0026931225772904854
2008-02-07,0.9890133195810114,0.9865195503530928,0.002493769227918552
2008-02-08,0.9890406351404646,0.9866053428506214,0.002435292289843183
2008-02-11,0.9890406351404646,0.9866566486852741,0.0023839864551904455
2008-02-12,0.9891769985058727,0.9869776297978086,0.002199368708064142
2008-02-13,0.9895419861164195,0.9876679463874835,0.0018740397289360722
2008-02-14,0.9899909818043008,0.9881169420753647,0.0018740397289360722
2008-02-15,0.9903602628669718,0.9883652746757098,0.0019949881912619816
2008-02-19,0.99064418743599,0.9881888182917691,0.0024553691442209535
2008-02-20,0.9906072214038512,0.98861332543497,0.0019938959688811098
2008-02-21,0.990700481100477,0.98861332543497,0.00208715566550699
2008-02-22,0.9910214021092799,0.98861332543497,0.002408076674309867
2008-02-25,0.9907337901730243,0.9880558486569854,0.002677941516038951
2008-02-26,0.9906779166001984,0.987634168528557,0.003043748071641428
2008-02-27,0.9908325249112452,0.9875622923121528,0.0032702325990924264
2008-02-28,0.9903205173887017,0.9873336680670141,0.00298684932168769
2008-02-29,0.9900806093515476,0.9871425815532736,0.002938027798274012
2008-03-03,0.990165909077655,0.9870214113355709,0.0031444977420841402
2008-03-04,0.990186848284332,0.9867479496379813,0.0034388986463507187
2008-03-05,0.9905077388854894,0.9870606906714813,0.003447048214008097
2008-03-06,0.9908357604638972,0.9871836547585601,0.0036521057053371386
2008-03-07,0.9909169415264588,0.9871443754226498,0.0037725661038090497
2008-03-10,0.9912995469430088,0.9871443754226495,0.004155171520359269
2008-03-11,0.9914658292331194,0.9871443754226495,0.0043214538104698885
2008-03-12,0.9915526306025289,0.9871443754226495,0.004408255179879306
2008-03-13,0.991522711677826,0.9873354619363901,0.004187249741435917
2008-03-14,0.9916928589848898,0.9874992328906773,0.004193626094212477
2008-03-17,0.9920754644014395,0.9876158879008792,0.0044595765005602805
2008-03-18,0.9921228933050075,0.9876857522839292,0.0044371410210782836
2008-03-19,0.99254659781484,0.9882559181895134,0.004290679625326588
2008-03-20,0.9928305223838585,0.9880874037675894,0.004743118616269082
2008-03-24,0.9929249284575649,0.9879846202665601,0.004940308191004772
2008-03-25,0.9928221449565352,0.9880600882081362,0.004762056748399024
2008-03-26,0.9928221449565352,0.9880817497380434,0.004740395218491789
2008-03-27,0.9927747160529674,0.9880376527286541,0.00473706332431334
2008-03-28,0.9923277447464904,0.9878873730821218,0.004440371664368614
2008-03-31,0.9921664843073856,0.9880045816693928,0.004161902637992876
2008-04-01,0.9922608903810921,0.9885736636944492,0.003687226686642897
2008-04-02,0.9920449470556003,0.9884837706666317,0.003561176388968579
2008-04-03,0.9920216802589554,0.9885831679999008,0.0034385122590546713
2008-04-04,0.9917833014539817,0.9886288702760274,0.003154431177954331
2008-04-07,0.9917833014539817,0.9889938578865743,0.0027894435674074014
2008-04-08,0.9921041920551391,0.9890837509143919,0.0030204411407471765
2008-04-09,0.992168679204143,0.9890157696708652,0.003152909533277737
2008-04-10,0.992168679204143,0.9886948790697079,0.003473800134435101
2008-04-11,0.9923371936260668,0.9885585157042998,0.003778677921767004
2008-04-14,0.992337193626067,0.9884557322032701,0.0038814614227968836
2008-04-15,0.9924805789507463,0.988478998999915,0.00400157995083128
2008-04-16,0.9926239642754259,0.9890113466806552,0.0036126175947707173
2008-04-17,0.9928714276280981,0.9889554731078295,0.003915954520268605
2008-04-18,0.993109806433072,0.9889779085873115,0.004131897845760513
2008-04-21,0.9934699763701401,0.9890504665881239,0.004419509782016218
2008-04-22,0.9936013178845418,0.9892117270272285,0.004389590857313275
2008-04-23,0.9938619756569155,0.9893145105282581,0.004547465128657335
2008-04-24,0.9936444312289459,0.989314510528258,0.004329920700687828
2008-04-25,0.9934679748450052,0.9897635062161395,0.0037044686288656425
2008-04-28,0.9932216578694133,0.9900743103407351,0.0031473475286781794
2008-04-29,0.9929007672682557,0.9902114086729165,0.002689358595339253
2008-04-30,0.9923763036387981,0.9900058470468951,0.0023704565919030474
2008-05-01,0.992039400498375,0.9898512387358485,0.0021881617625265637
2008-05-02,0.9918324377831437,0.9900357659715979,0.001796671811545747
2008-05-05,0.9921757638637831,0.9898872801944417,0.0022884836693414234
2008-05-06,0.9923602910995324,0.9897020903636441,0.002658200735888294
2008-05-07,0.9927623627632516,0.9897841406738782,0.0029782220893733724
2008-05-08,0.9929236232023562,0.9895771779586469,0.003346445243709306
2008-05-09,0.9932212470068689,0.9894225696476003,0.003798677359268532
2008-05-12,0.9933968897081874,0.989720193452113,0.0036766962560743632
2008-05-13,0.993253504383508,0.9898958361534317,0.003357668230076327
2008-05-14,0.9934694477089998,0.9900728799439602,0.0033965677650396042
2008-05-15,0.9933975714925956,0.9904932583897637,0.0029043131028319014
2008-05-16,0.9935588319317001,0.9905718797838701,0.0029869521478300687
2008-05-19,0.9934862739308877,0.9905404636941275,0.0029458102367602157
2008-05-20,0.9932935974020408,0.9903792032550229,0.0029143941470178847
2008-05-21,0.9930776540765488,0.990280468516802,0.00279718555974684
2008-05-22,0.9929011976926081,0.9900788830356169,0.0028223146569912316
2008-05-23,0.9933501933804897,0.9901507592520211,0.00319943412846857
2008-05-27,0.9935164756706003,0.9904346838210396,0.0030817918495607
2008-05-28,0.993762792646192,0.9903811915241777,0.003381601122014355
2008-05-29,0.993762792646192,0.9902233172528335,0.0035394753933585266
2008-05-30,0.9940234504185661,0.9901698249559718,0.003853625462594268
2008-06-02,0.9941780587296126,0.9901698249559718,0.00400823377364079
2008-06-03,0.9941780587296124,0.9901698249559718,0.004008233773640568
2008-06-04,0.9939523111415042,0.9907175553820741,0.003234755759430108
2008-06-05,0.993952311141504,0.9909289621734004,0.003023348968103523
2008-06-06,0.9942650521750043,0.9910550428787204,0.0032100092962839
2008-06-09,0.994562675979517,0.990987679072686,0.0035749969068309406
2008-06-10,0.994764261460702,0.9907717357471942,0.003992525713507722
2008-06-11,0.9947884235676252,0.9908837049821313,0.003904718585493905
2008-06-12,0.9947535133833598,0.9904116404184309,0.004341872964928939
2008-06-13,0.9949220278052837,0.9905409566764026,0.004381071128881087
2008-06-16,0.9949733336399366,0.9905110377517001,0.004462295888236434
2008-06-17,0.9948154593685925,0.9905409566764029,0.004274502692189652
2008-06-18,0.9945770805636186,0.9902345966279025,0.004342483935716124
2008-06-19,0.9947622703944162,0.9900799883168558,0.004682282077560385
2008-06-20,0.9947009353799711,0.9898851480133724,0.004815787366598712
2008-06-23,0.9947358455642362,0.989272381371204,0.00546346419303223
2008-06-24,0.9945602028629179,0.9888029745852449,0.005757228277672999
2008-06-25,0.9944922216193912,0.9886848274905441,0.005807394128847121
2008-06-26,0.9945708430134974,0.9884626716276076,0.006108171385889816
2008-06-27,0.9945994010268698,0.9885990349930157,0.006000366033854121
2008-06-30,0.9946324720861313,0.9892118016351843,0.005420670450946963
2008-07-01,0.9949388321346316,0.9896345749947169,0.005304257139914781
2008-07-02,0.9949650088720401,0.9901256433105835,0.004839365561456588
2008-07-03,0.9949065319339647,0.9904320033590837,0.004474528574881065
2008-07-07,0.9949964249617826,0.9902835175819276,0.00471290737985508
2008-07-08,0.9951728813457233,0.9904337972284598,0.004739084117263537
2008-07-09,0.9948433676828166,0.9900593839227951,0.004783983760021426
2008-07-10,0.9948968599796782,0.9898307596776563,0.005066100302021925
2008-07-11,0.9947974626464092,0.9896021354325176,0.0051953272138915985
2008-07-14,0.994764391587148,0.989368015793124,0.0053963757940240775
2008-07-15,0.9945160589868031,0.9888076482167126,0.005708410770090433
2008-07-16,0.9942284470505474,0.9884758611161021,0.005752585934445276
2008-07-17,0.9939075260417445,0.9880279586593251,0.005879567382419348
2008-07-18,0.9937711626763364,0.9878986424013534,0.005872520274982973
2008-07-21,0.9935346670108859,0.9873068149658616,0.006227852045024296
2008-07-22,0.9934560456167797,0.9870004549173612,0.006455590699418479
2008-07-23,0.9933189472845984,0.9868691134029594,0.006449833881639
2008-07-24,0.9933915052854108,0.9869364772089935,0.006455028076417291
2008-07-25,0.9936028718536166,0.9871434399242248,0.006459431929391801
2008-07-28,0.9939772851592815,0.9871434399242248,0.006833845235056701
2008-07-29,0.994067178187099,0.9873047003633294,0.006762477823769597
2008-07-30,0.9941853252817997,0.9871201731275802,0.007065152154219545
2008-07-31,0.9940859279485307,0.9872747814386268,0.006811146509903887
2008-08-01,0.9940617658416072,0.987336116453072,0.00672564938853526
2008-08-04,0.9941737350765443,0.9872732522064467,0.006900482870097591
2008-08-05,0.9943349955156491,0.9874278605174932,0.006907134998155873
2008-08-06,0.9943601246128934,0.9874045937208485,0.0069555308920448145
2008-08-07,0.9944159981857192,0.9874278605174932,0.0069881376682260354
2008-08-08,0.9946273647539253,0.9872522178161746,0.007375146937750765
2008-08-11,0.9944509083699846,0.9871037320390184,0.007347176330966265
2008-08-12,0.9945295297640908,0.9871322900523908,0.007397239711700032
2008-08-13,0.9943749214530441,0.9869959266869827,0.007378994766061409
2008-08-14,0.994504237711016,0.9873890488020384,0.007115188908977665
2008-08-15,0.9944791086137715,0.9875254121674465,0.006953696446325042
2008-08-18,0.9944529318763631,0.9874266774292254,0.00702625444713767
2008-08-19,0.9944256163169098,0.9872903140638175,0.007135302253092335
2008-08-20,0.9946020727008503,0.9872903140638175,0.007311758637032817
2008-08-21,0.9945234513067441,0.9871272673263589,0.007396183980385218
2008-08-22,0.9944240539734751,0.986851245960314,0.00757280801316107
2008-08-25,0.9940945403105683,0.986772624566208,0.007321915744360363
2008-08-26,0.9937736193017657,0.9862606170436643,0.0075130022581013645
2008-08-27,0.9940101149672159,0.9865714211682599,0.007438693798956009
2008-08-28,0.9943845282728806,0.9870717226907944,0.007312805582086246
2008-08-29,0.9948314995793577,0.9875437872544945,0.007287712324863138
2008-09-02,0.995079832179703,0.987887113335134,0.007192718844568957
2008-09-03,0.9948818752579789,0.9883340846416111,0.006547790616367788
2008-09-04,0.9950079559632987,0.9885965287123386,0.006411427250960111
2008-09-05,0.9948576763167664,0.9889174497211416,0.005940226595624765
2008-09-08,0.9947457070818292,0.9889936950891911,0.005752011992638084
2008-09-09,0.9949632515097989,0.9892411584418636,0.005722093067935363
2008-09-10,0.9949883806070434,0.9891558587157561,0.005832521891287357
2008-09-11,0.9949584616823408,0.9895346635828304,0.005423798099510435
2008-09-12,0.9950339296239168,0.9895032474930882,0.005530682130828635
2008-09-15,0.9949518793136827,0.9897730744549447,0.0051788048587380064
2008-09-16,0.994979194873136,0.9897489123480215,0.0052302825251144824
2008-09-17,0.9949005734790298,0.9897489123480215,0.005151661131008289
2008-09-18,0.9950077528865083,0.9901277172150958,0.004880035671412486
2008-09-19,0.9949564470518555,0.9902130169412032,0.004743430110652258
2008-09-22,0.9949863659765582,0.990242935865906,0.004743430110652258
2008-09-23,0.9949622038696351,0.9901379885902404,0.004824215279394695
2008-09-24,0.9949907618830075,0.990313631291559,0.004677130591448475
2008-09-25,0.9951027311179446,0.9905930193264121,0.004509711791532478
2008-09-26,0.9950514252832915,0.9907593016165227,0.004292123666768788
2008-09-29,0.9951827667976934,0.9906222032843416,0.0045605635133517675
2008-09-30,0.9952648171079275,0.9906222032843416,0.004642613823585884
2008-10-01,0.9951780157385185,0.9907090046537506,0.004469011084767938
2008-10-02,0.9950881227107009,0.9905726412883427,0.004515481422358247
2008-10-03,0.9949567811962989,0.9907411557102663,0.004215625486032604
2008-10-06,0.9950595646973286,0.9904399126586674,0.004619652038661215
2008-10-07,0.9950881227107008,0.9901271716251673,0.004960951085533516
2008-10-08,0.9950881227107008,0.9899659111860627,0.005122211524638098
2008-10-09,0.9950095013165946,0.9895871063189884,0.005422394997606217
2008-10-10,0.9950881227107008,0.9895018065928808,0.005586316117820012
2008-10-13,0.9950881227107008,0.9895018065928808,0.005586316117820012
2008-10-14,0.9949510243785195,0.9896381699582889,0.0053128544202305505
2008-10-15,0.9946895891796724,0.9893405461537762,0.005349043025896227
2008-10-16,0.9946216079361458,0.9895804541909303,0.005041153745215521
2008-10-17,0.9946216079361458,0.9897979986189,0.004823609317245792
2008-10-20,0.9948329745043519,0.9897979986189,0.005034975885451876
2008-10-21,0.9948628934290544,0.989395926955181,0.005466966473873458
2008-10-22,0.9947509241941176,0.9896657539170377,0.005085170277079887
2008-10-23,0.9946515268608483,0.9893897325509928,0.0052617943098555164
2008-10-24,0.994570345798287,0.9893029311815836,0.005267414616703325
2008-10-27,0.9942943244322421,0.989127288480265,0.005167035951977095
2008-10-28,0.9942358474941668,0.989346933007378,0.004888914486788853
2008-10-29,0.994104505979765,0.9894463303406469,0.004658175639118078
2008-10-30,0.9941689931287687,0.9893519242669404,0.004817068861828311
2008-10-31,0.9941320270966296,0.9893519242669405,0.0047801028296891035
2008-11-03,0.9940387674000037,0.9893818431916431,0.004656924208360613
2008-11-04,0.9943682810629103,0.9893585763949987,0.005009704667911619
2008-11-05,0.9944241546357364,0.9891516136797673,0.005272540955969074
2008-11-06,0.9946297162617574,0.9894392256160227,0.0051904906457347355
2008-11-07,0.9945762239648958,0.9895573727107233,0.005018851254172452
2008-11-10,0.99447127668923,0.9896517787844299,0.004819497904800074
2008-11-11,0.99447127668923,0.9893409746598344,0.0051303020293955726
2008-11-12,0.9946026182036318,0.9891975893351548,0.0054050288684770464
2008-11-13,0.9945441412655569,0.9889906266199234,0.005553514645633473
2008-11-14,0.9945199791586334,0.9892389592202686,0.005281019938364828
2008-11-17,0.994334789327836,0.9892662747797221,0.005068514548113967
2008-11-18,0.9940709834707521,0.9895003944191156,0.004570589051636431
2008-11-19,0.9943324186695992,0.9895452940618739,0.004787124607725346
2008-11-20,0.9945807512699443,0.9892828499911459,0.005297901278798367
2008-11-21,0.9945021298758381,0.9890542257460072,0.005447904129830872
2008-11-24,0.9949238100042661,0.9895003944191156,0.005423415585150471
2008-11-25,0.9946623748054192,0.9893142660808885,0.005348108724530731
2008-11-26,0.9947303560489456,0.989419213356554,0.005311142692391524
2008-11-28,0.9946404630211281,0.989138233814996,0.005502229206132081
2008-12-01,0.994558412710894,0.9889836255039495,0.005574787206944487
2008-12-02,0.9946955110430753,0.9888920995909921,0.005803411452083185
2008-12-03,0.9946168896489689,0.9887550012588106,0.005861888390158332
2008-12-04,0.9945883316355966,0.9888134781968855,0.005774853438711092
2008-12-05,0.9946703819458309,0.9888134781968857,0.005856903748945208
2008-12-08,0.9944097241734571,0.9888134781968855,0.005596245976571601
2008-12-09,0.9942654975618811,0.9888134781968855,0.0054520193649956195
2008-12-10,0.9942120052650191,0.9888134781968855,0.005398527068133596
2008-12-11,0.993908668339521,0.9888134781968855,0.005095190142635486
2008-12-12,0.9939359838989744,0.9884791640860253,0.005456819812949099
2008-12-15,0.9941843164993194,0.9881448499751646,0.0060394665241547685
2008-12-16,0.9942456515137645,0.9881149310504619,0.006130720463302652
2008-12-17,0.994082604776306,0.9881149310504619,0.005967673725844058
2008-12-18,0.9940552892168527,0.9881149310504619,0.0059403581663908245
2008-12-19,0.9941111627896784,0.9881448499751646,0.005966312814513763
2008-12-22,0.9939266355539289,0.9884728715535726,0.005453764000356354
2008-12-23,0.9935038621943963,0.9881246349853163,0.0053792272090800175
2008-12-24,0.9936331784523683,0.9880252376520473,0.00560794080032101
2008-12-26,0.9940024595150388,0.9879572564085207,0.006045203106518127
2008-12-29,0.9942080211410602,0.9879273374838179,0.006280683657242325
2008-12-30,0.9937590254531788,0.9873879091140835,0.006371116339095373
2008-12-31,0.993398855516111,0.9869158445503834,0.006483010965727565
2009-01-02,0.9933726787787025,0.9865949235415803,0.006777755237122207
2009-01-05,0.9932433625207308,0.9862669019631725,0.006976460557558295
2009-01-06,0.9933254128309649,0.9864520917939703,0.006873321036994562
2009-01-07,0.993087034025991,0.9864221728692675,0.0066648611567234894
2009-01-08,0.993134462929559,0.9861012997519046,0.007033163177654345
2009-01-09,0.9929910776048795,0.9859963699600335,0.006994707644845999
2009-01-12,0.9929417864007118,0.9859378930219583,0.007003893378753512
2009-01-13,0.9928924951965443,0.985906476932216,0.00698601826432832
2009-01-14,0.9931266148359378,0.985885537725539,0.007241077110398786
2009-01-15,0.9929317745324545,0.9858266091194817,0.0071051654129727915
2009-01-16,0.9927158312069627,0.9855158049948861,0.0072000262120766045
2009-01-20,0.9929317745324547,0.9854634059291287,0.007468368603326003
2009-01-21,0.9929317745324547,0.9854634059291287,0.007468368603326003
2009-01-22,0.9931539303953912,0.9854634059291287,0.007690524466262505
2009-01-23,0.9930545330621221,0.9852019707302816,0.007852562331840507
2009-01-26,0.9928431262707956,0.9850144102412474,0.007828716029548266
2009-01-27,0.9930894432463875,0.9850144102412474,0.00807503300514012
2009-01-28,0.9932874001681116,0.9852412500661922,0.008046150101919336
2009-01-29,0.9936307262487508,0.9854156908253796,0.008215035423371209
2009-01-30,0.9937251323224572,0.985450601009645,0.008274531312812194
2009-02-02,0.9938195383961638,0.985450601009645,0.008368937386518782
2009-02-03,0.9934636470993643,0.9856250417688325,0.007838605330531823
2009-02-04,0.9933516778644272,0.985450601009645,0.007901076854782252
2009-02-05,0.9933516778644272,0.9855374023790542,0.007814275485373057
2009-02-06,0.9938305332483058,0.9857249628680885,0.008105570380217308
2009-02-09,0.9940911910206797,0.9858243602013578,0.008266830819321891
2009-02-10,0.9940267038716758,0.9856891987780805,0.008337505093595321
2009-02-11,0.9941087541819099,0.9855598825201087,0.008548871661801183
2009-02-12,0.9945018762969656,0.9851997125830408,0.009302163713924783
2009-02-13,0.9946389746291472,0.9851438390102152,0.009495135618932005
2009-02-17,0.9946090557044444,0.9854369504043575,0.00917210530008683
2009-02-18,0.9946090557044444,0.9857155235375278,0.008893532166916573
2009-02-19,0.9946389746291472,0.9858099296112341,0.00882904501791304
2009-02-20,0.9947034617781509,0.9859874174039179,0.008716044374233012
2009-02-23,0.9944650829731769,0.9859874174039177,0.008477665569259218
2009-02-24,0.9943792904756484,0.9859874174039179,0.008391873071730505
2009-02-25,0.9946399482480223,0.9857159675396827,0.008923980708339552
2009-02-26,0.9946958218208479,0.9857159675396827,0.008979854281165212
2009-02-27,0.9946627507615866,0.9855298392014555,0.009132911560131074
2009-03-02,0.9946958218208479,0.985498423111713,0.00919739870913494
2009-03-03,0.9946483929172799,0.9852053117175703,0.009443081199709602
2009-03-04,0.9945412135098014,0.9856280850771031,0.008913128432698314
2009-03-05,0.994572629599544,0.9860169394379925,0.008555690161551444
2009-03-06,0.9943656668843126,0.9858132749079006,0.008552391976412
2009-03-09,0.994451459381841,0.98552381788028,0.008927641501561001
2009-03-10,0.9945686679691121,0.9851755813120238,0.009393086657088379
2009-03-11,0.9940683664465777,0.9851755813120238,0.008892785134553938
2009-03-12,0.9940369503568354,0.9851755813120238,0.008861369044811607
2009-03-13,0.9940655083702078,0.9850957134992897,0.00896979487091809
2009-03-16,0.9939975271266809,0.9851181489787717,0.008879378147909178
2009-03-17,0.9939076340988634,0.985145464538225,0.008762169560638355
2009-03-18,0.9939533363749902,0.985145464538225,0.008807871836765124
2009-03-19,0.9938030567284579,0.9848391044897247,0.008963952238733253
2009-03-20,0.9939260208155367,0.9851176776228947,0.00880834319264201
2009-03-23,0.9939574369052793,0.9850960160929874,0.00886142081229191
2009-03-24,0.9937803931147506,0.9849189723024588,0.008861420812291798
2009-03-25,0.9936888672017933,0.9848391044897247,0.00884976271206861
2009-03-26,0.9935894698685243,0.9851824305703641,0.008407039298160113
2009-03-27,0.9935563988092628,0.9853327102168963,0.008223688592366551
2009-03-30,0.9932005075124632,0.9854438657692113,0.0077566417432519685
2009-03-31,0.9931391724980179,0.985293586122679,0.007845586375338831
2009-04-01,0.9931740826822832,0.9858645222512796,0.007309560431003614
2009-04-02,0.9932684887559898,0.9861439102861327,0.007124578469857146
2009-04-03,0.9933978050139616,0.9867441714383488,0.006653633575612772
2009-04-06,0.9936047677291929,0.9868160476547531,0.006788720074439869
2009-04-07,0.9936361838189355,0.9864753246054547,0.0071608592134807525
2009-04-08,0.9937974442580401,0.9864312275960653,0.007366216661974789
2009-04-09,0.9941533355548398,0.9867072489621099,0.007446086592729828
2009-04-13,0.9943378627905892,0.9869786988263451,0.007359163964244075
2009-04-14,0.9943378627905892,0.9869786988263453,0.007359163964243964
2009-04-15,0.9942520702930606,0.9868966485161109,0.0073554217769497
2009-04-16,0.9947272427183507,0.9873009154625683,0.007426327255782406
2009-04-17,0.9945979264603787,0.9875168587880601,0.007081067672318642
2009-04-20,0.9945979264603787,0.9878860830831858,0.006711843377192883
2009-04-21,0.9945979264603787,0.9875580615047782,0.007039864955600494
2009-04-22,0.9945260502439744,0.9875911325640394,0.006934917679935038
2009-04-23,0.9944140810090373,0.9877549035183267,0.006659177490710544
2009-04-24,0.9942706956843579,0.9877549035183265,0.0065157921660313756
2009-04-27,0.9941160873733114,0.9876541443987014,0.006461942974610002
2009-04-28,0.9935033207311428,0.987577899030652,0.005925421700490818
2009-04-29,0.9934212704209084,0.9875778990306517,0.005843371390256702
2009-04-30,0.9936409149480213,0.9878618235996705,0.005779091348350862
2009-05-01,0.9937054020970252,0.9874874102940056,0.006217991803019629
2009-05-04,0.9935683037648438,0.9874155340776013,0.006152769687242543
2009-05-05,0.9935997198545862,0.9872127000597674,0.006387019794818816
2009-05-06,0.99353468363852,0.9871243970470565,0.006410286591463588
2009-05-07,0.9935032675487775,0.9867774708849368,0.006725796663840655
2009-05-08,0.9934701964895162,0.9871962732634608,0.006273923226055356
2009-05-11,0.9933976384887038,0.9871469820592933,0.006250656429410473
2009-05-12,0.9932397807617841,0.9867777577641674,0.006462022997616668
2009-05-13,0.9933469601692628,0.9867777577641674,0.006569202405095398
2009-05-14,0.9932475628359938,0.9872839287074993,0.005963634128494544
2009-05-15,0.9926900860580089,0.9876378728841235,0.005052213173885378
2009-05-18,0.9928194023159806,0.9876378728841235,0.005181529431857124
2009-05-19,0.9928524733752421,0.987669288973866,0.005183184401376106
2009-05-20,0.9927879862262382,0.9875793959460484,0.005208590280189829
2009-05-21,0.9928210572854995,0.9878394362809296,0.004981621004569892
2009-05-22,0.9923377677579716,0.9877720724748954,0.004565695283076154
2009-05-26,0.9921765073188669,0.9880061921142891,0.004170315204577779
2009-05-27,0.9921120201698631,0.9883430952547123,0.0037689249151507953
2009-05-28,0.9919083556397712,0.9883430952547124,0.003565260385058777
2009-05-29,0.9920629639508179,0.9883430952547123,0.0037198686961056326
2009-06-01,0.9921811110455185,0.988445878755742,0.003735232289776569
2009-06-02,0.9921166238965147,0.9882532022268948,0.0038634216696198376
2009-06-03,0.9921166238965149,0.9882532022268948,0.0038634216696200596
2009-06-04,0.9919663442499826,0.9883447281398522,0.0036216161101304545
2009-06-05,0.9921348586719063,0.9884818264720334,0.0036530321998728965
2009-06-08,0.9921348586719063,0.98845451091258,0.0036803477593263523
2009-06-09,0.9919234921037002,0.9887608709610807,0.0031626211426195594
2009-06-10,0.9918509341028878,0.9890092035614256,0.002841730541462195
2009-06-11,0.9915110259552725,0.989458199249307,0.002052826705965516
2009-06-12,0.9914824679419001,0.9893288829913353,0.0021535849505648352
2009-06-15,0.9913880618681936,0.9890682252189615,0.0023198366492320766
2009-06-16,0.991358142943491,0.9891943059242811,0.0021638370192098577
2009-06-17,0.9914821077656143,0.988895589882932,0.002586517882682271
2009-06-18,0.9916769480690978,0.9891879528783624,0.0024889951907354213
2009-06-19,0.9916769480690978,0.9893458271497066,0.0023311209193911386
2009-06-22,0.9917068669938005,0.989431126875814,0.00227574011798648
2009-06-23,0.9915538097148346,0.9897071482418589,0.0018466614729757413
2009-06-24,0.9912104836341952,0.9898243568291298,0.0013861268050653353
2009-06-25,0.9915138205596933,0.9900718201818023,0.0014420003778909951
2009-06-26,0.9917621531600382,0.9903557447508208,0.0014064084092174634
2009-06-29,0.9917894687194917,0.9901247646612754,0.001664704058216282
2009-06-30,0.991824378903757,0.9902611280266835,0.00156325087707343
2009-07-01,0.9919237762370261,0.9897350915408408,0.0021886846961852724
2009-07-02,0.9917168135217947,0.9900840523259257,0.0016327611958690813
2009-07-06,0.9919551923267684,0.9899416124913528,0.002013579835415613
2009-07-07,0.991865299298951,0.9898533094786418,0.0020119898203091457
2009-07-08,0.9913765681904613,0.9896191898392481,0.0017573783512131458
2009-07-09,0.9911479439453224,0.9895547026902443,0.0015932412550780928
2009-07-10,0.991224189313372,0.9895547026902443,0.001669486623127714
2009-07-13,0.991390471603483,0.9896554618098694,0.0017350097936136288
2009-07-14,0.9915483458748271,0.9894975875385253,0.00205075833630175
2009-07-15,0.9915483458748271,0.9890759074100972,0.002472438464729887
2009-07-16,0.9917328731105763,0.9892072489244991,0.002525624186077269
2009-07-17,0.9919365376406682,0.9886023432429464,0.003334194397721868
2009-07-20,0.991793152315989,0.9885781811360232,0.00321497117996572
2009-07-21,0.9920330603531429,0.9888466712682703,0.003186389084872565
2009-07-22,0.9920943953675881,0.9885033451876308,0.0035910501799573114
2009-07-23,0.99181341582603,0.988650576806399,0.003162839019630992
2009-07-24,0.9920629792778456,0.9885647843088706,0.003498194968974966
2009-07-27,0.9920629792778456,0.9884653869756015,0.0035975923022441014
2009-07-28,0.9920629792778456,0.9885883510626804,0.0034746282151651986
2009-07-29,0.9923230196127268,0.9888693306042384,0.003453689008488414
2009-07-30,0.9923875067617308,0.9888917660837204,0.003495740678010395
2009-07-31,0.9922645426746517,0.9889905008219413,0.0032740418527104076
2009-08-03,0.9923875067617308,0.9889905008219415,0.0033970059397893104
2009-08-04,0.9922931006880243,0.9889084505117072,0.003384650176317172
2009-08-05,0.9921166443040836,0.9885258450951571,0.003590799208926576
2009-08-06,0.9920172469708143,0.9883894817297492,0.0036277652410651173
2009-08-07,0.9922099234996616,0.9884335787391386,0.0037763447605230205
2009-08-10,0.992024733668864,0.9882964804069571,0.0037282532619069553
2009-08-11,0.9918876353366824,0.987757052037223,0.004130583299459478
2009-08-12,0.9919574997197323,0.987541108711731,0.004416391008001397
2009-08-13,0.9917091671193873,0.9872377717862328,0.004471395333154438
2009-08-14,0.9915479066802827,0.987173284637229,0.004374622043053722
2009-08-17,0.9913816243901721,0.9869677230112077,0.004413901378964358
2009-08-18,0.9915187227223534,0.9866962731469727,0.004822449575380694
2009-08-19,0.9915187227223534,0.9864849065787666,0.005033816143586778
2009-08-20,0.9914468465059489,0.9866623943714503,0.004784452134498629
2009-08-21,0.9912698027154205,0.9866204926447989,0.004649310070621637
2009-08-24,0.9914310631545251,0.9866204926447989,0.00481057050972622
2009-08-25,0.9914310631545251,0.987003098061349,0.004427965093176112
2009-08-26,0.9915096845486313,0.986886443051147,0.004623241497484276
2009-08-27,0.9915096845486313,0.9867493447189656,0.004760339829665727
2009-08-28,0.9916326486357104,0.9868408706319229,0.004791778003787495
2009-08-31,0.9919061103332997,0.987168892210331,0.004737218122968678
2009-09-01,0.9918162173054822,0.9867472120819029,0.005069005223579337
2009-09-02,0.9916146318242969,0.9862778052959438,0.0053368265283531
2009-09-03,0.992417413533606,0.9866839956232085,0.005733417910397498
2009-09-04,0.9927607396142455,0.9868370529021746,0.005923686712070886
2009-09-08,0.9926243762488374,0.9868370529021744,0.005787323346662987
2009-09-09,0.9926962524652417,0.9865770125672934,0.006119239897948381
2009-09-10,0.9925591541330602,0.9865553510373858,0.006003803095674387
2009-09-11,0.992422055800879,0.9866227148434201,0.005799340957458932
2009-09-14,0.9923171085252132,0.9869436054445773,0.0053735030806358886
2009-09-15,0.9924542068573946,0.9868224352268745,0.005631771630520088
2009-09-16,0.992612081128739,0.9868681375030013,0.005743943625737713
2009-09-17,0.9925806650389964,0.9862632318214485,0.006317433217547963
2009-09-18,0.9924513487810247,0.9865695918699486,0.005881756911076064
2009-09-21,0.9927793703594323,0.9867675487916728,0.006011821567759479
2009-09-22,0.9931002609605899,0.987088529904207,0.006011731056382863
2009-09-23,0.9927875199270898,0.9867452038235679,0.006042316103521905
2009-09-24,0.9930240155925403,0.9869942182083209,0.006029797384219382
2009-09-25,0.9928313390636931,0.9872199657964293,0.005611373267263797
2009-09-28,0.993426597826158,0.9875327068299292,0.005893890996228834
2009-09-29,0.993426597826158,0.9878303306344419,0.005596267191716131
2009-09-30,0.993426597826158,0.988029035954878,0.005397561871280043
2009-10-01,0.9935020657677343,0.9878068800919414,0.005695185675792858
2009-10-02,0.9933474574566877,0.9881278612044758,0.005219596252211911
2009-10-05,0.9939747986177224,0.9884768219895604,0.005497976628161982
2009-10-06,0.9940692046914287,0.9887607465585789,0.005308458132849747
2009-10-07,0.9941512550016631,0.9888393679526851,0.0053118870489780035
2009-10-08,0.9940282909145842,0.9894095338582694,0.0046187570563148705
2009-10-09,0.9941354703220627,0.9894319693377515,0.004703500984311271
2009-10-12,0.9942615206197369,0.9892816896912192,0.004979830928517726
2009-10-13,0.9943228556341822,0.9891052333072783,0.005217622326903926
2009-10-14,0.9941697983552163,0.9888445755349047,0.00532522282031167
2009-10-15,0.994225671928042,0.9888194464376601,0.005406225490381944
2009-10-16,0.9940753922815098,0.988868737641828,0.005206654639681729
2009-10-19,0.9939542220638068,0.9884861322252781,0.005468089838528645
2009-10-20,0.9938171237316256,0.9881885084207654,0.005628615310860119
2009-10-21,0.9937177263983565,0.9879520127553149,0.005765713643041681
2009-10-22,0.9939193118795416,0.9876913549829414,0.006227956896600273
2009-10-23,0.9934956073697092,0.9873480289023017,0.006147578467407544
2009-10-26,0.9933968726314883,0.9875845245677521,0.005812348063736206
2009-10-27,0.993573916422017,0.9878559744319871,0.00571794199002984
2009-10-28,0.9936493843635932,0.9881274242962222,0.005521960067370935
2009-10-29,0.993865327689085,0.988719251731714,0.0051460759573709325
2009-10-30,0.9938367696757127,0.9886968162522323,0.005139953423480392
2009-11-02,0.9938018594914473,0.9886294524461979,0.00517240704524935
2009-11-03,0.9939090388989258,0.9886518879256798,0.005257150973245972
2009-11-04,0.993984506840502,0.9887685429358818,0.005215963904620202
2009-11-05,0.994083904173771,0.9887685429358818,0.005315361237889227
2009-11-06,0.9939336245272388,0.9885833531050843,0.005350271422154496
2009-11-09,0.9941100809111795,0.9882857293005713,0.005824351610608125
2009-11-10,0.9942603605577117,0.9879031238840216,0.0063572366736901476
2009-11-11,0.9940991001186071,0.9877864688738198,0.0063126312447873145
2009-11-12,0.9943150434440992,0.9881885405375388,0.0061265029065603605
2009-11-13,0.9944914998280397,0.9887063073773658,0.005785192450673993
2009-11-16,0.994790215869389,0.989110574323823,0.005679641545565994
2009-11-17,0.994790215869389,0.9894081981283357,0.005382017741053291
2009-11-18,0.9946538525039809,0.9896339457164441,0.005019906787536721
2009-11-19,0.9946276757665724,0.989681374620012,0.004946301146560361
2009-11-20,0.994788936205677,0.990199141459839,0.004589794745837983
2009-11-23,0.995185532827801,0.990199141459839,0.004986391367961973
2009-11-24,0.995185532827801,0.9902384207957495,0.004947112032051448
2009-11-25,0.995185532827801,0.9902384207957495,0.004947112032051448
2009-11-27,0.995185532827801,0.9902384207957498,0.004947112032051226
2009-11-30,0.99530849691488,0.9899669709315145,0.005341525983365458
2009-12-01,0.9956294179236829,0.9902878615326718,0.005341556391011082
2009-12-02,0.9958273748454068,0.9905100173956086,0.005317357449798221
2009-12-03,0.9958011981079984,0.9906864737795491,0.005114724328449283
2009-12-04,0.9958011981079984,0.9901911424192043,0.0056100556887941355
2009-12-07,0.9956839895207273,0.9897890707554851,0.005894918765242285
2009-12-08,0.9958210878529089,0.9898840642357795,0.005937023617129444
2009-12-09,0.9958890690964354,0.9898141998527294,0.006074869243705927
2009-12-10,0.9959204851861779,0.9900363557156662,0.005884129470511756
2009-12-11,0.9959574512183168,0.9903098174132557,0.005647633805061059
2009-12-14,0.9962049145709893,0.9903098174132557,0.005895097157733509
2009-12-15,0.995856678002733,0.9901837671155814,0.005672910887151605
2009-12-16,0.9957622719290266,0.9901837671155816,0.005578504813444907
2009-12-17,0.9957936880187691,0.990264948178143,0.0055287398406260735
2009-12-18,0.99591089660604,0.9903910288834628,0.005519867722577287
2009-12-21,0.9960865393073586,0.9906023954516686,0.00548414385568996
2009-12-22,0.996112716044767,0.9908137620198749,0.005298954024892111
2009-12-23,0.9958392543471777,0.9910521408248488,0.004787113522328856
2009-12-24,0.9958078382574351,0.9910297053453667,0.004778132912068411
2009-12-28,0.9957764221676926,0.9909085351276637,0.004867887040028829
2009-12-29,0.9957764221676926,0.9911154978428951,0.004660924324797477
2009-12-30,0.9957179452296177,0.9916332646827221,0.004084680546895592
2009-12-31,0.9956566102151724,0.9915464633133131,0.004110146901859291
2010-01-04,0.9957738188024433,0.9919701678231453,0.0038036509792980233
2010-01-05,0.9955516629395066,0.992072951324175,0.003478711615331642
2010-01-06,0.9956746270265855,0.9920456357647215,0.003628991261864001
2010-01-07,0.9955243473800534,0.9919244655470185,0.0035998818330348348
2010-01-08,0.9958167103754838,0.9919701678231453,0.0038465425523385166
2010-01-11,0.995765404540831,0.9920689025613662,0.0036965019794648057
2010-01-12,0.9955889481568903,0.9921414605621786,0.0034474875947116956
2010-01-13,0.995527613142445,0.9918045574217551,0.003723055720689872
2010-01-14,0.9956062345365512,0.9919073409227849,0.0036988936137662964
2010-01-15,0.9955307665949751,0.9919335176601933,0.0035972489347817493
2010-01-19,0.995372892323631,0.9918860887566253,0.003486803567005703
2010-01-20,0.9950246557553746,0.9917600384589512,0.0032646172964233555
2010-01-21,0.9951274392564041,0.9917600384589512,0.003367400797452902
2010-01-22,0.9953201157852513,0.9918074673625191,0.003512648422732134
2010-01-25,0.9953785927233264,0.9917850318830371,0.0035935608402892782
2010-01-26,0.9954572141174326,0.9918123474424904,0.0036448666749422376
2010-01-27,0.9956520544209158,0.9918365095494137,0.0038155448715020412
2010-01-28,0.9955985621240541,0.9917104592517395,0.0038881028723145583
2010-01-29,0.9956247388614625,0.9918607388982718,0.0037639999631907672
2010-02-01,0.995650915598871,0.9921342005958613,0.0035167150030096517
2010-02-02,0.99605045800178,0.9924076622934508,0.0036427957083292606
2010-02-03,0.9959393024494652,0.9922224724626529,0.00371682998681222
2010-02-04,0.9955648891438007,0.9919490107650637,0.003615878378737003
2010-02-05,0.9953283934783501,0.9916755490674741,0.0036528444108759883
2010-02-08,0.9953283934783501,0.991426534682721,0.0039018587956290984
2010-02-09,0.995291427446211,0.9910896315422979,0.004201795903913119
2010-02-10,0.9952093771359769,0.9908181816780629,0.004391195457913999
2010-02-11,0.9953596567825092,0.990890057894467,0.004469598888042103
2010-02-12,0.995281035388403,0.9911514930933142,0.004129542295088773
2010-02-16,0.9951368087768268,0.9915302979603885,0.0036065108164382575
2010-02-17,0.9949997104446452,0.9914862009509992,0.0035135094936460387
2010-02-18,0.9949210890505391,0.9917226966164496,0.003198392434089481
2010-02-19,0.9948896729607967,0.9917226966164496,0.003166976344347039
2010-02-22,0.9945489499114983,0.9915933803584779,0.002955569553020454
2010-02-23,0.9944976440768454,0.9914620388440758,0.003035605232769578
2010-02-24,0.9945762654709516,0.9913946750380418,0.0031815904329097755
2010-02-25,0.9945269742667839,0.9912822099184077,0.0032447643483762834
2010-02-26,0.9946168672946017,0.9915753213125501,0.003041545982051641
2010-03-01,0.9945883092812292,0.9917416036026607,0.002846705678568484
2010-03-02,0.9945269742667839,0.9920150653002503,0.002511908966533638
2010-03-03,0.9946640725989654,0.9920905332418265,0.0025735393571388876
2010-03-04,0.9948303548890762,0.9918298754694528,0.0030004794196234474
2010-03-05,0.994797283829815,0.9919877497407968,0.002809534089018184
2010-03-08,0.9946208274458743,0.9921642061247375,0.002456621321136776
2010-03-09,0.9946208274458743,0.9925131669098224,0.0021076605360519363
2010-03-10,0.994425987142391,0.9925131669098224,0.0019128202325686683
2010-03-11,0.9942888888102095,0.9924762008776833,0.0018126879325262024
2010-03-12,0.9942304118721346,0.9924762008776833,0.0017542109944512774
2010-03-15,0.994087026547455,0.992602281583003,0.001484744964451945
2010-03-16,0.993969817960184,0.9926741577994073,0.001295660160776757
2010-03-17,0.9943067211006074,0.9928244374459397,0.0014822836546676266
2010-03-18,0.9943966141284248,0.9927172580384609,0.001679356089963946
2010-03-19,0.994447919963078,0.992665952203808,0.0017819677592699756
2010-03-22,0.9944217432256693,0.99261852330024,0.0018032199254293113
2010-03-23,0.994475235522531,0.9927949796841807,0.0016802558383502975
2010-03-24,0.9942530796595945,0.9930439940689341,0.0012090855906604636
2010-03-25,0.994324955875999,0.9930439940689341,0.0012809618070649398
2010-03-26,0.9940489345099541,0.9928578657307067,0.0011910687792474617
2010-03-29,0.9943784481728608,0.9929390467932682,0.001439401379592642
2010-03-30,0.9947477292355313,0.9930109230096728,0.0017368062258585892
2010-03-31,0.9947215524981229,0.9929810040849698,0.0017405484131530757
2010-04-01,0.9946429311040167,0.9928381723373596,0.0018047587666570886
2010-04-05,0.994916392801606,0.9930397578185449,0.0018766349830611206
2010-04-06,0.994916392801606,0.9931690740765167,0.0017473187250893751
2010-04-07,0.994857915863531,0.9933677793969528,0.0014901364665782513
2010-04-08,0.9950431056943287,0.9932952213961401,0.0017478842981886178
2010-04-09,0.9950944115289815,0.9933851144239578,0.001709297105023655
2010-04-12,0.9954426480972378,0.9933132382075534,0.0021294098896844638
2010-04-13,0.9951951847445654,0.9930372168415087,0.002157967903056668
2010-04-14,0.9950025082157182,0.992744105447366,0.002258402768352208
2010-04-15,0.9950286849531267,0.9925244609202531,0.0025042240328735366
2010-04-16,0.9948434951223293,0.9921875577798301,0.0026559373424991373
2010-04-19,0.99501995150627,0.9920390720026737,0.0029808795035962676
2010-04-20,0.9951964078902107,0.9922460347179051,0.0029503731723056204
2010-04-21,0.9952775889527721,0.9923105218669089,0.00296706708586314
2010-04-22,0.9951964078902105,0.9921125649451847,0.0030838429450257276
2010-04-23,0.9953257241481824,0.992048077796181,0.003277646352001451
2010-04-26,0.9952436738379483,0.9921424838698875,0.003101189968060858
2010-04-27,0.9951492677642417,0.991850120874457,0.003299146889784721
2010-04-28,0.9949728113803008,0.9914675154579072,0.00350529592239357
2010-04-29,0.995221143980646,0.9914030283089037,0.0038181156717422837
2010-04-30,0.995221143980646,0.9915957048377508,0.0036254391428951482
2010-05-03,0.9951676516837841,0.9919783102543007,0.00318934142948335
2010-05-04,0.9952007227430455,0.9919783102543005,0.0032224124887449968
2010-05-05,0.9954120893112516,0.9919783102543005,0.0034337790569510807
2010-05-06,0.9953476021622478,0.9921225368658767,0.0032250652963711213
2010-05-07,0.9951362355940417,0.9921510948792489,0.0029851407147928333
2010-05-10,0.9952591996811206,0.9925763010323834,0.0026828986487372752
2010-05-11,0.9954767441090904,0.9925413908481178,0.0029353532609726063
2010-05-12,0.9956532004930311,0.9926407881813871,0.0030124123116439527
2010-05-13,0.9957090740658567,0.9927457354570527,0.0029633386088040448
2010-05-14,0.9957090740658567,0.9927457354570527,0.0029633386088040448
2010-05-17,0.9956270237556226,0.9926245652393497,0.003002458516272899
2010-05-18,0.9955412312580941,0.9924334787256095,0.003107752532484631
2010-05-19,0.9955653933650173,0.9927265901197517,0.002838803245265531
2010-05-20,0.9956440147591237,0.9930755509048363,0.0025684638542873284
2010-05-21,0.9955076513937153,0.9932418331949472,0.0022658181987681436
2010-05-24,0.9955076513937156,0.9929922697431317,0.0025153816505838478
2010-05-25,0.9955076513937153,0.9929922697431316,0.0025153816505837368
2010-05-26,0.9953497771223713,0.9929242884996051,0.0024254886227661476
2010-05-27,0.9956792907852781,0.9929242884996051,0.002755002285672936
2010-05-28,0.9956113095417514,0.9925015151400726,0.0031097944016788004
2010-06-01,0.9954348531578106,0.9924401801256273,0.0029946730321832593
2010-06-02,0.9950802103976595,0.9919007517558929,0.003179458641766608
2010-06-03,0.9949903173698418,0.9918362646068892,0.0031540527629525528
2010-06-04,0.9948138609859013,0.9917049230924871,0.0031089378934141543
2010-06-07,0.9949717352572454,0.9919843111273404,0.0029874241299049364
2010-06-08,0.9949990508166989,0.9921791514308237,0.0028198993858752353
2010-06-09,0.9952165952446685,0.9924175302357976,0.002799065008870949
2010-06-10,0.9952558745805788,0.9923590532977222,0.002896821282856621
2010-06-11,0.9952558745805788,0.992024739186862,0.0032311353937168885
2010-06-14,0.9953678438155158,0.9919961811734894,0.003371662642026374
2010-06-15,0.9951751672866685,0.9917765366463764,0.0033986306402921107
2010-06-16,0.9952244584908363,0.9916716068545053,0.0035528516363310114
2010-06-17,0.9954009148747772,0.9918149921791848,0.003585922695592436
2010-06-18,0.995250635228245,0.9918464082689272,0.0034042269593177465
2010-06-21,0.9953405282560627,0.9918464082689272,0.0034941199871354467
2010-06-22,0.9951720138341387,0.9918749662822999,0.0032970475518387943
2010-06-23,0.9950965458925626,0.9916909318179714,0.003405614074591168
2010-06-24,0.9950965458925625,0.9915406521714393,0.0035558937211231934
2010-06-25,0.9950965458925625,0.9916086334149659,0.003487912477596611
2010-06-28,0.994874390029626,0.9912155112999099,0.003658878729716042
2010-06-29,0.9948208977327642,0.990966496915157,0.0038544008176071287
2010-06-30,0.9949973541167049,0.9911295436526156,0.0038678104640892386
2010-07-01,0.9947097421804494,0.991061562409089,0.003648179771360338
2010-07-02,0.9947097421804493,0.9910914813337918,0.003618260846657506
2010-07-06,0.9946025627729707,0.9911473549066174,0.003455207866353227
2010-07-07,0.9945270948313945,0.9911159388168751,0.0034111560145193565
2010-07-08,0.9941975811684879,0.9909496565267645,0.0032479246417234098
2010-07-09,0.9941975811684879,0.9908324479394933,0.0033651332289945657
2010-07-12,0.9941645101092266,0.990626886313472,0.0035376237957546186
2010-07-13,0.9938805855402081,0.9904722780024254,0.003408307537782651
2010-07-14,0.9935436823997847,0.9904164044295996,0.003127277970185194
2010-07-15,0.993543682399785,0.9905336130168706,0.003010069382914371
2010-07-16,0.9934442850665157,0.9906629292748423,0.002781355791673379
2010-07-19,0.9931009589858764,0.9909119436595956,0.0021890153262807965
2010-07-20,0.9932957992893597,0.9908820247348926,0.0024137745544671185
2010-07-21,0.9933744206834659,0.991131039119646,0.0022433815638199794
2010-07-22,0.9935670972123131,0.9914322821712452,0.002134815041067828
2010-07-23,0.9935912593192362,0.9914322821712451,0.00215897714799107
2010-07-26,0.9933437959665637,0.9914636982609877,0.001880097705576067
2010-07-27,0.9934509753740425,0.9914967693202487,0.0019542060537938166
2010-07-28,0.9934224173606699,0.9914967693202489,0.0019256480404210574
2010-07-29,0.9931247935561572,0.9914967693202489,0.001628024235908354
2010-07-30,0.9929934520417554,0.9913786222255482,0.0016148298162071972
2010-08-02,0.9931795803799827,0.9917104093261587,0.0014691710538239366
2010-08-03,0.9933109218943845,0.9917104093261587,0.0016005125682257981
2010-08-04,0.9932251293968561,0.9918716697652634,0.0013534596315927239
2010-08-05,0.993356470911258,0.9923387776450487,0.001017693266209263
2010-08-06,0.9933816000085025,0.9921809033737045,0.0012006966347980486
2010-08-09,0.993486547284168,0.9919898168599639,0.0014967304242040624
2010-08-10,0.9933109045828497,0.9916154035542992,0.001695501028550428
2010-08-11,0.993285775485605,0.9914981949670283,0.001787580518576748
2010-08-12,0.9931829919845757,0.9912582869298742,0.0019247050547015476
2010-08-13,0.9931829919845755,0.9913369083239806,0.0018460836605949105
2010-08-16,0.9934171116239693,0.9913369083239804,0.0020802032999889253
2010-08-17,0.993677769396343,0.9914999550614392,0.002177814334903827
2010-08-18,0.9937563907904492,0.9914999550614394,0.002256435729009798
2010-08-19,0.9934436497569493,0.9912983695802541,0.002145280176695241
2010-08-20,0.9936492113829707,0.9917211429397865,0.001928068443184161
2010-08-23,0.9939787250458773,0.9918967856411053,0.002081939404771971
2010-08-24,0.9940959336331484,0.9917738215540262,0.0023221120791222516
2010-08-25,0.9940196882650986,0.9913268502475491,0.0026928380175494926
2010-08-26,0.9941953309664174,0.9909538710406726,0.0032414599257448717
2010-08-27,0.9942715763344667,0.9908819948242682,0.003389581510198525
2010-08-30,0.9943001343478394,0.9906706282560621,0.003629506091777257
2010-08-31,0.9941567490231599,0.9905712309227932,0.003585518100366669
2010-09-01,0.9943332054071006,0.9906392121663198,0.0036939932407807907
2010-09-02,0.9944050816235047,0.990667770179692,0.0037373114438127297
2010-09-03,0.9943405944745011,0.9905314068142841,0.003809187660216984
2010-09-07,0.9943679100339545,0.9905628229040264,0.0038050871299281086
2010-09-08,0.9942497629392538,0.9905628229040264,0.003686940035227404
2010-09-09,0.9944028202182197,0.9906346991204308,0.0037681210977889013
2010-09-10,0.9944028202182197,0.9906905726932566,0.0037122475249631304
2010-09-13,0.9946742700824549,0.9909395870780097,0.0037346830044452384
2010-09-14,0.9947686761561613,0.9911879196783546,0.003580756477806646
2010-09-15,0.994618396509629,0.99122282986262,0.0033955666470090184
2010-09-16,0.9946445732470375,0.9911858638304811,0.0034587094165563492
2010-09-17,0.994669702344282,0.9911858638304811,0.003483838513800852
2010-09-20,0.9945254757327059,0.9909064757956281,0.003618999937077816
2010-09-21,0.9942221388072076,0.9908302304275785,0.003391908379629105
2010-09-22,0.9938852356667844,0.9904336338054542,0.0034516018613302
2010-09-23,0.9939411092396102,0.9904336338054542,0.003507475434155971
2010-09-24,0.9938461157593158,0.9903862049018863,0.0034599108574294712
2010-09-27,0.9939672859770188,0.9902437650673134,0.0037235209097054023
2010-09-28,0.9940207782738802,0.9904849396401073,0.0035358386337729364
2010-09-29,0.9941389253685811,0.9905793457138139,0.0035595796547671643
2010-09-30,0.9940207782738805,0.9901862235987582,0.0038345546751222814
2010-10-01,0.9936419734068062,0.9898322794221338,0.0038096939846723465
2010-10-04,0.9936978469796318,0.9898322794221339,0.0038655675574978954
2010-10-05,0.9939468613643849,0.9900580270102424,0.0038888343541425563
2010-10-06,0.9938648110541508,0.9898430291748571,0.0040217818792936955
2010-10-07,0.9937145314076186,0.9897531361470394,0.003961395260579148
2010-10-08,0.9935566571362743,0.9894132279994243,0.004143429136849952
2010-10-11,0.993741846967072,0.989549591364832,0.004192255602240014
2010-10-12,0.9937911381712395,0.9895234146274237,0.004267723543815882
2010-10-13,0.9939523986103441,0.9898633227750391,0.004089075835305045
2010-10-14,0.9940696071976152,0.990254776994365,0.0038148302032501302
2010-10-15,0.9940203159934474,0.990254776994365,0.003765538999082385
2010-10-18,0.9939448480518714,0.9903405694918936,0.0036042785599778027
2010-10-19,0.9940761895662732,0.9904577780791646,0.0036184114871086193
2010-10-20,0.9943019371543816,0.9907786511965275,0.0035232859578541165
2010-10-21,0.9943019371543816,0.9907786511965275,0.0035232859578541165
2010-10-22,0.9940905705861756,0.9907786511965275,0.0033119193896480326
2010-10-25,0.9944693754532501,0.9908431383455312,0.0036262371077189215
2010-10-26,0.9946272497245943,0.9907259297582602,0.003901319966334027
2010-10-27,0.994680742021456,0.9907794220551219,0.003901319966334027
2010-10-28,0.9946534264620025,0.9904254778784979,0.004227948583504615
2010-10-29,0.9944607499331556,0.9901569877462507,0.004303762186904869
2010-11-01,0.9943028756618112,0.9901821168434951,0.004120758818316084
2010-11-02,0.9943927686896289,0.9902405937815705,0.004152174908058415
2010-11-03,0.9941193069920393,0.990207522722309,0.003911784269730267
2010-11-04,0.9942949496933579,0.9900544654433429,0.0042404842500149975
2010-11-05,0.9940342919209842,0.9896781352741516,0.004356156646832643
2010-11-08,0.9940342919209842,0.9895960849639173,0.004438206957066981
2010-11-09,0.9939522416107499,0.9895960849639173,0.004356156646832643
2010-11-10,0.9937362982852583,0.9895960849639173,0.0041402133213410686
2010-11-11,0.9936102479875842,0.9895960849639173,0.004014163023666972
2010-11-12,0.993610247987584,0.9895709558666729,0.004039292120911142
2010-11-15,0.9934789064731822,0.9890000197380722,0.004478886735109988
2010-11-16,0.9933559423861031,0.9889101267102546,0.004445815675848563
2010-11-17,0.9932117157745272,0.9889686036483297,0.004243112126197435
2010-11-18,0.9932796970180539,0.9890220959451917,0.004257601072862105
2010-11-19,0.993161549923353,0.9891119889730092,0.004049560950343811
2010-11-22,0.9931342343638996,0.9888513312006354,0.0042829031632641845
2010-11-23,0.9928867710112274,0.9886661413698378,0.004220629641389584
2010-11-24,0.9929166899359299,0.9884547748016317,0.004461915134298167
2010-11-26,0.9928468255528801,0.9882536728103108,0.004593152742569218
2010-11-29,0.9928961167570478,0.9882536728103108,0.004642443946736963
2010-11-30,0.9928961167570478,0.9882167067781719,0.004679409978875948
2010-12-01,0.9927668004990761,0.9882481228679144,0.0045186776311616494
2010-12-02,0.9928739799065546,0.9886929782911952,0.004181001615359392
2010-12-03,0.9930032961645263,0.9887228972158981,0.004280398948628195
2010-12-06,0.9929781670672819,0.9884745646155527,0.004503602451729205
2010-12-07,0.9929781670672819,0.9887014044404978,0.004276762626784114
2010-12-08,0.9929781670672821,0.9886400694260524,0.004338097641229721
2010-12-09,0.9932256304199546,0.9888863864016445,0.0043392440183100955
2010-12-10,0.9934640092249283,0.9890494331391031,0.004414576085825184
2010-12-13,0.9933528536726135,0.9890494331391031,0.004303420533510405
2010-12-14,0.9937130236096812,0.9895481589349366,0.004164864674744528
2010-12-15,0.993789268977731,0.9897166733568608,0.004072595620870256
2010-12-16,0.9940768809139864,0.9899762114597782,0.004100669454208172
2010-12-17,0.9941054389273588,0.9899762114597784,0.004129227467580376
2010-12-20,0.9942906287581562,0.9899762114597784,0.004314417298377782
2010-12-21,0.9941786595232193,0.990268574455209,0.003910085068010272
2010-12-22,0.9938577385144164,0.990268574455209,0.003589164059207395
2010-12-23,0.9936561530332313,0.9901314761230274,0.003524676910203861
2010-12-27,0.99351905470105,0.9905280727451515,0.0029909819558984196
2010-12-28,0.9934631811282243,0.9906092538077131,0.0028539273205111515
2010-12-29,0.9932779912974267,0.990762311086679,0.0025156802107476617
2010-12-30,0.9935514529950161,0.9908207880247544,0.0027306649702617536
2010-12-31,0.9935765820922605,0.9908207880247544,0.0027557940675061454
2011-01-03,0.9934554118745577,0.9907594530103091,0.00269595886424856
2011-01-04,0.9934554118745577,0.990796419042448,0.0026589928321096856
2011-01-05,0.993399538301732,0.9907594530103091,0.0026400852914229
2011-01-06,0.9935847281325295,0.9907594530103091,0.0028252751222204164
2011-01-07,0.9934162137106057,0.9911286773054349,0.0022875364051708758
2011-01-10,0.9933168163773365,0.9913342389314562,0.0019825774458802625
2011-01-11,0.9935478443583219,0.9914104842995056,0.0021373600588162622
2011-01-12,0.9937653887862916,0.9915767665896166,0.0021886221966750385
2011-01-13,0.9939767553544975,0.9915767665896166,0.0023999887648809004
2011-01-14,0.9940979255722004,0.9917060828475883,0.0023918427246121254
2011-01-18,0.9942292670866023,0.9921873602924456,0.0020419067941567226
2011-01-19,0.994205104979679,0.9921380690882778,0.0020670358914011144
2011-01-20,0.9944226494076487,0.9922248704576868,0.0021977789499618705
2011-01-21,0.994205104979679,0.992058588167576,0.002146516812102983
2011-01-24,0.9942051049796792,0.9920585881675762,0.002146516812102983
2011-01-25,0.9941701947954138,0.9921579855008453,0.0020122092945684678
2011-01-26,0.9941309154595032,0.9921230753165798,0.002007840142923323
2011-01-27,0.9939696550203986,0.9920049282218792,0.001964726798519334
2011-01-28,0.993793198636458,0.9916447582848115,0.002148440351646519
2011-01-31,0.9935197369388684,0.9914595684540138,0.0020601684848545743
2011-02-01,0.9937687513236215,0.9914296495293111,0.0023391017943104053
2011-02-02,0.9936457872365426,0.9915589657872829,0.002086821449259757
2011-02-03,0.993685066572453,0.9915589657872829,0.0021261007851701708
2011-02-04,0.9939108141605615,0.9918064291399553,0.00210438502060617
2011-02-07,0.994147309826012,0.9922316352930893,0.0019156745329226288
2011-02-08,0.9940479124927429,0.9920559925917709,0.001991919900972028
2011-02-09,0.9939692910986366,0.9917845427275358,0.002184748371100831
2011-02-10,0.9942820321321367,0.9921140563904426,0.002167975741694139
2011-02-11,0.9941378055205605,0.9922842036975061,0.001853601823054385
2011-02-14,0.9941378055205606,0.9925812518431257,0.001556553677434902
2011-02-15,0.9938771477481867,0.9924384200955154,0.0014387276526712789
2011-02-16,0.993778413009966,0.992295034770836,0.0014833782391300288
2011-02-17,0.9936840069362595,0.9924392613824122,0.0012447455538472374
2011-02-18,0.9939816307407722,0.9923281058300972,0.0016535249106749417
2011-02-22,0.9939565016435279,0.9921516494461566,0.001804852197371254
2011-02-23,0.994100728255104,0.992439261382412,0.0016614668726919746
2011-02-24,0.9939250855537853,0.9927006965812593,0.0012243889725260804
2011-02-25,0.9942284224792834,0.9929490291816042,0.0012793932976792322
2011-02-28,0.9941699455412082,0.9928905522435291,0.0012793932976791211
2011-03-01,0.9938153027810573,0.9925046254263054,0.0013106773547519879
2011-03-02,0.9937366813869511,0.9925765016427096,0.0011601797442415407
2011-03-03,0.9937366813869511,0.9923913118119122,0.001345369575038946
2011-03-04,0.9935145255240142,0.9924282778440511,0.001086247679963126
2011-03-07,0.9933831840096123,0.9921808144913786,0.0012023695182337146
2011-03-08,0.9933077160680364,0.9920106671843151,0.0012970488837212857
2011-03-09,0.9931414337779255,0.9920918482468766,0.0010495855310489466
2011-03-10,0.9931414337779255,0.9920918482468766,0.0010495855310489466
2011-03-11,0.9931414337779255,0.9920918482468766,0.0010495855310489466
2011-03-14,0.9930100922635235,0.9915473367485846,0.001462755514938907
2011-03-15,0.9930100922635237,0.9918613873494041,0.0011487049141195582
2011-03-16,0.9930100922635235,0.991861387349404,0.0011487049141195582
2011-03-17,0.9930100922635235,0.991861387349404,0.0011487049141195582
2011-03-18,0.9931330563506027,0.9920789317773738,0.001054124573228843
2011-03-21,0.9933386179766237,0.9920789317773738,0.0012596861992498765
2011-03-22,0.9934916752555897,0.9919032890760553,0.0015883861795343845
2011-03-23,0.9937138311185264,0.991831412859651,0.0018824182588753624
2011-03-24,0.9936419549021219,0.9920369744856723,0.0016049804164496306
2011-03-25,0.9937138311185262,0.9921798062332826,0.0015340248852435678
2011-03-28,0.9938249866708411,0.9918988266917244,0.001926159979116715
2011-03-29,0.9937138311185264,0.9915338390811774,0.0021799920373489767
2011-03-30,0.9939065076473733,0.9916780656927536,0.0022284419546196865
2011-03-31,0.9939819755889497,0.9917094817824962,0.002272493806453557
2011-04-01,0.9939345466853816,0.9918673560538401,0.0020671906315414823
2011-04-04,0.9942554372865391,0.9920895119167769,0.002165925369762234
2011-04-05,0.9943603845622047,0.9920250247677732,0.0023353597944314464
2011-04-06,0.9942849166206285,0.9915998186146388,0.0026850980059897056
2011-04-07,0.9943323455241965,0.9915384836001935,0.002793861924002994
2011-04-08,0.9943323455241965,0.9918194631417516,0.0025128823824448476
2011-04-11,0.994106597936088,0.9917845529574865,0.0023220449786015562
2011-04-12,0.994106597936088,0.9915984246192592,0.0025081733168288434
2011-04-13,0.9942992744649352,0.9915984246192593,0.002700849845675868
2011-04-14,0.9945250220530436,0.9917932649227423,0.002731757130301271
2011-04-15,0.9947615177184941,0.9921847191420683,0.0025767985764257872
2011-04-18,0.9947615177184941,0.992156161128696,0.0026053565897981024
2011-04-19,0.9950591415230068,0.9919805184273776,0.0030786230956292293
2011-04-20,0.9951176184610819,0.9920154286116427,0.0031021898494392186
2011-04-21,0.9951821056100857,0.9921684858906088,0.00301361971947689
2011-04-25,0.9949975783743364,0.9922856944778798,0.0027118838964566017
2011-04-26,0.9948662368599344,0.9921219235235925,0.0027443133363418415
2011-04-27,0.9946999545698237,0.9922213208568618,0.002478633712961975
2011-04-28,0.9948049018454893,0.992249878870234,0.002555022975255339
2011-04-29,0.9944840112443317,0.99209200459889,0.002392006645441702
2011-05-02,0.994245632439358,0.9918698487359533,0.0023757837034047435
2011-05-03,0.994046927118922,0.9917264634112739,0.002320463707648046
2011-05-04,0.9941149083624485,0.9915893650790923,0.002525543283356191
2011-05-05,0.9941762433768937,0.9914865815780629,0.002689661798830789
2011-05-06,0.9941762433768939,0.9912524619386693,0.002923781438224582
2011-05-09,0.9942076594666363,0.9912524619386691,0.002955197527967135
2011-05-10,0.9941431723176326,0.9913574092143347,0.0027857631032979224
2011-05-11,0.9943094546077432,0.9917652986054769,0.002544156002266318
2011-05-12,0.9942282735451818,0.9918764541577915,0.0023518193873903748
2011-05-13,0.9944396401133877,0.9922653085186811,0.002174331594706591
2011-05-16,0.9947235646824062,0.9922952274433838,0.00242833723902236
2011-05-17,0.9947676616917955,0.9926321305838071,0.0021355311079884753
2011-05-18,0.994699680448269,0.9927900048551511,0.0019096755931178322
2011-05-19,0.9946996804482691,0.992639725208619,0.0020599552396500798
2011-05-20,0.9943787898471116,0.9922705009134931,0.002108288933618474
2011-05-23,0.9940507682687038,0.9919335977730699,0.002117170495633869
2011-05-24,0.9937444082202034,0.9915643734779443,0.0021800347422590294
2011-05-25,0.9937444082202034,0.991529463293679,0.0022149449265244092
2011-05-26,0.9937444082202034,0.9916238693673853,0.0021205388528180436
2011-05-27,0.9939459937013883,0.9916238693673853,0.0023221243340029174
2011-05-31,0.993991695977515,0.9918936963292422,0.0020979996482728414
2011-06-01,0.9940475695503409,0.9922629206243679,0.0017846489259729648
2011-06-02,0.9940824797346063,0.9923274077733716,0.0017550719612346999
2011-06-03,0.9943314941193594,0.9922511624053222,0.002080331714037209
2011-06-06,0.9942756205465335,0.9921218461473502,0.0021537743991832947
2011-06-07,0.9941706732708679,0.9919988820602715,0.0021717912105964077
2011-06-08,0.9940762671971614,0.992312932661091,0.00176333453607036
2011-06-09,0.9944783388608806,0.9926821569562165,0.0017961819046640182
2011-06-10,0.9943120565707697,0.9925877508825102,0.001724305688259542
2011-06-13,0.9944170038464353,0.9925458491558591,0.0018711546905761933
2011-06-14,0.9944783388608806,0.9924873722177839,0.0019909666430966144
2011-06-15,0.994564131358409,0.9926725620485813,0.0018915693098277009
2011-06-16,0.9946321126019356,0.9930584888658051,0.0015736237361305694
2011-06-17,0.9945972024176702,0.9931766359605058,0.001420566457164485
2011-06-20,0.9947414290292462,0.9932351128985811,0.0015063161306650974
2011-06-21,0.9946800940148012,0.9932351128985811,0.0014449811162200454
2011-06-22,0.9948164573802093,0.9932351128985811,0.0015813444816281663
2011-06-23,0.9950771151525829,0.9931301656229155,0.0019469495296674522
2011-06-24,0.9953371554874643,0.9931301656229155,0.002206989864548814
2011-06-27,0.995634779291977,0.9930190100706007,0.002615769221376296
2011-06-28,0.9956062212786045,0.992951028827074,0.0026551924515305636
2011-06-29,0.9954769050206327,0.9929091271004229,0.0025677779202097906
2011-06-30,0.9955099760798941,0.9930272741951236,0.0024827018847705107
2011-07-01,0.9955998691077116,0.9929373811673059,0.002662487940405689
2011-07-05,0.9956678503512382,0.9930603452543848,0.0026075050968533686
2011-07-06,0.9954662648700531,0.9928847025530663,0.0025815623169868074
2011-07-07,0.9951823403010348,0.992995858105381,0.0021864821956537606
2011-07-08,0.9951210052865895,0.9929627870461197,0.0021582182404698003
2011-07-11,0.9948233814820768,0.9928948058025932,0.0019285756794836795
2011-07-12,0.9946748957049204,0.9928536030858752,0.0018212926190451784
2011-07-13,0.9947262015395736,0.9930822273310138,0.001643974208559773
2011-07-14,0.9948746873167296,0.9935276969941894,0.0013469903225401536
2011-07-15,0.9949360223311748,0.9937991468584244,0.0011368754727504315
2011-07-18,0.9949973573456201,0.9939476326355806,0.0010497247100395013
2011-07-19,0.9950692335620245,0.9940375256633981,0.0010317078986263883
2011-07-20,0.9950977915753968,0.9940375256633981,0.0010602659119987035
2011-07-21,0.9952291330897987,0.9940988606778434,0.001130272411955291
2011-07-22,0.99543609580503,0.994359518450217,0.0010765773548130353
2011-07-25,0.995483524708598,0.9942896540671672,0.0011938706414308387
2011-07-26,0.9957569864061874,0.9944189703251389,0.0013380160810484432
2011-07-27,0.9958183214206326,0.9944189703251389,0.0013993510954937172
2011-07-28,0.9959127274943392,0.9942826069597308,0.0016301205346084258
2011-07-29,0.9958007582594024,0.9942826069597308,0.0015181512996715885
2011-08-01,0.9958793796535085,0.9944895696749622,0.0013898099785463192
2011-08-02,0.9958793796535085,0.9946660260589029,0.001213353594605615
2011-08-03,0.9958793796535085,0.9946361071342001,0.001243272519308336
2011-08-04,0.9958209027154334,0.9947348418724208,0.0010860608430126595
2011-08-05,0.9959328719503701,0.995095011809489,0.0008378601408810527
2011-08-08,0.9961173991861195,0.995375991351047,0.0007414078350724829
2011-08-09,0.9961173991861195,0.9951811510475638,0.0009362481385557508
2011-08-10,0.9961732727589454,0.9949966238118143,0.0011766489471310981
2011-08-11,0.996280452166424,0.9950524973846404,0.0012279547817836134
2011-08-12,0.9963924214013609,0.9950855684439014,0.00130685295745947
2011-08-15,0.9962694573142821,0.9948514488045077,0.00141800850977436
2011-08-16,0.9962980153276547,0.9946758061031892,0.0016222092244655428
2011-08-17,0.9962980153276545,0.9946458871784863,0.0016521281491681528
2011-08-18,0.9961401410563103,0.9945845521640415,0.001555588892268811
2011-08-19,0.9960108247983386,0.9945845521640413,0.0014262726342972876
2011-08-22,0.9961102221316076,0.9946564283804458,0.001453793751161836
2011-08-23,0.9962395383895793,0.9944089650277733,0.0018305733618060316
2011-08-24,0.9963294314173968,0.9944089650277733,0.0019204663896235097
2011-08-25,0.996404899358973,0.9941930217022813,0.0022118776566917298
2011-08-26,0.9963323413581608,0.9940019351885407,0.002330406169620103
2011-08-29,0.9963797702617289,0.9942514986403566,0.002128271621372302
2011-08-30,0.9964310760963815,0.9943878620057647,0.0020432140906168073
2011-08-31,0.9961704183240079,0.9943593039923921,0.0018111143316157374
2011-09-01,0.9961442415865994,0.9943866195518456,0.0017576220347538252
2011-09-02,0.9959757271646755,0.9946025628773374,0.0013731642873381356
2011-09-06,0.9956918025956571,0.9946025628773374,0.0010892397183197566
2011-09-07,0.9956404967610042,0.9946610398154125,0.0009794569455916502
2011-09-08,0.9954183408980677,0.9948189140867567,0.0005994268113109769
2011-09-09,0.9950974502969101,0.9947195167534879,0.0003779335434221931
2011-09-12,0.9947541242162707,0.9942075092309443,0.0005466149853264879
2011-09-13,0.994456500411758,0.9942075092309443,0.0002489911808137846
2011-09-14,0.994456500411758,0.9942075092309443,0.0002489911808137846
2011-09-15,0.9943744501015239,0.9942075092309443,0.00016694087057966822
2011-09-16,0.9941030002372887,0.9942974022587617,-0.00019440202147302799
2011-09-19,0.9940002167362593,0.994267483334059,-0.0002672665977997424
2011-09-20,0.9940226522157414,0.9943319704830628,-0.0003093182673213901
2011-09-21,0.9940226522157414,0.9941371301795796,-0.00011447796383823317
2011-09-22,0.9943202760202541,0.9941371301795797,0.00018314584067435913
2011-09-23,0.9944967324041947,0.9942270232073973,0.00026970919679736305
2011-09-26,0.9947806569732132,0.9941371301795796,0.0006435267936335531
2011-09-27,0.9950521068374482,0.9941085721662072,0.0009435346712409753
2011-09-28,0.9953729974386055,0.9938595577814543,0.0015134396571512276
2011-09-29,0.9956464591361951,0.9939539638551607,0.001692495281034434
2011-09-30,0.9955819719871913,0.9939266482957074,0.001655323691483912
2011-10-03,0.9955819719871913,0.993776368649175,0.0018056033380163816
2011-10-04,0.9953336393868463,0.9937118815001712,0.0016217578866750681
2011-10-05,0.995257394018797,0.9937511608360816,0.0015062331827153663
2011-10-06,0.9952859520321692,0.9935659710052842,0.0017199810268849758
2011-10-07,0.9954172935465709,0.9934540017703472,0.0019632917762237856
2011-10-10,0.9955937499305116,0.993395524832272,0.0021982250982396367
2011-10-11,0.9955937499305116,0.993395524832272,0.0021982250982396367
2011-10-12,0.9956210654899651,0.9934680828330844,0.0021529826568806865
2011-10-13,0.9957238489909949,0.9935805479527186,0.002143301038276313
2011-10-14,0.9957851840054397,0.9936792826909396,0.0021059013145000582
2011-10-17,0.9958923634129185,0.9938405431300441,0.002051820282874428
2011-10-18,0.9959781559104471,0.9936971578053648,0.0022809981050823103
2011-10-19,0.9959495978970747,0.9935126305696156,0.0024369673274591275
2011-10-20,0.9958937243242488,0.9933441161476915,0.002549608176557361
2011-10-21,0.9960693670255675,0.9933441161476915,0.0027252508778760065
2011-10-24,0.9961923311126464,0.993254223119874,0.0029381079927723874
2011-10-25,0.9963502053839906,0.9932049319157062,0.003145273468284304
2011-10-26,0.9965450456874739,0.9932380029749676,0.0033070427125063695
2011-10-27,0.9966622542747449,0.9930324413489464,0.003629812925798448
2011-10-28,0.9964281346353512,0.9929212857966314,0.003506848838719767
2011-10-31,0.996349513241245,0.9926729531962865,0.0036765600449585323
2011-11-01,0.9961425505260136,0.9926084660472827,0.0035340844787309367
2011-11-02,0.9961139925126411,0.9924973104949679,0.0036166820176731784
2011-11-03,0.9962369565997198,0.9921007138728437,0.0041362427268760715
2011-11-04,0.9963599206867988,0.9920676428135824,0.004292277873216399
2011-11-07,0.9964593180200679,0.9918815144753552,0.004577803544712711
2011-11-08,0.9966648796460893,0.9921549761729449,0.004509903473144394
2011-11-09,0.9966979507053504,0.9922721847602158,0.004425765945134552
2011-11-10,0.9968099199402877,0.992575521685714,0.0042343982545737235
2011-11-11,0.9968398388649902,0.9924856286578962,0.004354210207093923
2011-11-14,0.9969470182724689,0.9926290139825759,0.00431800428989304
2011-11-15,0.9971240620629973,0.9926290139825756,0.004495048080421671
2011-11-16,0.99715262007637,0.9924274285013905,0.004725191574979415
2011-11-17,0.9971799356358232,0.9923739362045286,0.004805999431294561
2011-11-18,0.997346217925934,0.9921828496907883,0.005163368235145738
2011-11-21,0.9972412706502682,0.9923844351719734,0.004856835478294852
2011-11-22,0.9971853970774426,0.9926971762054733,0.004488220871969317
2011-11-23,0.9970909910037361,0.9923844351719732,0.0047065558317629375
2011-11-25,0.9970374987068743,0.9923285615991475,0.004708937107726796
2011-11-28,0.9969761636924293,0.9922113530118766,0.004764810680552678
2011-11-29,0.9970374987068743,0.9922648453087385,0.004772653398135818
2011-11-30,0.9971668149648463,0.9928252128851498,0.004341602079696472
2011-12-01,0.9971368960401433,0.9930411562106415,0.004095739829501843
2011-12-02,0.9969353105589582,0.9931724977250435,0.003762812833914775
2011-12-05,0.9969353105589583,0.9935005193034514,0.0034347912555069415
2011-12-06,0.9968739755445128,0.9935005193034514,0.0033734562410614455
2011-12-07,0.9969109415766519,0.9934492134687984,0.003461728107853501
2011-12-08,0.9968823835632797,0.9929771489050983,0.003905234658181489
2011-12-09,0.9969767896369861,0.9928337635804187,0.004143026056567356
2011-12-12,0.9968404262715781,0.9926791552693721,0.0041612710022059796
2011-12-13,0.996963390358657,0.9926791552693721,0.004284235089284882
2011-12-14,0.9967376427705485,0.9929667672056277,0.003770875564920839
2011-12-15,0.9967376427705485,0.9933360482682982,0.0034015945022503047
2011-12-16,0.9967376427705485,0.9934472038206132,0.0032904389499353037
2011-12-19,0.9968448221780272,0.993371735879037,0.0034730862989901246
2011-12-20,0.9968448221780272,0.9936101146840107,0.003234707494016442
2011-12-21,0.9969268724882615,0.9933386648197757,0.0035882076684857767
2011-12-22,0.9967320321847782,0.9932126145221016,0.003519417662676605
2011-12-23,0.9966027159268063,0.993177704337836,0.0034250115889702393
2011-12-27,0.9964342015048825,0.9933148026700176,0.003119398834864895
2011-12-28,0.9962763272335383,0.993342118229471,0.0029342090040672675
2011-12-29,0.9964056434915101,0.9931664755281523,0.0032391679633577697
2011-12-30,0.9964342015048826,0.9927622085816951,0.0036719929231875392
2012-01-03,0.9963972354727435,0.993209179888172,0.0031880555845714698
2012-01-04,0.9963387585346682,0.993209179888172,0.0031295786464962116
2012-01-05,0.996310200521296,0.9927846727449711,0.003525527776324977
2012-01-06,0.9965261438467878,0.9926161583230474,0.003909985523740445
2012-01-09,0.996470270273962,0.9927918010243657,0.00367846924959625
2012-01-10,0.9963473061868833,0.9925443376716933,0.0038029685151900194
2012-01-11,0.9963473061868833,0.9927700852598017,0.0035772209270815702
2012-01-12,0.9961860457477785,0.9928750325354674,0.003311013212311087
2012-01-13,0.9961301721749528,0.9929423963415015,0.0031877758334513118
2012-01-17,0.9957700022378849,0.9929937021761543,0.0027763000617305744
2012-01-18,0.9957700022378847,0.9928707380890754,0.002899264148809255
2012-01-19,0.9956706049046158,0.9927204584425432,0.0029501464620725892
2012-01-20,0.9956026236610891,0.9923209160396341,0.0032817076214549656
2012-01-23,0.9953186990920708,0.9921229591179102,0.003195739974160672
2012-01-24,0.9953186990920708,0.9920549778743836,0.0032637212176872543
2012-01-25,0.9952005519973701,0.9921194650233873,0.003081086973982794
2012-01-26,0.9950249092960517,0.9922487812813591,0.002776128014692625
2012-01-27,0.9951612726614596,0.9923345737788877,0.002826698882571921
2012-01-30,0.9950440640741887,0.9922084930735681,0.002835571000620596
2012-01-31,0.9950216285947067,0.992439521054553,0.002582107540153644
2012-02-01,0.9950709197988743,0.9925149889961292,0.0025559308027450767
2012-02-02,0.9951293967369497,0.9926361592138322,0.0024932375231174753
2012-02-03,0.9948810641366045,0.9926361592138322,0.002244904922772295
2012-02-06,0.9947990138263701,0.9928851735985853,0.0019138402277848465
2012-02-07,0.9948409155530216,0.9931915336470856,0.0016493819059359982
2012-02-08,0.9950165582543399,0.9933842101759327,0.0016323480784071753
2012-02-09,0.9948304299161127,0.9935014187632039,0.0013290111529088433
2012-02-10,0.9946870445914333,0.9935768867047801,0.0011101578866532513
2012-02-13,0.9948640883819619,0.9937928300302717,0.0010712583516901963
2012-02-14,0.9950405447659025,0.9937686679233484,0.0012718768425541427
2012-02-15,0.995183930090582,0.9941169044916048,0.0010670255989772004
2012-02-16,0.9952867135916117,0.994052417342601,0.0012342962490107245
2012-02-17,0.9953766066194292,0.9943148614133288,0.0010617452061003618
2012-02-21,0.9953451905296866,0.9946936662804031,0.0006515242492834972
2012-02-22,0.995183930090582,0.9949194138685116,0.00026451622207046555
2012-02-23,0.995183930090582,0.9949194138685116,0.00026451622207046555
2012-02-24,0.995183930090582,0.9952227507940097,-3.882070342764443e-05
2012-02-27,0.9950154156686581,0.9955354918275096,-0.0005200761588514125
2012-02-28,0.9948790523032502,0.9955354918275096,-0.0006564395242593113
2012-02-29,0.9949611026134844,0.9956527004147805,-0.0006915978012961288
2012-03-01,0.9949026256754091,0.9955669079172521,-0.0006642822418430061
2012-03-02,0.9951185690009011,0.9954056474781474,-0.0002870784772462942
2012-03-05,0.994758399063833,0.995510594753813,-0.0007521956899799731
2012-03-06,0.9946150137391538,0.9956004877816307,-0.0009854740424768416
2012-03-07,0.9948002035699512,0.9956825380918648,-0.0008823345219135525
2012-03-08,0.994931545084353,0.9954603822289283,-0.0005288371445753004
2012-03-09,0.9950214381121707,0.995428966139186,-0.00040752802701526925
2012-03-12,0.9950513570368735,0.99537309256636,-0.00032173552948644435
2012-03-13,0.9951158441858773,0.9954004081258134,-0.00028456393993614437
2012-03-14,0.9951743211239522,0.995368992036071,-0.0001946709121187773
2012-03-15,0.9949972773334237,0.9955705775172562,-0.0005733001838325036
2012-03-16,0.9949359423189785,0.9957557673480537,-0.000819825029075183
2012-03-19,0.9948046008045767,0.9955630908192066,-0.000758490014629909
2012-03-20,0.9944918597710768,0.9953945763972827,-0.0009027166262058905
2012-03-21,0.9940456910979683,0.9953615053380215,-0.0013158142400532258
2012-03-22,0.9939557980701506,0.9952301638236196,-0.0012743657534690644
2012-03-23,0.9941733424981204,0.9951181945886828,-0.000944852090562387
2012-03-26,0.9941434235734177,0.9951181945886828,-0.0009747710152651079
2012-03-27,0.99417483966316,0.9951766715267577,-0.001001831863597702
2012-03-28,0.9943804012891814,0.9951766715267577,-0.0007962702375763353
2012-03-29,0.9945665296274085,0.9950395731945764,-0.00047304356716781903
2012-03-30,0.9945964485521113,0.9950395731945761,-0.00044312464246487604
2012-04-02,0.9945545468254602,0.9951467526020549,-0.0005922057765946898
2012-04-03,0.9943070834727878,0.9952639611893259,-0.0009568777165380737
2012-04-04,0.9942771645480849,0.9951467526020549,-0.0008695880539699719
2012-04-05,0.9940514169599767,0.9950954467674022,-0.0010440298074255727
2012-04-09,0.993961523932159,0.9950954467674022,-0.0011339228352432729
2012-04-10,0.9939615239321589,0.9951709147089782,-0.0012093907768193635
2012-04-11,0.9940514169599767,0.9951994727223507,-0.0011480557623739784
2012-04-12,0.9938203889789913,0.9952507785570035,-0.0014303895780122255
2012-04-13,0.9939706686255235,0.9953679871442744,-0.0013973185187509118
2012-04-16,0.9942016966065089,0.9953365710545321,-0.001134874448023182
2012-04-17,0.9942771645480851,0.9953679871442744,-0.0010908225961893114
2012-04-18,0.9943670575759026,0.9953000059007479,-0.0009329483248452508
2012-04-19,0.9944720048515682,0.9951566205760684,-0.0006846157245001816
2012-04-20,0.9948266476117194,0.9951314914788242,-0.00030484386710483147
2012-04-23,0.994987908050824,0.9952101128729304,-0.00022220482210633108
2012-04-24,0.9950193241405665,0.995131491478824,-0.00011216733825747394
2012-04-25,0.9950193241405665,0.9950415984510063,-2.2274310439773792e-05
2012-04-26,0.9952793644754477,0.995148777858485,0.00013058661696274676
2012-04-27,0.9951480229610457,0.995148777858485,-7.548974393367658e-07
2012-04-30,0.9951480229610457,0.9951157067992238,3.231616182186592e-05
2012-05-01,0.9954086807334195,0.995139868906147,0.0002688118272724527
2012-05-02,0.9957912861499694,0.9948792111337733,0.0009120750161960567
2012-05-03,0.9958770786474979,0.9947620025465023,0.0011150761009955934
2012-05-04,0.9957871856196804,0.9947919214712051,0.0009952641484752833
2012-05-07,0.9957630235127568,0.9948947049722348,0.0008683185405220506
2012-05-08,0.9959001218449384,0.9952074460057346,0.000692675839203738
2012-05-09,0.9959900148727561,0.995392635836532,0.0005973790362240328
2012-05-10,0.9961512753118607,0.9954439416711851,0.0007073336406755448
2012-05-11,0.9962126103263059,0.9957415654756978,0.0004710448506081155
2012-05-14,0.9964285536517978,0.9957666945729421,0.0006618590788557421
2012-05-15,0.9963792624476301,0.9960150271732874,0.00036423527434270575
2012-05-16,0.9963478463578875,0.9962263937414934,0.00012145261639417981
2012-05-17,0.9963478463578875,0.996394908163417,-4.706180552949135e-05
2012-05-18,0.9966773600207943,0.9965068773983542,0.0001704826224401268
2012-05-21,0.9964159248219473,0.9964388961548276,-2.2971332880317163e-05
2012-05-22,0.9963828537626859,0.996146533159397,0.00023632060328881987
2012-05-23,0.9962708845277489,0.9960644828491629,0.0002064016785859879
2012-05-24,0.9962708845277489,0.9962223571205071,4.8527407241816256e-05
2012-05-25,0.9962950466346723,0.9961972280232626,9.781861140967241e-05
2012-05-29,0.9961830773997352,0.9959488954229176,0.00023418197681757125
2012-05-30,0.9961830773997354,0.9960560748303963,0.0001270025693391741
2012-05-31,0.9960300201207692,0.9958897925402854,0.00014022758048382045
2012-06-01,0.9957005064578625,0.9957464072156058,-4.590075774335567e-05
2012-06-04,0.9956325252143361,0.9956643569053716,-3.1831691035488774e-05
2012-06-05,0.9954662429242253,0.9952677602832478,0.00019848264097743762
2012-06-06,0.9955711901998907,0.9953212525801095,0.0002499376197812042
2012-06-07,0.9955098551854454,0.9952218552468406,0.00028799993860484374
2012-06-08,0.9954624262818776,0.995407045077638,5.538120423964621e-05
2012-06-11,0.9953253279496962,0.9953557392429853,-3.0411293289067665e-05
2012-06-12,0.9952608408006925,0.9953306101457406,-6.976934504809851e-05
2012-06-13,0.9949983967299648,0.995145420314943,-0.0001470235849782009
2012-06-14,0.9948670552155627,0.9950334510800062,-0.00016639586444344712
2012-06-15,0.9948085782774876,0.9951278571537125,-0.0003192788762249599
2012-06-18,0.9949519636021672,0.9952857314250568,-0.00033376782288963014
2012-06-19,0.9949220446774643,0.9954520137151677,-0.000529969037703415
2012-06-20,0.9947464019761457,0.9954278516082445,-0.0006814496320988184
2012-06-21,0.9947149858864034,0.9952222899822231,-0.0005073040958196717
2012-06-22,0.9945716005617239,0.9952757822790849,-0.0007041817173609743
2012-06-25,0.9943091564909962,0.99502744967874,-0.000718293187743857
2012-06-26,0.9938138251306511,0.9947539879811504,-0.0009401628504993598
2012-06-27,0.9936122396494661,0.994785404070893,-0.0011731644214268977
2012-06-28,0.9935477525004623,0.9944536169702823,-0.0009058644698199947
2012-06-29,0.9935477525004623,0.9944023111356295,-0.0008545586351671464
2012-07-02,0.9934533464267558,0.9942337967137054,-0.0007804502869496188
2012-07-03,0.9932149676217819,0.9939731389413318,-0.0007581713195499162
2012-07-05,0.9931656764176143,0.9937886117055825,-0.000622935287968196
2012-07-06,0.9931357574929116,0.9938421040024443,-0.0007063465095327182
2012-07-09,0.9934281204883422,0.9937563115049158,-0.00032819101657366456
2012-07-10,0.9932778408418099,0.9934956537325421,-0.00021781289073219412
2012-07-11,0.9931350090941996,0.9940433841586443,-0.0009083750644447441
2012-07-12,0.9929423325653525,0.9939959552550763,-0.0010536226897238654
2012-07-13,0.9930716488233244,0.9943652363177471,-0.0012935874944226544
2012-07-16,0.9930417298986217,0.9941268575127734,-0.001085127614151693
2012-07-17,0.9928646861080931,0.9940542995119608,-0.0011896134038676953
2012-07-18,0.9930760928994193,0.9942926783169347,-0.0012165854175153479
2012-07-19,0.9929766955661503,0.9945766028859532,-0.0015999073198028624
2012-07-20,0.9929766955661503,0.994737863325058,-0.0017611677589076669
2012-07-23,0.9929766955661503,0.9949327036285412,-0.001956008062390935
2012-07-24,0.9933062092290569,0.9947963402631331,-0.0014901310340762475
2012-07-25,0.9929853186278995,0.9950273682441182,-0.0020420496162186774
2012-07-26,0.9928322613489337,0.9950273682441183,-0.002195106895184651
2012-07-27,0.992863677438676,0.9949374752163006,-0.0020737977776246197
2012-07-30,0.9930121632158324,0.9948325279406351,-0.0018203647248027366
2012-07-31,0.9932379108039409,0.99477405100256,-0.0015361401986191403
2012-08-01,0.9932611776005853,0.9948110170346989,-0.0015498394341135757
2012-08-02,0.993415785911632,0.9947355490931229,-0.0013197631814908517
2012-08-03,0.9934443439250044,0.9945921637684433,-0.0011478198434389242
2012-08-06,0.9935673080120832,0.994826283407837,-0.0012589753957538141
2012-08-07,0.993403537057796,0.9947002331101628,-0.0012966960523667082
2012-08-08,0.9930433671207283,0.9945741828124887,-0.00153081569176039
2012-08-09,0.9928123391397429,0.9945741828124887,-0.0017618436727457887
2012-08-10,0.9926352953492142,0.9945456247991162,-0.001910329449901993
2012-08-13,0.9925768184111391,0.9945125537398548,-0.0019357353287157153
2012-08-14,0.9925768184111393,0.9945398692993083,-0.001963050888168949
2012-08-15,0.9923906900729119,0.9945398692993083,-0.002149179226396347
2012-08-16,0.9924465636457378,0.994478534284863,-0.0020319706391251913
2012-08-17,0.9926961270975534,0.9944066580684587,-0.001710530970905344
2012-08-20,0.9927989105985829,0.9944066580684587,-0.0016077474698757976
2012-08-21,0.9929519678775488,0.9945612663795055,-0.0016092985019566797
2012-08-22,0.992555371255425,0.994213029811249,-0.0016576585558240042
2012-08-23,0.9925884423146859,0.994213029811249,-0.0016245874965631346
2012-08-24,0.9927497027537908,0.9939002887777492,-0.0011505860239583443
2012-08-27,0.9930624437872908,0.9936512743929958,-0.0005888306057050263
2012-08-28,0.9932738505786172,0.9937231506094005,-0.00044930003078336167
2012-08-29,0.9936388381891641,0.9937957086102127,-0.00015687042104861604
2012-08-30,0.9938772169941378,0.9939802358459622,-0.00010301885182439907
2012-08-31,0.9940214436057141,0.9938774523449325,0.00014399126078157298
2012-09-04,0.9939701377710609,0.9936060024806974,0.0003641352903634987
2012-09-05,0.9941471815615898,0.9936060024806974,0.0005411790808923511
2012-09-06,0.9942258029556958,0.9936060024806974,0.0006198004749984332
2012-09-07,0.9942258029556957,0.9936390735399587,0.0005867294157370084
2012-09-10,0.9943629012878772,0.9935570232297245,0.000805878058152687
2012-09-11,0.9946837918890346,0.9935939892618636,0.0010898026271709549
2012-09-12,0.9947099686264432,0.9938546470342372,0.0008553215922060264
2012-09-13,0.9950843819321079,0.994017693771696,0.0010666881604118883
2012-09-14,0.9952136981900797,0.9940895699881003,0.0011241282019793797
2012-09-17,0.9952422562034521,0.9940109485939941,0.0012313076094579989
2012-09-18,0.9954001304747964,0.994140264851966,0.001259865622830314
2012-09-19,0.9952881612398595,0.99429813912331,0.000990022116549527
2012-09-20,0.9952881612398595,0.9945365179282839,0.0007516433115756227
2012-09-21,0.9954726884756088,0.9945365179282839,0.000936170547324866
2012-09-24,0.9956840550438149,0.9942525933592654,0.00143146168454944
2012-09-25,0.9955261807724705,0.9940577530557824,0.0014684277166880921
2012-09-26,0.9956491448595493,0.9942342094397231,0.0014149354198261799
2012-09-27,0.9954726884756088,0.9943336067729921,0.0011390817026166733
2012-09-28,0.9955012464889812,0.9944948672120967,0.001006379276884517
2012-10-01,0.995419196178747,0.9945181340087413,0.0009010621700056287
2012-10-02,0.9954684873829147,0.9944418886406919,0.001026598742222773
2012-10-03,0.9952570805915881,0.99474522556619,0.000511855025398078
2012-10-04,0.9950907983014773,0.9945503852627069,0.0005404130387703932
2012-10-05,0.995197977708956,0.9947761328508152,0.0004218448581407852
2012-10-08,0.9952241544463645,0.9945909430200177,0.0006332114263467581
2012-10-09,0.9951656775082892,0.9944965369463113,0.0006691405619778656
2012-10-10,0.9951371194949168,0.9945279530360537,0.0006091664588631085
2012-10-11,0.9951085614815444,0.9945279530360539,0.0005806084454904603
2012-10-12,0.9949506872102001,0.9943986367780819,0.0005520504321181452
2012-10-15,0.9949506872102001,0.994711377811582,0.00023930939861804834
2012-10-16,0.9948948136373744,0.994786845753158,0.0001079678842164089
2012-10-17,0.9950067828723113,0.9949553601750819,5.1422697229353e-05
2012-10-18,0.9951187521072484,0.994743993606876,0.00037475850037238523
2012-10-19,0.9949894358492765,0.994822615000982,0.00016682084829444666
2012-10-22,0.995017993862649,0.9947952994415287,0.00022269442112032856
2012-10-23,0.9951123999363554,0.9947198314999525,0.00039256843640289585
2012-10-24,0.9950589076394937,0.994743993606876,0.0003149140326176303
2012-10-25,0.9948105750391485,0.9949804892723263,-0.00016991423317780363
2012-10-26,0.9947547014663228,0.9948226150009822,-6.791353465940286e-05
2012-10-31,0.9947247825416201,0.994743993606876,-1.9211065255930748e-05
2012-11-01,0.9943503692359554,0.9946677482388264,-0.00031737900287098775
2012-11-02,0.9942890342215102,0.9949042439042768,-0.0006152096827666265
2012-11-05,0.9944062428087811,0.9951918558405324,-0.0007856130317512866
2012-11-06,0.9947170469333767,0.995286261914239,-0.0005692149808622649
2012-11-07,0.9946884889200043,0.9953806679879453,-0.0006921790679410567
2012-11-08,0.9946240017710006,0.9954926372228824,-0.0008686354518817607
2012-11-09,0.9949449227798034,0.9956098458101533,-0.0006649230303499287
2012-11-12,0.9951112050699145,0.9956098458101533,-0.0004986407402388648
2012-11-13,0.9950349597018646,0.9957540724217292,-0.0007191127198645786
2012-11-14,0.9950648786265675,0.9958361227319635,-0.000771244105396085
2012-11-15,0.9952082639512471,0.995863438291417,-0.0006551743401699284
2012-11-16,0.9949348022536575,0.9958361227319636,-0.0009013204783061557
2012-11-19,0.9950168525638917,0.9958361227319636,-0.0008192701680719283
2012-11-20,0.9950661437680595,0.9958660416566663,-0.0007998978886067931
2012-11-21,0.9950362248433567,0.9958361227319635,-0.0007998978886067931
2012-11-23,0.9951543719380572,0.9959219152294921,-0.0007675432914349134
2012-11-26,0.9951030661034044,0.9960904296514158,-0.0009873635480114329
2012-11-27,0.9951816874975107,0.9958169679538266,-0.0006352804563158898
2012-11-28,0.9951203524830654,0.9955136310283285,-0.00039327854526305384
2012-11-29,0.9949438960991246,0.9955136310283282,-0.0005697349292036469
2012-11-30,0.9947587062683272,0.9955136310283285,-0.0007549247600012743
2012-12-03,0.9947002293302522,0.9955136310283282,-0.0008134016980760883
2012-12-04,0.994844455941828,0.9955136310283282,-0.0006691750865002177
2012-12-05,0.9947951647376603,0.9955136310283285,-0.0007184662906681849
2012-12-06,0.9947165433435541,0.9955136310283285,-0.000797087684774378
2012-12-07,0.9947416724407986,0.9955136310283282,-0.0007719585875296531
2012-12-10,0.9950899090090549,0.9954237380005105,-0.0003338289914556203
2012-12-11,0.9949827296015764,0.9954536569252133,-0.0004709273236368494
2012-12-12,0.9950089063389846,0.9955523916634342,-0.0005434853244495885
2012-12-13,0.9947165433435541,0.9955523916634342,-0.0008358483198801503
2012-12-14,0.9947535093756931,0.9956381841609628,-0.0008846747852697678
2012-12-17,0.9945586690722098,0.9958146405449034,-0.0012559714726936289
2012-12-18,0.9945027954993841,0.995728848047375,-0.001226052547990908
2012-12-19,0.9941007238356652,0.9957026713099666,-0.001601947474301424
2012-12-20,0.9941007238356652,0.9957847216202007,-0.0016839977845355403
2012-12-21,0.9939887546007281,0.9956301133091542,-0.0016413587084260772
2012-12-24,0.9936405180324721,0.9957350605848198,-0.0020945425523476446
2012-12-26,0.9936405180324719,0.9959013428749306,-0.0022608248424587085
2012-12-27,0.9937577266197428,0.9960544001538965,-0.002296673534153637
2012-12-28,0.9938870428777148,0.996085816243639,-0.0021987733659242226
2012-12-31,0.9941494869484425,0.9959355365971067,-0.0017860496486641342
2013-01-02,0.9936774223847421,0.9958235673621697,-0.0021461449774276
2013-01-03,0.9935824289044479,0.9956872039967617,-0.002104775092313771
2013-01-04,0.9935289366075861,0.9958717312325112,-0.0023427946249250375
2013-01-07,0.9934261531065565,0.9956872039967617,-0.0022610508902052295
2013-01-08,0.9931526914089671,0.9954614564086535,-0.0023087649996863524
2013-01-09,0.9933748472719035,0.9953494871737163,-0.0019746399018127914
2013-01-10,0.9935696875753868,0.9951809727517923,-0.0016112851764055192
2013-01-11,0.9937918434383233,0.9950516564938205,-0.001259813055497272
2013-01-14,0.9938776359358519,0.9946914865567527,-0.0008138506209007801
2013-01-15,0.9940388963749567,0.9944180248591631,-0.00037912848420640355
2013-01-16,0.9943796194242549,0.9946401807220998,-0.0002605612978449079
2013-01-17,0.994315132275251,0.9948158234234183,-0.0005006911481673093
2013-01-18,0.9942432560588468,0.9948158234234183,-0.0005725673645715634
2013-01-22,0.9942146980454744,0.9946393670394776,-0.0004246689940032855
2013-01-23,0.9939170742409617,0.9944623232489491,-0.0005452490079874694
2013-01-24,0.9935688376727053,0.994037816105748,-0.0004689784330427216
2013-01-25,0.9934458735856265,0.9938322544797267,-0.00038638089410014675
2013-01-28,0.9935452709188956,0.9938907314178018,-0.0003454604989062693
2013-01-29,0.9935783419781569,0.9941381947704743,-0.0005598527923174057
2013-01-30,0.9935550751815121,0.9940466688575169,-0.0004915936760048201
2013-01-31,0.9937321189720407,0.9940466688575169,-0.00031454988547618967
2013-02-01,0.9937079568651175,0.9941460661907859,-0.0004381093256684565
2013-02-04,0.9936806413056641,0.9941460661907859,-0.00046542488512180125
2013-02-05,0.9932578679461315,0.9939346996225801,-0.0006768316764486082
2013-02-06,0.9930630276426484,0.9939073840631266,-0.0008443564204781984
2013-02-07,0.9930960987019097,0.9940736663532375,-0.0009775676513277265
2013-02-08,0.9930630276426484,0.9938809898243903,-0.0008179621817419047
2013-02-11,0.9932394840265891,0.9936696232561845,-0.0004301392295953388
2013-02-12,0.992978048827742,0.9935624438487056,-0.000584395020963635
2013-02-13,0.9928277691812097,0.9937380865500243,-0.0009103173688145283
2013-02-14,0.9928591852709523,0.9935768261109195,-0.0007176408399671708
2013-02-15,0.9926536236449308,0.9932278653258347,-0.0005742416809039197
2013-02-19,0.9926222075551884,0.9929544036282452,-0.00033219607305678966
2013-02-20,0.9929145705506189,0.9929244847035424,-9.914152923506947e-06
2013-02-21,0.9926780748851685,0.9928599975545388,-0.00018192266937033796
2013-02-22,0.9929002307481052,0.9928230315223997,7.71992257054821e-05
2013-02-25,0.9927882615131682,0.9927511553059954,3.71062071727879e-05
2013-02-26,0.9928356904167362,0.992926798007314,-9.110759057773254e-05
2013-02-27,0.9927498979192076,0.9929598690665753,-0.0002099711473676491
2013-02-28,0.9925339545937157,0.9928604717333063,-0.00032651713959053197
2013-03-01,0.9925339545937157,0.9927660656595997,-0.00023211106588394426
2013-03-04,0.992511519114234,0.9929024290250078,-0.0003909099107738401
2013-03-05,0.9924216260864163,0.9932457551056472,-0.0008241290192309014
2013-03-06,0.992388555027155,0.9934384316344944,-0.0010498766073394616
2013-03-07,0.9920590413642482,0.9932435913310109,-0.0011845499667627601
2013-03-08,0.9920590413642484,0.9932785015152763,-0.001219460151027918
2013-03-11,0.9918225456987979,0.9934155998474579,-0.0015930541486599559
2013-03-12,0.9918225456987979,0.9935920562313983,-0.0017695105326004379
2013-03-13,0.9918574558830631,0.993515810863349,-0.001658354980285881
2013-03-14,0.9916961954439585,0.9935488819226103,-0.0018526864786517772
2013-03-15,0.991511668208209,0.9935174658328678,-0.0020057976246588005
2013-03-18,0.9916729286473138,0.9931348604163179,-0.00146193176900411
2013-03-19,0.9917409098908404,0.9930237048640032,-0.0012827949731627486
2013-03-20,0.9917660389880848,0.9930850398784483,-0.0013190008903635198
2013-03-21,0.9917902010950082,0.9931435168165236,-0.0013533157215154246
2013-03-22,0.9915295433226343,0.9928828590441499,-0.0013533157215155356
2013-03-25,0.9913530869386934,0.9927708898092128,-0.0014178028705194023
2013-03-26,0.9918009893954706,0.9928820453615277,-0.0010810559660571206
2013-03-27,0.9920770107615154,0.9928569162642833,-0.0007799055027678525
2013-03-28,0.9920295818579473,0.9924548446005643,-0.00042526274261700525
2013-04-01,0.9919854848485579,0.9919674732107377,1.80116378201145e-05
2013-04-02,0.9918242244094533,0.9917184588259844,0.00010576558346886422
2013-04-03,0.9914752636243687,0.9915128971999634,-3.7633575594719915e-05
2013-04-04,0.9915287559212306,0.9913868164946439,0.00014193942658669023
2013-04-05,0.9916099369837922,0.9916482516934908,-3.8314709698616944e-05
2013-04-08,0.9918409649647772,0.9918145339836015,2.643098117571796e-05
2013-04-09,0.9919521205170921,0.9918602362597282,9.188425736395e-05
2013-04-10,0.9917669306862946,0.9918602362597282,-9.330557343356638e-05
2013-04-11,0.9916227040747185,0.9919455359858356,-0.00032283191111703857
2013-04-12,0.9917729837212508,0.9921945503705888,-0.00042156664933801213
2013-04-15,0.9919494401051915,0.9919635223896034,-1.4082284411909285e-05
2013-04-16,0.9918500427719225,0.991895541146077,-4.549837415457336e-05
2013-04-17,0.9919620120068594,0.9916885784308457,0.0002734335760137263
2013-04-18,0.9919861741137824,0.9916428761547189,0.00034329795906351546
2013-04-19,0.9921975406819887,0.9918542427229248,0.00034329795906395955
2013-04-22,0.9921975406819887,0.9918542427229248,0.00034329795906395955
2013-04-23,0.9922394424086397,0.9921381672919433,0.00010127511669644207
2013-04-24,0.992073160118529,0.9921966442300186,-0.00012348411148965788
2013-04-25,0.9916943552514546,0.9918273631673477,-0.0001330079158931019
2013-04-26,0.9913600411405943,0.9912467320808954,0.00011330905969886285
2013-04-29,0.991209761494062,0.9910540555520484,0.00015570594201363974
2013-04-30,0.9910518872227178,0.9907609441579057,0.0002909430648120326
2013-05-01,0.9910911665586281,0.9906929629143791,0.00039820364424891785
2013-05-02,0.9909248842685172,0.990556599548971,0.0003682847195461969
2013-05-03,0.9908987075311086,0.9902689876127155,0.0006297199183931124
2013-05-06,0.9905778169299513,0.9902689876127155,0.00030882931723574814
2013-05-07,0.9902409137895282,0.9902951643501241,-5.425056059593647e-05
2013-05-08,0.9897339123339379,0.9902951643501241,-0.0005612520161861756
2013-05-09,0.9898197048314665,0.9902951643501241,-0.00047545951865757274
2013-05-10,0.9901173286359792,0.9901003240466408,1.7004589338398546e-05
2013-05-13,0.9901173286359792,0.9897143972294169,0.0004029314065623346
2013-05-14,0.9901935740040286,0.989985847093652,0.0002077269103766266
2013-05-15,0.9899452414036837,0.9901972538849787,-0.0002520124812950275
2013-05-16,0.9901935740040286,0.9899916922589571,0.00020188174507151935
2013-05-17,0.990112392941467,0.9899916922589573,0.00012070068250968902
2013-05-20,0.9898389312438777,0.9897517842218034,8.714702207424097e-05
2013-05-21,0.9897626858758283,0.9893272770786024,0.0004354087972259224
2013-05-22,0.9898019652117386,0.9890962969890571,0.000705668222681477
2013-05-23,0.9900241210746752,0.9890701202516486,0.0009540008230265462
2013-05-24,0.9898261641529512,0.9889519731569478,0.0008741909960033878
2013-05-28,0.9899443112476519,0.9889519731569478,0.0009923380907040924
2013-05-29,0.9898884376748261,0.9886895290862201,0.0011989085886060513
2013-05-30,0.9894639305316251,0.9888258924516282,0.0006380380799968499
2013-05-31,0.9895152363662781,0.9886293696286923,0.0008858667375858387
2013-06-03,0.9897373922292146,0.9882691996916244,0.0014681925375902294
2013-06-04,0.9897373922292146,0.987616539473651,0.002120852755563618
2013-06-05,0.9899322325326977,0.987979742664004,0.0019524898686936742
2013-06-06,0.9895915094833994,0.9876689385394084,0.0019225709439909533
2013-06-07,0.9896726905459612,0.9875186588928762,0.002154031653085031
2013-06-10,0.9895096438085024,0.9874887399681734,0.002020903840328936
2013-06-11,0.9898529698891418,0.9871678493670158,0.0026851205221259944
2013-06-12,0.9899822861471136,0.9872358306105427,0.0027464555365709353
2013-06-13,0.9901368944581602,0.9872358306105427,0.0029010638476175687
2013-06-14,0.9901368944581602,0.9870601879092239,0.0030767065489363254
2013-06-17,0.9900108441604861,0.9867321663308161,0.0032786778296700625
2013-06-18,0.9898666175489099,0.9865207595394896,0.0033458580094203327
2013-06-19,0.9898131252520481,0.986188972438879,0.0036241528131690792
2013-06-20,0.9898951755622823,0.9859505936339054,0.003944581928376989
2013-06-21,0.9901435081626274,0.9859779091933588,0.004165598969268602
2013-06-24,0.9899888998515808,0.9865972053758272,0.003391694475753604
2013-06-25,0.9899888998515808,0.9868462197605803,0.0031426800910004937
2013-06-26,0.9898118560610522,0.9868462197605803,0.0029656363004718633
2013-06-27,0.9901720259981202,0.9868462197605803,0.0033258062375398634
2013-06-28,0.9906189973045972,0.9864000510874718,0.0042189462171254855
2013-07-01,0.9904643889935507,0.986433122146733,0.00403126684681776
2013-07-02,0.9905202625663764,0.986544277699048,0.003975984867328419
2013-07-03,0.9903889210519745,0.9863531911853074,0.004035729866667115
2013-07-05,0.9902226387618637,0.9862852099417808,0.0039374288200828556
2013-07-08,0.9902709988157313,0.9861558936838091,0.004115105131922259
2013-07-09,0.9900864715799822,0.986114690967091,0.003971780612891163
2013-07-10,0.9896023368207907,0.9858646758472932,0.003737660973497481
2013-07-11,0.9893953741055593,0.9857659411090726,0.00362943299648677
2013-07-12,0.9894981576065887,0.9854873679759021,0.004010789630686573
2013-07-15,0.9894981576065889,0.9859826993362472,0.0035154582703417203
2013-07-16,0.9892296674743418,0.9861688276744743,0.0030608397998674874
2013-07-17,0.9888470620577919,0.986271611175504,0.002575450882287944
2013-07-18,0.9889955478349479,0.9864943107358484,0.0025012370990995514
2013-07-19,0.9890412501110747,0.9867342187730025,0.0023070313380721963
2013-07-22,0.9888425447906385,0.9865000991336086,0.0023424456570299013
2013-07-23,0.9883612673457816,0.9861731320632864,0.002188135282495174
2013-07-24,0.9882618700125125,0.9858800206691437,0.002381849343368825
2013-07-25,0.9885483071538865,0.9861770688147633,0.0023712383391232272
2013-07-26,0.9884271369361836,0.9865766112176726,0.0018505257185109647
2013-07-29,0.9884602079954449,0.9871285123160207,0.0013316956794241497
2013-07-30,0.988797111135868,0.9874425629168402,0.0013545482190278069
2013-07-31,0.9889727538371866,0.9879266976760315,0.0010460561611551622
2013-08-01,0.9892068734765803,0.9880700830007111,0.0011367904758692315
2013-08-02,0.9892068734765803,0.9882231402796771,0.0009837331969032581
2013-08-05,0.9892068734765803,0.9879606962089491,0.00124617726763121
2013-08-06,0.9892068734765803,0.9884257959378882,0.0007810775386921653
2013-08-07,0.9891533811797184,0.9885430045251591,0.0006103766545593192
2013-08-08,0.9892745513974213,0.9888128314870159,0.0004617199104053338
2013-08-09,0.9897215227038983,0.9889829787940796,0.0007385439098187563
2013-08-12,0.9895369954681489,0.9885787118476221,0.0009582836205267453
2013-08-13,0.9893766086244494,0.9889067334260301,0.000469875198419345
2013-08-14,0.9897215227038983,0.9892759577211558,0.0004455649827425079
2013-08-15,0.9899328892721044,0.9890848712074153,0.0008480180646891489
2013-08-16,0.9903962197078346,0.9892486421617024,0.0011475775461322613
2013-08-19,0.9904178812377422,0.9890087341245485,0.0014091471131937316
2013-08-20,0.9906400371006788,0.9889093367912796,0.001730700309399258
2013-08-21,0.9901938684275705,0.9881995013178556,0.0019943671097149007
2013-08-22,0.9897468971210932,0.988228059331228,0.0015188377898651684
2013-08-23,0.9895712544197747,0.9884037020325463,0.0011675523872283211
2013-08-26,0.9894663071441091,0.9887070389580449,0.0007592681860641992
2013-08-27,0.9894663071441091,0.9889291948209814,0.0005371123231276975
2013-08-28,0.9895449285382153,0.9888733212481557,0.0006716072900595504
2013-08-29,0.9896094156872189,0.9890096846135636,0.0005997310736552963
2013-08-30,0.9894078302060338,0.9894139515600211,-6.121353987253997e-06
2013-09-03,0.9890798086276259,0.9896050380737614,-0.0005252294461355334
2013-09-04,0.9889041659263076,0.9896050380737614,-0.000700872147453846
2013-09-05,0.9886784183381991,0.9896609116465872,-0.000982493308388066
2013-09-06,0.9888396787773039,0.9894412671194743,-0.0006015883421703894
2013-09-09,0.9887538862797751,0.9896050380737615,-0.0008511517939864266
2013-09-10,0.9886727052172137,0.9897629123451057,-0.0010902071278919845
2013-09-11,0.9885733078839445,0.9899577526485891,-0.00138444476464461
2013-09-12,0.9884102611464858,0.9895738604543302,-0.0011635993078443763
2013-09-13,0.988764903906637,0.9890206421968368,-0.0002557382901998695
2013-09-16,0.9888328851501637,0.9888913259388651,-5.8440788701430435e-05
2013-09-17,0.9888328851501637,0.9890614732459287,-0.0002285880957650921
2013-09-18,0.9887959191180247,0.9890029963078534,-0.00020707718982870826
2013-09-19,0.9885344839191775,0.9892744461720886,-0.0007399622529110639
2013-09-20,0.9882861513188324,0.9892744461720886,-0.0009882948532562441
2013-09-23,0.988314709332205,0.989360238669617,-0.0010455293374119767
2013-09-24,0.988314709332205,0.9894895549275889,-0.0011748455953839443
2013-09-25,0.9878919359726722,0.9894895549275892,-0.0015976189549169462
2013-09-26,0.9879454282695342,0.9893723463403181,-0.001426918070783878
2013-09-27,0.988319841575199,0.9894037624300603,-0.0010839208548613088
2013-09-30,0.9880702781233832,0.9893596654206709,-0.0012893872972876697
2013-10-01,0.9877942567573383,0.9895024971682814,-0.0017082404109430849
2013-10-02,0.9877680800199299,0.9896527768148136,-0.001884696794883678
2013-10-03,0.9877000987764032,0.9896197057555521,-0.0019196069791489467
2013-10-04,0.9880602687134713,0.9897681915327083,-0.00170792281923704
2013-10-07,0.9881191973195284,0.9896209599139402,-0.0015017625944118151
2013-10-08,0.9883952186855732,0.9896794368520155,-0.001284218166442308
2013-10-09,0.9887811455027968,0.9899021364123597,-0.0011209909095628579
2013-10-10,0.9890068930909052,0.9900567447234062,-0.001049851632501042
2013-10-11,0.9895587941892536,0.9901080505580593,-0.0005492563688056507
2013-10-14,0.9895587941892534,0.990237366816031,-0.0006785726267776182
2013-10-15,0.9894719928198444,0.9902704378752923,-0.000798445055447905
2013-10-16,0.9895713901531135,0.9901846453777639,-0.0006132552246503886
2013-10-17,0.9898994117315215,0.990538589554388,-0.0006391778228664879
2013-10-18,0.9901009972127064,0.9907643371424963,-0.0006633399297899523
2013-10-21,0.9903933602081367,0.99069635589897,-0.00030299569083325206
2013-10-22,0.9899181877828469,0.9907821483964984,-0.0008639606136514599
2013-10-23,0.9897406999901636,0.9906450500643168,-0.0009043500741532373
2013-10-24,0.9898526692251004,0.9909074941350449,-0.0010548249099444629
2013-10-25,0.9896825219180369,0.9910368103930166,-0.001354288474979759
2013-10-28,0.9896573928207925,0.9910368103930166,-0.0013794175722241508
2013-10-29,0.9895960578063474,0.9912437731082478,-0.0016477153019004431
2013-10-30,0.9893084458700917,0.9912437731082478,-0.0019353272381561482
2013-10-31,0.98925495357323,0.9913295656057763,-0.00207461203254633
2013-11-01,0.9890970793018858,0.9914239716794828,-0.0023268923775969785
2013-11-04,0.9894902014169413,0.991977189936976,-0.0024869885200347053
2013-11-05,0.9895321031435925,0.991977189936976,-0.0024450867933835108
2013-11-06,0.9894293196425632,0.9918827838632697,-0.0024534642207064694
2013-11-07,0.9892327968196273,0.9917464204978614,-0.002513623678234156
2013-11-08,0.9894524413467402,0.9914254994890587,-0.001973058142318518
2013-11-11,0.9895817576047119,0.9911360424614382,-0.0015542848567262624
2013-11-12,0.9896376311775376,0.9911674585511807,-0.0015298273736431556
2013-11-13,0.9899307425716801,0.9910240732265013,-0.0010933306548212007
2013-11-14,0.9904567790575227,0.991192587648425,-0.000735808590902276
2013-11-15,0.9904567790575227,0.9913771148841745,-0.0009203358266517414
2013-11-18,0.9901782059243526,0.9915205002088538,-0.0013422942845012775
2013-11-19,0.9902954145116237,0.9915205002088538,-0.0012250856972301216
2013-11-20,0.9905337933165972,0.991385338785577,-0.0008515454689798085
2013-11-21,0.9908737014642127,0.9913853387855769,-0.0005116373213641667
2013-11-22,0.9912338714012806,0.9914438157236521,-0.00020994432237153582
2013-11-25,0.9911753944632055,0.9914138967989494,-0.00023850233574396196
2013-11-26,0.990999751761887,0.9914424548123216,-0.0004427030504345897
2013-11-27,0.990999751761887,0.9916189111962626,-0.0006191594343755158
2013-11-29,0.9906964148363887,0.99158749510652,-0.0008910802701312948
2013-12-02,0.9910333179768119,0.9913384807217667,-0.0003051627449547345
2013-12-03,0.9912089606781305,0.991273993572763,-6.503289463255513e-05
2013-12-04,0.9912674376162056,0.9911919432625288,7.549435367681934e-05
2013-12-05,0.9916902109757382,0.9913604576844528,0.0003297532912853729
2013-12-06,0.9922421120740864,0.9913877732439063,0.0008543388301801569
2013-12-09,0.992213554060714,0.9914163312572785,0.0007972228034355267
2013-12-10,0.9924421783058527,0.9916473113468238,0.0007948669590288615
2013-12-11,0.9926643341687893,0.9917293616570582,0.0009349725117311358
2013-12-12,0.9926058572307143,0.9914952420176643,0.0011106152130500035
2013-12-13,0.9926058572307143,0.9915810345151929,0.0010248227155214007
2013-12-16,0.9926058572307143,0.9920942429674233,0.0005116142632909382
2013-12-17,0.992302520305216,0.9920329079529783,0.00026961235223776914
2013-12-18,0.9923310783185882,0.992032907952978,0.0002981703656101953
2013-12-19,0.9927555854617893,0.9920329079529783,0.0007226775088110537
2013-12-20,0.9928583689628188,0.992032907952978,0.0008254610098407111
2013-12-23,0.9929212332094443,0.992032907952978,0.0008883252564662047
2013-12-24,0.9929725390440972,0.9917987883135846,0.0011737507305126238
2013-12-26,0.993321499829182,0.9920478026983376,0.0012736971308444645
2013-12-27,0.9934444639162608,0.9919919291255118,0.0014525347907490271
2013-12-30,0.9937877899969004,0.992293172177111,0.0014946178197894344
2013-12-31,0.9936584737389285,0.9924161362641899,0.001242337474738564
2014-01-02,0.9937310317397409,0.9928413424173241,0.0008896893224167313
2014-01-03,0.9938096531338471,0.9929271349148525,0.0008825182189945435
2014-01-06,0.9935937098083553,0.9931885701136998,0.0004051396946554986
2014-01-07,0.9938050763765613,0.9927668899852716,0.0010381863912897193
2014-01-08,0.9935666975715874,0.9927369710605691,0.0008297265110183139
2014-01-09,0.9935132052747256,0.9927096555011157,0.0008035497736099684
2014-01-10,0.9935666975715874,0.9923206931450546,0.0012460044265328873
2014-01-13,0.9936582234845448,0.9925155334485379,0.001142690036006866
2014-01-14,0.9936582234845448,0.9925155334485379,0.001142690036006866
2014-01-15,0.9936251524252835,0.9924256404207202,0.0011995120045632524
2014-01-16,0.9932507391196188,0.9923398479231919,0.000910891196426955
2014-01-17,0.9933941244442983,0.992216883836113,0.0011772406081853592
2014-01-21,0.9933627083545559,0.9921382624420068,0.0012244459125491103
2014-01-22,0.9933926272792587,0.9920823888691807,0.0013102384100780462
2014-01-23,0.9936101717072284,0.9921468760181847,0.0014632956890436866
2014-01-24,0.9934240433690013,0.9920855410037394,0.0013385023652618955
2014-01-27,0.993424043369001,0.9919242805646348,0.0014997628043662559
2014-01-28,0.993695493233236,0.9917800539530588,0.0019154392801772335
2014-01-29,0.993695493233236,0.9917800539530588,0.0019154392801772335
2014-01-30,0.9935190368492954,0.9916628453657877,0.0018561914835076854
2014-01-31,0.992979608479561,0.9913818658242296,0.0015977426553314134
2014-02-03,0.9933091221424678,0.9914432008386747,0.00186592130379315
2014-02-04,0.9934637304535143,0.9911941864539217,0.0022695439995926714
2014-02-05,0.9932999594992272,0.9905989276914567,0.002701031807770482
2014-02-06,0.993422923586306,0.9905375926770116,0.002885330909294437
2014-02-07,0.9935600219184876,0.9906274857048293,0.002932536213658299
2014-02-10,0.9934480526835504,0.9907302692058588,0.002717783477691582
2014-02-11,0.9933895757454753,0.9906988531161163,0.002690722629358988
2014-02-12,0.9931197487836186,0.9908899396298567,0.002229809153761919
2014-02-13,0.9932631341082981,0.9914590216549132,0.001804112453384965
2014-02-14,0.9934073607198741,0.9915701772072281,0.0018371835126460567
2014-02-18,0.9933174676920566,0.9915963539446366,0.0017211137474200111
2014-02-19,0.9932187329538358,0.9916236695040896,0.001595063449746137
2014-02-20,0.9930502185319119,0.9917466335911688,0.0013035849407431188
2014-02-21,0.9926962743552878,0.9914325829903492,0.001263691364938646
2014-02-24,0.9925198179713467,0.9914598985498027,0.0010599194215440422
2014-02-25,0.9924248244910526,0.991248548526021,0.00117627596503167
2014-02-26,0.9921990769029441,0.9913211065268335,0.0008779703761105928
2014-02-27,0.9916730404171016,0.9912531252833069,0.0004199151337946905
2014-02-28,0.991487850586304,0.9913703338705776,0.00011751671572635125
2014-03-03,0.9913436239747278,0.9916401608324344,-0.00029653685770669735
2014-03-04,0.991501498246072,0.991734566906141,-0.0002330686600690024
2014-03-05,0.9913814938909813,0.9914946588689869,-0.00011316497800561987
2014-03-06,0.9914307850951488,0.9912930733878018,0.0001377117073469991
2014-03-07,0.99146385615441,0.9913980206634676,6.583549094241192e-05
2014-03-10,0.9911343424915035,0.9914265786768399,-0.00029223618533646967
2014-03-11,0.9912463117264405,0.9915337580843185,-0.0002874463578780295
2014-03-12,0.9914478972076257,0.9912498335153003,0.0001980636923254453
2014-03-13,0.9914478972076255,0.9912498335153,0.0001980636923254453
2014-03-14,0.9913407178001469,0.9912498335153003,9.088428484660405e-05
2014-03-17,0.9913076467408857,0.9911134701498919,0.0001941765909937443
2014-03-18,0.9916371604037922,0.9912505684820735,0.00038659192171874857
2014-03-19,0.9917097184046049,0.9912505684820735,0.00045914992253137665
2014-03-20,0.9916239259070763,0.9911647759845451,0.0004591499225311546
2014-03-21,0.9916239259070763,0.991331058274656,0.0002928676324203128
2014-03-24,0.9918100542453036,0.991359616288028,0.00045043795727550684
2014-03-25,0.9916928456580324,0.9910881664237932,0.000604679234239236
2014-03-26,0.9919269652974262,0.9912174826817651,0.0007094826156610612
2014-03-27,0.9920127577949548,0.9917498303625052,0.00026292743244960004
2014-03-28,0.9921071638686612,0.9919268741530338,0.0001802897156273353
2014-03-31,0.9919196033796267,0.992247855265568,-0.00032825188594132193
2014-04-01,0.9922183194209758,0.9917975578950621,0.0004207615259137487
2014-04-02,0.991905578387476,0.9915754020321256,0.0003301763553503756
2014-04-03,0.9918442433730309,0.9916027175915788,0.00024152578145208992
2014-04-04,0.9918715589324841,0.9917014523297997,0.0001701066026844611
2014-04-07,0.9917534118377836,0.9914900857615936,0.00026332607619006243
2014-04-08,0.9917203407785223,0.9914900857615936,0.00023025501692874872
2014-04-09,0.9917922169949267,0.991774100841989,1.811615293767499e-05
2014-04-10,0.9915557213294761,0.991774100841989,-0.00021837951251291177
2014-04-11,0.9916070271641291,0.991774100841989,-0.00016707367785995242
2014-04-14,0.9914777109061573,0.991774100841989,-0.0002963899358316979
2014-04-15,0.9917570989410104,0.991774100841989,-1.7001900978641515e-05
2014-04-16,0.9918515050147167,0.991656892254718,0.00019461275999876904
2014-04-17,0.9920366948455144,0.9917862085126897,0.00025048633282465094
2014-04-21,0.9919295154380355,0.9919474689517944,-1.7953513758883766e-05
2014-04-22,0.9919808212726887,0.9918181526938227,0.00016266857886604313
2014-04-23,0.9923354640328399,0.9919474689517944,0.000387995081045478
2014-04-24,0.9921851843863075,0.9917419073257733,0.00044327706053426397
2014-04-25,0.9916898530259626,0.9917704653391456,-8.061231318301498e-05
2014-04-28,0.9917457265987882,0.9918263389119713,-8.061231318301498e-05
2014-04-29,0.99196166992428,0.9920877741108183,-0.00012610418653824507
2014-04-30,0.9921468597550777,0.9922562885327423,-0.00010942877766462189
2014-05-01,0.9921169408303749,0.992496196569896,-0.00037925573952102276
2014-05-02,0.9921704331272366,0.992468881010443,-0.0002984478832063209
2014-05-05,0.9918865085582184,0.9924175751757899,-0.0005310666175715184
2014-05-06,0.9920716983890158,0.9923413298077405,-0.00026963141872471397
2014-05-07,0.9920367882047506,0.9923413298077405,-0.00030454160298987176
2014-05-08,0.9918289724574828,0.9921014217705864,-0.00027244931310355103
2014-05-09,0.9917959013982216,0.9917467790104354,4.912238778620459e-05
2014-05-12,0.9922053026266745,0.991718220997063,0.0004870816296115299
2014-05-13,0.9918757889637677,0.9917481399217657,0.00012764904200202043
2014-05-14,0.9919987530508466,0.9918016322186276,0.000197120832219011
2014-05-15,0.9922672431830939,0.9917457586458018,0.0005214845372920607
2014-05-16,0.9920362152021084,0.9918639057405025,0.00017230946160584626
2014-05-19,0.9919643389857041,0.9920301880306132,-6.584904490902765e-05
2014-05-20,0.9917958245637805,0.9920587460439856,-0.00026292148020512496
2014-05-21,0.9913468288758991,0.9920028724711599,-0.0006560435952608357
2014-05-22,0.991405305813974,0.991850513775721,-0.00044520796174696287
2014-05-23,0.9913373245704474,0.9915770520781313,-0.0002397275076838623
2014-05-27,0.9913672434951504,0.9915471331534286,-0.00017988965827819836
2014-05-28,0.9911414959070416,0.9914289860587279,-0.000287490151686276
2014-05-29,0.9911907871112094,0.9916927919158118,-0.0005020048046023851
2014-05-30,0.9914021536794155,0.99182915528122,-0.00042700160180442204
2014-06-02,0.991556761990462,0.99182915528122,-0.00027239329075789964
2014-06-03,0.9916388123006964,0.9918029785438114,-0.00016416624311499373
2014-06-04,0.9915774772862511,0.9918841596063731,-0.00030668232012198704
2014-06-05,0.9915774772862511,0.9916001445259777,-2.266723972654816e-05
2014-06-06,0.9920777788087853,0.9914708282680059,0.0006069505407794162
2014-06-09,0.9919991574146794,0.991107625077653,0.000891532337026324
2014-06-10,0.9920746253562553,0.9909705267454717,0.0011040986107836437
2014-06-11,0.9920484486188469,0.990867743244442,0.0011807053744048446
2014-06-12,0.9922198423445384,0.9909726730363132,0.0012471693082252155
2014-06-13,0.992314248418245,0.9912854140698131,0.0010288343484319284
2014-06-16,0.992314248418245,0.9911191317797022,0.0011951166385427703
2014-06-17,0.9924513467504265,0.9910119523722235,0.0014393943782029517
2014-06-18,0.9924513467504262,0.991039267931677,0.0014120788187492739
2014-06-19,0.9924962463931843,0.9909493749038595,0.0015468714893248636
2014-06-20,0.9925681226095886,0.9910078518419344,0.0015602707676541927
2014-06-23,0.9924653391085592,0.9911763662638585,0.001288972844700642
2014-06-24,0.9928192832851834,0.99138771628764,0.001431566997543432
2014-06-25,0.9928837704341872,0.9916611779852296,0.0012225924489576157
2014-06-26,0.9924949160732975,0.9914498279614479,0.001045088111849668
2014-06-27,0.9924949160732975,0.9913712065673416,0.001123709505955972
2014-06-30,0.9922449009534997,0.9915374888574524,0.0007074120960472996
2014-07-01,0.9924949160732975,0.9916953465843723,0.0007995694889252336
2014-07-02,0.9926810444115247,0.991562617954697,0.0011184264568276925
2014-07-03,0.9927838279125544,0.9913941035327731,0.001389724379781243
2014-07-07,0.9925580803244459,0.9914839965605906,0.0010740837638553158
2014-07-08,0.9923097477241009,0.9915374888574524,0.0007722588666484453
2014-07-09,0.9921149074206176,0.9916953465843723,0.00041956083624528073
2014-07-10,0.992020501346911,0.9915374888574524,0.00048301248945858966
2014-07-11,0.9917983454839745,0.9916460553802046,0.00015229010376993646
2014-07-14,0.9919646277740853,0.991673370939658,0.00029125683442732253
2014-07-15,0.9920181200709473,0.9918644574533984,0.00015366261754889976
2014-07-16,0.9920181200709473,0.9923889210828561,-0.0003708010119088945
2014-07-17,0.9918920697732732,0.9922525577174478,-0.0003604879441746478
2014-07-18,0.9918920697732729,0.9922226387927451,-0.0003305690194721489
2014-07-21,0.991484180382131,0.992157602576679,-0.0006734221945479124
2014-07-22,0.9916857658633164,0.9920548190756494,-0.0003690532123330481
2014-07-23,0.9916464865274058,0.9920548190756492,-0.00040833254824335086
2014-07-24,0.99154153925174,0.9921132960137246,-0.0005717567619845099
2014-07-25,0.9913345765365088,0.991792405412567,-0.0004578288760581639
2014-07-28,0.9911660621145849,0.9912506389469641,-8.457683237916847e-05
2014-07-29,0.9913882179775216,0.9912506389469641,0.00013757903055755527
2014-07-30,0.9915567323994453,0.9911245886492899,0.0004321437501554337
2014-07-31,0.9916779026171482,0.9911531466626623,0.0005247559544858671
2014-08-01,0.991599281223042,0.9914938697119605,0.00010541151108145463
2014-08-04,0.9916341914073072,0.9914379961391349,0.0001961952681723833
2014-08-05,0.9916341914073072,0.9913821225663092,0.00025206884099804316
2014-08-06,0.9916341914073072,0.9918290938727862,-0.00019490246547892998
2014-08-07,0.9916341914073072,0.9919284912060552,-0.00029429979874795453
2014-08-08,0.9917128128014133,0.9918999331926829,-0.00018712039126955737
2014-08-11,0.9919287561269053,0.9919819835029171,-5.32273760117663e-05
2014-08-12,0.9920099371894671,0.9918157012128063,0.00019423597666079484
2014-08-13,0.9922975491257224,0.9917037319778694,0.0005938171478530041
2014-08-14,0.9923324593099878,0.9916751739644969,0.0006572853454909211
2014-08-15,0.9920959636445373,0.9910634787689283,0.00103248487560903
2014-08-18,0.9921903697182439,0.9911927950269003,0.00099757469134365
2014-08-19,0.9920147270169252,0.9911070025293717,0.0009077244875534962
2014-08-20,0.9920147270169254,0.9912057372675925,0.0008089897493328557
2014-08-21,0.9920909723849749,0.9912592295644543,0.0008317428205205646
2014-08-22,0.9920147270169254,0.9910835868631359,0.0009311401537894781
2014-08-25,0.9919502398679215,0.9910835868631359,0.0008666530047856114
2014-08-26,0.9920147270169252,0.9910835868631359,0.0009311401537892561
2014-08-27,0.9919612347200634,0.9910835868631359,0.0008776478569274548
2014-08-28,0.9921054613316396,0.9909848521249148,0.001120609206724743
2014-08-29,0.9918294399655948,0.990831794845949,0.0009976451196458402
2014-09-02,0.9916852133540185,0.9905619678840921,0.0011232454699263705
2014-09-03,0.9914594657659102,0.990719825611012,0.0007396401548981357
2014-09-04,0.9916351084672289,0.9906741233348854,0.0009609851323435503
2014-09-05,0.9916351084672287,0.9907913319221563,0.0008437765450723944
2014-09-08,0.992254404649697,0.991008876350126,0.0012455282995710304
2014-09-09,0.992254404649697,0.9909475413356809,0.0013068633140161934
2014-09-10,0.9921432490973824,0.9909202257762276,0.0012230233211547592
2014-09-11,0.9921432490973824,0.9907088592080213,0.0014343898893610652
2014-09-12,0.9921731680220851,0.9906302378139152,0.0015429302081698681
2014-09-15,0.9920046536001612,0.9906837301107769,0.0013209234893842847
2014-09-16,0.991656417031905,0.9905334504642447,0.0011229665676603107
2014-09-17,0.9917013166746631,0.9905919274023198,0.0011093892723432752
2014-09-18,0.9915350343845523,0.9904306669632152,0.0011043674213370158
2014-09-19,0.9918719375249755,0.9904007480385125,0.0014711894864629649
2014-09-22,0.9919438137413797,0.990503531539542,0.0014402822018377837
2014-09-23,0.9917935340948475,0.9904749735261695,0.0013185605686779622
2014-09-24,0.9915472171192558,0.9904214812293078,0.0011257358899479097
2014-09-25,0.9911476747163466,0.9906163215327911,0.0005313531835554608
2014-09-26,0.9909363081481404,0.990728290767728,0.00020801738041242857
2014-09-29,0.9910726715135484,0.9904270477161288,0.0006456237974196144
2014-09-30,0.9910233803093808,0.9904028856092055,0.0006204947001752226
2014-10-01,0.9907750477090357,0.9900378979986585,0.000737149710377194
2014-10-02,0.9910007952971441,0.9900678169233613,0.0009329783737828112
2014-10-03,0.9910007952971441,0.9900678169233613,0.0009329783737828112
2014-10-06,0.9911289918856601,0.9898194843230163,0.001309507562643808
2014-10-07,0.9906286903631257,0.9898194843230163,0.000809206040109478
2014-10-08,0.9908302758443108,0.9900181896434525,0.0008120862008583751
2014-10-09,0.9909021520607153,0.9902237512694735,0.0006784007912418177
2014-10-10,0.9907256956767745,0.9905270881949718,0.00019860748180267063
2014-10-13,0.990582310352095,0.9905989644113763,-1.665405928130692e-05
2014-10-14,0.9906122292767978,0.9905989644113763,1.3264865421525052e-05
2014-10-15,0.9907303763714987,0.9903113524751207,0.0004190238963780457
2014-10-16,0.9907004574467956,0.9902862233778764,0.0004142340689191615
2014-10-17,0.9906530285432278,0.9902303498050506,0.0004226787381771402
2014-10-20,0.990486746253117,0.9905017996692855,-1.5053416168586686e-05
2014-10-21,0.9906719360839146,0.9905576732421114,0.00011426284180315882
2014-10-22,0.9904703506027294,0.9909638635693762,-0.0004935129666467919
2014-10-23,0.9903631711952506,0.9912766046028763,-0.000913433407625619
2014-10-24,0.9903631711952509,0.9914617944336738,-0.0010986232384229133
2014-10-27,0.9901141568104975,0.9912127800489205,-0.0010986232384230243
2014-10-28,0.9902085628842041,0.991238956786329,-0.0010303939021248931
2014-10-29,0.9902085628842041,0.9910276067625475,-0.0008190438783434173
2014-10-30,0.9901844007772809,0.9907399948262918,-0.0005555940490109545
2014-10-31,0.9901844007772809,0.9905643521249735,-0.00037995134769264194
2014-11-03,0.9901844007772809,0.9904523828900366,-0.0002679821127556936
2014-11-04,0.9904578624748704,0.9902049195373641,0.00025294293750632857
2014-11-05,0.9904840392122787,0.9900615342126845,0.0004225049995941754
2014-11-06,0.9906954057804847,0.9898930197907606,0.0008023859897240415
2014-11-07,0.9905423485015187,0.9895866597422603,0.000955688759258333
2014-11-10,0.9906969568125654,0.9897637035327889,0.000933253279776558
2014-11-11,0.990519469019882,0.990012717917542,0.0005067511023399973
2014-11-12,0.9901501879572113,0.9901891743014829,-3.8986344271574325e-05
2014-11-13,0.9900390324048965,0.9899131529354378,0.00012587946945874506
2014-11-14,0.989895647080217,0.9893126375523815,0.0005830095278355207
2014-11-17,0.9896241972159819,0.9893661298492432,0.00025806736673872344
2014-11-18,0.9896776895128439,0.9895191871282092,0.00015850238463466226
2014-11-19,0.9897948981001148,0.989672244407175,0.00012265369293973372
2014-11-20,0.9896097082693173,0.9896303426805241,-2.06344112068102e-05
2014-11-21,0.9891648528460362,0.9896017846671518,-0.0004369318211155937
2014-11-24,0.9892207264188618,0.9897869744979493,-0.0005662480790874502
2014-11-25,0.988892704840454,0.989955488919873,-0.0010627840794189547
2014-11-26,0.9888201468396418,0.990054223658094,-0.0012340768184522233
2014-11-28,0.9886563758853545,0.9901855651724959,-0.0015291892871414081
2014-12-01,0.9886290603259013,0.9902414387453216,-0.0016123784194203017
2014-12-02,0.9886683396618118,0.9902414387453216,-0.001573099083509777
2014-12-03,0.9890704113255308,0.9893823784073237,-0.00031196708179292987
2014-12-04,0.9887495207243734,0.9890984538383052,-0.00034893311393180415
2014-12-05,0.9891188017870439,0.9889812452510343,0.00013755653600966422
2014-12-08,0.9887126114597792,0.9889812452510343,-0.0002686337912550796
2014-12-09,0.9886864347223707,0.9893874355782991,-0.0007010008559283909
2014-12-10,0.9887722272198993,0.989237155931767,-0.0004649287118676515
2014-12-11,0.9886176189088526,0.9892930295045926,-0.0006754105957400558
2014-12-12,0.9886894951252568,0.9890531214674388,-0.00036362634218201073
2014-12-15,0.9885316208539128,0.9887796597698493,-0.0002480389159364993
2014-12-16,0.9883260592278914,0.9886802624365801,-0.00035420320868873034
2014-12-17,0.9884839334992358,0.9886529468771268,-0.0001690133778909919
2014-12-18,0.988929403162411,0.9889143820759738,1.5021086437139175e-05
2014-12-19,0.9887523593718823,0.9886660494756289,8.630989625346697e-05
2014-12-22,0.9892643668944258,0.9886075725375537,0.000656794356872048
2014-12-23,0.9894757334626318,0.9885321045959775,0.0009436288666543335
2014-12-24,0.9895556012753658,0.9882112139948201,0.0013443872805456447
2014-12-26,0.9894997277025401,0.9881553404219943,0.0013443872805458668
2014-12-29,0.9890155929433486,0.9876902406930552,0.001325352250293399
2014-12-30,0.989161251705732,0.9879016072612611,0.0012596444444709087
2014-12-31,0.9890492824707949,0.987595247212761,0.0014540352580338922
2015-01-02,0.9894954511439035,0.9875417549158992,0.0019536962280042314
2015-01-05,0.9892354108090223,0.9877365952193823,0.0014988155896400457
2015-01-06,0.989401693099133,0.9879849278197275,0.0014167652794054852
2015-01-07,0.9892574664875571,0.9877374644670548,0.0015200020205022868
2015-01-08,0.9896617334340143,0.9885452189704,0.001116514463614271
2015-01-09,0.9899912470969211,0.9884893453975739,0.0015019016993471634
2015-01-12,0.989991247096921,0.9886745352283718,0.001316711868549203
2015-01-13,0.9899613281722182,0.9888761207095567,0.0010852074626614971
2015-01-14,0.9902227633710654,0.9890709610130402,0.0011518023580252557
2015-01-15,0.9906306527622072,0.9892474173969807,0.0013832353652264429
2015-01-16,0.9907205457900248,0.9893260387910869,0.001394506998937839
2015-01-20,0.9906406779772907,0.9892439884808528,0.0013966894964378973
2015-01-21,0.9907667282749648,0.9891068901486714,0.0016598381262934447
2015-01-22,0.9908036943071039,0.9891068901486714,0.001696804158432541
2015-01-23,0.9911470203877434,0.989188071211233,0.001958949176510405
2015-01-26,0.9907449487240242,0.9891161949948286,0.0016287537291955756
2015-01-27,0.9907449487240242,0.9891161949948286,0.0016287537291955756
2015-01-28,0.9908679128111033,0.9890517078458249,0.0018162049652784562
2015-01-29,0.9906922701097846,0.9890517078458251,0.0016405622639594775
2015-01-30,0.9907507470478599,0.9886970650856738,0.002053681962186138
2015-02-02,0.9907507470478599,0.9886385881475986,0.002112158900261285
2015-02-03,0.9907137810157208,0.9891455896031889,0.0015681914125319496
2015-02-04,0.9909977055847393,0.9892181476040013,0.0017795579807380335
2015-02-05,0.9908765353670363,0.98934111169108,0.0015354236759563822
2015-02-06,0.9913213907903172,0.9896109386529368,0.0017104521373804138
2015-02-09,0.991690671852988,0.9897794530748607,0.0019112187781272771
2015-02-10,0.9914685159900515,0.9896936605773323,0.0017748554127191563
2015-02-11,0.9916942635781599,0.9896443693731644,0.0020498942049955726
2015-02-12,0.9917501371509857,0.9895324001382275,0.002217737012758181
2015-02-13,0.9917815532407281,0.989500984048485,0.002280569192243176
2015-02-17,0.9916202928016233,0.9891408141114171,0.0024794786902062604
2015-02-18,0.9918064211398506,0.9888477027172748,0.002958718422575779
2015-02-19,0.9916077158194145,0.9886280581901619,0.0029796576292526744
2015-02-20,0.9914090104989787,0.9882536448844971,0.003155365614481598
2015-02-23,0.9917739981095254,0.987893474947429,0.0038805231620964165
2015-02-24,0.9916161238381812,0.9877563766152477,0.003859747222933474
2015-02-25,0.9915167265049123,0.9878683458501848,0.003648380654727501
2015-02-26,0.9913937624178332,0.9877390295922128,0.0036547328256203437
2015-02-27,0.9915924677382693,0.9874047154813523,0.004187752256916921
2015-03-02,0.9915924677382693,0.9865456551433547,0.005046812594914574
2015-03-03,0.9918234478278145,0.9864104937200776,0.0054129541077369
2015-03-04,0.9918847828422599,0.9864104937200774,0.005474289122182507
2015-03-05,0.991772813607323,0.9864104937200774,0.005362319887245559
2015-03-06,0.9916870211097943,0.9865849344792651,0.005102086630529246
2015-03-09,0.9915698125225234,0.986584934479265,0.004984878043258423
2015-03-10,0.9913923247298398,0.9867512167693758,0.004641107960464019
2015-03-11,0.9911448613771675,0.986895443380952,0.0042494179962154766
2015-03-12,0.9911078953450283,0.987012651968223,0.004095243376805335
2015-03-13,0.9911797715614329,0.9869567783953971,0.0042229931660358044
2015-03-16,0.9910267142824668,0.9869567783953973,0.004069935887069498
2015-03-17,0.9910267142824667,0.9866555353437979,0.004371178938668785
2015-03-18,0.9909095056951959,0.9861834707800977,0.004726034915098154
2015-03-19,0.9910044991754902,0.986153551855395,0.004850947320095167
2015-03-20,0.9907931326072843,0.9865597421826598,0.00423339042462445
2015-03-23,0.9907418267726313,0.9865883001960323,0.004153526576599065
2015-03-24,0.9909434122538164,0.9868692797375903,0.0040741325162261255
2015-03-25,0.9910421469920373,0.9867410831490746,0.0043010638429626935
2015-03-26,0.9914666541352384,0.9867125251357021,0.004754128999536311
2015-03-27,0.9915015643195038,0.9868567517472783,0.004644812572225487
2015-03-30,0.9917505787042566,0.9874423503876866,0.004308228316570073
2015-03-31,0.9918939640289361,0.9876167911468741,0.004277172882062086
2015-04-01,0.9919270350881976,0.9877461074048458,0.004180927683351765
2015-04-02,0.9919855120262725,0.9878405134785524,0.004144998547720102
2015-04-06,0.992273123962528,0.9887010691964899,0.0035720547660380575
2015-04-07,0.9926213605307843,0.9885890999615531,0.0040322605692312274
2015-04-08,0.9929108175584048,0.9888605498257882,0.00405026773261663
2015-04-09,0.9927826209698891,0.9888605498257882,0.003922071144100925
2015-04-10,0.9928099365293424,0.989703225110902,0.003106711418440322
2015-04-13,0.9929093338626114,0.9901027675138111,0.0028065663488002768
2015-04-14,0.9930375304511273,0.9903187108393027,0.00271881961182463
2015-04-15,0.9930960073892023,0.9904558091714842,0.002640198217718104
2015-04-16,0.9929840381542655,0.9903187108393029,0.0026653273149626067
2015-04-17,0.9928398115426893,0.9901131492132816,0.0027266623294076586
2015-04-20,0.9928398115426893,0.9899446347913577,0.002895176751331552
2015-04-21,0.9931410545942887,0.9895844648542896,0.003556589739999061
2015-04-22,0.9931410545942887,0.989415950432366,0.003725104161922732
2015-04-23,0.9933023150333933,0.9893860315076632,0.0039162835257300355
2015-04-24,0.9934601893047375,0.9891145816434281,0.004345607661309314
2015-04-27,0.9937097527565533,0.989009651851557,0.004700100904996285
2015-04-28,0.9933888317477502,0.9887839042634485,0.004604927484301635
2015-04-29,0.9933102103536438,0.9887606374668041,0.004549572886839659
2015-04-30,0.9930178473582134,0.9886494819144891,0.00436836544372432
2015-05-01,0.9928064807900073,0.988625319807566,0.004181160982441368
2015-05-04,0.9927419936410038,0.9883538699433309,0.004388123697672941
2015-05-05,0.9926945647374358,0.9884152049577761,0.004279359779659653
2015-05-06,0.9929001263634569,0.9883837888680336,0.00451633749542335
2015-05-07,0.9930765827473979,0.988473681895851,0.004602900851546798
2015-05-08,0.993336623082279,0.9891414986591281,0.004195124423150842
2015-05-11,0.9933366230822789,0.9892945559380942,0.004042067144184647
2015-05-12,0.9935136668728074,0.9895660058023295,0.003947661070477948
2015-05-13,0.9933392261136201,0.9895015186533256,0.0038377074602945482
2015-05-14,0.9934564347008911,0.9900831575382336,0.003373277162657451
2015-05-15,0.9937403592699093,0.9904200606786571,0.0033202985912522687
2015-05-18,0.9937403592699096,0.9904200606786571,0.0033202985912524907
2015-05-19,0.9938633233569882,0.9904200606786571,0.0034432626783311715
2015-05-20,0.9936684830535052,0.990297096591578,0.0033713864619271394
2015-05-21,0.9936998991432476,0.9902386196535028,0.0034612794897448396
2015-05-22,0.9939792871781007,0.9899938839090181,0.003985403269082588
2015-05-26,0.9939208102400255,0.98969054698352,0.004230263256505551
2015-05-27,0.9940468605376999,0.9893536438430965,0.004693216694603319
2015-05-28,0.9939855255232547,0.9891152650381226,0.004870260485132061
2015-05-29,0.9937695821977627,0.988787243459715,0.004982338738047654
2015-06-01,0.9938450501393389,0.9888385492943679,0.005006500844971007
2015-06-02,0.993475769076668,0.9888385492943679,0.004637219782300139
2015-06-03,0.9935656621044858,0.9890642968824763,0.004501365222009501
2015-06-04,0.9934628786034562,0.9889831158199147,0.004479762783541452
2015-06-05,0.9934628786034564,0.9891595722038554,0.00430330639960097
2015-06-08,0.9935527716312739,0.9892154457766811,0.004337325854592788
2015-06-09,0.993291336432427,0.9892468618664236,0.00404447456600332
2015-06-10,0.993291336432427,0.9894329902046508,0.0038583462277761438
2015-06-11,0.9933675818004762,0.9894329902046508,0.003934591595825432
2015-06-12,0.9933675818004762,0.9896345756858361,0.003733006114640114
2015-06-15,0.9932776887726588,0.9896031595960936,0.003674529176565189
2015-06-16,0.9931877957448411,0.9893721316151082,0.0038156641297328875
2015-06-17,0.9930564542304391,0.9895669719185916,0.003489482311847536
2015-06-18,0.9931422467279677,0.9896527644161199,0.003489482311847758
2015-06-19,0.9931422467279677,0.9899807859945279,0.0031614607334398137
2015-06-22,0.9930302774930307,0.9901564286958462,0.0028738487971845528
2015-06-23,0.9931915379321354,0.9898804073298015,0.0033111306023339004
2015-06-24,0.9934709259669885,0.9899976159170725,0.003473310049916023
2015-06-25,0.9938078291074116,0.9899976159170725,0.00381021319033914
2015-06-26,0.9939391706218135,0.9900589509315176,0.0038802196902958386
2015-06-29,0.9942315336172443,0.9903798719403205,0.0038516616769237455
2015-06-30,0.9942577103546527,0.9905912385085266,0.003666471846126118
2015-07-01,0.9944887383356377,0.9907773668467538,0.0037113714888838967
2015-07-02,0.9944124929675884,0.9905552109838173,0.0038572819837711103
2015-07-06,0.9945627726141205,0.9906110845566429,0.003951688057477587
2015-07-07,0.9947061579388001,0.9904608049101107,0.004245353028689447
2015-07-08,0.994874672360724,0.9904258947258455,0.004448777634878498
2015-07-09,0.9948161954226487,0.9906742273261905,0.004141968096458171
2015-07-10,0.9950922167886935,0.9909126061311644,0.0041796106575291425
2015-07-13,0.9953536519875408,0.9913384265241927,0.004015225463348093
2015-07-14,0.9952586585072463,0.99121725630649,0.004041402200756217
2015-07-15,0.995108378860714,0.9907102548508998,0.004398124009814208
2015-07-16,0.9949231890299165,0.9907102548508998,0.004212934179016692
2015-07-17,0.9948477210883403,0.9905337984669591,0.004313922621381194
2015-07-20,0.9948477210883403,0.9902057768885513,0.004641944199789028
2015-07-21,0.9948477210883403,0.9899272037553812,0.004920517332959062
2015-07-22,0.9949649296756112,0.9900343831628599,0.004930546512751377
2015-07-23,0.995126190114716,0.9903407432113601,0.004785446903355917
2015-07-24,0.9953331528299474,0.9905394485317962,0.00479370429815118
2015-07-27,0.9953331528299472,0.9905394485317961,0.004793704298151069
2015-07-28,0.9955387144559685,0.990569367456499,0.004969346999469493
2015-07-29,0.995610590672373,0.9906373487000256,0.004973241972347386
2015-07-30,0.995540726289323,0.9905932516906363,0.004947474598686719
2015-07-31,0.9957355665928062,0.9902348685305713,0.0055006980622348545
2015-08-03,0.9957355665928062,0.9902348685305713,0.0055006980622348545
2015-08-04,0.9957355665928062,0.9901528182203372,0.005582748372468971
2015-08-05,0.9956062503348344,0.9903703626483069,0.005235887686527496
2015-08-06,0.9954399680447236,0.9904885097430076,0.00495145830171595
2015-08-07,0.9955298610725413,0.9906114738300864,0.004918387242454858
2015-08-10,0.995659177330513,0.9905800577403439,0.005079119590169157
2015-08-11,0.995758574663782,0.9905800577403439,0.005178516923438181
2015-08-12,0.9957858902232355,0.9907093739983158,0.005076516224919669
2015-08-13,0.9958132057826887,0.9907914243085499,0.005021781474138787
2015-08-14,0.9959503041148703,0.9909348096332293,0.005015494481640959
2015-08-17,0.9959872701470092,0.9910790362448054,0.00490823390220374
2015-08-18,0.996316783809916,0.9913404714436526,0.004976312366263391
2015-08-19,0.99626091023709,0.9912460653699462,0.005014844867143764
2015-08-20,0.9961175249124107,0.9910624117296017,0.005055113182808935
2015-08-21,0.996423884960911,0.9909286735443148,0.005495211416596257
2015-08-24,0.9965059352711453,0.9909286735443148,0.005577261726830485
2015-08-25,0.9964786197116918,0.990877367709662,0.005601252002029877
2015-08-26,0.9964786197116918,0.9911508294072513,0.005327790304440527
2015-08-27,0.9964786197116918,0.9914571894557517,0.005021430255940151
2015-08-28,0.9963301339345356,0.9913873250727018,0.004942808861833847
2015-08-31,0.9962766416376739,0.9908716226194174,0.005405019018256518
2015-09-01,0.9960031799400844,0.9905342306708782,0.005468949269206158
2015-09-02,0.9959132869122668,0.9904270512633996,0.005486235648867188
2015-09-03,0.9959418449256392,0.9904270512633996,0.005514793662239614
2015-09-04,0.9957431396052033,0.9903355253504422,0.005407614254761106
2015-09-08,0.9959132869122668,0.9904270512633996,0.005486235648867188
2015-09-09,0.9959132869122668,0.9907371276524854,0.005176159259781321
2015-09-10,0.9959132869122668,0.9906786507144103,0.005234636197856468
2015-09-11,0.9958548099741917,0.9906201737763349,0.005234636197856801
2015-09-14,0.9958548099741918,0.9902921521979271,0.0055626577762647456
2015-09-15,0.9955671980379363,0.9900314944255535,0.0055357036123827585
2015-09-16,0.995597116962639,0.9898299089443682,0.005767208018270797
2015-09-17,0.9953370766277576,0.9895803454925525,0.00575673113520514
2015-09-18,0.9952584552336514,0.989153060516196,0.006105394717455415
2015-09-21,0.9951999782955763,0.9890027808696638,0.006197197425912515
2015-09-22,0.9950880090606393,0.9887544482693186,0.006333560791320747
2015-09-23,0.9951700593708735,0.9885322924063819,0.006637766964491698
2015-09-24,0.9952486807649796,0.9883471025755844,0.0069015781893951855
2015-09-25,0.9953071577030548,0.98845204985125,0.006855107851804765
2015-09-28,0.9952077603697859,0.9887127076236238,0.006495052746162022
2015-09-29,0.9952391764595284,0.9889492032890743,0.0062899731704540995
2015-09-30,0.9952740866437936,0.9890210795054786,0.006253007138315003
2015-10-01,0.9954319609151379,0.9892432353684153,0.006188725546722562
2015-10-02,0.9954854532119997,0.9892432353684153,0.006242217843584363
2015-10-05,0.9953323959330336,0.9892083251841499,0.006124070748883659
2015-10-06,0.9953623148577365,0.9894031654876332,0.005959149370103334
2015-10-07,0.9950589779322382,0.9892982182119674,0.005760759720270792
2015-10-08,0.9949909966887117,0.9891932709363018,0.005797725752409888
2015-10-09,0.9949909966887117,0.9893843574500424,0.005606639238669331
2015-10-12,0.9951925821698967,0.9897802263366567,0.005412355833239957
2015-10-13,0.9951341052318217,0.9899818118178417,0.005152293413979936
2015-10-14,0.9951341052318217,0.9900638621280761,0.0050702431037455975
2015-10-15,0.9949898786202455,0.9902924863732148,0.004697392247030696
2015-10-16,0.9952012451884518,0.9908081888264992,0.00439305636195253
2015-10-19,0.9951427682503764,0.9905150774323566,0.004627690818019836
2015-10-20,0.9952012451884515,0.9900712511954767,0.005129993992974868
2015-10-21,0.9955045821139499,0.9895759849755933,0.005928597138356584
2015-10-22,0.9955045821139499,0.9894074705536696,0.006097111560280255
2015-10-23,0.9957806034799945,0.9893539782568077,0.0064266252231868215
2015-10-26,0.9959035675670737,0.9890050174717226,0.006898550095351008
2015-10-27,0.9959680547160773,0.9884936453882436,0.00747440932783372
2015-10-28,0.9958246693913978,0.9883623038738417,0.00746236551755608
2015-10-29,0.995768795818572,0.9881607183926564,0.007608077425915627
2015-10-30,0.9957103188804971,0.9877768261983978,0.007933492682099308
2015-11-02,0.9955810026225249,0.987622217887351,0.007958784735173863
2015-11-03,0.9957388768938692,0.9873245940828383,0.008414282811030849
2015-11-04,0.9955192323667563,0.9869184037555734,0.008600828611182942
2015-11-05,0.995609125394574,0.9868072482032588,0.0088018771913152
2015-11-06,0.9955192323667565,0.9869575278497911,0.008561704516965474
2015-11-09,0.995768795818572,0.9873267521449167,0.008442043673655308
2015-11-10,0.995768795818572,0.987532313770938,0.008236482047634053
2015-11-11,0.9958246693913978,0.9876077817125142,0.008216887678883622
2015-11-12,0.9960861045902448,0.9879218323133336,0.008164272276911189
2015-11-13,0.9961175206799874,0.9883652231532863,0.007752297526701035
2015-11-16,0.9962286762323022,0.9883038881388411,0.007924788093461088
2015-11-17,0.9962617472915636,0.9884890779696388,0.0077726693219247744
2015-11-18,0.9962617472915634,0.9884890779696388,0.007772669321924552
2015-11-19,0.9961114676450312,0.9885142070668831,0.007597260578148135
2015-11-20,0.9962542993926414,0.9886057329798407,0.007648566412800761
2015-11-23,0.9961313353055626,0.9886057329798407,0.0075256023257219695
2015-11-24,0.9960083712184835,0.988640643164106,0.007367728054377465
2015-11-25,0.9961295414361865,0.9885548506665774,0.007574690769609038
2015-11-27,0.9963778740365317,0.988329103078469,0.008048770958062668
2015-11-30,0.9962344887118522,0.9887563880548258,0.007478100657026365
2015-12-01,0.9961558673177459,0.9888927514202338,0.007263115897512051
2015-12-02,0.9960124819930664,0.9888927514202338,0.00711973057283255
2015-12-03,0.9960124819930664,0.9888208752038293,0.007191606789237026
2015-12-04,0.995786734404958,0.9887258817235351,0.007060852681422869
2015-12-07,0.9956102780210173,0.9888208752038293,0.006789402817187984
2015-12-08,0.9956364547584258,0.9890156870559563,0.006620767702469443
2015-12-09,0.9956857459625935,0.9889162897226874,0.006769456239906102
2015-12-10,0.9956045649000319,0.9890825720127983,0.006521992887233652
2015-12-11,0.9953680692345813,0.9886657171207129,0.006702352113868382
2015-12-14,0.9952560999996445,0.9887336983642396,0.006522401635404851
2015-12-15,0.9952860189243472,0.9887706643963787,0.0065153545279684755
2015-12-16,0.9955225145897976,0.9894358518888089,0.0060866627009886765
2015-12-17,0.9955225145897978,0.9896848662735618,0.0058376483162360104
2015-12-18,0.9956989709737384,0.9896168850300354,0.006082085943702964
2015-12-21,0.9959479853584915,0.9895523978810316,0.006395587477459941
2015-12-22,0.9962513222839898,0.9896517952143006,0.006599527069689248
2015-12-23,0.9963742863710686,0.9901350847418285,0.0062392016292400765
2015-12-24,0.996279880297362,0.9901350847418285,0.006144795555533489
2015-12-28,0.9963412153118073,0.9899987213764204,0.006342493935386884
2015-12-29,0.9964025503262526,0.9899373863619751,0.006465163964277432
2015-12-30,0.9962340359043286,0.9899722965462405,0.006261739358088048
2015-12-31,0.996319828401857,0.9900281701190664,0.0062916582827905465
2016-01-04,0.9961249880983739,0.9895124676657818,0.006612520432592084
2016-01-05,0.9960222045973443,0.9893958126555802,0.006626391941764065
2016-01-06,0.9961724842438767,0.9894451038597477,0.006727380384129011
2016-01-07,0.9962718815771456,0.9893008772481717,0.0069710043289739065
2016-01-08,0.9963363687261497,0.9891779131610928,0.007158455565056898
2016-01-11,0.9962419626524429,0.9891060369446883,0.007135925707754565
2016-01-12,0.9962088915931817,0.9896122078880204,0.00659668370516131
2016-01-13,0.9963701520322865,0.9898612222727736,0.006508929759512894
2016-01-14,0.9964931161193652,0.990376924726058,0.006116191393307213
2016-01-15,0.9964032230915477,0.9902983033319517,0.006104919759596039
2016-01-19,0.99621803326075,0.9901955198309221,0.006022513429827847
2016-01-20,0.996118635927481,0.990078311243651,0.0060403246838299784
2016-01-21,0.9962130420011875,0.9905770370394851,0.005636004961702468
2016-01-22,0.9962849182175918,0.9906383720539299,0.005646546163661892
2016-01-25,0.9961535767031897,0.9906383720539303,0.005515204649259364
2016-01-26,0.9960855954596631,0.9906034618696647,0.005482133589998384
2016-01-27,0.9959683868723922,0.9903551292693198,0.005613257603072408
2016-01-28,0.9959422101349839,0.9903077003657518,0.005634509769232077
2016-01-29,0.995775927844873,0.9902132942920454,0.0055626335528276005
2016-02-01,0.9958108380291384,0.9903126916253142,0.005498146403824178
2016-02-02,0.9958393960425106,0.990284133611942,0.005555262430568586
2016-02-03,0.9957675198261063,0.990147770246534,0.005619749579572342
2016-02-04,0.9958067991620168,0.9900533641728274,0.005753434989189343
2016-02-05,0.9959139785694957,0.9897694396038089,0.0061445389656867855
2016-02-08,0.9958494914204917,0.9897694396038089,0.006080051816682808
2016-02-09,0.995849491420492,0.9899136662153851,0.005935825205106826
2016-02-10,0.9956738487191732,0.9902123822567342,0.005461466462438946
2016-02-11,0.9957766322202029,0.9904237488249403,0.00535288339526252
2016-02-12,0.9959200175448822,0.9907446394260977,0.005175378118784546
2016-02-16,0.9960249648205478,0.9910310765674717,0.0049938882530761175
2016-02-17,0.9960580358798091,0.9910751735768611,0.004982862302947977
2016-02-18,0.9959995589417341,0.9908422287323491,0.005157330209385025
2016-02-19,0.9961760153256747,0.9907310731800341,0.005444942145640619
2016-02-22,0.9960530512385957,0.9909532290429708,0.005099822195624881
2016-02-23,0.9959027715920634,0.9911377562787201,0.004765015313343279
2016-02-24,0.995759386267384,0.9910658800623158,0.004693506205068254
2016-02-25,0.9957342571701397,0.9911028460944549,0.004631411075684877
2016-02-26,0.9956222879352027,0.9910679359101895,0.0045543520250131975
2016-02-29,0.9957835483743074,0.9911891061278922,0.004594442246415142
2016-03-01,0.9955578007861992,0.9910406203507363,0.0045171804354628975
2016-03-02,0.9957799566491357,0.991116088292312,0.004663868356823642
2016-03-03,0.9958312624837883,0.9909949180746095,0.004836344409178794
2016-03-04,0.996007718867729,0.9904961922787755,0.005511526588953486
2016-03-07,0.9958706205355476,0.9904961922787755,0.005374428256772146
2016-03-08,0.9960632970643949,0.9901168531908993,0.005946443873495633
2016-03-09,0.9961704764718736,0.9897888316124915,0.006381644859382085
2016-03-10,0.9959339808064231,0.9896658675254126,0.006268113281010512
2016-03-11,0.9959732601423336,0.989871429151434,0.006101830990899559
2016-03-14,0.9960377472913372,0.9898344631192948,0.0062032841720424114
2016-03-15,0.9962599031542739,0.9895468511830394,0.006713051971234507
2016-03-16,0.9963543092279803,0.9894823640340356,0.00687194519394474
2016-03-17,0.9966277709255696,0.9896053281211146,0.007022442804455076
2016-03-18,0.9965228236499041,0.9898437069260884,0.0066791167238157145
2016-03-21,0.9965946998663084,0.9897066085939069,0.006888091272401531
2016-03-22,0.996738085190988,0.9892113423740235,0.007526742816964527
2016-03-23,0.9968751835231694,0.9886999702905442,0.008175213232625156
2016-03-24,0.9970044997811411,0.9886999702905442,0.008304529490596901
2016-03-28,0.997072481024668,0.9883681831899336,0.008704297834734365
2016-03-29,0.9971774283003335,0.9885557436789681,0.008621684621365366
2016-03-30,0.9972946368876044,0.9885138419523168,0.008780794935287606
2016-03-31,0.9971774283003335,0.9891433611304971,0.008034067169836456
2016-04-01,0.9971129411513296,0.9895093110924085,0.007603630058921174
2016-04-04,0.9970830222266269,0.9895093110924085,0.007573711134218453
2016-04-05,0.9969972297290985,0.9893166345635613,0.007680595165537207
2016-04-06,0.9967714821409901,0.9887038679213928,0.008067614219597341
2016-04-07,0.9967179898441282,0.9887683550703964,0.007949634773731784
2016-04-08,0.9965808915119466,0.9887313890382575,0.007849502473689096
2016-04-11,0.9965022701178404,0.9885365487347743,0.007965721383066171
2016-04-12,0.9965371803021058,0.988497269398864,0.008039910903241854
2016-04-13,0.996537180302106,0.9883609060334555,0.00817627426865053
2016-04-14,0.9963793060307617,0.9882964188844521,0.00808288714630967
2016-04-15,0.9964650985282901,0.9879362489473842,0.00852884958090594
2016-04-18,0.996307224256946,0.9877021293079903,0.008605094948955672
2016-04-19,0.9964836806408864,0.9875587439833111,0.008924936657575322
2016-04-20,0.9965830779741559,0.9871342368401098,0.009448841134046093
2016-04-21,0.9966774840478623,0.9866738808044918,0.010003603243370462
2016-04-22,0.996630055144294,0.9866369147723527,0.009993140371941323
2016-04-25,0.9964866698196149,0.9865511222748243,0.009935547544790535
2016-04-26,0.9964517596353495,0.9866874856402323,0.009764273995117145
2016-04-27,0.9963872724863456,0.9867349145438004,0.009652357942545264
2016-04-28,0.9965637288702863,0.9873064261317331,0.009257302738553186
2016-04-29,0.9965637288702865,0.987429390218812,0.009134338651474505
2016-05-02,0.9966809374575575,0.9873614089752855,0.009319528482272021
2016-05-03,0.9967796721957783,0.9871857662739669,0.009593905921811419
2016-05-04,0.9966677029608413,0.9874617876400117,0.009205915320829594
2016-05-05,0.9963700791563284,0.9877745286735116,0.008595550482816794
2016-05-06,0.9964070451884675,0.9881063157741222,0.008300729414345231
2016-05-09,0.9965922350192653,0.9882819584754408,0.008310276543824546
2016-05-10,0.9965387427224033,0.9885426162478144,0.007996126474588916
2016-05-11,0.9964023793569953,0.9890213526689599,0.007381026688035419
2016-05-12,0.9962660159915872,0.9894465588220942,0.0068194571694929484
2016-05-13,0.9959451253904298,0.9893031734974146,0.006641951893015197
2016-05-16,0.996102999661774,0.9893362445566759,0.0067667551050980546
2016-05-17,0.9959659013295926,0.9891831872777098,0.006782714051882799
2016-05-18,0.9958872799354862,0.9892775933514165,0.006609686584069685
2016-05-19,0.9955046745189365,0.9892524642541721,0.006252210264764413
2016-05-20,0.9953516172399706,0.9891082376425959,0.006243379597374643
2016-05-23,0.9953815361646732,0.9890138315688893,0.006367704595783841
2016-05-24,0.9953815361646732,0.9889493444198855,0.0064321917447877075
2016-05-25,0.9955585799552019,0.9889251823129624,0.006633397642239469
2016-05-26,0.9955847566926104,0.9889251823129624,0.006659574379647926
2016-05-27,0.9957510389827211,0.9893189608331305,0.00643207814959057
2016-05-31,0.9954301179739181,0.9896120722272732,0.0058180457466449065
2016-06-01,0.9950073446143857,0.9896120722272732,0.00539527238711246
2016-06-02,0.9947358947501506,0.9896120722272732,0.005123822522877353
2016-06-03,0.9948531033374216,0.9895009166749584,0.005352186662463176
2016-06-06,0.9946040889526684,0.9900633751823772,0.004540713770291194
2016-06-07,0.994418899121871,0.9903318653146242,0.004087033807246732
2016-06-08,0.9941454374242814,0.9905283881375602,0.003617049286721241
2016-06-09,0.9943000457353282,0.9907667669425338,0.0035332787927943032
2016-06-10,0.9941421714639838,0.9907667669425341,0.0033754045214496875
2016-06-13,0.9940808364495385,0.9908787361774709,0.003202100272067576
2016-06-14,0.9939444730841304,0.9909506123938752,0.002993860690255201
2016-06-15,0.9942238611189836,0.9910617679461902,0.0031620931727934787
2016-06-16,0.99431826719269,0.9908562063201687,0.003462060872521322
2016-06-17,0.9942623936198643,0.9908562063201688,0.003406187299695551
2016-06-20,0.9941636588816435,0.991193109460592,0.0029705494210514605
2016-06-21,0.9941869256782881,0.9912918441988129,0.002895081479475259
2016-06-22,0.9941869256782881,0.9911490124512027,0.0030379132270854647
2016-06-23,0.9939379112935353,0.9910502777129816,0.0028876335805536613
2016-06-24,0.9938118609958607,0.9911622469479187,0.0026496140479420616
2016-06-27,0.9937438797523342,0.99136780857394,0.0023760711783942234
2016-06-28,0.9938984880633808,0.9914907726610187,0.002407715402362065
2016-06-29,0.99429803046629,0.9916856129645022,0.002612417501787756
2016-06-30,0.9945155748942598,0.9913715623636827,0.003144012530577056
2016-07-01,0.9944542398798145,0.9912001686379914,0.0032540712418230866
2016-07-05,0.9943721895695804,0.9909031204923718,0.003469069077208564
2016-07-06,0.9944070997538456,0.9909031204923716,0.003503979261473944
2016-07-07,0.9944605920507075,0.9909031204923716,0.0035574715583358563
2016-07-08,0.9945599893839765,0.9908087144186652,0.0037512749653112465
2016-07-11,0.9945969554161156,0.990650840147321,0.0039461152687946255
2016-07-12,0.9945214874745394,0.9905564340736146,0.0039650534009247895
2016-07-13,0.9945214874745394,0.9905564340736146,0.0039650534009247895
2016-07-14,0.9944884164152782,0.9904452785212996,0.004043137893978588
2016-07-15,0.9945169744286505,0.9905682426083785,0.003948731820272
2016-07-18,0.994742722016759,0.9906295776228239,0.004113144393935064
2016-07-19,0.9949811008217326,0.9907467862100948,0.004234314611637813
2016-07-20,0.9949112364386828,0.9911719923632288,0.003739244075454007
2016-07-21,0.9948213434108651,0.9914690405088484,0.0033523029020167128
2016-07-22,0.9948544144701263,0.9916054038742566,0.0032490105958697946
2016-07-25,0.9947372058828556,0.9916054038742566,0.0031318020085990828
2016-07-26,0.9943825631227043,0.9916054038742566,0.0027771592484477914
2016-07-27,0.9942055193321758,0.9915155108464391,0.00269000848573675
2016-07-28,0.9940552396856436,0.9914256178186214,0.0026296218670222027
2016-07-29,0.993960833611937,0.991390707634356,0.002570125977580995
2016-08-01,0.9936677222177943,0.9912857603586904,0.002381961859103887
2016-08-02,0.9938048205499759,0.9910841748775053,0.0027206456724705452
2016-08-03,0.9935117091558334,0.9909356891003491,0.002576020055484296
2016-08-04,0.9935117091558334,0.9908329055993197,0.0026788035565137314
2016-08-05,0.9934437279123067,0.9909356891003491,0.0025080388119576025
2016-08-08,0.9932592006765575,0.9911058364074128,0.0021533642691446975
2016-08-09,0.9933536067502639,0.9912002424811192,0.0021533642691446975
2016-08-10,0.9936467181444065,0.991368756903043,0.0022779612413634798
2016-08-11,0.9938319079752039,0.9916751169515436,0.002156791023660287
2016-08-12,0.9939485629854059,0.9917962871692463,0.002152275816159621
2016-08-15,0.9938121996199978,0.9918783374794806,0.0019338621405171619
2016-08-16,0.9935738208150239,0.99206286471523,0.001510956099793903
2016-08-17,0.9936052369047664,0.9920628647152298,0.0015423721895366782
2016-08-18,0.9937537226819224,0.9921622620484991,0.0015914606334233028
2016-08-19,0.9939301790658633,0.9921992280806379,0.0017309509852254656
2016-08-22,0.9937188124976573,0.9924213839435745,0.001297428554082769
2016-08-23,0.9938182098309263,0.9926471315316829,0.0011710782992433444
2016-08-24,0.9939301790658631,0.9929556235895559,0.000974555476307204
2016-08-25,0.9937449892350657,0.9932395481585742,0.0005054410764915307
2016-08-26,0.9933623838185158,0.9932395481585744,0.00012283565994142265
2016-08-29,0.9933909418318883,0.9932908539932271,0.00010008783866111148
2016-08-30,0.9932224274099644,0.9934945185233192,-0.00027209111335479985
2016-08-31,0.9933123204377821,0.9934945185233192,-0.0001821980855370997
2016-09-01,0.9932792493785207,0.9935503920961448,-0.00027114271762407327
2016-09-02,0.9933123204377821,0.993743068624992,-0.00043074818720989505
2016-09-06,0.9936186804862824,0.9938723848829637,-0.00025370439668126465
2016-09-07,0.9933310685500267,0.9941338200818108,-0.0008027515317841072
2016-09-08,0.9932630873065003,0.9939563322891273,-0.0006932449826270171
2016-09-09,0.9931197019818209,0.9935833530822508,-0.000463651100429896
2016-09-12,0.9929426581912922,0.9932857292777381,-0.00034307108644582307
2016-09-13,0.9926820004189185,0.9931278550063937,-0.0004458545874751474
2016-09-14,0.9925748210114399,0.9931278550063939,-0.0005530339949539886
2016-09-15,0.9928131998164138,0.9931278550063939,-0.00031465518998008424
2016-09-16,0.9930245663846197,0.9933643506718444,-0.0003397842872246981
2016-09-19,0.992726942580107,0.9932649533385752,-0.0005380107584682658
2016-09-20,0.9925093981521372,0.9930893106372566,-0.0005799124851193493
2016-09-21,0.9925738853011411,0.9934001147618521,-0.000826229460710981
2016-09-22,0.9929033989640477,0.9933631487297131,-0.00045974976566542924
2016-09-23,0.993110361679279,0.9935579890331964,-0.00044762735391734587
2016-09-26,0.9930283113690449,0.9933168144604024,-0.00028850309135752816
2016-09-27,0.9929890320331342,0.9936138626060222,-0.000624830572888091
2016-09-28,0.9933716374496843,0.9936893305475982,-0.0003176930979139625
2016-09-29,0.9932534903549836,0.993757311791125,-0.0005038214361414717
2016-09-30,0.9932849064447259,0.9934966540187511,-0.0002117475740252006
2016-10-03,0.9928828347810069,0.993550146315613,-0.0006673115346060854
2016-10-04,0.9930673620167564,0.9936256142571892,-0.0005582522404328216
2016-10-05,0.9933512865857749,0.9936256142571892,-0.0002743276714143317
2016-10-06,0.993654623511273,0.9935136450222524,0.0001409784890206156
2016-10-07,0.9936860396010155,0.9934601527253903,0.00022588687562519194
2016-10-10,0.9932390682945383,0.9933846847838141,-0.00014561648927580162
2016-10-11,0.9929551437255201,0.9934381770806762,-0.0004830333551560928
2016-10-12,0.993030611667096,0.9934680960053789,-0.0004374843382828342
2016-10-13,0.9928236489518647,0.9931920746393338,-0.0003684256874690872
2016-10-14,0.9926309724230178,0.993062758381362,-0.00043178595834425515
2016-10-17,0.9922267054765601,0.9930354428219088,-0.0008087373453486979
2016-10-18,0.9921967865518574,0.9930354428219088,-0.0008386562700514189
2016-10-19,0.9924582217507045,0.9929234735869717,-0.000465251836267222
2016-10-20,0.9926868459958434,0.992872167752319,-0.00018532175647556492
2016-10-21,0.992718262085586,0.9931086634177695,-0.0003904013321834876
2016-10-24,0.992902789321335,0.9933846847838141,-0.0004818954624791205
2016-10-25,0.9930573976323818,0.9934431617218895,-0.0003857640895077452
2016-10-26,0.9931158745704569,0.9935375677955959,-0.0004216932251389638
2016-10-27,0.9930844584807146,0.9934517752980673,-0.00036731681735269195
2016-10-28,0.9931457934951596,0.9931783136004779,-3.252010531828997e-05
2016-10-31,0.9933941260955048,0.993079578862257,0.0003145472332478638
2016-11-01,0.9932648098375328,0.9930510208488846,0.0002137889886482114
2016-11-02,0.9930985275474222,0.993194406173564,-9.587862614179876e-05
2016-11-03,0.9930305463038954,0.9933315045057454,-0.0003009582018499435
2016-11-04,0.9932615742848808,0.9934945512432042,-0.00023297695832336096
2016-11-07,0.9936636459485998,0.9937978881687025,-0.00013424222010272047
2016-11-08,0.9937929622065718,0.9937978881687025,-4.9259621307529144e-06
2016-11-09,0.9939856387354189,0.9936316058785917,0.0003540328568272244
2016-11-10,0.9938310304243722,0.9937214989064092,0.00010953151796300187
2016-11-11,0.9936465031886227,0.9936941833469558,-4.768015833311878e-05
2016-11-14,0.9936150870988804,0.99376605956336,-0.0001509724644795929
2016-11-15,0.9936402161961247,0.9939417022646787,-0.00030148606855395776
2016-11-16,0.9937932734750907,0.9939102861749362,-0.00011701269984543128
2016-11-17,0.9940771980441091,0.9937660595633602,0.00031113848074892925
2016-11-18,0.994437367981177,0.9936666622300909,0.0007707057510860649
2016-11-21,0.994437367981177,0.9936666622300909,0.0007707057510860649
2016-11-22,0.9942827596701305,0.9934718219266079,0.0008109377435225884
2016-11-23,0.9943877069457963,0.9933347235944264,0.0010529833513698295
2016-11-25,0.9943577880210933,0.9933905971672521,0.0009671908538412266
2016-11-28,0.9945334307224118,0.9934893319054732,0.0010440988169386767
2016-11-29,0.9943970673570037,0.9935751244030016,0.000821942954002175
2016-11-30,0.9941983620365679,0.9936537457971077,0.0005446162394601162
2016-12-01,0.994168443111865,0.9933410047636079,0.000827438348257159
2016-12-02,0.9938969932476299,0.9932511117357903,0.000645881511839641
2016-12-05,0.9939339592797688,0.9933155988847941,0.0006183603949746486
2016-12-06,0.9941822918801139,0.9933505090690593,0.00083178281105456
2016-12-07,0.9939977646443645,0.993155668765576,0.0008420958787884736
2016-12-08,0.9942263888895034,0.9931021764687143,0.0011242124207890836
2016-12-09,0.9943524391871778,0.9931320953934171,0.001220343793760681
2016-12-12,0.9942153408549962,0.9932550594804959,0.0009602813745003269
2016-12-13,0.9939977964270265,0.9934498997839792,0.0005478966430472187
2016-12-14,0.9939259202106222,0.9932483143027939,0.0006776059078282826
2016-12-15,0.994055236468594,0.9930427526767727,0.0010124837918212837
2016-12-16,0.9938707092328447,0.9930427526767727,0.0008279565560720403
2016-12-19,0.9938931447123266,0.9933213258099428,0.0005718189023837805
2016-12-20,0.9938931447123266,0.9935808639128604,0.00031228079946621357
2016-12-21,0.993707954881529,0.9936094219262329,9.8532955296049e-05
2016-12-22,0.9937312216781738,0.9936393408509357,9.188082723809998e-05
2016-12-23,0.9937992029217003,0.993405221211542,0.00039398171015836425
2016-12-27,0.9937229575536509,0.9938506908747172,-0.00012773332106630342
2016-12-28,0.9935795722289714,0.9938221328613448,-0.00024256063237337866
2016-12-29,0.9935150850799677,0.9939293122688234,-0.0004142271888557536
2016-12-30,0.9934693828038411,0.9938734386959978,-0.0004040558921566406
2017-01-03,0.9936464265943695,0.9935974173299529,4.9009264416643994e-05
2017-01-04,0.9936464265943695,0.9933359821311059,0.0003104444632636705
2017-01-05,0.9934099309289192,0.9929571772640315,0.00045275366488761737
2017-01-06,0.9934099309289192,0.9931627388900529,0.00024719203886625074
2017-01-09,0.9931498905940378,0.9932526319178704,-0.00010274132383258916
2017-01-10,0.9929550502905545,0.9931233156598986,-0.00016826536934411163
2017-01-11,0.993191545956005,0.9928472942938538,0.00034425166215124037
2017-01-12,0.9934074892814969,0.9932260991609281,0.0001813901205688362
2017-01-13,0.9936332368696055,0.9932534147203815,0.00037982214922394064
2017-01-17,0.9937057948704177,0.9932833336450844,0.00042246122533329267
2017-01-18,0.9937057948704177,0.9929350970768279,0.0007706977935897363
2017-01-19,0.9932805887172834,0.9929636550902001,0.0003169336270832934
2017-01-20,0.9930960614815342,0.9930630524234694,3.3009058064803476e-05
2017-01-23,0.9927268371864083,0.9930630524234695,-0.00033621523706117706
2017-01-24,0.9927530139238169,0.9930071788506437,-0.00025416492682683867
2017-01-25,0.9929787615119252,0.9932087643318288,-0.0002300028199035964
2017-01-26,0.9930907307468622,0.9934428839712225,-0.0003521532243603298
2017-01-27,0.9930907307468622,0.9934987575440481,-0.00040802679718598966
2017-01-30,0.9931587119903887,0.9931644434331878,-5.7314427990284855e-06
2017-01-31,0.9930056547114227,0.9931251640972772,-0.00011950938585458815
2017-02-01,0.9929725836521615,0.9933561920782626,-0.0003836084261011896
2017-02-02,0.9932424106140182,0.9936176272771097,-0.00037521666309148216
2017-02-03,0.9930811501749136,0.99349154657179,-0.00041039639687634466
2017-02-06,0.9929046937909729,0.9935450388686518,-0.00064034507767885
2017-02-07,0.9929377648502342,0.993606373883097,-0.0006686090328628103
2017-02-08,0.9930549734375052,0.9935205813855684,-0.00046560794806327355
2017-02-09,0.993208030716471,0.9936784556569127,-0.0004704249404416938
2017-02-10,0.9933443940818791,0.9939391134292865,-0.000594719347407402
2017-02-13,0.9933129779921368,0.9942089403911432,-0.0008959623990063559
2017-02-14,0.993389223360186,0.9944000269048837,-0.001010803544697736
2017-02-15,0.9933892233601862,0.9944559004777095,-0.0010666771175232848
2017-02-16,0.9935016884798206,0.9944259815530068,-0.0009242930731861998
2017-02-17,0.9935302464931928,0.9944559004777095,-0.0009256539845167167
2017-02-21,0.9936987609151168,0.994703363830382,-0.0010046029152652736
2017-02-22,0.9934730133270083,0.9946474902575564,-0.001174476930548063
2017-02-23,0.9934730133270083,0.9948461955779923,-0.0013731822509839287
2017-02-24,0.993405032083482,0.9947927032811305,-0.001387671197648488
2017-02-27,0.993555311730014,0.994969159665071,-0.0014138479350570554
2017-02-28,0.9934827537292016,0.9952615226605015,-0.0017787689312999122
2017-03-01,0.9935507349727282,0.9953150149573635,-0.001764279984635353
2017-03-02,0.9934479514716987,0.995288838219955,-0.0018408867482562208
2017-03-03,0.9931415914231984,0.995077471651749,-0.0019358802285506238
2017-03-06,0.9930532884104873,0.9951036483891574,-0.002050359978670091
2017-03-07,0.9932303322010158,0.9951856986993918,-0.001955366498376021
2017-03-08,0.993230332201016,0.994856185036485,-0.0016258528354690105
2017-03-09,0.9929993042200305,0.9947031277575188,-0.0017038235374883248
2017-03-10,0.993204865846052,0.9945981804818533,-0.0013933146358012793
2017-03-13,0.9935907926632755,0.9948456438345258,-0.0012548511712502375
2017-03-14,0.9938831556587061,0.9948456438345258,-0.0009624881758196757
2017-03-15,0.9940124719166779,0.9947598513369974,-0.0007473794203195494
2017-03-16,0.9937518141443042,0.9948157249098231,-0.0010639107655188162
2017-03-17,0.9935448514290729,0.9948715984826488,-0.0013267470535759385
2017-03-20,0.9937300412598705,0.9946091544119211,-0.0008791131520505813
2017-03-21,0.9934686060610233,0.9947576401890773,-0.001289034128054034
2017-03-22,0.9934041189120197,0.9946456709541402,-0.0012415520421205084
2017-03-23,0.9933396317630159,0.9945462736208712,-0.0012066418578553506
2017-03-24,0.9933026657308768,0.9944563805930535,-0.0011537148621767468
2017-03-27,0.9932585687214874,0.9944290650336003,-0.0011704963121128564
2017-03-28,0.9933230558704912,0.9943432725360718,-0.0010202166655806089
2017-03-29,0.9933561269297525,0.994425322846306,-0.0010691959165535225
2017-03-30,0.9932617208560459,0.9942750431997738,-0.0010133223437278627
2017-03-31,0.9932303047663036,0.9940275798471013,-0.0007972750807977436
2017-04-03,0.9932795959704713,0.9940275798471013,-0.0007479838766299984
2017-04-04,0.9935053435585797,0.9940275798471013,-0.0005222362885216603
2017-04-05,0.9934844043519027,0.9938697055757569,-0.000385301223854273
2017-04-06,0.9936754908656432,0.9940645458792404,-0.00038905501359720596
2017-04-07,0.9935441493512411,0.9939746528514227,-0.00043050350018158934
2017-04-10,0.9934526234382838,0.993948476114014,-0.0004958526757302684
2017-04-11,0.9934840395280263,0.9936275551052112,-0.00014351557718483843
2017-04-12,0.9934114815272141,0.9936275551052113,-0.00021607357799713345
2017-04-13,0.9935234507621511,0.9935325616249169,-9.110862765782102e-06
2017-04-17,0.9934554695186243,0.9934790693280551,-2.3599809430785434e-05
2017-04-18,0.993748580912767,0.9935325616249171,0.0002160192878498668
2017-04-19,0.9934885405778857,0.9935063848875086,-1.784430962292749e-05
2017-04-20,0.9932260965071579,0.9935576907221613,-0.0003315942150033946
2017-04-21,0.9931049262894552,0.9937061764993177,-0.0006012502098624584
2017-04-24,0.9932552059359874,0.9939175430675236,-0.0006623371315361837
2017-04-25,0.9929742263944292,0.9939175430675236,-0.0009433166730943299
2017-04-26,0.9930027844078015,0.9934696406107468,-0.0004668562029452872
2017-04-27,0.9931784271091203,0.9936548304415442,-0.00047640333242393584
2017-04-28,0.9931784271091203,0.9936275148820908,-0.0004490877729704801
2017-05-01,0.9932083460338231,0.9933287988407417,-0.00012045280691852511
2017-05-02,0.9929593316490698,0.9931709245693975,-0.00021159292032768562
2017-05-03,0.9929294127243671,0.9927472200595652,0.00018219266480190566
2017-05-04,0.9927238510983457,0.9927102540274261,1.3597070919635357e-05
2017-05-05,0.9929008948888746,0.993031175036229,-0.00013028014735438909
2017-05-08,0.9931932578843049,0.9932291319579529,-3.587407364802342e-05
2017-05-09,0.9931252766407782,0.9932291319579529,-0.00010385531717471697
2017-05-10,0.9931252766407782,0.9930534892566343,7.178738414392871e-05
2017-05-11,0.9926558698548191,0.9928770328726937,-0.0002211630178745594
2017-05-12,0.992594534840374,0.9930534892566343,-0.0004589544162603154
2017-05-15,0.9927583057946611,0.9933568261821326,-0.0005985203874715461
2017-05-16,0.993123293405208,0.9935071058286649,-0.00038381242345686406
2017-05-17,0.9933833337400892,0.9938703090190176,-0.000486975278928381
2017-05-18,0.9932934407122715,0.9939822782539547,-0.0006888375416831405
2017-05-19,0.9930986004087885,0.994140152525299,-0.001041552116510469
2017-05-22,0.9933600356076353,0.9942300455531166,-0.0008700099454812538
2017-05-23,0.9934861163129551,0.9945993266157873,-0.0011132103028321794
2017-05-24,0.9934575582995828,0.9948250742038957,-0.0013675159043128327
2017-05-25,0.9936154325709269,0.994739281706367,-0.0011238491354401692
2017-05-26,0.9935042770186121,0.9947107236929947,-0.001206446674382633
2017-05-30,0.9934769614591589,0.9947380392524482,-0.0012610777932893225
2017-05-31,0.9934769614591589,0.9948552478397191,-0.0013782863805602563
2017-06-01,0.9934124743101551,0.9949664033920339,-0.001553929081878791
2017-06-02,0.9936508531151289,0.995024880330109,-0.0013740272149801447
2017-06-05,0.9938892319201027,0.9953458013389119,-0.0014565694188092282
2017-06-06,0.993920648009845,0.9950394412904116,-0.0011187932805665213
2017-06-07,0.993920648009845,0.9950394412904116,-0.0011187932805665213
2017-06-08,0.994057011375253,0.9947470782949809,-0.0006900669197278386
2017-06-09,0.9939127847636771,0.994554401766134,-0.0006416170024569068
2017-06-12,0.9939712617017522,0.9941501348196765,-0.00017887311792430527
2017-06-13,0.9941557889375017,0.994060241791859,9.554714564263822e-05
2017-06-14,0.9942171239519466,0.9940043682190332,0.00021275573291346106
2017-06-15,0.9943484654663488,0.9940043682190334,0.00034409724731543356
2017-06-16,0.9943260299868666,0.9940329262324055,0.00029310375446112147
2017-06-19,0.9945030737773953,0.9941622424903774,0.00034083128701789533
2017-06-20,0.994567560926399,0.9937656458682534,0.0008019150581455303
2017-06-21,0.994509083988324,0.9937656458682534,0.0007434381200706053
2017-06-22,0.9946936112240733,0.9937656458682532,0.0009279653558200707
2017-06-23,0.9947615924676,0.9940270810671004,0.0007345114004996267
2017-06-26,0.9950090558202722,0.9939940100078392,0.0010150458124330575
2017-06-27,0.9949555635234105,0.9942054167991657,0.0007501467242447823
2017-06-28,0.994708100170738,0.9938571802309094,0.0008509199398285539
2017-06-29,0.9946053166697085,0.9938571802309094,0.0007481364387991185
2017-06-30,0.9944207894339593,0.9938286222175369,0.0005921672164224123
2017-07-03,0.9946277521491904,0.9938024454801283,0.0008253066690621091
2017-07-05,0.9942844260685512,0.9941233664889314,0.00016105957961976003
2017-07-06,0.9941772466610724,0.9938200295634333,0.0003572170976391398
2017-07-07,0.994087353633255,0.9936766442387537,0.0004107093945012741
2017-07-10,0.9942315802448309,0.9937794277397833,0.0004521525050475983
2017-07-11,0.9938070731016299,0.9938467915458175,-3.971844418759751e-05
2017-07-12,0.9938070731016299,0.9937096932136361,9.737988799374264e-05
2017-07-13,0.9939997496304771,0.9937096932136361,0.00029005641684098915
2017-07-14,0.9942381284354508,0.9937589844178039,0.0004791440176469264
2017-07-17,0.9942680473601535,0.9938801546355064,0.0003878927246471209
2017-07-18,0.9941686500268845,0.9938121733919799,0.0003564766349045678
2017-07-19,0.994511976107524,0.994115510317478,0.0003964657900459301
2017-07-20,0.9944878140006006,0.9941155103174782,0.00037230368312235473
2017-07-21,0.994519230090343,0.9938933544545415,0.0006258756358015205
2017-07-24,0.9944893111656402,0.9934688473113406,0.001020463854299658
2017-07-25,0.9944578950758979,0.9932430997232321,0.0012147953526657762
2017-07-26,0.9942195162709242,0.993294405557885,0.0009251107130392455
2017-07-27,0.9941909582575517,0.993364269940935,0.0008266883166166972
2017-07-28,0.9941610393328488,0.9933642699409349,0.0007967693919139762
2017-07-31,0.9943189136041932,0.9933642699409349,0.0009546436632583699
2017-08-01,0.9944133196778997,0.993364269940935,0.0010490497369647356
2017-08-02,0.9944133196778997,0.9935145495874672,0.000898770090432488
2017-08-03,0.9944133196778997,0.9937455775684525,0.0006677421094472002
2017-08-04,0.9944133196778997,0.9934831334977247,0.0009301861801750411
2017-08-07,0.9941822916969143,0.9934296412008627,0.0007526504960515545
2017-08-08,0.9940828943636454,0.9936771045535354,0.00040578981010996884
2017-08-09,0.994300438791615,0.9938134679189433,0.00048697087267168815
2017-08-10,0.99441159434393,0.9937276754214149,0.0006839189225150699
2017-08-11,0.9942943857566588,0.9936557992050106,0.0006385865516482792
2017-08-14,0.9942943857566588,0.9938220814951214,0.0004723042615374373
2017-08-15,0.994381187126068,0.9941254184206195,0.0002557687054485225
2017-08-16,0.9942630400313676,0.9942800267316663,-1.6986700298704527e-05
2017-08-17,0.9942630400313676,0.994329317935834,-6.627790446644966e-05
2017-08-18,0.9943275271803713,0.9944978323577579,-0.00017030517738658713
2017-08-21,0.9941911638149631,0.9945219944646811,-0.0003308306497180613
2017-08-22,0.9942556509639668,0.9945219944646811,-0.00026634350071430557
2017-08-23,0.9939625395698242,0.9944275883909746,-0.00046504882115039337
2017-08-24,0.993929468510563,0.9945646867231559,-0.0006352182125929362
2017-08-25,0.9936371055151326,0.9945153955189882,-0.0008782900038555308
2017-08-28,0.9935438458185067,0.9946656751655206,-0.0011218293470138807
2017-08-29,0.9934925399838538,0.9946656751655206,-0.00117313518166684
2017-08-30,0.9932311047850068,0.9950400884711851,-0.0018089836861783226
2017-08-31,0.9931317074517376,0.9952514550393914,-0.002119747587653764
2017-09-01,0.99328198709827,0.9955390669756466,-0.0022570798773766665
2017-09-05,0.9932174999492662,0.995483193402821,-0.0022656934535547624
2017-09-06,0.9931860838595237,0.9955903728102997,-0.0024042889507760457
2017-09-07,0.9930314755484771,0.9955290377958544,-0.002497562247377294
2017-09-08,0.992606968405276,0.9955290377958544,-0.0029220693905784856
2017-09-11,0.9924014067792546,0.9955290377958544,-0.003127631016599852
2017-09-12,0.9922152784410274,0.9955290377958544,-0.0033137593548270283
2017-09-13,0.9922152784410274,0.9955290377958544,-0.0033137593548270283
2017-09-14,0.9922152784410274,0.9955290377958544,-0.0033137593548270283
2017-09-15,0.9922152784410276,0.9955290377958544,-0.0033137593548268063
2017-09-18,0.9923466199554295,0.9954469874856203,-0.0031003675301908284
2017-09-19,0.9923040192188449,0.9954469874856203,-0.0031429682667754033
2017-09-20,0.99224554228077,0.9952967078390881,-0.003051165558318081
2017-09-21,0.9919740924165349,0.9951533225144086,-0.0031792300978736865
2017-09-22,0.9921651789302753,0.9951533225144086,-0.0029881435841332404
2017-09-25,0.9920623954292459,0.9950589164407021,-0.002996521011456199
2017-09-26,0.9918853516387174,0.9947713045044464,-0.0028859528657290134
2017-09-27,0.9915929886432868,0.9949243617834125,-0.0033313731401256597
2017-09-28,0.9912789380424676,0.9951008181673532,-0.0038218801248856016
2017-09-29,0.9911475965280655,0.9951501093715207,-0.004002512843455208
2017-10-02,0.991397159979881,0.9950187678571188,-0.0036216078772378646
2017-10-03,0.9913622497956157,0.995155131222527,-0.0037928814269112543
2017-10-04,0.9913846852750976,0.9952044224266947,-0.0038197371515971135
2017-10-05,0.991218402984987,0.9949560898263498,-0.003737686841362775
2017-10-06,0.9910338757492377,0.9948661967985323,-0.0038323210492945403
2017-10-09,0.9909725407347924,0.9948410677012876,-0.0038685269664952004
2017-10-10,0.99094398272142,0.9946907880547554,-0.003746805333335379
2017-10-11,0.9907370200061887,0.9943361452946043,-0.003599125288415661
2017-10-12,0.9904769796713074,0.9941345598134192,-0.003657580142111816
2017-10-13,0.9907056039164464,0.9943710554788697,-0.003665451562423372
2017-10-16,0.9909546183011994,0.994321764274702,-0.0033671459735026277
2017-10-17,0.9907349737740863,0.9945439201376385,-0.0038089463635522236
2017-10-18,0.99096909341348,0.9947203765215792,-0.003751283108099135
2017-10-19,0.9910304284279253,0.9947455056188236,-0.0037150771908982527
2017-10-20,0.9908190216365987,0.9949219620027645,-0.004102940366165764
2017-10-23,0.9910349649620905,0.994894646443311,-0.0038596814812205116
2017-10-24,0.9911293710357971,0.9949219620027643,-0.0037925909669671576
2017-10-25,0.9911518065152791,0.9948968329055199,-0.0037450263902407688
2017-10-26,0.9912729767329821,0.9945934959800218,-0.0033205192470396883
2017-10-27,0.9912430578082793,0.9948695173460664,-0.0036264595377871744
2017-10-30,0.9909087436974187,0.9950547071768642,-0.004145963479445514
2017-10-31,0.9908694643615084,0.9951719157641352,-0.004302451402626861
2017-11-01,0.9906310855565345,0.9948879911951167,-0.004256905638582276
2017-11-02,0.9903927067515607,0.9951370055798698,-0.004744298828309179
2017-11-03,0.9906625337134174,0.9951684216696122,-0.004505887956194776
2017-11-06,0.9907619310466864,0.9950785286417947,-0.0043165975951082736
2017-11-07,0.9909464582824359,0.9953545500078395,-0.004408091725403573
2017-11-08,0.9910109454314393,0.9950250363449327,-0.004014090913493362
2017-11-09,0.9908407981243758,0.9947767037445877,-0.003935905620211955
2017-11-10,0.9906420928039399,0.994559159316618,-0.003917066512678091
2017-11-13,0.9905741115604132,0.9942752347475996,-0.003701123187186406
2017-11-14,0.9909707081825373,0.9942421636883385,-0.003271455505801213
2017-11-15,0.9907861809467879,0.9941108221739364,-0.0033246412271484838
2017-11-16,0.9906917748730815,0.9941643144707983,-0.0034725395977168727
2017-11-17,0.991070579740156,0.994271493878277,-0.0032009141381209583
2017-11-20,0.991070579740156,0.9942453171408685,-0.0031747374007125018
2017-11-21,0.9912076780723372,0.9939389570923681,-0.0027312790200308967
2017-11-22,0.990906435020738,0.9940509263273051,-0.003144491306567021
2017-11-24,0.9905432318303852,0.9940771030647135,-0.0035338712343283563
2017-11-27,0.9905432318303852,0.9941120132489789,-0.003568781418593736
2017-11-28,0.9905432318303852,0.9942884696329196,-0.00374523780253444
2017-11-29,0.990903401767453,0.9943912531339493,-0.0034878513664963195
2017-11-30,0.9910790444687716,0.9943377608370874,-0.0032587163683157616
2017-12-01,0.9916708719042632,0.9942842685402253,-0.002613396635962162
2017-12-04,0.991841019211327,0.9943663188504597,-0.0025252996391327276
2017-12-05,0.9919844045360066,0.9943663188504597,-0.002381914314453115
2017-12-06,0.9921073686230851,0.9943663188504597,-0.0022589502273745454
2017-12-07,0.9920759525333427,0.9946277540493067,-0.002551801515964014
2017-12-08,0.9921108627176081,0.9945928438650415,-0.0024819811474334763
2017-12-11,0.9922472260830162,0.9945165984969919,-0.0022693724139757343
2017-12-12,0.9922141550237548,0.994669655775958,-0.0024555007522032435
2017-12-13,0.9924839819856116,0.9945797627481401,-0.0020957807625284763
2017-12-14,0.9923754154628596,0.9946310685827933,-0.002255653119933698
2017-12-15,0.9924338924009347,0.994684560879655,-0.0022506684787202413
2017-12-18,0.9925702557663427,0.9944085395136101,-0.0018382837472673552
2017-12-19,0.9925702557663427,0.9942233496828127,-0.0016530939164699499
2017-12-20,0.9928400827281995,0.994295225899217,-0.001455143171017581
2017-12-21,0.9929472621356782,0.9941785708890151,-0.0012313087533368794
2017-12-22,0.9932396251311086,0.9943288505355472,-0.0010892254044385652
2017-12-26,0.9931452190574022,0.994562970174941,-0.0014177511175388346
2017-12-27,0.9931452190574022,0.994562970174941,-0.0014177511175388346
2017-12-28,0.992723538928974,0.9948663071004394,-0.0021427681714654145
2017-12-29,0.9927566099882355,0.9949892711875182,-0.0022326611992827816
2018-01-02,0.9925903276981246,0.9951471454588623,-0.002556817760737684
2018-01-03,0.992297216303982,0.9948857102600154,-0.002588493956033333
2018-01-04,0.9920685920588433,0.9948595335226069,-0.0027909414637635743
2018-01-05,0.9920101151207682,0.9945561965971086,-0.0025460814763403894
2018-01-08,0.9920912961833296,0.9943613562936253,-0.002270060110295735
2018-01-09,0.9922288904002086,0.9942110766470931,-0.0019821862468845097
2018-01-10,0.9926220125152643,0.9940258868162956,-0.0014038743010312826
2018-01-11,0.9928820528501453,0.9939973288029231,-0.0011152759527778278
2018-01-12,0.9932470404606922,0.9939711520655147,-0.0007241116048224416
2018-01-16,0.993370004547771,0.9940473974335643,-0.000677392885793271
2018-01-17,0.9932406882897993,0.993897117787032,-0.0006564294972327689
2018-01-18,0.9930705409827357,0.9936047547916015,-0.0005342138088657578
2018-01-19,0.9929475768956566,0.9934195649608039,-0.0004719880651472552
2018-01-22,0.9926980134438409,0.9932557940065166,-0.000557780562675747
2018-01-23,0.9930120640446604,0.9930895117164058,-7.744767174544531e-05
2018-01-24,0.9935298308844873,0.9930633349789973,0.000466495905489972
2018-01-25,0.993498414794745,0.9929002882415388,0.0005981265532062352
2018-01-26,0.9933802677000443,0.9931926512369691,0.00018761646307519086
2018-01-29,0.9935236530247239,0.9934040178051752,0.00011963521954871936
2018-01-30,0.9938160160201542,0.9933778410677668,0.00043817495238740456
2018-01-31,0.9937845999304119,0.9934040178051752,0.0003805821252367281
2018-02-01,0.994044640265293,0.9934040178051754,0.0006406224601176458
2018-02-02,0.993845934944857,0.9934409838373143,0.0004049511075426837
2018-02-05,0.9937638846346228,0.993578578054193,0.00018530658042981152
2018-02-06,0.9935583230086015,0.9932909661179374,0.0002673568906640389
2018-02-07,0.993851434402744,0.9931538677857561,0.0006975666169879435
2018-02-08,0.9938200183130015,0.9929055351854109,0.0009144831275905707
2018-02-09,0.9936970542259227,0.9929306642826555,0.000766389943267165
2018-02-12,0.9934660262449373,0.9929055351854109,0.0005604910595263801
2018-02-13,0.9935480765551716,0.9929055351854111,0.0006425413697604965
2018-02-14,0.993462284057643,0.9929055351854111,0.0005567488722318936
2018-02-15,0.9932127206058273,0.9932705227959578,-5.780219013051813e-05
2018-02-16,0.9933612063829835,0.9932705227959578,9.068358702568613e-05
2018-02-20,0.9934793534776842,0.9932170304990959,0.000262322978588303
2018-02-21,0.9935913227126212,0.9935233905475964,6.79321650247644e-05
2018-02-22,0.9935378304157594,0.9937095188858238,-0.000171688470064435
2018-02-23,0.993234493490261,0.9939971308220792,-0.000762637331818139
2018-02-26,0.9933202859877895,0.9941405161467587,-0.0008202301589691485
2018-02-27,0.9933517020775322,0.9943421016279438,-0.0009903995504115803
2018-02-28,0.9937537737412511,0.9945185580118845,-0.0007647842706334229
2018-03-01,0.9937537737412511,0.9944934289146401,-0.0007396551733890311
2018-03-02,0.9936818975248468,0.9947155847775767,-0.001033687252729898
2018-03-05,0.9937812948581157,0.9950365057863795,-0.0012552109282637502
2018-03-06,0.9935967676223665,0.9951537143736506,-0.0015569467512841495
2018-03-07,0.9937087368573035,0.9950716640634163,-0.0013629272061127518
2018-03-08,0.9936825601198951,0.994835168397966,-0.0011526082780709546
2018-03-09,0.9938463310741823,0.9951111897640107,-0.0012648586898283964
2018-03-12,0.9935653515326242,0.9953225563322167,-0.0017572047995925155
2018-03-13,0.9936266865470692,0.9953476854294612,-0.0017209988823919664
2018-03-14,0.993737842099384,0.995161557091234,-0.0014237149918500114
2018-03-15,0.9936085258414122,0.9953057837028099,-0.0016972578613976275
2018-03-16,0.9935771097516697,0.9955541163031549,-0.0019770065514852497
2018-03-19,0.9934000659611412,0.9956485223768615,-0.002248456415720357
2018-03-20,0.9935364293265492,0.9955900454387864,-0.0020536161122372
2018-03-21,0.9934719421775456,0.9958014120069925,-0.0023294698294468175
2018-03-22,0.9932119018426644,0.9955703840260071,-0.0023584821833426695
2018-03-23,0.9932703787807395,0.9954340206605989,-0.0021636418798594015
2018-03-26,0.9934900233078522,0.9955389679362647,-0.002048944628412541
2018-03-27,0.9936193395658244,0.9955389679362647,-0.0019196283704403516
2018-03-28,0.9934123768505928,0.9955389679362647,-0.002126591085671925
2018-03-29,0.9933510418361478,0.9953619241457361,-0.0020108823095883466
2018-04-02,0.9932134476192689,0.995479132733007,-0.0022656851137381473
2018-04-03,0.9933637272658011,0.9954518171735536,-0.002088089907752444
2018-04-04,0.9932957460222746,0.9955163043225574,-0.0022205583002828932
2018-04-05,0.9931294637321637,0.995490127585149,-0.0023606638529852786
2018-04-06,0.9933516195951003,0.9954256404361451,-0.002074020841044799
2018-04-09,0.9933815385198032,0.9952593581460343,-0.0018778196262311253
2018-04-10,0.9932236642484588,0.9950479513547079,-0.0018242871062491561
2018-04-11,0.9935377148492782,0.9950479513547079,-0.0015102365054296962
2018-04-12,0.9933090906041394,0.9950206357952546,-0.0017115451911151602
2018-04-13,0.9933704256185847,0.9951435998823334,-0.001773174263748678
2018-04-16,0.9933373545593235,0.9951435998823334,-0.0018062453230098807
2018-04-17,0.9932728674103196,0.9953200562662742,-0.0020471888559545626
2018-04-18,0.9930780271068366,0.9953514723560166,-0.0022734452491800505
2018-04-19,0.9932728674103196,0.9953229143426442,-0.0020500469323245785
2018-04-20,0.993106585120209,0.9952584271936404,-0.0021518420734314425
2018-04-23,0.9930452501057635,0.9950243075542466,-0.001979057448483146
2018-04-24,0.9933383614999062,0.9951101000517752,-0.0017717385518690731
2018-04-25,0.9929894007148216,0.9951450102360405,-0.0021556095212189597
2018-04-26,0.9929335271419957,0.9954558143606361,-0.002522287218640451
2018-04-27,0.9932817637102519,0.9953913272116325,-0.0021095635013805847
2018-04-30,0.9933984187204539,0.9953055347141039,-0.0019071159936500104
2018-05-01,0.9931642990810601,0.9952496611412782,-0.0020853620602181433
2018-05-02,0.9931928570944323,0.9954267049318068,-0.0022338478373745696
2018-05-03,0.9931070645969039,0.9951139638983068,-0.0020068993014028536
2018-05-04,0.9930511910240782,0.9951470349575682,-0.002095843933489938
2018-05-07,0.9932708355511911,0.994960906619341,-0.0016900710681498898
2018-05-08,0.992989856009633,0.9948489373844039,-0.0018590813747709767
2018-05-09,0.992989856009633,0.9947369681494669,-0.0017471121398339173
2018-05-10,0.9930511910240782,0.9945517783186693,-0.001500587294591016
2018-05-11,0.9930197749343357,0.9941522359157602,-0.001132460981424499
2018-05-14,0.9927070339008358,0.994090900901315,-0.0013838670004792109
2018-05-15,0.9924595705481634,0.9941182164607684,-0.0016586459126050057
2018-05-16,0.992373778050635,0.9939233761572851,-0.0015495981066501185
2018-05-17,0.9923407069913734,0.9935540950946146,-0.0012133881032411198
2018-05-18,0.992435700471668,0.9934513115935849,-0.0010156111219169484
2018-05-21,0.992306384213696,0.9930023159057035,-0.0006959316920075453
2018-05-22,0.9926665541507639,0.9931195244929745,-0.0004529703422105902
2018-05-23,0.9927785233857012,0.9931949924345507,-0.0004164690488495104
2018-05-24,0.9928084423104037,0.9932999397102162,-0.0004914973998125793
2018-05-25,0.9928577335145714,0.9932757776032929,-0.0004180440887214809
2018-05-29,0.993206694299656,0.9932757776032929,-6.908330363686321e-05
2018-05-30,0.9930947250647194,0.9933483356041053,-0.0002536105393858845
2018-05-31,0.9930947250647194,0.9932584425762878,-0.00016371751156840642
2018-06-01,0.993424238727626,0.992997784803914,0.0004264539237119891
2018-06-04,0.9935028601217322,0.9931556590752582,0.0003472010464740105
2018-06-05,0.9939490287948407,0.9931323922786133,0.0008166365162274314
2018-06-06,0.9937877683557359,0.9931072631813691,0.0006805051743667967
2018-06-07,0.9940135159438444,0.9931930556788975,0.0008204602649468651
2018-06-08,0.9940135159438446,0.9930427760323652,0.0009707399114793347
2018-06-11,0.994099308441373,0.9932685236204737,0.0008307848208992663
2018-06-12,0.9937446656812217,0.9930758470916267,0.0006688185895949994
2018-06-13,0.9935585373429946,0.9925434994108862,0.0010150379321084424
2018-06-14,0.993583666440239,0.9926428967441552,0.0009407696960838097
2018-06-15,0.9935585373429946,0.992485022472811,0.0010735148701835895
2018-06-18,0.9935215713108554,0.9923365366956548,0.0011850346152005864
2018-06-19,0.9937699039112006,0.9924315301759493,0.0013383737352512526
2018-06-20,0.9938871124984714,0.9924315301759491,0.0014555823225222975
2018-06-21,0.9938871124984714,0.9924315301759493,0.0014555823225220754
2018-06-22,0.9940627551997901,0.9924995114194759,0.0015632437803142496
2018-06-25,0.9941212321378653,0.9924350242704721,0.0016862078673931524
2018-06-26,0.9938587880671375,0.9924350242704721,0.0014237637966653116
2018-06-27,0.9933867235034373,0.9925610745681462,0.0008256489352910235
2018-06-28,0.9933650619735298,0.9930934222488867,0.00027163972464305797
2018-06-29,0.9934209355463556,0.9930934222488867,0.00032751329746882885
2018-07-02,0.9934854226953592,0.9930459933453186,0.0004394293500405988
2018-07-03,0.9934854226953594,0.9929946875106658,0.0004907351846936692
2018-07-05,0.9934854226953592,0.992605725154605,0.0008796975407542318
2018-07-06,0.9933308143843127,0.9925784095951515,0.0007524047891611652
2018-07-09,0.9933981781903467,0.9931833152767042,0.00021486291364247734
2018-07-10,0.9933981781903467,0.9932904946841831,0.00010768350616363609
2018-07-11,0.9933368431759017,0.9932904946841831,4.634849171858413e-05
2018-07-12,0.9933667621006044,0.9932653655869385,0.00010139651366591895
2018-07-13,0.9933054270861593,0.9932653655869386,4.006149922075597e-05
2018-07-16,0.9929452571490912,0.9931666308487177,-0.00022137369962649256
2018-07-17,0.9929452571490912,0.9929739543198706,-2.8697170779357073e-05
2018-07-18,0.9930713074467654,0.9928919040096362,0.0001794034371291886
2018-07-19,0.9930713074467654,0.9928919040096365,0.00017940343712896656
2018-07-20,0.9933319652191391,0.9930148680967152,0.00031709712242389276
2018-07-23,0.993570344024113,0.9930148680967152,0.0005554759273977972
2018-07-24,0.9936002629488159,0.9931260236490301,0.0004742392997857392
2018-07-25,0.9937548712598624,0.9928420085686346,0.0009128626912278115
2018-07-26,0.9938841875178341,0.9925626205337815,0.0013215669840526134
2018-07-27,0.9936772248026028,0.9924192352091024,0.0012579895935004304
2018-07-30,0.9934596803746333,0.9925626205337815,0.0008970598408517549
2018-07-31,0.9934323648151798,0.9927390769177222,0.0006932878974575951
2018-08-01,0.9935222578429973,0.9929155333016632,0.0006067245413341471
2018-08-02,0.9932508079787623,0.9929155333016632,0.00033527467709915104
2018-08-03,0.9931214917207903,0.992857056363588,0.0002644353572023306
2018-08-06,0.9932578550861987,0.9926800125730594,0.0005778425131393039
2018-08-07,0.9932877740109012,0.9926526970136059,0.0006350769972952586
2018-08-08,0.9931331656998547,0.9924413304453998,0.0006918352544548201
2018-08-09,0.9932403451073335,0.9923627090512936,0.0008776360560398544
2018-08-10,0.9931110288493615,0.9923385469443704,0.0007724819049911291
2018-08-13,0.992888872986425,0.9923684658690731,0.0005204071173519065
2018-08-14,0.9927989799586073,0.9923998819588157,0.0003990979997916533
2018-08-15,0.9929353433240156,0.9925925584876628,0.0003427848363527497
2018-08-16,0.993003324567542,0.9926605397311893,0.0003427848363527497
2018-08-17,0.9931803683580707,0.9925375756441105,0.0006427927139601719
2018-08-20,0.9930591981403677,0.9924460497311532,0.0006131484092144479
2018-08-21,0.9931803683580707,0.9922301064056613,0.0009502619524093259
2018-08-22,0.9931803683580707,0.9919237463571611,0.0012566220009095908
2018-08-23,0.9930983180478363,0.991595724778753,0.0015025932690833077
2018-08-24,0.9929320357577257,0.9910004660162881,0.0019315697414375999
2018-08-27,0.9929320357577257,0.9912798540511412,0.0016521817065845434
2018-08-28,0.9924409674418588,0.9913970626384121,0.001043904803446738
2018-08-29,0.9924124094284866,0.9916577204107861,0.0007546890177004828
2018-08-30,0.9925353735155655,0.9913169973614877,0.001218376154077827
2018-08-31,0.9922430105201351,0.9913169973614877,0.0009260131586473763
2018-09-04,0.9921380632444695,0.991351907545753,0.0007861556987165397
2018-09-05,0.9923043455345801,0.9913309683390762,0.0009733771955039439
2018-09-06,0.9923863958448145,0.9913309683390762,0.0010554275057382823
2018-09-07,0.9925715856756119,0.9912816771349084,0.0012899085407034327
2018-09-10,0.9926250779724738,0.9916509581975792,0.0009741197748945885
2018-09-11,0.9928410212979657,0.9918623247657853,0.000978696532180412
2018-09-12,0.9931619423067684,0.9919742940007221,0.0011876483060462295
2018-09-13,0.9931006072923233,0.992038781149726,0.0010618261425973108
2018-09-14,0.993203390793353,0.992038781149726,0.0011646096436269682
2018-09-17,0.9930263470028242,0.9920387811497258,0.0009875658530984488
2018-09-18,0.9931207530765307,0.9918274145815199,0.0012933384950107873
2018-09-19,0.992991436818559,0.9916160480133138,0.0013753888052451257
2018-09-20,0.9933347628991984,0.9919999402075727,0.00133482269162577
2018-09-21,0.99330858616179,0.9922069029228039,0.0011016832389860731
2018-09-24,0.9931174996480492,0.9922561941269716,0.0008613055210775489
2018-09-25,0.9929226593445661,0.9923382444372058,0.0005844149073603866
2018-09-26,0.9926118552199705,0.9922663682208015,0.00034548699916903125
2018-09-27,0.9926432713097131,0.9927987159015419,-0.00015544459182881276
2018-09-28,0.9926694480471215,0.9927166655913077,-4.721754418612889e-05
2018-10-01,0.9927120487837059,0.9933294322334764,-0.00061738344977047
2018-10-02,0.9928019418115234,0.9934366116409549,-0.0006346698294315001
2018-10-03,0.9927198915012893,0.9935799969656343,-0.0008601054643450068
2018-10-04,0.9927682515551569,0.993750144272698,-0.0009818927175411218
2018-10-05,0.9928267284932323,0.993867352859969,-0.0010406243667366866
2018-10-08,0.9928267284932323,0.9938114792871432,-0.0009847507939109157
2018-10-09,0.9928267284932323,0.9938794605306698,-0.0010527320374374982
2018-10-10,0.9931190914886627,0.993951336747074,-0.0008322452584113016
2018-10-11,0.9931977128827689,0.9939786523065275,-0.0007809394237585643
2018-10-12,0.9930606145505875,0.9938792549732586,-0.0008186404226711019
2018-10-15,0.9932350553097752,0.993580538931909,-0.0003454836221338242
2018-10-16,0.9933218566791842,0.9940295346197907,-0.0007076779406065548
2018-10-17,0.9933218566791842,0.9942065784103193,-0.0008847217311351852
2018-10-18,0.9932360641816556,0.9943644526816635,-0.0011283885000079596
2018-10-19,0.9932873700163086,0.9943059757435884,-0.0010186057272797422
2018-10-22,0.9933572343993585,0.9943408859278535,-0.0009836515284949998
2018-10-23,0.9933258183096162,0.9941025071228801,-0.0007766888132638705
2018-10-24,0.9935433627375858,0.9937961470743792,-0.0002527843367934324
2018-10-25,0.9934534697097682,0.9939173172920822,-0.00046384758231399204
2018-10-26,0.9931239560468615,0.9939446328515357,-0.0008206768046741253
2018-10-29,0.9931713849504296,0.9938588403540071,-0.0006874554035775082
2018-10-30,0.9929456373623211,0.9936823839700664,-0.0007367466077452534
2018-10-31,0.9929157184376184,0.9938257692947459,-0.0009100508571274757
2018-11-01,0.9924920139277857,0.9934824432141064,-0.0009904292863206487
2018-11-02,0.9921812098031904,0.9930781762676492,-0.0008969664644588038
2018-11-05,0.9916208422267793,0.992960967680378,-0.0013401254535987395
2018-11-06,0.9914978781397004,0.9929347909429695,-0.0014369128032691858
2018-11-07,0.9918273918026069,0.9931689105823632,-0.001341518779756301
2018-11-08,0.991804125005962,0.9933453669663042,-0.0015412419603421101
2018-11-09,0.9916607396812829,0.9933191902288957,-0.001658450547612822
2018-11-12,0.9917142319781443,0.9930382106873374,-0.0013239787091930966
2018-11-13,0.9916869164186911,0.9928879310408051,-0.0012010146221139717
2018-11-14,0.9917154744320635,0.9927376513942731,-0.00102217696220952
2018-11-15,0.9918817567221744,0.9930783744435712,-0.0011966177213967866
2018-11-16,0.9921014012492875,0.9929019180596305,-0.0008005168103429883
2018-11-19,0.9923628364481344,0.9930248821467096,-0.0006620456985751977
2018-11-20,0.9923342784347621,0.9929620179000841,-0.0006277394653220192
2018-11-21,0.9924771101823723,0.9929620179000841,-0.0004849077177118133
2018-11-23,0.9925056681957449,0.9927935034781601,-0.0002878352824151609
2018-11-26,0.9924302002541687,0.992956550215619,-0.0005263499614502898
2018-11-27,0.9924616163439111,0.992658926411106,-0.0001973100671949224
2018-11-28,0.9927330662081459,0.9930609980748252,-0.0003279318666792319
2018-11-29,0.9927068894707375,0.9931782066620961,-0.00047131719135862227
2018-11-30,0.9923048178070187,0.9929667998707696,-0.0006619820637508989
2018-12-03,0.9923347367317215,0.9927652143895845,-0.000430477657863082
2018-12-04,0.9923123012522392,0.9926121571106187,-0.0002998558583794386
2018-12-06,0.992376788401243,0.9926452281698799,-0.00026843976863688557
2018-12-07,0.9925837511164743,0.9926821942020189,-9.844308554451953e-05
2018-12-10,0.9924850163782535,0.9928997386299885,-0.0004147222517350002
2018-12-11,0.9923589660805792,0.9926158140609701,-0.0002568479803909396
2018-12-12,0.9926383541154326,0.9927269696132848,-8.8615497852218e-05
2018-12-13,0.9923669042511974,0.9925321293098018,-0.00016522505860439018
2018-12-14,0.992510289575877,0.992427182034136,8.310754174090107e-05
2018-12-17,0.9927262329013685,0.9921962019445907,0.0005300309567778383
2018-12-18,0.9929752472861219,0.9921962019445907,0.0007790453415311704
2018-12-19,0.993070240766416,0.9919247520803558,0.0011454886860602365
2018-12-20,0.9929441904687417,0.9916757376956027,0.0012684527731390283
2018-12-21,0.9929741093934447,0.9914792148726665,0.0014948945207781117
2018-12-24,0.9927430814124595,0.9909766051010259,0.0017664763114335624
2018-12-26,0.9927430814124593,0.9907159473286523,0.0020271340838069474
2018-12-27,0.9926817463980142,0.9903879257502443,0.0022938206477699508
2018-12-28,0.9924747836827829,0.9900053203336944,0.0024694633490884854
2018-12-31,0.9923384203173747,0.9897438851348471,0.002594535182527613
2019-01-02,0.9921639795581872,0.9901481520813046,0.00201582747688267
2019-01-03,0.9922667630592169,0.9903551147965359,0.001911648262680976
2019-01-04,0.9921164834126844,0.9902563800583151,0.001860103354369369
2019-01-07,0.9920580064746093,0.989996339723434,0.0020616667511752507
2019-01-08,0.9916537395281521,0.9897622200840404,0.0018915194441117
2019-01-09,0.9916822975415245,0.9898794286713113,0.0018028688702131923
2019-01-10,0.9914874572380412,0.9899474099148378,0.0015400473232034528
2019-01-11,0.9914016647405128,0.989729865486868,0.0016717992536448012
2019-01-14,0.9912582794158332,0.9895927671546865,0.001665512261146751
2019-01-15,0.9911148940911539,0.9891233603687276,0.0019915337224263308
2019-01-16,0.991394282126007,0.9888423808271694,0.0025519012988376444
2019-01-17,0.9918853504418734,0.9886202249642329,0.0032651254776405736
2019-01-18,0.9920384077208395,0.9887101179920503,0.00332828972878918
2019-01-22,0.9916596028537651,0.9885919708973501,0.003067631956415018
2019-01-23,0.9917540089274716,0.9882932548560007,0.0034607540714708396
2019-01-24,0.991578366226153,0.988365131072405,0.003213235153748051
2019-01-25,0.9917839278521744,0.988719773832556,0.003064154019618348
2019-01-28,0.9916293195411277,0.9891112280518821,0.002518091489245533
2019-01-29,0.9915962484818663,0.9892011210796997,0.0023951274021666302
2019-01-30,0.9915663295571636,0.9892011210796997,0.0023652084774639093
2019-01-31,0.9916923798548377,0.9890480638007337,0.002644316054103979
2019-02-01,0.9919799917910934,0.9885786570147747,0.003401334776318765
2019-02-04,0.9918035354071527,0.9884207827434305,0.0033827526637222327
2019-02-05,0.9916019499259674,0.9884887639869572,0.0031131859390102212
2019-02-06,0.9917682322160785,0.9885173220003295,0.00325091021574897
2019-02-07,0.9914554911825784,0.9878795508054116,0.0035759403771667975
2019-02-08,0.9915139681206535,0.9877292711588793,0.003784696961774192
2019-02-11,0.991937672630486,0.9881782668467607,0.003759405783725356
2019-02-12,0.9922504136639858,0.9883896736380874,0.0038607400258984237
2019-02-13,0.9925612177885814,0.9885126377251663,0.00404858006341513
2019-02-14,0.992376027957784,0.9883896736380874,0.003986354319696628
2019-02-15,0.9922075135358599,0.9882132172541467,0.003994296281713217
2019-02-19,0.9923920407716094,0.988123324226329,0.004268716545280382
2019-02-20,0.99234794376222,0.9879284839228457,0.004419459839374307
2019-02-21,0.9924038173350457,0.9878935737385806,0.004510243596465124
2019-02-22,0.9924038173350457,0.9880598560286914,0.004343961306354283
2019-02-25,0.9922058604133217,0.9879095763821589,0.004296284031162778
2019-02-26,0.9924665181856955,0.9877394290750953,0.004727089110600269
2019-02-27,0.9923985369421688,0.9878605992927981,0.004537937649370716
2019-02-28,0.9923985369421686,0.9878275282335369,0.004571008708631696
2019-03-01,0.9928447056152773,0.9876161214422104,0.005228584173066819
2019-03-04,0.9928796157995426,0.9875442452258062,0.005335370573736453
2019-03-05,0.993016714131724,0.987913526288477,0.005103187843247037
2019-03-06,0.9929268211039064,0.987913526288477,0.005013294815429448
2019-03-07,0.9925860980546081,0.9874656238316998,0.005120474222908289
2019-03-08,0.9922259281175402,0.9869653223091653,0.005260605808374841
2019-03-11,0.9922259281175402,0.987176729100492,0.005049199017048145
2019-03-12,0.9918566470548694,0.9873783145816771,0.0044783324731922924
2019-03-13,0.9914916594443227,0.9875043648793514,0.0039872945649712666
2019-03-14,0.9915429652789755,0.9875602384521771,0.003982726826798344
2019-03-15,0.9918360766731181,0.98788115946098,0.003954917212138143
2019-03-18,0.9917149064554152,0.9880474417510908,0.0036674647043243302
2019-03-19,0.9916121229543857,0.9879098475342121,0.0037022754201736507
2019-03-20,0.9914891588673067,0.9877261938938676,0.003762964973439087
2019-03-21,0.9908973314318149,0.9878144969065789,0.0030828345252360556
2019-03-22,0.9907712811341408,0.9878758319210239,0.0028954492131169074
2019-03-25,0.9910096599391147,0.9879570129835855,0.0030526469555292035
2019-03-26,0.9912083652595508,0.9877394685556159,0.0034688967039349095
2019-03-27,0.9915490883088491,0.9880674901340237,0.0034815981748254066
2019-03-28,0.9914679072462875,0.9882431328353423,0.0032247744109452636
2019-03-29,0.991231411580837,0.9882132139106395,0.003018197670197509
2019-04-01,0.9914788749335095,0.9884400537355844,0.00303882119792509
2019-04-02,0.9915782722667785,0.9886063360256953,0.002971936241083273
2019-04-03,0.9914788749335093,0.9886063360256953,0.002872538907814026
2019-04-04,0.9912028535674646,0.9886433020578344,0.0025595515096302757
2019-04-05,0.9915155946009645,0.988919323423879,0.0025962711770854963
2019-04-08,0.9914931591214825,0.9888879073341365,0.0026052517873460523
2019-04-09,0.9915217171348548,0.988744522009457,0.002777195125397869
2019-04-10,0.9915674194109816,0.9886952308052894,0.002872188605692161
2019-04-11,0.9914887980168754,0.9889816679466632,0.0025071300702121935
2019-04-12,0.9915112334963573,0.9893185710870867,0.0021926624092706293
2019-04-15,0.9914254409988289,0.9894956148776152,0.001929826121213729
2019-04-16,0.9915800493098754,0.9895674910940195,0.0020125582158558863
2019-04-17,0.9916526073106879,0.9895989071837621,0.0020537001269258504
2019-04-18,0.9917786576083621,0.9895226618157127,0.0022559957926494567
2019-04-22,0.9919365318797062,0.9892163017672121,0.0027202301124941153
2019-04-23,0.9920546789744068,0.9894111420706954,0.002643536903711441
2019-04-24,0.9921367292846411,0.9896022285844359,0.0025345007002052222
2019-04-25,0.9923131856685818,0.9897874184152334,0.00252576725334841
2019-04-26,0.9924634653151142,0.9897560023254909,0.0027074629896233215
2019-04-29,0.9923405012280351,0.9896510550498254,0.0026894461782096535
2019-04-30,0.9923656303252797,0.9896084543132411,0.00275717601203862
2019-05-01,0.9923918070626881,0.9895131036856076,0.002878703377080516
2019-05-02,0.9923918070626881,0.9895131036856079,0.002878703377080294
2019-05-03,0.992391807062688,0.9895131036856079,0.002878703377080183
2019-05-06,0.9923918070626881,0.9895131036856076,0.002878703377080516
2019-05-07,0.9923632490493156,0.9895131036856076,0.0028501453637079788
2019-05-08,0.9925245094884202,0.9895131036856079,0.003011405802812339
2019-05-09,0.9926272929894498,0.9893646179084514,0.003262675080998423
2019-05-10,0.9928221332929329,0.9893646179084514,0.0034575153844814688
2019-05-13,0.9928221332929331,0.9892416538213724,0.0035804794715607047
2019-05-14,0.9929800075642772,0.9893466010970382,0.0036334064672389754
2019-05-15,0.9927784220830923,0.9891478957766021,0.0036305263064901894
2019-05-16,0.9924944975140738,0.9893736433647105,0.0031208541493633613
2019-05-17,0.9919370207360891,0.9889770467425865,0.0029599739935026737
2019-05-20,0.9917421804326056,0.9888005903586458,0.0029415900739598877
2019-05-21,0.9912701158689055,0.9886393299195412,0.0026307859493642782
2019-05-22,0.9916108389182038,0.9884482434058005,0.0031625955124032767
2019-05-23,0.9915809199935011,0.9884482434058005,0.003132676587700556
2019-05-24,0.9918174156589515,0.9880461717420814,0.003771243916870115
2019-05-28,0.9917888576455791,0.9880996640389432,0.0036891936066358877
2019-05-29,0.9916454723208997,0.9881940701126498,0.0034514022082499096
2019-05-30,0.9918712199090082,0.9881940701126498,0.003677149796358359
2019-05-31,0.9919042909682693,0.9883122172073505,0.003592073760918746
2019-06-03,0.991869380784004,0.9884116145406195,0.0034577662433844525
2019-06-04,0.9922252720808037,0.9888210157690722,0.0034042563117314684
2019-06-05,0.9925461930896066,0.9891049403380907,0.0034412527515158553
2019-06-06,0.9923406314635852,0.9891049403380907,0.0032356911254944887
2019-06-07,0.992307560404324,0.9891699765541573,0.003137583850166714
2019-06-10,0.9925344002292689,0.9893849743895423,0.0031494258397265495
2019-06-11,0.9926525473239696,0.9894101034867867,0.0032424438371828623
2019-06-12,0.992678724061378,0.9891951056514015,0.0034836184099765743
2019-06-13,0.9926032561198018,0.9891001121711073,0.0035031439486945537
2019-06-14,0.9922823655186442,0.9892212823888099,0.00306108312983433
2019-06-17,0.9920349021659718,0.9888894952881996,0.0031454068777722055
2019-06-18,0.9917858877812187,0.9887033669499722,0.0030825208312464936
2019-06-19,0.9919088518682977,0.9886314907335679,0.0032773611347297615
2019-06-20,0.9917318080777691,0.9886000746438256,0.003131733433943462
2019-06-21,0.9914022944148625,0.9882682875432149,0.0031340068716475544
2019-06-24,0.9911262730488176,0.9880918311592745,0.00303444188954316
2019-06-25,0.9911847499868928,0.9877155009900827,0.0034692489968101148
2019-06-26,0.9916326524436697,0.9877155009900827,0.003917151453587064
2019-06-27,0.9919872952038209,0.9881644966779644,0.003822798525856541
2019-06-28,0.9922256740087946,0.988428302535048,0.0037973714737465913
2019-07-01,0.9920885756766133,0.98867461951064,0.0034139561659733975
2019-07-02,0.9921611336774258,0.9887927666053404,0.003368367072085321
2019-07-03,0.9921611336774258,0.9890041331735465,0.003157000503879237
2019-07-05,0.9925355469830902,0.989030309910955,0.0035052370721352366
2019-07-08,0.992409496685416,0.9890041331735465,0.003405363511869486
2019-07-09,0.9925355469830903,0.9890257947034541,0.0035097522796362357
2019-07-10,0.9925355469830903,0.9894223913255779,0.0031131556575124675
2019-07-11,0.9927216753213175,0.9897155027197205,0.003006172601596968
2019-07-12,0.9928901897432414,0.9897469188094631,0.0031432709337783082
2019-07-15,0.9928183135268371,0.9896035334847837,0.0032147800420534445
2019-07-16,0.9928718058236988,0.9892907924512836,0.0035810133724152315
2019-07-17,0.9927284204990194,0.9888970139311155,0.0038314065679039278
2019-07-18,0.9928718058236988,0.9885936770056172,0.00427812881808165
2019-07-19,0.9925841938874433,0.9886449828402701,0.003939211047173208
2019-07-22,0.9922240239503756,0.9890073452706959,0.0032166786796796742
2019-07-23,0.9922240239503756,0.9891245538579668,0.0030994700924087404
2019-07-24,0.9925841938874433,0.9893629326629407,0.003221261224502614
2019-07-25,0.9924581435897692,0.9896013114679145,0.0028568321218547243
2019-07-26,0.9923409350024983,0.9898604330498351,0.00248050195266325
2019-07-29,0.9923016556665877,0.9899554265301294,0.002346229136458322
2019-07-30,0.9923016556665877,0.9894376596903026,0.002863995976285061
2019-07-31,0.9923490845701558,0.9890613295211109,0.0032877550490448826
2019-08-01,0.9925546461961771,0.9889999945066658,0.003554651689511301
2019-08-02,0.992914816133245,0.9892490088914188,0.003665807241826191
2019-08-05,0.9927132306520596,0.9896510805551378,0.0030621500969217896
2019-08-06,0.9925375879507412,0.9896510805551378,0.002886507395603366
2019-08-07,0.9925910802476032,0.9894964722440912,0.0030946080035120227
2019-08-08,0.99285251544645,0.9894319850950876,0.003420530351362472
2019-08-09,0.992969724033721,0.9892303996139025,0.0037393244198185016
2019-08-12,0.9926773610382906,0.988730098091368,0.003947262946922603
2019-08-13,0.9924912327000635,0.9884092074902104,0.004082025209853013
2019-08-14,0.9923924979618426,0.988111583685698,0.004280914276144632
2019-08-15,0.9924438037964953,0.9881485497178368,0.004295254078658495
2019-08-16,0.9923450690582745,0.9879624213796097,0.004382647678664808
2019-08-19,0.9923781401175357,0.9879624213796097,0.004415718737926011
2019-08-20,0.9922913387481265,0.9877161044040178,0.00457523434410867
2019-08-21,0.9926122293492841,0.9874686410513454,0.005143588297938706
2019-08-22,0.9927701036206281,0.9873055943138868,0.005464509306741361
2019-08-23,0.9928419798370327,0.9872725232546256,0.005569456582407151
2019-08-26,0.9924937432687763,0.987129137929946,0.005364605338830208
2019-08-27,0.9923324828296717,0.9869920395977646,0.005340443231907077
2019-08-28,0.9925546386926082,0.9869606235080223,0.00559401518458591
2019-08-29,0.9925546386926084,0.9866288364074116,0.005925802285196791
2019-08-30,0.9927525956143324,0.9866288364074116,0.006123759206920765
2019-09-03,0.9926162322489243,0.9866288364074116,0.005987395841512644
2019-09-04,0.9924213919454408,0.9866288364074116,0.005792555538029154
2019-09-05,0.9925844386828996,0.9871291379299459,0.00545530075295364
2019-09-06,0.9929865103466186,0.9874724640105855,0.005514046336033029
2019-09-09,0.9931125606442929,0.9874231728064178,0.005689387837875093
2019-09-10,0.9931125606442929,0.987549223104092,0.0055633375402008856
2019-09-11,0.993323927212499,0.9877337503398415,0.005590176872657504
2019-09-12,0.9933824041505739,0.9881100805090329,0.005272323641540955
2019-09-13,0.9933824041505741,0.9882946077447822,0.005087796405791933
2019-09-16,0.9931844472288501,0.9881109541044376,0.00507349312441252
2019-09-17,0.9931844472288501,0.9880876873077932,0.005096759921056959
2019-09-18,0.9932130052422226,0.9882713409481375,0.004941664294085046
2019-09-19,0.9932499712743614,0.9884370475793552,0.004812923695006188
2019-09-20,0.9931819900308348,0.9882946077447824,0.004887382286052455
2019-09-23,0.9936056945406672,0.9883207844821906,0.005284910058476533
2019-09-24,0.9935824277440227,0.9884201818154598,0.0051622459285629585
2019-09-25,0.9937137692584246,0.9884846689644632,0.005229100293961397
2019-09-26,0.993737036055069,0.988341283639784,0.0053957524152850045
2019-09-27,0.9936056945406672,0.9881253403142921,0.00548035422637505
2019-09-30,0.99363561346537,0.9878414157452738,0.00579419772009615
2019-10-01,0.9934510862296209,0.9875205251441165,0.005930561085504382
2019-10-02,0.9933926092915455,0.9875205251441165,0.005872084147429013
2019-10-03,0.9932313488524409,0.9875205251441164,0.005710823708324542
2019-10-04,0.9936101537195152,0.9880158565044612,0.0055942972150540005
2019-10-07,0.9936101537195152,0.9883134803089739,0.005296673410541297
2019-10-08,0.9935787376297727,0.9883367471056186,0.005241990524154083
2019-10-09,0.9937472520516968,0.9883134803089739,0.005433771742722859
2019-10-10,0.993822719993273,0.9883367471056188,0.005485972887654178
2019-10-11,0.9939221173265419,0.9883926206784445,0.005529496648097432
2019-10-14,0.9937045728985723,0.9880717300772871,0.005632842821285178
2019-10-15,0.9938033076367931,0.988034764045148,0.005768543591645137
2019-10-16,0.9939326238947649,0.9877884470695564,0.006144176825208514
2019-10-17,0.9939971110437686,0.9877884470695564,0.0062086639742122696
2019-10-18,0.9940829035412972,0.9877884470695562,0.0062944564717410945
2019-10-21,0.9941090802787056,0.9880374614543093,0.00607161882439633
2019-10-22,0.9942593599252377,0.9878358759731242,0.006423483952113562
2019-10-23,0.994082903541297,0.9878028049138626,0.006280098627434394
2019-10-24,0.9939599394542181,0.9877678947295975,0.006192044724620649
2019-10-25,0.9935633428320941,0.98767800170178,0.005885341130314137
2019-10-28,0.9940354073957943,0.9877648030711892,0.0062706043246051335
2019-10-29,0.9941717707612024,0.9876191443088059,0.006552626452396515
2019-10-30,0.9942538210714368,0.9878067047978404,0.006447116273596398
2019-10-31,0.9943051269060896,0.9876536475188743,0.006651479387215331
2019-11-01,0.9942789501686812,0.9876536475188744,0.0066253026498067635
2019-11-04,0.9941355648440018,0.9876062186153063,0.006529346228695498
2019-11-05,0.9939984665118202,0.987421691379557,0.0065767751322631796
2019-11-06,0.9938220101278795,0.9875204261177779,0.006301584010101613
2019-11-07,0.9939078026254079,0.9878573292582012,0.006050473367206655
2019-11-08,0.9939339793628165,0.9875255421575905,0.006408437205225992
2019-11-11,0.9937413028339692,0.987349899456272,0.006391403377697169
2019-11-12,0.9937043368018303,0.9869754861506075,0.006728850651222862
2019-11-13,0.9936484632290045,0.9871681626794544,0.0064803005495500665
2019-11-14,0.9936746399664129,0.987253955176983,0.00642068478942992
2019-11-15,0.9936020819656007,0.9873973405016623,0.006204741463938457
2019-11-18,0.9938242378285372,0.987572983202981,0.006251254625556202
2019-11-19,0.9936477814445965,0.9871941783359067,0.006453603108689809
2019-11-20,0.993672910541841,0.9865384601318617,0.007134450409979287
2019-11-21,0.9936729105418408,0.9862649984342725,0.007407912107568304
2019-11-22,0.9935779170615467,0.98623358234453,0.007344334717016787
2019-11-25,0.9936960641562471,0.9866552624729583,0.0070408016832888
2019-11-26,0.9938812539870449,0.9867410549704867,0.0071401990165581575
2019-11-27,0.993905416093968,0.9867410549704867,0.007164361123481289
2019-11-29,0.993905416093968,0.9867410549704867,0.007164361123481289
2019-12-02,0.9938754971692653,0.986136149288934,0.00773934788033126
2019-12-03,0.9938440810795227,0.9859104017008256,0.007933679378697156
2019-12-04,0.994243623482432,0.985815995627119,0.008427627855313036
2019-12-05,0.9945499835309325,0.9855236326316885,0.009026350899243973
2019-12-06,0.9945150733466673,0.9851019525032604,0.009413120843406952
2019-12-09,0.994683587768591,0.9849706109888585,0.009712976779732485
2019-12-10,0.9944983979377936,0.9853909894346617,0.009107408503131853
2019-12-11,0.9947474123225465,0.9859534479420806,0.008793964380465868
2019-12-12,0.9950350242588021,0.9866436182027559,0.008391406056046158
2019-12-13,0.9947866916584569,0.9870128992654267,0.007773792393030221
2019-12-16,0.9947080702643506,0.9873337898665842,0.007374280397766442
2019-12-17,0.99485145558903,0.9875497331920758,0.007301722396954147
2019-12-18,0.9947795793726257,0.9877109936311804,0.00706858574144531
2019-12-19,0.9946896863448083,0.9873089219674615,0.007380764377346805
2019-12-20,0.9945132299608676,0.9875713660381892,0.006941863922678371
2019-12-23,0.9944619241262145,0.987833810108917,0.0066281140172974595
2019-12-24,0.9943326078682427,0.9878113746294349,0.006521233238807822
2019-12-26,0.9942681207192389,0.987490453620632,0.006777667098606832
2019-12-27,0.9941823282217105,0.9872290184217849,0.006953309799925589
2019-12-30,0.9939482085823168,0.9871296210885159,0.006818587493800932
2019-12-31,0.994251545507815,0.9871063542918712,0.007145191215943814
2020-01-02,0.9944094197791592,0.9875300588017035,0.006879360977455673
2020-01-03,0.9942864556920804,0.9878902287387714,0.006396226953308992
2020-01-06,0.9940499600266299,0.9881508865111452,0.005899073515484687
2020-01-07,0.9940499600266299,0.9883578492263766,0.005692110800253336
2020-01-08,0.9940750891238742,0.988580548786721,0.005494540337153242
2020-01-09,0.9941285814207361,0.9888565701527658,0.005272011267970278
2020-01-10,0.9940750891238742,0.9891300318503554,0.004945057273518794
2020-01-13,0.9937455754609676,0.9892294291836243,0.004516146277343314
2020-01-14,0.9937455754609676,0.9891473788733902,0.00459819658757743
2020-01-15,0.9937182599015143,0.9892593481083272,0.004458911793187137
2020-01-16,0.9934343353324958,0.9892008711702518,0.004233464162244016
2020-01-17,0.9933271559250173,0.9889384270995242,0.004388728825493127
2020-01-21,0.9933271559250173,0.9886759830287964,0.0046511728962208565
2020-01-22,0.993380648221879,0.9886992498254411,0.004681398396437886
2020-01-23,0.9936682601581345,0.9891229543352738,0.0045453058228607235
2020-01-24,0.9935654766571053,0.9892808286066178,0.00428464805048745
2020-01-27,0.9935654766571053,0.9889969040375993,0.0045685726195059395
2020-01-28,0.9934443064394023,0.9891515123486458,0.004292794090756447
2020-01-29,0.9933331508870873,0.9891756744555694,0.00415747643151787
2020-01-30,0.9934281443673818,0.9893127727877506,0.004115371579631155
2020-01-31,0.9934281443673818,0.9893772599367545,0.004050884430627288
2020-02-03,0.9937157563036374,0.9897312041133786,0.003984552190258839
2020-02-04,0.9939379121665739,0.9899367657393999,0.004001146427173974
2020-02-05,0.9941041944566847,0.990018816049634,0.004085378407050699
2020-02-06,0.9940014109556553,0.9901559143818155,0.003845496573839813
2020-02-07,0.9939479186587936,0.9900035556863764,0.003944362972417181
2020-02-10,0.9938621261612648,0.9899522498517235,0.003909876309541316
2020-02-11,0.9939914424192365,0.9899522498517237,0.004039192567512839
2020-02-12,0.994052777433682,0.9900594292592022,0.003993348174479827
2020-02-13,0.9940228585089791,0.9900908453489446,0.003932013160034442
2020-02-14,0.9939669849361534,0.9901553324979484,0.0038116524382050265
2020-02-18,0.9939669849361534,0.9904447895255689,0.0035221954105845166
2020-02-19,0.9936374712732468,0.9905881748502483,0.0030492964229984487
2020-02-20,0.9935655950568423,0.9904568333358464,0.003108761720995834
2020-02-21,0.9932447044556849,0.9899091029097442,0.003335601545940703
2020-02-24,0.9930761900337611,0.9896495648068263,0.0034266252269348207
2020-02-25,0.9927017767280965,0.9895061794821469,0.003195597245949533
2020-02-26,0.992676647630852,0.9895882297923813,0.0030884178384706917
2020-02-27,0.9928137459630333,0.9896876271256502,0.0031261188373831184
2020-02-28,0.992587998374925,0.9896876271256504,0.002900371249274558
2020-03-02,0.992349619569951,0.9894535074862567,0.0028961120836943355
2020-03-03,0.9925609861381571,0.9894535074862565,0.0031074786519006414
2020-03-04,0.99285860994267,0.989638034722006,0.0032205752206639904
2020-03-05,0.9929657893501486,0.9897751330541873,0.0031906562959612694
2020-03-06,0.9927812621143992,0.9895276697015148,0.003253592412884365
2020-03-09,0.9925885855855521,0.9893983534435431,0.003190232142008975
2020-03-10,0.9923771787942257,0.9895910299723902,0.002786148821835477
2020-03-11,0.9924943873814966,0.9895397241377372,0.002954663243759481
2020-03-12,0.9925427474353645,0.989629617165555,0.0029131302698095496
2020-03-13,0.9927497101505958,0.9891793197950487,0.0035703903555470706
2020-03-16,0.99287576044827,0.9888584291938914,0.004017331254378531
2020-03-17,0.99287576044827,0.9888584291938912,0.004017331254378753
2020-03-18,0.9929127264804091,0.9888584291938914,0.0040542972865176274
2020-03-19,0.9929620176845768,0.9887685361660737,0.004193481518503073
2020-03-20,0.9931472075153742,0.9888270131041489,0.004320194411225331
2020-03-23,0.9931946364189421,0.9887711395313232,0.004423496887618894
2020-03-24,0.992945622034189,0.9887412206066205,0.004204401427568505
2020-03-25,0.9931472075153742,0.9888270131041489,0.004320194411225331
2020-03-26,0.9928737458177848,0.9884787765358926,0.004394969281892203
2020-03-27,0.9928263169142166,0.9882446568964989,0.004581660017717759
2020-03-30,0.9925199568657163,0.9882446568964989,0.004275299969217383
2020-03-31,0.9925199568657163,0.988244656896499,0.004275299969217272
2020-04-01,0.9927824009364441,0.9883618654837698,0.00442053545267429
2020-04-02,0.9927037795423377,0.988514224179209,0.004189555363128705
2020-04-03,0.9923929754177423,0.9884583506063833,0.003934624811358978
2020-04-06,0.9927138660188997,0.988376300296149,0.00433756572275068
2020-04-07,0.9926194599451931,0.9879042357324489,0.0047152242127441735
2020-04-08,0.9926194599451931,0.9878221854222146,0.004797274522978512
2020-04-09,0.9929403505463507,0.9878221854222146,0.005118165124136098
2020-04-13,0.9926668888487612,0.9879341546571515,0.004732734191609689
2020-04-14,0.9924816990179637,0.9877728942180468,0.004708804799916866
2020-04-15,0.9922657556924718,0.9872027283124626,0.0050630273800091885
2020-04-16,0.9920670503720359,0.9873099077199412,0.0047571426520947035
2020-04-17,0.9915193199459335,0.9878421787525258,0.0036771411934076736
2020-04-20,0.9914474437295292,0.9883666423819834,0.0030808013475458473
2020-04-21,0.9912109480640787,0.9884365067650334,0.0027744412990453604
2020-04-22,0.9911867859571554,0.9882438302361861,0.0029429557209692536
2020-04-23,0.9914358003419085,0.9878694169305213,0.003566383411387153
2020-04-24,0.9914707105261739,0.9873942445052315,0.00407646602094236
2020-04-27,0.9917072061916243,0.9877488872653827,0.003958318926241655
2020-04-28,0.9918066035248934,0.9880857904058059,0.0037208131190874516
2020-04-29,0.991771693340628,0.9882784669346528,0.0034932264059751583
2020-04-30,0.9916214136940957,0.9881834734543584,0.0034379402397373138
2020-05-01,0.9914528992721721,0.9880149590324347,0.0034379402397373138
2020-05-04,0.9911320086710145,0.9878536985933302,0.00327831007768431
2020-05-05,0.991275393995694,0.9881746196021328,0.0031007743935611565
2020-05-06,0.9915244083804471,0.9886990832315906,0.0028253251488564723
2020-05-07,0.9917465642433837,0.9888110524665275,0.0029355117768562478
2020-05-08,0.9919078246824884,0.9890585158191999,0.002849308863288491
2020-05-11,0.991883662575565,0.9896188833956112,0.002264779179953824
2020-05-12,0.9913261857975803,0.9896862472016454,0.001639938595934809
2020-05-13,0.9914575273119821,0.9896862472016452,0.0017712801103368925
2020-05-14,0.9913895460684555,0.9898547616235691,0.0015347844448864167
2020-05-15,0.9912602298104838,0.9898547616235691,0.0014054681869146712
2020-05-18,0.9915441543795023,0.9897176632913877,0.0018264910881146124
2020-05-19,0.9914454196412812,0.9897176632913878,0.0017277563498934168
2020-05-20,0.9912543331275409,0.9897176632913877,0.0015366698361531927
2020-05-21,0.9912543331275409,0.9897176632913878,0.0015366698361530817
2020-05-22,0.9910060005271957,0.9895742779667082,0.001431722560487514
2020-05-26,0.9908746590127938,0.989956883383258,0.0009177756295357664
2020-05-27,0.9909426402563205,0.9903458457393189,0.0005967945170015643
2020-05-28,0.9912186616223652,0.9905941783396643,0.0006244832827008162
2020-05-29,0.9918886035199842,0.9910693507649542,0.000819252755030031
2020-06-01,0.9918886035199844,0.9910693507649542,0.0008192527550302531
2020-06-02,0.9918886035199842,0.9908436031768457,0.0010450003431384802
2020-06-03,0.9920571179419081,0.9911563442103456,0.0009007737315624986
2020-06-04,0.9921216050909119,0.991462704258846,0.0006589008320658785
2020-06-05,0.9917326427348508,0.991462704258846,0.00026993847600487175
2020-06-08,0.991609678647772,0.9913507350239091,0.00025894362386291725
2020-06-09,0.991609678647772,0.9914066085967348,0.0002030700510372574
2020-06-10,0.991609678647772,0.9914066085967349,0.00020307005103714637
2020-06-11,0.9915451914987683,0.9913780505833624,0.0001671409154059278
2020-06-12,0.9916681555858474,0.9914601008935967,0.00020805469225071427
2020-06-15,0.9917731028615129,0.9912487343253906,0.000524368536122255
2020-06-16,0.9916659234540341,0.9912487343253906,0.00041718912864352475
2020-06-17,0.9913682996495214,0.9909772844611555,0.0003910151883659285
2020-06-18,0.9913098227114465,0.9914950513009823,-0.0001852285895357353
2020-06-19,0.9916029341055889,0.9914391777281566,0.000163756377432267
2020-06-22,0.991795610634436,0.9915937860392033,0.00020182459523265806
2020-06-23,0.9917193652663864,0.9914866066317245,0.00023275863466187818
2020-06-24,0.9918856475564974,0.991513922191178,0.0003717253653194863
2020-06-25,0.9920541619784211,0.9917629365759311,0.00029122540249004736
2020-06-26,0.9919597559047147,0.9917629365759308,0.00019681932878390374
2020-06-29,0.9919597559047147,0.9916368862782567,0.000322869626458
2020-06-30,0.9919597559047147,0.9918590421411935,0.00010071376352127626
2020-07-01,0.9921039825162907,0.9921214862119212,-1.7503695630471938e-05
2020-07-02,0.9925542798867969,0.9920740573083533,0.00048022257844360094
2020-07-06,0.9925150005508865,0.9922900006338449,0.00022499991704161282
2020-07-07,0.9923080378356551,0.9922900006338449,1.8037201810261472e-05
2020-07-08,0.9921908292483842,0.9924446089448916,-0.00025377969650741683
2020-07-09,0.9921908292483842,0.9925565781798285,-0.00036574893144425413
2020-07-10,0.9922670746164336,0.9924305278821546,-0.00016345326572098084
2020-07-13,0.992019611263761,0.9921096372809972,-9.002601723617776e-05
2020-07-14,0.9918510968418374,0.9921954297785256,-0.00034433293668822973
2020-07-15,0.9915302062406799,0.9922489220753872,-0.0007187158347072842
2020-07-16,0.9915302062406799,0.9924437623788706,-0.0009135561381906632
2020-07-17,0.9913868209160004,0.9924437623788706,-0.0010569414628701645
2020-07-20,0.9915632772999411,0.9924437623788706,-0.0008804850789294605
2020-07-21,0.9917890248880495,0.9922409283610371,-0.00045190347298751377
2020-07-22,0.991749745552139,0.9916991618954337,5.058365670529419e-05
2020-07-23,0.9916184040377372,0.9915139720646363,0.00010443197310083807
2020-07-24,0.9916641063138639,0.9919376765744687,-0.00027357026060481626
2020-07-27,0.991925541512711,0.9919961535125439,-7.061199983293687e-05
2020-07-28,0.992051591810385,0.9921717962138624,-0.00012020440347737527
2020-07-29,0.9920185207511237,0.9921418772891595,-0.00012335653803574598
2020-07-30,0.9920939886926999,0.9922406120273806,-0.00014662333468062894
2020-07-31,0.9924727935597744,0.9922679275868338,0.00020486597294055997
2020-08-03,0.992518495835901,0.992101645296723,0.0004168505391780597
2020-08-04,0.9925534060201664,0.9923992691012359,0.00015413691893051418
2020-08-05,0.9923358615921966,0.9924778904953421,-0.00014202890314551908
2020-08-06,0.9919468992361358,0.9925313827922038,-0.000584483556067994
2020-08-07,0.9918770348530858,0.9925586983516572,-0.0006816634985714609
2020-08-10,0.9920534912370265,0.992558698351657,-0.0005052071146305348
2020-08-11,0.9922065485159924,0.9924153130269776,-0.00020876451098517101
2020-08-12,0.9925955108720532,0.9922204727234946,0.0003750381485586596
2020-08-13,0.9926653752551033,0.9921931571640411,0.00047221809106223755
2020-08-14,0.9923939253908681,0.9921931571640411,0.00020076822682701945
2020-08-17,0.9922757782961676,0.9921931571640411,8.262113212653688e-05
2020-08-18,0.9919694182476673,0.9922516341021163,-0.0002822158544489861
2020-08-19,0.9920412944640715,0.9921957605292906,-0.00015446606521907214
2020-08-20,0.9920151177266631,0.9921957605292906,-0.00018064280262752863
2020-08-21,0.9920151177266631,0.9922951578625596,-0.0002800401358965532
2020-08-24,0.9919425597258505,0.9926790500568183,-0.0007364903309677873
2020-08-25,0.9917446028041267,0.9924734884307973,-0.0007288856266706167
2020-08-26,0.991981098469577,0.99202651712432,-4.541865474294582e-05
2020-08-27,0.9917446028041267,0.9919315236440257,-0.00018692083989901853
2020-08-28,0.9915783205140158,0.9915349270219017,4.3393492114129906e-05
2020-08-31,0.9912133329034689,0.9914814347250398,-0.00026810182157088747
2020-09-01,0.9915566589841084,0.9912473150856461,0.0003093438984622665
2020-09-02,0.9916352803782146,0.9913152963291725,0.0003199840490420991
2020-09-03,0.9915702441621483,0.991510136632656,6.0107529492370304e-05
2020-09-04,0.9916689789003691,0.9917215434239823,-5.256452361324104e-05
2020-09-08,0.9916689789003692,0.9911797769583792,0.0004892019419899807
2020-09-09,0.9915396626423975,0.9907552698151784,0.0007843928272190936
2020-09-10,0.9910073149616572,0.9907279542557251,0.0002793607059320413
2020-09-11,0.9909840481650123,0.9908229477360195,0.00016110042899275534
2020-09-14,0.9910723511777233,0.9910594434014699,1.2907776253401337e-05
2020-09-15,0.9912980987658317,0.9909695503736522,0.0003285483921795507
2020-09-16,0.9910266489015966,0.9909433736362437,8.327526535290009e-05
2020-09-17,0.9909194694941179,0.9911817524412176,-0.00026228294709973454
2020-09-18,0.990919469494118,0.9913662796769671,-0.0004468101828490889
2020-09-21,0.9904474049304176,0.9914483299872012,-0.0010009250567836192
2020-09-22,0.9906839005958682,0.9915382230150187,-0.0008543224191505105
2020-09-23,0.9903962886596129,0.9914121727173446,-0.0010158840577316752
2020-09-24,0.9903047627466554,0.9914847307181569,-0.0011799679715015499
2020-09-25,0.9903047627466554,0.9915746237459746,-0.00126986099931925
2020-09-28,0.9905333869917942,0.992219173712607,-0.0016857867208128763
2020-09-29,0.9904167319815924,0.9925030982816253,-0.0020863663000328936
2020-09-30,0.9904660231857602,0.9928775115872902,-0.0024114884015300486
2020-10-01,0.9904660231857602,0.9929310038841519,-0.002464980698391739
2020-10-02,0.9906094085104395,0.9925314614812428,-0.0019220529708032785
2020-10-05,0.990515002436733,0.9924320641479738,-0.0019170617112408417
2020-10-06,0.990659229048309,0.9923060138502995,-0.0016467848019904308
2020-10-07,0.9903857673507196,0.9923311429475441,-0.0019453755968245057
2020-10-08,0.9899669649721955,0.9922752693747183,-0.0023083044025228316
2020-10-09,0.9901685504533808,0.9921067549527944,-0.0019382044994136205
2020-10-12,0.9900565812184436,0.9922360712107662,-0.0021794899923225364
2020-10-13,0.9898406378929518,0.9924376566919515,-0.0025970187989996507
2020-10-14,0.9899321638059092,0.992411479954543,-0.0024793161486338366
2020-10-15,0.989853542411803,0.9924649722514047,-0.00261142983960172
2020-10-16,0.989331740244052,0.9925643695846738,-0.00323262934062174
2020-10-19,0.9894103616381582,0.9926815781719449,-0.0032712165337867027
2020-10-20,0.9892087761569732,0.9924055568059,-0.0031967806489268114
2020-10-21,0.9890976206046583,0.9923496832330742,-0.0032520626284158194
2020-10-22,0.9889027803011753,0.9922125849008928,-0.003309804599717525
2020-10-23,0.9889027803011751,0.9922125849008927,-0.003309804599717636
2020-10-26,0.9893070472476325,0.9922377139981373,-0.0029306667505047956
2020-10-27,0.9899722347400628,0.9921383166648681,-0.0021660819248052743
2020-10-28,0.9896658746915622,0.992026347429931,-0.002360472738368813
2020-10-29,0.9899373245557974,0.9916781108616749,-0.0017407863058774842
2020-10-30,0.9897008288903469,0.9915661416267377,-0.0018653127363907895
2020-11-02,0.9892518332024656,0.9914048811876331,-0.0021530479851675777
2020-11-03,0.9893031390371182,0.9913330049712289,-0.0020298659341106973
2020-11-04,0.989388931534647,0.9913330049712289,-0.0019440734365818724
2020-11-05,0.9896273103396207,0.9913015888814863,-0.001674278541865637
2020-11-06,0.989822150643104,0.9912764597842421,-0.0014543091411380882
2020-11-09,0.9897576634941003,0.9912450436944995,-0.0014873802003991798
2020-11-10,0.9894207603536772,0.9910765292725757,-0.0016557689188985147
2020-11-11,0.9897194763950263,0.9909693498650971,-0.0012498734700707725
2020-11-12,0.9898697560415586,0.9909693498650971,-0.001099593823538525
2020-11-13,0.9899460014096079,0.99085738063016,-0.0009113792205521776
2020-11-16,0.9896845662107607,0.9909944789623414,-0.0013099127515806552
2020-11-17,0.9895901601370544,0.9911924358840655,-0.001602275747011106
2020-11-18,0.9893560404976607,0.9911924358840655,-0.0018363953864047877
2020-11-19,0.9890825788000712,0.9911066433865371,-0.002024064586465868
2020-11-20,0.9890825788000712,0.9911066433865371,-0.002024064586465868
2020-11-23,0.9892037490177742,0.9909381289646131,-0.0017343799468388932
2020-11-24,0.9890917797828371,0.9911066433865371,-0.0020148636036999568
2020-11-25,0.989069344303355,0.9915087150502558,-0.0024393707469008152
2020-11-27,0.989069344303355,0.9919082574531651,-0.0028389131498101072
2020-11-30,0.9887978944391199,0.9915480875160971,-0.0027501930769772143
2020-12-01,0.9890048571543514,0.9913465020349123,-0.002341644880560878
2020-12-02,0.989302480958864,0.9909227975250796,-0.0016203165662156405
2020-12-03,0.9890048571543513,0.9911988188911245,-0.00219396173677322
2020-12-04,0.989054148358519,0.9911988188911247,-0.002144670532605697
2020-12-07,0.9889591548782247,0.9909498045063714,-0.001990649628146657
2020-12-08,0.9887334072901163,0.9908984986717186,-0.0021650913816023687
2020-12-09,0.9890767333707557,0.990852796395592,-0.0017760630248362386
2020-12-10,0.9890525712638324,0.9908035051914242,-0.0017509339275918467
2020-12-11,0.9890525712638324,0.990914660743739,-0.0018620894799066257
2020-12-14,0.988915472931651,0.9909909061117885,-0.002075433180137476
2020-12-15,0.9889647641358188,0.9907302483394148,-0.0017654842035960128
2020-12-16,0.9890675476368483,0.9906121012447142,-0.0015445536078658728
2020-12-17,0.9890899831163301,0.9903756055792637,-0.0012856224629336221
2020-12-18,0.9890675476368483,0.9900106179687168,-0.0009430703318684674
2020-12-21,0.9889949896360357,0.9897622853683719,-0.0007672957323361373
2020-12-22,0.9889231134196315,0.9895257897029213,-0.0006026762832898047
2020-12-23,0.9891246989008168,0.9892633456321935,-0.00013864673137675698
2020-12-24,0.9889025430378803,0.989683724077997,-0.0007811810401167074
2020-12-28,0.9885237381708057,0.9900768461930527,-0.0015531080222469518
2020-12-29,0.9881957165923979,0.9902271258395849,-0.0020314092471870326
2020-12-30,0.9879781721644284,0.9903139272089941,-0.002335755044565735
2020-12-31,0.9876805483599155,0.9903139272089941,-0.0026333788490786603
2021-01-04,0.9881033217194478,0.9904824416309179,-0.0023791199114701067
2021-01-05,0.9885494903925564,0.9905265386403074,-0.001977048247751023
2021-01-06,0.9884708689984502,0.990102834130475,-0.001631965132024793
2021-01-07,0.9882225363981052,0.9902240043481779,-0.0020014679500727217
2021-01-08,0.9879884167587115,0.9901290108678834,-0.0021405941091718894
2021-01-11,0.9882541618582695,0.9897994972049766,-0.0015453353467070885
2021-01-12,0.988279290955514,0.9896238545036581,-0.001344563548144051
2021-01-13,0.9880078410912788,0.9898352210718644,-0.001827379980585575
2021-01-14,0.9878785248333071,0.9899070972882686,-0.0020285724549615747
2021-01-15,0.9881848848818074,0.9897385828663445,-0.0015536979845370835
2021-01-19,0.9881391826056807,0.9896453231697186,-0.0015061405640379721
2021-01-20,0.9882110588220854,0.9896154042450159,-0.001404345422930553
2021-01-21,0.9883371395274049,0.9898005940758137,-0.0014634545484087935
2021-01-22,0.9887392111911238,0.9898462963519404,-0.00110708516081659
2021-01-25,0.9886917822875559,0.9893218327224826,-0.0006300504349266989
2021-01-26,0.9888099293822564,0.9890379081534643,-0.00022797877120783738
2021-01-27,0.9888099293822566,0.9889521156559357,-0.0001421862736790125
2021-01-28,0.9886838486769369,0.9888169542326588,-0.00013310555572187965
2021-01-29,0.9888866826947704,0.9886099915174275,0.0002766911773429692
2021-02-01,0.9889341115983384,0.9884927829301565,0.0004413286681819173
2021-02-02,0.9887989501750616,0.9887542181290034,4.4732046058149066e-05
2021-02-03,0.9885506175747166,0.9888893795522807,-0.000338761977564106
2021-02-04,0.9887871132401671,0.9890506399913851,-0.00026352675121799063
2021-02-05,0.9890354458405121,0.9891119750058304,-7.652916531830645e-05
2021-02-08,0.9887478339042565,0.9886368025805404,0.00011103132371603763
2021-02-09,0.9889242902881972,0.9883984237755666,0.0005258665126305351
2021-02-10,0.9889242902881972,0.988820103903995,0.00010418638420217619
2021-02-11,0.9890250494078225,0.9890216893851799,3.3600226426733215e-06
2021-02-12,0.9889488040397731,0.9895918552907643,-0.0006430512509911779
2021-02-16,0.9892364159760284,0.9897352406154436,-0.0004988246394151963
2021-02-17,0.9895797420566678,0.9902530074552706,-0.0006732653986027959
2021-02-18,0.9897911086248738,0.9902305719757885,-0.000439463350914604
2021-02-19,0.9899541553623324,0.9906775432822658,-0.000723387919933316
2021-02-22,0.9897665948732981,0.9901381149125312,-0.0003715200392331308
2021-02-23,0.9900149274736433,0.989953587676782,6.133979686129276e-05
2021-02-24,0.9903937323407176,0.990152292997218,0.0002414393434996276
2021-02-25,0.990537117665397,0.9903368202329674,0.00020029743242955256
2021-02-26,0.9902770773305158,0.9907388918966864,-0.0004618145661705597
2021-03-01,0.9902016093889396,0.9909995496690601,-0.0007979402801204794
2021-03-02,0.9902741673897522,0.9912709995332953,-0.0009968321435431804
2021-03-03,0.9900830808760115,0.9912709995332953,-0.0011879186572838485
2021-03-04,0.9900598140793668,0.9915586114695506,-0.0014987973901837703
2021-03-05,0.989783792713322,0.9917248937596617,-0.0019411010463397105
2021-03-08,0.989783792713322,0.9917967699760659,-0.0020129772627439646
2021-03-09,0.9899689825441196,0.9917967699760659,-0.0018277874319463372
2021-03-10,0.9900415405449319,0.9919812972118152,-0.0019397566668832855
2021-03-11,0.990129843557643,0.9920064263090598,-0.0018765827514167777
2021-03-12,0.9906301450801772,0.9918218990733103,-0.0011917539931330934
2021-03-15,0.9908558926682857,0.9913215975507759,-0.00046570488249020325
2021-03-16,0.9909172276827307,0.9909389921342262,-2.1764451495487336e-05
2021-03-17,0.9908920985854865,0.9906413683297135,0.0002507302557730462
2021-03-18,0.9910606130074102,0.9905740045236792,0.0004866084837310547
2021-03-19,0.9910606130074104,0.9905740045236792,0.00048660848373127674
2021-03-22,0.9910606130074102,0.9905740045236792,0.0004866084837310547
2021-03-23,0.9914833863669429,0.9905740045236792,0.0009093818432637235
2021-03-24,0.9918526674296134,0.9909109076641026,0.0009417597655108079
2021-03-25,0.9919019586337812,0.9909109076641024,0.000991050969678775
2021-03-26,0.9921241144967177,0.9909109076641026,0.0012132068326150547
2021-03-29,0.992355142477703,0.990942323753845,0.0014128187238580114
2021-03-30,0.9928462107935697,0.990582153816777,0.002264056976792772
2021-03-31,0.9927743345771652,0.9904387684920974,0.0023355660850677973
2021-04-01,0.992426098008909,0.9904946420649235,0.0019314559439854717
2021-04-05,0.9923768068047414,0.9909425445217003,0.00143426228304111
2021-04-06,0.9926528281707862,0.9911270717574497,0.0015257564133364099
2021-04-07,0.9924352837428165,0.9914146836937053,0.0010206000491111977
2021-04-08,0.9928140886098908,0.9916404312818136,0.0011736573280772822
2021-04-09,0.9929719628812351,0.9919613522906163,0.001010610590618799
2021-04-12,0.9931977104693436,0.9920434026008508,0.0011543078684927988
2021-04-13,0.9933747542598721,0.9923168642984402,0.001057889961431857
2021-04-14,0.9936874952933719,0.99231686429844,0.001370630994931843
2021-04-15,0.9939365096781251,0.9923168642984402,0.001619645379684842
2021-04-16,0.9939034386188639,0.99231686429844,0.0015865743204238614
2021-04-19,0.9939307541783171,0.9922883062850678,0.0016424478932492992
2021-04-20,0.9937804745317849,0.9925497414839148,0.0012307330478700251
2021-04-21,0.9936992934692233,0.9925497414839148,0.0011495519853084168
2021-04-22,0.9939008789504085,0.9923994618373826,0.0015014171130258713
2021-04-23,0.9937779148633297,0.9921155372683643,0.0016623775949653474
2021-04-26,0.9938109859225909,0.9915338983834561,0.0022770875391348033
2021-04-27,0.9939281945098619,0.991778634127941,0.002149560381920934
2021-04-28,0.9939543712472704,0.9919228607395172,0.002031510507753187
2021-04-29,0.9939281945098619,0.9919577709237823,0.0019704235860795727
2021-04-30,0.993876888675209,0.991814385599103,0.0020625030761060037
2021-05-03,0.9940062049331809,0.991838547706026,0.002167657227154951
2021-05-04,0.9935825004233483,0.9919557562932971,0.0016267441300511498
2021-05-05,0.9933210652245011,0.9916822945957076,0.0016387706287935844
2021-05-06,0.9931859038012243,0.9917467817447114,0.0014391220565128648
2021-05-07,0.9935825004233483,0.9919581483129175,0.0016243521104307712
2021-05-10,0.9935266268505226,0.9920568830511384,0.0014697437993842488
2021-05-11,0.9936579683649245,0.9919126564395623,0.001745311925362203
2021-05-12,0.9936066625302714,0.9916316768980041,0.0019749856322672787
2021-05-13,0.9937138419377501,0.9915329421597833,0.0021808997779668715
2021-05-14,0.9938082480114567,0.9916115635538896,0.002196684457567155
2021-05-17,0.9939202172463937,0.991701456581707,0.0022187606646866254
2021-05-18,0.9938174337453641,0.9913468138215561,0.0024706199238080373
2021-05-19,0.994079877816092,0.9914326063190843,0.0026472714970077194
2021-05-20,0.9940537010786834,0.9914939413335297,0.002559759745153656
2021-05-21,0.9942516580004074,0.991719688921638,0.0025319690787694027
2021-05-24,0.9944692024283771,0.9917196889216382,0.00274951350673891
2021-05-25,0.9944157101315154,0.991418445870039,0.0029972642614763956
2021-05-26,0.9942927460444366,0.9912871043556369,0.0030056416887996873
2021-05-27,0.9944157101315154,0.9914483647947417,0.0029673453367736746
2021-05-28,0.9944741870695906,0.9917470808360909,0.0027271062334996987
2021-06-01,0.9944456290562181,0.9918189570524952,0.0026266720037229074
2021-06-02,0.994252952527371,0.991520241011146,0.002732711516225006
2021-06-03,0.9945289738934157,0.9914344485136174,0.003094525379798263
2021-06-04,0.9945004158800435,0.9913132782959148,0.0031871375841286964
2021-06-07,0.9944704969553407,0.9912891161889914,0.0031813807663493288
2021-06-08,0.9946461396566593,0.9909914923844785,0.0036546472721807888
2021-06-09,0.9946210105594149,0.9906706192671157,0.003950391292299127
2021-06-10,0.9947895249813387,0.9906032554610819,0.004186269520256802
2021-06-11,0.9948649929229149,0.9909820603281562,0.0038829325947586923
2021-06-14,0.9949822015101857,0.9912458661852399,0.003736335324945772
2021-06-15,0.9947600456472492,0.9912828322173788,0.003477213429870396
2021-06-16,0.9948772542345201,0.9915193278828294,0.003357926351690743
2021-06-17,0.9951648661707758,0.9918402010001923,0.003324665170583496
2021-06-18,0.9949489228452838,0.9918663777376007,0.0030825451076831323
2021-06-21,0.9950992024918162,0.9915174169525159,0.0035817855393002196
2021-06-22,0.9951291214165189,0.9916285725048307,0.0035005489116881616
2021-06-23,0.9949235597904976,0.9919978535675015,0.0029257062229961495
2021-06-24,0.9946621245916504,0.9917354094967739,0.0029267150948765197
2021-06-25,0.994756530665357,0.9912633449330734,0.0034931857322835214
2021-06-28,0.9949724739908488,0.9915257890038013,0.003446684987047477
2021-06-29,0.9952758109163471,0.9918747497888859,0.0034010611274611913
2021-06-30,0.9951900184188185,0.9919306233617118,0.0032593950571067065
2021-07-01,0.9954776303550742,0.9921158131925093,0.003361817162564895
2021-07-02,0.9953342450303946,0.992426617317105,0.0029076277132895623
2021-07-06,0.9951586023290762,0.9924565362418077,0.0027020660872684177
2021-07-07,0.9950413937418052,0.9924565362418077,0.002584857499997484
2021-07-08,0.9948867854307585,0.9921025920651835,0.002784193365575005
2021-07-09,0.9947365057842262,0.9919115055514429,0.0028250002327833146
2021-07-12,0.9948436851917049,0.9921063458549262,0.002737339336778666
2021-07-13,0.9950658410546416,0.9922244929496267,0.002841348105014907
2021-07-14,0.9952414837559601,0.9920666186782826,0.0031748650776775023
2021-07-15,0.9956016536930278,0.9921979601926846,0.0034036935003431967
2021-07-16,0.9956915467208455,0.992224136930093,0.0034674097907524404
2021-07-19,0.9957474202936712,0.9922241369300929,0.0035232833635783223
2021-07-20,0.995603193682095,0.9921478915620433,0.0034553021200517398
2021-07-21,0.995656685978957,0.9923330813928412,0.0033236045861158026
2021-07-22,0.9957387362891912,0.9924093267608904,0.003329409528300742
2021-07-23,0.9958436835648566,0.9925464250930718,0.0032972584717848585
2021-07-26,0.9960658394277934,0.9922336840595721,0.003832155368221235
2021-07-27,0.996227099866898,0.9920484942287743,0.004178605638123667
2021-07-28,0.9959787672665532,0.9920484942287745,0.003930273037778709
2021-07-29,0.9957566114036165,0.9920484942287743,0.003708117174842207
2021-07-30,0.9957851694169889,0.9920484942287743,0.003736675188214633
2021-08-02,0.9956952763891712,0.9923974550138591,0.0032978213753120933
2021-08-03,0.9956417840923094,0.9923625448295937,0.003279239262715672
2021-08-04,0.9957647481793882,0.9922631474963248,0.0035016006830633772
2021-08-05,0.995731677120127,0.9921318059819227,0.003599871138204258
2021-08-06,0.9956087130330482,0.9921032479685503,0.0035054650644978924
2021-08-09,0.9954138727295649,0.9922788906698691,0.0031349820596958677
2021-08-10,0.9956360285925017,0.9921930981723404,0.0034429304201613053
2021-08-11,0.9957794139171809,0.9924537559447141,0.0033256579724668667
2021-08-12,0.9957794139171809,0.9926168026821729,0.0031626112350080504
2021-08-13,0.995377342253462,0.9926168026821729,0.002760539571289078
2021-08-16,0.9950646012199619,0.9925906259447644,0.0024739752751974375
2021-08-17,0.9949927250035575,0.9923679263844201,0.0026247986191374473
2021-08-18,0.995025796062819,0.9923964843977926,0.002629311665026446
2021-08-19,0.9948396677245916,0.9924549613358675,0.0023847063887241227
2021-08-20,0.994749774696774,0.9922886790457567,0.0024610956510172644
2021-08-23,0.994801080531427,0.992643321805908,0.0021577587255190434
2021-08-24,0.9947475882345651,0.9927253721161421,0.0020222161184230147
2021-08-25,0.9945092094295912,0.9927253721161421,0.0017838373134491103
2021-08-26,0.9943105041091551,0.9924283239705225,0.0018821801386326165
2021-08-27,0.994400397136973,0.9922086794434096,0.002191717693563411
2021-08-30,0.994400397136973,0.9923080767766788,0.0020923203602942753
2021-08-31,0.9942774330498939,0.9924743590667894,0.0018030739831045306
2021-09-01,0.9944137964153019,0.992388566569261,0.0020252298460409213
2021-09-02,0.9946752316141492,0.9924879639025302,0.002187267711618923
2021-09-03,0.9945580230268781,0.9925737564000586,0.0019842666268194975
2021-09-07,0.9945294650135058,0.9924743590667894,0.002055105946716429
2021-09-08,0.9946013412299103,0.9921710221412913,0.002430319088619015
2021-09-09,0.9944510615833778,0.991856026986545,0.002595034596832857
2021-09-10,0.9942027289830326,0.9916897446964343,0.0025129842865982965
2021-09-13,0.9943146982179698,0.9917946919720998,0.00252000624587001
2021-09-14,0.9944376623050487,0.9915581963066491,0.0028794659983996107
2021-09-15,0.9942713800149379,0.9915212302745102,0.002750149740427643
2021-09-16,0.9939344768745146,0.9911843271340871,0.002750149740427532
2021-09-17,0.9936730416756675,0.9912402007069129,0.0024328409687546237
2021-09-20,0.993700357235121,0.9917607574876806,0.0019395997474404014
2021-09-21,0.9936444836622951,0.9921097182727653,0.0015347653895297908
2021-09-22,0.9936937748664628,0.9922410597871671,0.0014527150792956744
2021-09-23,0.9939552100653098,0.9922410597871671,0.001714150278142701
2021-09-24,0.9936518731398118,0.9921466537134608,0.0015052194263510676
2021-09-27,0.9937077467126375,0.9920567606856431,0.0016509860269944276
2021-09-28,0.9936397654691107,0.9922516009891262,0.0013881644799844661
2021-09-29,0.9936397654691109,0.9922516009891262,0.0013881644799846882
2021-09-30,0.9933783302702639,0.9921202594747244,0.0012580707955395232
2021-10-01,0.9932884372424461,0.9922146655484307,0.0010737716940153463
2021-10-04,0.9931570957280444,0.9922760005628761,0.0008810951651683219
2021-10-05,0.9931832724654529,0.9920153427905023,0.0011679296749506074
2021-10-06,0.9931570957280442,0.991820502487019,0.0013365932410251968
2021-10-07,0.9930713032305158,0.9916440461030783,0.00142725712743752
2021-10-08,0.9928553599050242,0.9912677159338869,0.0015876439711373092
2021-10-11,0.9928302308077795,0.9913990574482887,0.0014311733594908338
2021-10-12,0.9926537744238388,0.9916581790302093,0.0009955953936295892
2021-10-13,0.9925365658365679,0.9918946746956597,0.0006418911409081796
2021-10-14,0.9925034947773066,0.9923580051313902,0.0001454896459164301
2021-10-15,0.9926537744238388,0.9928041738044988,-0.00015039938065997127
2021-10-18,0.9924685845930412,0.9931410769449219,-0.0006724923518807158
2021-10-19,0.9927050802584918,0.9931410769449217,-0.00043599668642990697
2021-10-20,0.9929337045036304,0.9931410769449217,-0.00020737244129132026
2021-10-21,0.9926953256986565,0.9929832026735776,-0.00028787697492116404
2021-10-22,0.9928134727933573,0.9930826000068467,-0.00026912721348937296
2021-10-25,0.992780401734096,0.9931470871558504,-0.0003666854217544424
2021-10-26,0.9928118178238385,0.992921339567742,-0.00010952174390344016
2021-10-27,0.9930187805390699,0.9931440391280866,-0.00012525858901668574
2021-10-28,0.9930187805390699,0.99338241793306,-0.00036363739399014605
2021-10-29,0.9930187805390699,0.9933824179330603,-0.0003636373939903681
2021-11-01,0.993100830849304,0.99338241793306,-0.0002815870837560297
2021-11-02,0.9932853580850535,0.9935937845012661,-0.0003084264162126482
2021-11-03,0.9932853580850535,0.993494387167997,-0.00020902908294351263
2021-11-04,0.9933552224681033,0.9934943871679972,-0.00013916469989394553
2021-11-05,0.9933290457306948,0.9937165430309338,-0.00038749730023901474
2021-11-08,0.9929464403141451,0.9938668226774661,-0.0009203823633209263
2021-11-09,0.993259181347645,0.9939567157052835,-0.0006975343576385296
2021-11-10,0.9931866233468328,0.9940425082028121,-0.0008558848559793164
2021-11-11,0.9932724158443612,0.9940075980185468,-0.0007351821741855558
2021-11-12,0.9930610492761551,0.9939462630041017,-0.0008852137279465877
2021-11-15,0.9930348725387464,0.9939462630041015,-0.0009113904653550442
2021-11-16,0.9933643862016532,0.9938091646719204,-0.00044477847026713757
2021-11-17,0.9931422303387166,0.9935591495521225,-0.00041691921340591964
2021-11-18,0.9933370706422,0.9932615257476098,7.554489459016267e-05
2021-11-19,0.9930075569792932,0.9930666854441264,-5.912846483313583e-05
2021-11-22,0.9927340952817038,0.9927633485186282,-2.9253236924486892e-05
2021-11-23,0.9926554738875977,0.9928532415464459,-0.00019776765884826908
2021-11-24,0.9926816506250059,0.9931032566662437,-0.00042160604123775425
2021-11-26,0.9924746879097748,0.9931346727559862,-0.0006599848462114366
2021-11-29,0.9927361231086217,0.9929576289654576,-0.00022150585683589075
2021-11-30,0.9926642468922172,0.9925974590283896,6.678786382763313e-05
2021-12-01,0.9922647044893081,0.9922765380195868,-1.1833530278670956e-05
2021-12-02,0.9922361464759359,0.9923158173554971,-7.96708795611778e-05
2021-12-03,0.9924985905466636,0.9925137742772213,-1.5183730557755126e-05
2021-12-06,0.9922009667421509,0.9923285844464237,-0.00012761770427283103
2021-12-07,0.9920148384039237,0.9923285844464235,-0.0003137460424997851
2021-12-08,0.9916404250982589,0.9920944648070298,-0.0004540397087708925
2021-12-09,0.9914975933506486,0.992152941745105,-0.0006553483944564675
2021-12-10,0.9916638756407592,0.9923142021842097,-0.0006503265434505412
2021-12-13,0.9912894623350947,0.9924371662712886,-0.0011477039361939
2021-12-14,0.9910839007090733,0.9926223561020863,-0.0015384553930130052
2021-12-15,0.9909666921218023,0.9927217534353553,-0.0017550613135529636
2021-12-16,0.9913709590682598,0.9927217534353553,-0.0013507943670955092
2021-12-17,0.991519444845416,0.9927503114487276,-0.00123086660331162
2021-12-20,0.9915779217834912,0.9927802303734302,-0.0012023085899389718
2021-12-21,0.9915165867690457,0.9927802303734303,-0.001263643604384579
2021-12-22,0.9912908391809375,0.9931011209745878,-0.0018102817936502813
2021-12-23,0.9911836597734588,0.9932589952459321,-0.002075335472473294
2021-12-27,0.9909780981474374,0.9932589952459321,-0.002280897098494661
2021-12-28,0.9907470701664522,0.9933203302603774,-0.0025732600939251116
2021-12-29,0.991044693970965,0.9933534013196387,-0.002308707348673722
2021-12-30,0.991044693970965,0.9931820075939469,-0.0021373136229819734
2021-12-31,0.9908595041401673,0.9932433426083923,-0.002383838468224986
2022-01-03,0.9907475349052305,0.9931321870560773,-0.002384652150846822
2022-01-04,0.9911712394150628,0.9933497314840473,-0.002178492068984461
2022-01-05,0.9914447011126525,0.9932267673969682,-0.0017820662843157642
2022-01-06,0.9913548080848348,0.9934038111874969,-0.0020490031026620947
2022-01-07,0.9912632821718774,0.9935351527018987,-0.002271870530021314
2022-01-10,0.9912632821718774,0.9935351527018987,-0.002271870530021314
2022-01-11,0.9912632821718774,0.9935351527018987,-0.002271870530021314
2022-01-12,0.9914581224753606,0.9935351527018987,-0.002077030226538157
2022-01-13,0.9912097898750155,0.9935351527018987,-0.002325362826883226
2022-01-14,0.9915307108838186,0.9935351527018987,-0.002004441818080127
2022-01-18,0.9912546895177735,0.993032542930258,-0.001777853412484487
2022-01-19,0.9914125637891178,0.9927960472648075,-0.0013834834756897285
2022-01-20,0.991283247531146,0.9927375703267324,-0.001454322795586327
2022-01-21,0.9913367398280079,0.9926203617394612,-0.0012836219114533698
2022-01-24,0.9912918401852497,0.9925154144637957,-0.0012235742785459136
2022-01-25,0.9916913825881589,0.9924399465222195,-0.000748563934060531
2022-01-26,0.991902749156365,0.9926811210950134,-0.0007783719386483812
2022-01-27,0.9918328847733149,0.992779855833234,-0.0009469710599191439
2022-01-28,0.9916467564350878,0.9929240824448102,-0.0012773260097224126
2022-01-31,0.9915534967384618,0.9928429013822486,-0.0012894046437867956
2022-02-01,0.9916828129964338,0.9929931810287809,-0.0013103680323470757
2022-02-02,0.9916828129964336,0.9929347040907057,-0.0012518910942721506
2022-02-03,0.9914841076759977,0.9925763209306411,-0.0010922132546433705
2022-02-04,0.9912366443233253,0.9927375813697457,-0.001500937046420403
2022-02-07,0.9911917446805674,0.9927114046323372,-0.0015196599517698361
2022-02-08,0.9916145180400997,0.9931747350680676,-0.0015602170279679362
2022-02-09,0.9921055863559664,0.9933432494899913,-0.0012376631340249578
2022-02-10,0.9923770362202012,0.9937511388811334,-0.001374102660932186
2022-02-11,0.9925063524781732,0.993912399320238,-0.001406046842064801
2022-02-14,0.9922303311121283,0.993912399320238,-0.0016820682081096772
2022-02-15,0.9921445386146,0.993912399320238,-0.001767860705638058
2022-02-16,0.9918317975811001,0.9940985276584652,-0.002266730077365109
2022-02-17,0.9920477409065916,0.994071212099012,-0.002023471192420301
2022-02-18,0.9921122280555955,0.993948248011933,-0.0018360199563375312
2022-02-22,0.9919950194683245,0.9937117523464825,-0.0017167328781579894
2022-02-23,0.9919950194683245,0.993855137671162,-0.0018601182028374907
2022-02-24,0.992080811965853,0.9937557403378929,-0.0016749283720399744
2022-02-25,0.9921989590605537,0.9937557403378929,-0.0015567812773392697
2022-02-28,0.9924103256287595,0.9938116139107188,-0.0014012882819592898
2022-03-01,0.9925214811810745,0.9941010709383392,-0.0015795897572646878
2022-03-02,0.9925773547539002,0.9941595478764144,-0.001582193122514175
2022-03-03,0.9924135837996129,0.9942681143991664,-0.0018545305995535388
2022-03-04,0.9923622779649601,0.9944052127313477,-0.0020429347663876163
2022-03-07,0.9924273141810264,0.9945978892601947,-0.002170575079168291
2022-03-08,0.9923374211532089,0.9946537628330208,-0.002316341679811873
2022-03-09,0.9925715407926026,0.9945952858949454,-0.002023745102342822
2022-03-10,0.9925366306083372,0.9947064414472604,-0.002169810838923203
2022-03-11,0.9927314709118205,0.9946505678744347,-0.001919096962614275
2022-03-14,0.9926103006941177,0.9947018737090875,-0.002091573014969761
2022-03-15,0.9926637929909794,0.9948597479804318,-0.0021959549894523533
2022-03-16,0.9928586332944627,0.9951473599166872,-0.0022887266222245684
2022-03-17,0.9931619702199608,0.9951188019033148,-0.0019568316833540322
2022-03-18,0.9932518632477785,0.9949894856453428,-0.0017376223975643645
2022-03-21,0.9928056945746699,0.9948138429440245,-0.00200814836935459
2022-03-22,0.9928955876024876,0.9947018737090875,-0.0018062861065998304
2022-03-23,0.9928955876024876,0.9947018737090876,-0.0018062861065999414
2022-03-24,0.9928397140296618,0.9945647753769059,-0.00172506134724415
2022-03-25,0.9927083725152599,0.9944893074353301,-0.001780934920070254
2022-03-28,0.9925156959864128,0.9945750999328583,-0.0020594039464455483
2022-03-29,0.9923984873991417,0.9947806615588797,-0.0023821741597379598
2022-03-30,0.9927265089775497,0.9947436955267406,-0.002017186549190919
2022-03-31,0.9929116988083472,0.9945488552232573,-0.0016371564149101347
2022-04-01,0.993336205951548,0.9946801967376594,-0.0013439907861113598
2022-04-04,0.9935836693042207,0.994594404240131,-0.0010107349359103068
2022-04-05,0.9933975409659934,0.9945670886806774,-0.0011695477146840272
2022-04-06,0.993366124876251,0.9945956466940501,-0.0012295218177991174
2022-04-07,0.9932082506049069,0.9947619289841607,-0.0015536783792537978
2022-04-08,0.9934423702443006,0.9948381743522103,-0.0013958041079097372
2022-04-11,0.9932578430085511,0.9947482813243924,-0.0014904383158412804
2022-04-12,0.9932043507116892,0.9944748196268032,-0.0012704689151139537
2022-04-13,0.9932392608959547,0.9946600094576006,-0.0014207485616458682
2022-04-14,0.993134313620289,0.9946326938981473,-0.0014983802778583133
2022-04-18,0.9931692238045544,0.9946641099878897,-0.0014948861833352645
2022-04-19,0.9930113495332101,0.9945529544355751,-0.0015416049023649903
2022-04-20,0.9930113495332101,0.9944095691108957,-0.0013982195776856
2022-04-21,0.9930698264712854,0.9941754494715019,-0.001105623000216549
2022-04-22,0.9929815234585742,0.9940461332135301,-0.0010646097549559252
2022-04-25,0.9930759295322807,0.9941832315457113,-0.0011073020134305667
2022-04-26,0.9930759295322807,0.9941832315457113,-0.0011073020134305667
2022-04-27,0.9929002868309622,0.9942417084837867,-0.0013414216528244705
2022-04-28,0.99275000718443,0.9942417084837865,-0.001491701299356496
2022-04-29,0.9926781309680257,0.9944268983145841,-0.0017487673465583775
2022-05-02,0.9925837248943191,0.9945089486248182,-0.0019252237304990816
2022-05-03,0.9928870618198175,0.9945624409216801,-0.0016753791018626618
2022-05-04,0.9929738631892264,0.9947572812251634,-0.0017834180359369567
2022-05-05,0.9929738631892266,0.994942471055961,-0.001968607866734362
2022-05-06,0.9928208059102606,0.9949139130425886,-0.0020931071323280204
2022-05-09,0.9930404504373734,0.9949652188772415,-0.0019247684398681075
2022-05-10,0.9931225007476076,0.9950332001207681,-0.0019106993731605737
2022-05-11,0.9926979936044067,0.994696296980345,-0.001998303375938315
2022-05-12,0.9923770725956038,0.9946283157368183,-0.0022512431412144984
2022-05-13,0.992563200933831,0.9945603344932917,-0.0019971335594607398
2022-05-16,0.9926576070075375,0.9945044609204658,-0.0018468539129283812
2022-05-17,0.9926017334347117,0.9945603344932917,-0.001958601058580034
2022-05-18,0.9926662205837155,0.9942590914416927,-0.0015928708579772133
2022-05-19,0.9927834291709864,0.9939557545161944,-0.0011723253452080584
2022-05-20,0.9927834291709866,0.9939976562428455,-0.0012142270718589199
2022-05-23,0.9930458732417142,0.9940739016108949,-0.0010280283691807002
2022-05-24,0.9930772893314568,0.9942590914416923,-0.0011818021102355525
2022-05-25,0.9927896773952013,0.9942590914416926,-0.0014694140464912575
2022-05-26,0.9927028760257921,0.9941227280762844,-0.0014198520504923318
2022-05-27,0.9927028760257919,0.9942890103663953,-0.0015861343406033956
2022-05-31,0.9924853315978224,0.9942890103663955,-0.0018036787685731248
2022-06-01,0.9925438085358973,0.9943448839392212,-0.0018010754033238596
2022-06-02,0.9929264139524474,0.9945375604680683,-0.001611146515620887
2022-06-03,0.9929264139524474,0.9946954347394122,-0.0017690207869648367
2022-06-06,0.9931251192728832,0.9947216114768207,-0.0015964922039375384
2022-06-07,0.993468445353523,0.9951670811399961,-0.0016986357864731128
2022-06-08,0.9935243189263484,0.9951135888431342,-0.0015892699167857627
2022-06-09,0.9938789616864995,0.9948375674770895,-0.0009586057905900391
2022-06-10,0.993640582881526,0.9946034478376956,-0.0009628649561695957
2022-06-13,0.9934418775610898,0.9944182580068982,-0.0009763804458083891
2022-06-14,0.9933560850635612,0.9944468160202705,-0.001090730956709307
2022-06-15,0.9934924484289691,0.9946664605473835,-0.0011740121184143915
2022-06-16,0.9934638904155969,0.9945592811399049,-0.0010953907243079763
2022-06-17,0.9935173827124589,0.9941848678342401,-0.0006674851217811639
2022-06-21,0.9933671030659265,0.9941848678342401,-0.0008177647683136335
2022-06-22,0.9934528955634551,0.9940535263198382,-0.0006006307563831692
2022-06-23,0.9935516303016757,0.9940535263198382,-0.0005018960181625287
2022-06-24,0.9934396610667389,0.9937775049537931,-0.0003378438870542677
2022-06-27,0.993571002581141,0.9938719110274999,-0.00030090844635899394
2022-06-28,0.9939311725182086,0.9939473789690759,-1.6206450867306543e-05
2022-06-29,0.9939311725182086,0.9940331714666045,-0.0001019989483959094
2022-06-30,0.9939311725182086,0.9938960731344232,3.509938378543076e-05
2022-07-01,0.9942520935270117,0.9939772541969848,0.0002748393300269214
2022-07-05,0.9944382218652389,0.9943767965998939,6.142526534502757e-05
2022-07-06,0.9945027090142426,0.994438131614339,6.457739990362033e-05
2022-07-07,0.9945288857516511,0.9941347946888407,0.00039409106281040884
2022-07-08,0.9945288857516509,0.9939905680772649,0.0005383176743859464
2022-07-11,0.9944958146923899,0.9939047755797364,0.0005910391126534575
2022-07-12,0.9946722710763306,0.9939299046769807,0.0007423663993498808
2022-07-13,0.9945409295619285,0.9940662680423888,0.0004746615195396764
2022-07-14,0.9942919151771754,0.9942776346105948,1.4280566580593401e-05
2022-07-15,0.994148529852496,0.9942057583941903,-5.722854169432079e-05
2022-07-18,0.9940051445278165,0.9943428567263719,-0.00033771219855538437
2022-07-19,0.994148529852496,0.9944548259613087,-0.0003062961088127203
2022-07-20,0.9938646052834778,0.9945463518742661,-0.0006817465907883458
2022-07-21,0.9936262264785038,0.9945762707989689,-0.0009500443204650821
2022-07-22,0.9934624555242166,0.9944334390513588,-0.0009709835271421996
2022-07-25,0.9936783988497084,0.994515489361593,-0.0008370905118845196
2022-07-26,0.9934624555242166,0.9942659259097772,-0.0008034703855606118
2022-07-27,0.9936783988497084,0.9944030242419588,-0.0007246253922503776
2022-07-28,0.9937733923300031,0.9946205686699283,-0.0008471763399252596
2022-07-29,0.9935350135250289,0.9946205686699285,-0.0010855551448996081
2022-08-01,0.9933771557981093,0.9943193256183291,-0.0009421698202198847
2022-08-02,0.9930562826807464,0.9942931488809209,-0.0012368662001744912
2022-08-03,0.9928546971995611,0.9942617327911781,-0.001407035591617034
2022-08-04,0.9927559624613405,0.9944373754924969,-0.0016814130311564313
2022-08-05,0.9927908726456058,0.9945272685203144,-0.0017363958747085295
2022-08-08,0.9930972326941061,0.9947386185440958,-0.0016413858499897405
2022-08-09,0.9930073396662884,0.9944687915822392,-0.0014614519159508177
2022-08-10,0.9928570600197563,0.9945807608171763,-0.0017237007974200136
2022-08-11,0.9928035677228942,0.9947171241825842,-0.0019135564596899357
2022-08-12,0.9927686575386291,0.9945414814812656,-0.0017728239426365588
2022-08-15,0.9928916216257079,0.9943553531430385,-0.001463731517330591
2022-08-16,0.9930419012722402,0.9943239370532961,-0.0012820357810559013
2022-08-17,0.993257844597732,0.9942119678183591,-0.0009541232206270456
2022-08-18,0.9931075649511999,0.9941820488936562,-0.0010744839424563501
2022-08-19,0.993257844597732,0.9942932044459712,-0.0010353598482392146
2022-08-22,0.9931766635351704,0.9938936620430622,-0.0007169985078917529
2022-08-23,0.9931766635351704,0.9935727410342593,-0.000396077499088876
2022-08-24,0.9932446447786969,0.9933970983329405,-0.00015245355424364782
2022-08-25,0.9933627918733976,0.9935473779794727,-0.00018458610607507975
2022-08-26,0.9933627918733976,0.9937872860166268,-0.00042449414322920376
2022-08-29,0.9934800004606685,0.9937288090785517,-0.0002488086178831228
2022-08-30,0.9934081242442643,0.9937288090785517,-0.00032068483428737693
2022-08-31,0.9935025303179709,0.9937288090785519,-0.00022627876058101126
2022-09-01,0.9935025303179709,0.9937014935190982,-0.00019896320112733346
2022-09-02,0.9935025303179709,0.9935895242841613,-8.699396619038513e-05
2022-09-06,0.9935025303179709,0.993192927662037,0.0003096026559338272
2022-09-07,0.9935779982595468,0.9931667509246288,0.0004112473349180412
2022-09-08,0.9933764127783618,0.9934591139200594,-8.270114169761644e-05
2022-09-09,0.9934663058061792,0.9932116505673868,0.0002546552387924228
2022-09-12,0.993042601296347,0.9929492064966593,9.339479968772935e-05
2022-09-13,0.9929746200528204,0.9929492064966591,2.5413556161368867e-05
2022-09-14,0.9929746200528204,0.9929753832340675,-7.631812470876298e-07
2022-09-15,0.9929415489935589,0.9930312568068934,-8.970781333450528e-05
2022-09-16,0.9929764591778245,0.9930312568068934,-5.47976290689034e-05
2022-09-19,0.9930037747372779,0.9928627423849693,0.0001410323523085566
2022-09-20,0.9931351162516797,0.9925080996248186,0.0006270166268611543
2022-09-21,0.9931002060674143,0.9924326316832424,0.0006675743841719761
2022-09-22,0.9932231701544932,0.9924839375178952,0.0007392326365980306
2022-09-23,0.9931050230597928,0.9926369947968611,0.00046802826293168565
2022-09-26,0.9931663580742378,0.9925512022993325,0.0006151557749053405
2022-09-27,0.9932382342906423,0.992444022891854,0.0007942113987883248
2022-09-28,0.9933194153532039,0.9925384289655603,0.0007809863876435674
2022-09-29,0.9929786923039056,0.9924739418165565,0.0005047504873491038
2022-09-30,0.9930117633631668,0.9923795357428501,0.0006322276203166721
2022-10-03,0.9931167106388323,0.9920007308757757,0.0011159797630566626
2022-10-04,0.9933222722648537,0.9921179394630466,0.0012043328018070953
2022-10-05,0.993155989974743,0.9919566790239421,0.001199310950800836
2022-10-06,0.9932173249891881,0.9918306287262678,0.0013866962629203172
2022-10-07,0.9932173249891881,0.9915097077174652,0.001707617271722972
2022-10-10,0.9931001164019172,0.991397738482528,0.0017023779193892086
2022-10-11,0.9931350265861826,0.9915822657182776,0.001552760867905012
2022-10-12,0.9931350265861826,0.9916942349532144,0.0014407916329681747
2022-10-13,0.9930529762759482,0.9916643160285117,0.0013886602474365572
2022-10-14,0.9929849950324215,0.9916643160285117,0.0013206790039098637
2022-10-17,0.9928164806104978,0.9916643160285117,0.0011521645819860815
2022-10-18,0.9927923185035744,0.9916643160285117,0.0011280024750627282
2022-10-19,0.9925208686393393,0.991271193913456,0.0012496747258833318
2022-10-20,0.9926821290784442,0.9912438783540026,0.001438250724441592
2022-10-21,0.992620794063999,0.9912089681697374,0.0014118258942615869
2022-10-24,0.9929315981885946,0.9913941580005347,0.001537440188059902
2022-10-25,0.9929665083728598,0.9915852445142754,0.0013812638585843917
2022-10-26,0.9931680938540449,0.9913042649727172,0.0018638288813277448
2022-10-27,0.9934045895194952,0.9912757069593449,0.0021288825601503136
2022-10-28,0.9933366082759688,0.990670801277792,0.0026658069981768673
2022-10-31,0.9932372109426998,0.9906393851880497,0.0025978257546500627
2022-11-01,0.9932072920179971,0.990583511615224,0.0026237804027731126
2022-11-02,0.9933506773426765,0.9900028805287716,0.0033477968139048464
2022-11-03,0.9934151644916802,0.989780724665835,0.003634439825845215
2022-11-04,0.9934424800511337,0.9896322388886788,0.003810241162454875
2022-11-07,0.9938168933567982,0.990212869975131,0.0036040233816672096
2022-11-08,0.9938168933567982,0.9902401855345843,0.003576707822213976
2022-11-09,0.9938168933567982,0.990377779751463,0.00343911360533522
2022-11-10,0.9938168933567982,0.990344708692202,0.0034721846645962007
2022-11-11,0.9935434316592086,0.9903447086922018,0.0031987229670067396
2022-11-14,0.9932833913243274,0.9903447086922018,0.0029386826321256
2022-11-15,0.9931839939910586,0.9903982009890637,0.002785793001994885
2022-11-16,0.9931839939910582,0.9904839934865921,0.00270000050446606
2022-11-17,0.9932113095505116,0.9903982009890635,0.002813108561448119
2022-11-18,0.9932113095505116,0.9901773555322637,0.0030339540182479086
2022-11-21,0.993253211277163,0.9899283411475104,0.0033248701296526573
2022-11-22,0.9934194935672739,0.9901773555322637,0.003242138035010167
2022-11-23,0.9932692139207416,0.990327635178796,0.002941578741945672
2022-11-25,0.9933022849800028,0.990470466926406,0.0028318180535968906
2022-11-28,0.9933921780078203,0.9902940105424654,0.003098167465354962
2022-11-29,0.9934707994019265,0.9901768019551943,0.0032939974467321997
2022-11-30,0.9935819549542415,0.9900339702075841,0.0035479847466574066
2022-12-01,0.993671847982059,0.9903548912163872,0.0033169567656717858
2022-12-02,0.9935860554845306,0.9900066546481308,0.0035794008363998486
2022-12-05,0.993671847982059,0.9899280332540247,0.0037438147280343115
2022-12-06,0.9937049190413203,0.9900230267343191,0.003681892307001222
2022-12-07,0.9937049190413203,0.9902704900869912,0.003434428954329105
2022-12-08,0.9938412824067283,0.9900230267343189,0.003818255672409454
2022-12-09,0.9937767952577248,0.9900230267343189,0.0037537685234059204
2022-12-12,0.9937209216848989,0.9900230267343187,0.0036978949505801495
2022-12-13,0.9935775363602194,0.9899899556750577,0.0035875806851617398
2022-12-14,0.9933864498464787,0.9899637789376492,0.003422670908829528
2022-12-15,0.9930465416988635,0.9899870457342939,0.0030594959645696695
2022-12-16,0.9930764606235664,0.9900112078412171,0.0030652527823492592
2022-12-19,0.9929471443655946,0.9902586711938896,0.0026884731717050636
2022-12-20,0.9929471443655944,0.9901007969225455,0.002846347443048902
2022-12-21,0.99298205454986,0.9901007969225455,0.002881257627314504
2022-12-22,0.992852738291888,0.9901293549359177,0.0027233833559703324
2022-12-23,0.9927583322181817,0.9901293549359177,0.0026289772822639668
2022-12-27,0.9928755408054526,0.9901579129492902,0.0027176278561623635
2022-12-28,0.9930189261301321,0.989803270189139,0.003215655940993045
2022-12-29,0.9931072291428429,0.989803270189139,0.003303958953703834
2022-12-30,0.9931565203470106,0.9897683600048737,0.003388160342136959
2023-01-03,0.993080274978961,0.9895756834760266,0.003504591502934362
2023-01-04,0.9930802749789612,0.9889925462938306,0.004087728685130632
2023-01-05,0.9928854346754781,0.9889925462938306,0.0038928883816474746
2023-01-06,0.9927996421779495,0.9892290419592809,0.003570600218668618
2023-01-09,0.9926924627704709,0.989397556381205,0.0032949063892658836
2023-01-10,0.9928154268575496,0.9890493198129485,0.003766107044601119
2023-01-11,0.9929012193550782,0.989473024322781,0.0034281950322972987
2023-01-12,0.9930006166883472,0.9894237331186134,0.0035768835697337353
2023-01-13,0.9930305356130501,0.989365256180538,0.0036652794325120475
2023-01-17,0.9931668989784582,0.9890443655793807,0.004122533399077533
2023-01-18,0.9930685561532746,0.9890936567835484,0.00397489936972617
2023-01-19,0.9932056544854561,0.989068527686304,0.004137126799152013
2023-01-20,0.9933128338929347,0.9888488831591911,0.004463950733743616
2023-01-23,0.9936954393094846,0.9890350114974182,0.004660427812066326
2023-01-24,0.9938154436645753,0.9886748415603503,0.005140602104224956
2023-01-25,0.9940940167977456,0.9884821650315032,0.005611851766242348
2023-01-26,0.9941884228714519,0.9886352223104692,0.005553200560982741
2023-01-27,0.994354705161563,0.9881789335389889,0.0061757716225741
2023-01-30,0.9942183417961549,0.9882900890913038,0.005928252704851089
2023-01-31,0.9940167563149698,0.9885060324167955,0.005510723898174308
2023-02-01,0.9938151708337845,0.9887317800049039,0.005083390828880541
2023-02-02,0.9937040152814697,0.9893936304024055,0.004310384879064211
2023-02-03,0.9936691050972043,0.9897418669706617,0.003927238126542609
2023-02-06,0.9937685024304733,0.9898406017088828,0.003927900721590549
2023-02-07,0.9936691050972043,0.9901020369077297,0.0035670681894746092
2023-02-08,0.993532006765023,0.9899263942064112,0.0036056125586118037
2023-02-09,0.993532006765023,0.9898705206335853,0.0036614861314376856
2023-02-10,0.9938034566292582,0.990046163334904,0.003757293294354147
2023-02-13,0.9941574008058822,0.9901020369077297,0.004055363898152531
2023-02-14,0.9945266251010081,0.9901020369077295,0.004424588193278622
2023-02-15,0.9946338045084868,0.9901020369077299,0.0045317676007569085
2023-02-16,0.9948023189304107,0.9901020369077297,0.004700282022681024
2023-02-17,0.9949283692280848,0.9899441626363854,0.004984206591699403
2023-02-21,0.9950403384630216,0.9896072594959622,0.005433078967059468
2023-02-22,0.9949231298757507,0.989675240739489,0.00524788913626173
2023-02-23,0.9951572495151444,0.9899093603788828,0.005247889136261619
2023-02-24,0.9952217366641483,0.9899743965949489,0.005247340069199358
2023-02-27,0.9952566468484134,0.9900731313331698,0.005183515515243653
2023-02-28,0.9953179818628587,0.9901290049059956,0.005188976956863045
2023-03-01,0.9954173791961277,0.9901057381093508,0.005311641086776953
2023-03-02,0.9956395350590644,0.9901057381093508,0.005533796949713676
2023-03-03,0.9957829203837438,0.990177614325755,0.0056053060579888125
2023-03-06,0.9958857038847734,0.9900515640280809,0.005834139856692455
2023-03-07,0.9959501910337771,0.9899956904552553,0.005954500578521871
2023-03-08,0.996118705455701,0.9899956904552553,0.006123015000445764
2023-03-09,0.9960329129581724,0.9903744953223296,0.0056584176358428495
2023-03-10,0.996381873743257,0.9903744953223296,0.006007378420927467
2023-03-13,0.996610497988396,0.990647957019919,0.005962540968476926
2023-03-14,0.9965790818986535,0.9906752725793723,0.00590380931928125
2023-03-15,0.9966902374509683,0.990580279099078,0.006109958351890321
2023-03-16,0.9966902374509683,0.990703243186157,0.005986994264811307
2023-03-17,0.9966588213612257,0.9911075101326142,0.005551311228611522
2023-03-20,0.9966274052714834,0.9912559959097704,0.0053714093617129866
2023-03-21,0.9965974863467807,0.9913853121677423,0.005212174179038409
2023-03-22,0.9966918924204872,0.9913173309242157,0.005374561496271468
2023-03-23,0.9965476658089112,0.9913458889375881,0.0052017768713230605
2023-03-24,0.9964831786599074,0.9916298135066065,0.004853365153300926
2023-03-27,0.9966274052714832,0.9915310787683856,0.005096326503097548
2023-03-28,0.996401657683375,0.9914752051955599,0.004926452487815092
2023-03-29,0.9963336764398484,0.9913388418301518,0.00499483460969663
2023-03-30,0.9964157267500825,0.9914332479038583,0.004982478846224159
2023-03-31,0.9962305369192851,0.9919550500716091,0.00427548684767598
2023-04-03,0.9963255303995794,0.9921213323617197,0.004204198037859652
2023-04-04,0.9965107202303769,0.9919099657935139,0.00460075443686303
2023-04-05,0.9965965127279055,0.9917487053544093,0.004847807373496216
2023-04-06,0.9967278542423074,0.9917836155386747,0.004944238703632697
2023-04-10,0.9969123814780567,0.9919199789040826,0.004992402573974153
2023-04-11,0.9971072217815401,0.99179880868638,0.005308413095160058
2023-04-12,0.9972301858686189,0.9915730610982714,0.005657124770347521
2023-04-13,0.9973987002905429,0.991478655024565,0.005920045265977891
2023-04-14,0.9976244478786511,0.9913674994722501,0.006256948406401008
2023-04-17,0.9977316272861297,0.9914988409866519,0.006232786299477877
2023-04-18,0.9978260333598362,0.9914988409866519,0.006327192373184354
2023-04-19,0.9978260333598362,0.9911338533761052,0.006692179983731061
2023-04-20,0.9978873683742816,0.9908731956037313,0.0070141727705502754
2023-04-21,0.9978260333598362,0.990778789530025,0.007047243829811256
2023-04-24,0.9978795256566982,0.9910719009241675,0.006807624732530715
2023-04-25,0.9978795256566982,0.9914088040645906,0.006470721592107598
2023-04-26,0.9979653181542266,0.9912541957535441,0.006711122400682501
2023-04-27,0.997993876167599,0.9908499288070867,0.0071439473605123816
2023-04-28,0.9980932735008682,0.9910078030784308,0.0070854704224373455
2023-05-01,0.9980932735008682,0.9908090977579949,0.007284175742873322
2023-05-02,0.9980647154874958,0.990677756243593,0.007386959243902758
2023-05-03,0.9981231924255709,0.9906994177735003,0.007423774652070558
2023-05-04,0.9980112231906338,0.9905701015155286,0.0074411216751052445
2023-05-05,0.9982225897588399,0.9908777483417379,0.0073448414171020104
2023-05-08,0.9980854914266585,0.9911161271467117,0.006969364279946766
2023-05-09,0.9979783120191799,0.9909250406329713,0.007053271386208593
2023-05-10,0.9980341855920057,0.9907587583428604,0.0072754272491453165
2023-05-11,0.9980656016817483,0.9906476027905456,0.0074179988912026484
2023-05-12,0.9981442230758545,0.9908022111015922,0.007342011974262319
2023-05-15,0.9981442230758545,0.9909786674855329,0.007165555590321615
2023-05-16,0.9980322538409175,0.991227681870286,0.006804571970631557
2023-05-17,0.9980049382814641,0.9915710079509253,0.00643393033053874
2023-05-18,0.997812261752617,0.9914346445855172,0.006377617167099725
2023-05-19,0.9976106762714319,0.9911947365483632,0.006415939723068642
2023-05-22,0.9977226455063687,0.9910401282373169,0.00668251726905178
2023-05-23,0.9978398540936396,0.9910401282373169,0.006799725856322714
2023-05-24,0.9978398540936394,0.9910700471620196,0.006769806931619771
2023-05-25,0.9979470335011182,0.9911329114086449,0.00681412209247334
2023-05-26,0.997918475487746,0.9912941718477495,0.006624303639996554
2023-05-30,0.998111152016593,0.9911096446120002,0.007001507404592711
2023-05-31,0.9981442230758545,0.9907801309490937,0.007364092126760813
2023-06-01,0.9981442230758545,0.9905852906456102,0.007558932430244303
2023-06-02,0.9981442230758545,0.990696446197925,0.007447776877929524
2023-06-05,0.9979328565076484,0.9904894834826938,0.007443373024954569
2023-06-06,0.9979590332450569,0.9904894834826938,0.007469549762363026
2023-06-07,0.9978945460960529,0.9902839218566725,0.007610624239380415
2023-06-08,0.9977574477638718,0.9904595645579911,0.007297883205880651
2023-06-09,0.9976344836767925,0.9907736151588106,0.006860868517981955
2023-06-12,0.9976344836767925,0.9913310919367954,0.006303391739997166
2023-06-13,0.9977338810100618,0.9914430611717322,0.0062908198383295755
2023-06-14,0.9975574246261211,0.9916771808111259,0.00588024381499519
2023-06-15,0.9975039323292593,0.9914147367403982,0.006089195588861118
2023-06-16,0.9974725162395168,0.9915015381098073,0.005970978129709481
2023-06-20,0.9972118584671432,0.991364439777626,0.005847418689517214
2023-06-21,0.9973431999815451,0.9914810947878278,0.005862105193717326
2023-06-22,0.9973731189062478,0.9914810947878278,0.005892024118420047
2023-06-23,0.9974376060552516,0.9916341520667937,0.0058034539884578296
2023-06-26,0.9974045349959904,0.9918111958573222,0.0055933391386681075
2023-06-27,0.9974989410696967,0.9916945408471205,0.005804400222576223
2023-06-28,0.9975574180077719,0.9920154314482781,0.005541986559493783
2023-06-29,0.9972839563101822,0.9922440556934168,0.005039900616765403
2023-06-30,0.9973660066204167,0.9920154314482781,0.005350575172138661
2023-07-03,0.9972666092871476,0.9917223200541354,0.005544289233012201
2023-07-05,0.9972366903624447,0.9915909785397335,0.005645711822711119
2023-07-06,0.9973737886946261,0.9915089282294994,0.005864860465126687
2023-07-07,0.9972159144232821,0.9911068565657802,0.006109057857501821
2023-07-10,0.9972159144232821,0.990825877024222,0.006390037399060078
2023-07-11,0.9970865981653101,0.9910104042599714,0.006076193905338645
2023-07-12,0.9969253377262055,0.991165012571018,0.00576032515518754
2023-07-13,0.9968967797128331,0.9911065356329428,0.005790244079890261
2023-07-14,0.997026095970805,0.9909953800806282,0.0060307158901768965
2023-07-17,0.9969266986375358,0.9910774303908623,0.0058492682466735335
2023-07-18,0.9969266986375358,0.9911387654053075,0.0057879332322282595
2023-07-19,0.9967211370115145,0.9908247148044881,0.005896422207026464
2023-07-20,0.996957632676965,0.9908014480078434,0.0061561846691216005
2023-07-21,0.996957632676965,0.990616920772094,0.006340711904871066
2023-07-24,0.9968718401794364,0.9902476964769681,0.0066241437024683325
2023-07-25,0.996966246253143,0.9901295493822676,0.006836696870875403
2023-07-26,0.9972269040255167,0.9905316210459866,0.006695282979530148
2023-07-27,0.9973126965230452,0.9906894787729064,0.0066232177501388545
2023-07-28,0.9972269040255167,0.9905950726992,0.006631831326316728
2023-07-31,0.9973031493935661,0.9906894787729065,0.006613670620659651
2023-08-01,0.9971660510613847,0.9907777817856174,0.0063882692757673
2023-08-02,0.9971075741233096,0.9908902469052517,0.0062173272180579
2023-08-03,0.9971933666208381,0.9909201658299545,0.006273200790883671
2023-08-04,0.9970177239195197,0.9909881470734812,0.0060295768460385535
2023-08-07,0.9972542195849702,0.9915126107029385,0.005741608882031679
2023-08-08,0.9971108342602906,0.9917383582910471,0.0053724759692435065
2023-08-09,0.9972401505182625,0.9918825849026232,0.005357565615639381
2023-08-10,0.9973222008284967,0.9919111429159957,0.005411057912500961
2023-08-11,0.9973507588418691,0.9918431616724689,0.005507597169400191
2023-08-14,0.9973806777665718,0.9921539657970645,0.005226711969507303
2023-08-15,0.9974137488258332,0.992329608498383,0.005084140327450193
2023-08-16,0.997355271887758,0.9924842168094298,0.00487105507832819
2023-08-17,0.9973253529630551,0.9925455518238748,0.004779801139180306
2023-08-18,0.9971674786917111,0.992632353193284,0.004535125498427051
2023-08-21,0.9969813503534837,0.9928379148193054,0.004143435534178286
2023-08-22,0.9970372239263096,0.9928379148193054,0.004199309107004168
2023-08-23,0.9970099083668562,0.9930853781719778,0.003924530194878373
2023-08-24,0.9969027289593775,0.9931903254476434,0.003712403511734075
2023-08-25,0.996676981371269,0.9929428620949711,0.0037341192762979647
2023-08-28,0.996788950606206,0.9929114460052286,0.003877504600977355
2023-08-29,0.9968833566799126,0.9932660887653796,0.0036172679145329845
2023-08-30,0.99685343775521,0.9935025844308301,0.003350853324379899
2023-08-31,0.9968203666959485,0.9932535700460771,0.003566796649871473
2023-09-01,0.9968989880900547,0.9933450959590344,0.0035538921310203087
2023-09-05,0.9968989880900547,0.993561039284526,0.0033379488055287343
2023-09-06,0.9968345009410509,0.9935136103809584,0.0033208905600924377
2023-09-07,0.9969202934385797,0.9934522753665131,0.0034680180720665366
2023-09-08,0.9970023437488138,0.9937731659676705,0.0032291777811432887
2023-09-11,0.9969750281893603,0.9937731659676705,0.003201862221689833
2023-09-12,0.9969436120996178,0.9937731659676705,0.00317044613194728
2023-09-13,0.9970729283575898,0.9935257026149981,0.0035472257425916975
2023-09-14,0.9972232080041221,0.9931767418299132,0.004046466174208896
2023-09-15,0.9972845430185673,0.9930325152183371,0.0042520278002301515
2023-09-18,0.997158492720893,0.9931111366124435,0.004047356108449418
2023-09-19,0.9973430199566424,0.9930812176877408,0.004261802268901604
2023-09-20,0.9973703355160957,0.9928077559901511,0.004562579525944521
2023-09-21,0.9973023542725691,0.9927005765826724,0.004601777689896669
2023-09-22,0.9973023542725692,0.9928490623598288,0.004453291912740354
2023-09-25,0.9972165617750406,0.9931466861643415,0.0040698756106990475
2023-09-26,0.9970993531877697,0.9930768217812915,0.004022531406478125
2023-09-27,0.9972606136268742,0.992986928753474,0.004273684873400185
2023-09-28,0.9971785633166401,0.9925807384262091,0.004597824890431035
2023-09-29,0.9970927708191115,0.9920896701103427,0.0050031007087688595
2023-10-02,0.9971512477571869,0.991904480279545,0.005246767477641856
2023-10-03,0.9971213288324839,0.9919943733073627,0.005126955525121213
2023-10-04,0.9971527449222265,0.992241836660035,0.004910908262191538
2023-10-05,0.9973388732604537,0.9923467839357007,0.004992089324752924
2023-10-06,0.9974681895184255,0.9925778119166859,0.004890377601739604
2023-10-09,0.9973895681243192,0.9928143075821365,0.004575260542182713
2023-10-10,0.9975747579551169,0.9927650163779688,0.004809741577148086
2023-10-11,0.9972452442922102,0.992897745007644,0.004347499284566125
2023-10-12,0.9971159280342383,0.9927364845685395,0.004379443465698851
2023-10-13,0.9971159280342383,0.9924881519681943,0.0046277760660440315
2023-10-16,0.9971672338688912,0.9923795854454422,0.00478764842344892
2023-10-17,0.9971373149441884,0.9926279180457872,0.004509396898401241
2023-10-18,0.9970654387277842,0.992803560747106,0.00426187798067823
2023-10-19,0.9970968548175265,0.9925159488108504,0.004580906006676155
2023-10-20,0.9970024487438199,0.992677209249955,0.004325239493864985
2023-10-23,0.9970355198030816,0.992830266528921,0.0042052532741605475
2023-10-24,0.9969675385595548,0.9928302665289208,0.004137272030633965
2023-10-25,0.996860359152076,0.9926127221009512,0.004247637051124853
2023-10-26,0.9966587736708911,0.9924013555327453,0.00425741813814573
2023-10-27,0.9963963296001633,0.9924013555327453,0.003994974067418
2023-10-30,0.9963963296001633,0.9925384538649268,0.003857875735236549
2023-10-31,0.9960987057956504,0.9926963281362707,0.003402377659379674
2023-11-01,0.9961238348928948,0.9926283468927443,0.0034954880001505373
2023-11-02,0.9961238348928948,0.9922394925318546,0.003884342361040183
2023-11-03,0.9959078915674032,0.9921018983149761,0.0038059932524271423
2023-11-06,0.9957152150385559,0.9921018983149761,0.0036133167235797847
2023-11-07,0.9955858987805841,0.9920767692177316,0.003509129562852542
2023-11-08,0.9955858987805841,0.9921939778050026,0.003391920975581497
2023-11-09,0.9955858987805841,0.9920626362906008,0.0035232624899833587
2023-11-10,0.9953744919892576,0.9920256702584617,0.003348821730795981
2023-11-13,0.9956538800241109,0.9923746310435465,0.00327924898056442
2023-11-14,0.9958201623142215,0.9925801926695678,0.003239969644653784
2023-11-15,0.9960128388430686,0.9926132637288291,0.0033995751142394948
2023-11-16,0.9961072449167753,0.992501294493892,0.003605950422883253
2023-11-17,0.9959569652702429,0.9923400340547873,0.0036169312154555877
2023-11-20,0.996154922191967,0.9917690979261868,0.004385824265780158
2023-11-21,0.9958340011831641,0.991739179001484,0.004094822181680113
2023-11-22,0.9957805088863022,0.9915635363001655,0.004216972586136736
2023-11-24,0.9960429529570299,0.9915934552248682,0.004449497732161745
2023-11-27,0.9959530599292122,0.991238812464717,0.004714247464495225
2023-11-28,0.9959829788539152,0.9911743253157134,0.0048086535382018125
2023-11-29,0.9957813933727301,0.9912073963749747,0.004573996997755403
2023-11-30,0.9960847302982282,0.9916522517982556,0.004432478499972636
2023-12-01,0.9962140465561999,0.9916915311341662,0.004522515422033746
2023-12-04,0.9962902919242493,0.9915971250604596,0.004693166863789733
2023-12-05,0.9963217080139919,0.9917494837558986,0.004572224258093338
2023-12-06,0.9964116010418096,0.9919481890763348,0.004463411965474839
2023-12-07,0.996381682117107,0.9922088468487084,0.0041728352683986225
2023-12-08,0.9963203471026617,0.9922733339977121,0.004047013104949593
2023-12-11,0.9961624728313174,0.9919757101931994,0.004186762638118013
2023-12-12,0.9962744420662543,0.9921128085253808,0.0041616335408735106
2023-12-13,0.9963974061533333,0.9925189988526456,0.0038784073006876696
2023-12-14,0.9966457387536785,0.9926674846298018,0.0039782541238766456
2023-12-15,0.9967315312512068,0.9926674846298017,0.004064046621405137
2023-12-18,0.9967315312512068,0.9926960426431742,0.0040354886080326
2023-12-19,0.9965736569798624,0.9926960426431742,0.0038776143366882065
2023-12-20,0.9962760331753497,0.992545762996642,0.003730270178707751
2023-12-21,0.9962487176158965,0.9929245678637163,0.0033241497521802055
2023-12-22,0.9964172320378204,0.9929859028781615,0.0034313291596589357
2023-12-26,0.996340986669771,0.9928747473258467,0.0034662393439243155
2023-12-27,0.99644038400304,0.9930181326505261,0.0034222513525139497
2023-12-28,0.9963110677450683,0.9928254561216789,0.0034856116233893397
2023-12-29,0.9963669413178939,0.9928527716811324,0.003514169636761544
2024-01-02,0.9963968602425967,0.9930165426354197,0.0033803176071769414
2024-01-03,0.9965261765005684,0.992728930699164,0.003797245801404392
2024-01-04,0.9965906636495722,0.9923882076498657,0.004202455999706478
2024-01-05,0.9968389962499172,0.992613955237974,0.004225041011943209
2024-01-08,0.9969069774934436,0.992613955237974,0.00429302225546957
2024-01-09,0.9969832228614934,0.9923425053737389,0.00464071748775452
2024-01-10,0.9968974303639646,0.992541210694175,0.004356219669789607
2024-01-11,0.9969832228614934,0.9922937473415026,0.004689475519990882
2024-01-12,0.9971684126922908,0.9919950313001534,0.0051733813921374106
2024-01-16,0.99729137677937,0.9921635457220773,0.005127831057292642
2024-01-17,0.9974526372184745,0.9919476023965855,0.005505034821889021
2024-01-18,0.9974526372184745,0.9920769186545573,0.0053757185639172755
2024-01-19,0.9974526372184745,0.9921382536690025,0.0053143835494720015
2024-01-22,0.9973233209605026,0.9914892509780604,0.0058340699824421804
2024-01-23,0.9973465877571472,0.991304061147263,0.006042526609884247
2024-01-24,0.9972881108190721,0.9913040611472627,0.005984049671809433
2024-01-25,0.9971447254943929,0.9914152166995776,0.0057295087948153745
2024-01-26,0.9972740417523647,0.9915908594008962,0.005683182351468474
2024-01-29,0.9973089519366298,0.9916278254330351,0.005681126503594758
2024-01-30,0.9976065757411425,0.9915598441895086,0.006046731551633933
2024-01-31,0.9975792601816894,0.9921173209674934,0.005461939214196021
2024-02-01,0.9977295398282214,0.9923286875356992,0.005400852292522185
2024-02-02,0.9977609559179639,0.992396668779226,0.005364287138737822
2024-02-05,0.997814448214826,0.992345362944573,0.005469085270253027
2024-02-06,0.9978395773120704,0.9922019776198936,0.005637599692176809
2024-02-07,0.9979339833857768,0.992097030344228,0.0058369530415487425
2024-02-08,0.997967054445038,0.9918160508026698,0.006151003642368202
2024-02-09,0.9979339833857768,0.9918719243754959,0.006062059010280896
2024-02-12,0.9979653994755191,0.9920878677009874,0.005877531774531652
2024-02-13,0.9980333807190458,0.9919332593899409,0.006100121329104868
2024-02-14,0.9980333807190459,0.9919332593899409,0.006100121329104979
2024-02-15,0.9978648662971219,0.9917353024682168,0.00612956382890506
2024-02-16,0.9977069920257777,0.9911536635833087,0.006553328442469031
2024-02-20,0.9975897834385068,0.9911285344860643,0.006461248952442489
2024-02-21,0.9973881979573217,0.9910341284123577,0.006354069544963981
2024-02-22,0.9972854144562922,0.9912598760004662,0.006025538455825985
2024-02-23,0.9971910083825857,0.9909255618896057,0.006265446492979998
2024-02-26,0.9972664763241617,0.9906541120253706,0.006612364298791085
2024-02-27,0.9973522688216903,0.9908654620491523,0.00648680677253799
2024-02-28,0.9975025484682225,0.9910724247643838,0.006430123703838664
2024-02-29,0.9973173586374249,0.9912672650678669,0.0060500935695579905
2024-03-01,0.9973504296966863,0.9913317522168706,0.0060186774798156595
2024-03-04,0.9973504296966861,0.9911990235871954,0.00615140610949072
2024-03-05,0.9973504296966861,0.9911291592041455,0.00622127049254062
2024-03-06,0.9971555893932029,0.9911291592041453,0.0060264301890575744
2024-03-07,0.9972342107873092,0.9911291592041455,0.0061050515831637675
2024-03-08,0.9972342107873092,0.9905288980519292,0.006705312735379998
2024-03-11,0.9972342107873092,0.989959816026873,0.007274394760436231
2024-03-12,0.9971697236383055,0.9898169842792628,0.0073527393590426815
2024-03-13,0.9969641620122843,0.9897371164665286,0.007227045545755706
2024-03-14,0.9968916040114719,0.9895384111460928,0.007353192865379166
2024-03-15,0.9967971979377653,0.989709804871784,0.007087393065981384
2024-03-18,0.9966922506620997,0.9900029162659266,0.00668933439617303
2024-03-19,0.9966242694185732,0.9901714306878503,0.006452838730722887
2024-03-20,0.9965123001836361,0.9903293049591947,0.006182995224441434
2024-03-21,0.9965123001836361,0.9904342522348603,0.0060780479487758665
2024-03-22,0.996678582473747,0.9900692646243134,0.006609317849433527
2024-03-25,0.9966140953247432,0.9899007502023895,0.006713345122353664
2024-03-26,0.9965582217519176,0.9897428759310453,0.006815345820872287
2024-03-27,0.9962548848264192,0.9894828355961642,0.006772049230254984
2024-03-28,0.9962218137671579,0.9898521166588348,0.006369697108323136
2024-04-01,0.9962897950106847,0.9899436425717921,0.006346152438892583
2024-04-02,0.9964749848414821,0.9898123010573903,0.00666268378409185
2024-04-03,0.996282308312635,0.9897178949836837,0.006564413328951302
2024-04-04,0.9962473981283698,0.9901067493445734,0.0061406487837963875
2024-04-05,0.9963118852773735,0.9903289052075098,0.0059829800698636415
2024-04-08,0.9963118852773736,0.9902958341482486,0.006016051129124955
2024-04-09,0.9963118852773735,0.9900844273569221,0.006227457920451318
2024-04-10,0.9964112826106426,0.9895626251891712,0.006848657421471449
2024-04-11,0.9961488385399149,0.9897204994605153,0.006428339079399548
2024-04-12,0.9962922238645943,0.990013610854658,0.0062786130099362625
2024-04-15,0.9965081671900861,0.990197645318986,0.006310521871100039
2024-04-16,0.9963578875435539,0.9902920513926926,0.0060658361508613146
2024-04-17,0.9964192225579988,0.9908098182325196,0.005609404325479184
2024-04-18,0.9963878064682566,0.991123868833339,0.005263937634917615
2024-04-19,0.9961764399000503,0.9913308315485704,0.0048456083514799575
2024-04-22,0.996108458656524,0.9915565791366787,0.004551879519845259
2024-04-23,0.9962398001709258,0.9915565791366787,0.00468322103424712
2024-04-24,0.9962398001709258,0.9912425285358593,0.00499727163506658
2024-04-25,0.9962398001709258,0.9910355658206279,0.005204234350297932
2024-04-26,0.9960785397318211,0.9911616161183021,0.004916923613519031
2024-04-29,0.9961684327596387,0.9911915350430048,0.004976897716633899
2024-04-30,0.996326307030983,0.9917133372107558,0.004612969820227186
2024-05-01,0.9963821806038087,0.9915554629394115,0.004826717664397129
2024-05-02,0.9964679731013373,0.9912715383703931,0.005196434730944222
2024-05-03,0.9966292335404419,0.9911422221124213,0.0054870114280205495
2024-05-06,0.9965298362071728,0.9914904586806776,0.005039377526495192
2024-05-07,0.9965629072664342,0.9918373848427974,0.004725522423636774
2024-05-08,0.9964808569561998,0.9915397610382847,0.004941095917915139
2024-05-09,0.9967118849371852,0.9914225524510135,0.005289332486171694
2024-05-10,0.9967763720861891,0.9913281463773072,0.005448225708881926
2024-05-13,0.9968298643830505,0.9919330520588598,0.0048968123241907024
2024-05-14,0.9967739908102249,0.9920706462757387,0.004703344534486176
2024-05-15,0.9967440718855222,0.9920375752164772,0.0047064966690449905
2024-05-16,0.9967440718855222,0.9920076562917747,0.0047364155937474894
2024-05-17,0.9965492315820391,0.9920076562917747,0.0045415752902644435
2024-05-20,0.9965492315820391,0.9920795325081789,0.004469699073860189
2024-05-21,0.996549231582039,0.9922458147982898,0.0043034167837492365
2024-05-22,0.9967177460039628,0.9923751310562615,0.004342614947701273
2024-05-23,0.9967857272474895,0.9920471094778539,0.004738617769635578
2024-05-24,0.9970890641729878,0.9922728570659621,0.004816207107025683
2024-05-28,0.9971189830976905,0.992214380127887,0.004904602969803551
2024-05-29,0.9972309523326274,0.9920531196887823,0.005177832643845082
2024-05-30,0.9972309523326274,0.9921959514363924,0.005035000896234987
2024-05-31,0.997286825905453,0.9921466602322249,0.00514016567322817
2024-06-03,0.9972569069807503,0.9922648073269255,0.004992099653824855
2024-06-04,0.9973798710678294,0.9921929311105211,0.005186939957308345
2024-06-05,0.9972538207701551,0.9919090065415027,0.005344814228652406
2024-06-06,0.997371029357426,0.9921376307866415,0.005233398570784531
2024-06-07,0.9974245216542879,0.9921376307866415,0.005286890867646332
2024-06-10,0.9971530717900526,0.9921869219908093,0.004966149799243369
2024-06-11,0.9969678819592552,0.9923240203229907,0.004643861636264512
2024-06-12,0.9967623203332338,0.992259533173987,0.0045027871592467905
2024-06-13,0.9967623203332338,0.9922296142492842,0.0045327060839495115
2024-06-14,0.9967361435958255,0.9922079527193767,0.0045281908764488454
2024-06-17,0.9965374382753895,0.9918952116858768,0.0046422265895127435
2024-06-18,0.9964789613373143,0.9919939464240974,0.004485014913216845
2024-06-20,0.9963617527500432,0.9925416768501999,0.003820075899843345
2024-06-21,0.9961121892982276,0.9922121631872933,0.003900026110934318
2024-06-24,0.9959949807109566,0.9923734236263979,0.003621557084558691
2024-06-25,0.9958447010644245,0.9924347586408432,0.0034099424235812803
2024-06-26,0.9961323130006801,0.9925514136510448,0.003580899349635236
2024-06-27,0.9961323130006801,0.992503984747477,0.003628328253203028
2024-06-28,0.99613231300068,0.9923023992662919,0.003829913734388013
2024-07-01,0.9960788207038181,0.9922305230498876,0.003848297653930577
2024-07-02,0.9962736610073014,0.9923424922848245,0.0039311687224768965
2024-07-03,0.9962736610073014,0.9924536478371393,0.0038200131701621176
2024-07-05,0.9959441473443946,0.9926552333183244,0.003288914026070233
2024-07-08,0.9961302756826217,0.9926253143936217,0.0035049612890000192
2024-07-09,0.9960972046233605,0.9926253143936217,0.0034718902297388166
2024-07-10,0.9963467680751763,0.9927686997183011,0.0035780683568752414
2024-07-11,0.9962033827504969,0.992731733686162,0.0034716490643349474
2024-07-12,0.9963798391344374,0.9929492781141317,0.0034305610203057
2024-07-15,0.9961622947064681,0.9930172593576583,0.0031450353488098326
2024-07-16,0.9962521877342856,0.9931222066333241,0.003129981100961521
2024-07-17,0.996115089402104,0.9931552776925853,0.002959811709518756
2024-07-18,0.9959386330181633,0.9929700878617878,0.0029685451563755683
2024-07-19,0.9959659485776169,0.993041964078192,0.002923984499424881
2024-07-22,0.9958295852122088,0.9931032990926371,0.002726286119571708
2024-07-23,0.9959997325192723,0.993325454955574,0.002674277563698313
2024-07-24,0.9959648223350069,0.9936362590801694,0.0023285632548375457
2024-07-25,0.9957047820001257,0.9934598026962287,0.002244979303896999
2024-07-26,0.9955976025926471,0.9934084968615758,0.002189105731071228
2024-07-29,0.9956874956204648,0.9934084968615758,0.0022789987588889282
2024-07-30,0.9956112502524154,0.9931701180566019,0.0024411321958134335
2024-07-31,0.9953937058244458,0.9933770807718333,0.002016625052612464
2024-08-01,0.9951626778434602,0.9934084968615758,0.0017541809818844012
2024-08-02,0.995243858906022,0.9932600110844194,0.001983847821602547
2024-08-05,0.9951580664084934,0.9933057133605462,0.001852353047947175
2024-08-06,0.9951580664084935,0.9934176825954832,0.0017403838130102267
2024-08-07,0.9952093722431462,0.9932947185084042,0.0019146537347419779
2024-08-08,0.995176301183885,0.9932947185084042,0.0018815826754807752
2024-08-09,0.995312664549293,0.9934525927797486,0.0018600717695443914
2024-08-12,0.9952812484595505,0.9931092666991091,0.0021719817604413105
2024-08-13,0.994967197858731,0.9928727710336587,0.0020944268250723264
2024-08-14,0.994967197858731,0.9931442208978938,0.0018229769608372193
2024-08-15,0.9948678005254621,0.9934418447024065,0.0014259558230556024
2024-08-16,0.9948328903411968,0.9936434301835917,0.0011894601576051267
2024-08-19,0.99476490909767,0.9937876567951677,0.0009772523025023405
2024-08-20,0.9949762756658763,0.9940260356001416,0.0009502400657347421
2024-08-21,0.9953252364509609,0.9942743682004865,0.0010508682504744016
2024-08-22,0.995493750872885,0.9942743682004865,0.0012193826723985168
2024-08-23,0.9954937508728846,0.9943423494440131,0.0011514014288714902
2024-08-26,0.9956057201078219,0.9943092783847517,0.0012964417230701963
2024-08-27,0.9954108798043385,0.994467152656096,0.0009437271482425347
2024-08-28,0.9952989105694016,0.9943008703659851,0.0009980402034164282
2024-08-29,0.9952090175415841,0.9943008703659851,0.0009081471755989501
2024-08-30,0.9951476825271388,0.9943008703659851,0.0008468121611536761
2024-09-03,0.9950656322169047,0.9945266179540936,0.0005390142628111105
2024-09-04,0.9950656322169045,0.9943687436827495,0.0006968885341549491
2024-09-05,0.9949976509733778,0.9946422053803389,0.00035544559303890555
2024-09-06,0.9948804423861068,0.9943358453318385,0.0005445970542683476
2024-09-09,0.9946308789342913,0.9941695630417277,0.0004613158925635963
2024-09-10,0.9946622950240338,0.9939747227382445,0.0006875722857893063
2024-09-11,0.9946622950240338,0.993800281979057,0.0008620130449767949
2024-09-12,0.9946371659267893,0.9940224378419936,0.0006147280847956793
2024-09-13,0.9945472728989716,0.9936574502314467,0.0008898226675249088
2024-09-16,0.9944827857499678,0.993359826426934,0.0011229593230338564
2024-09-17,0.9946406600213121,0.9932872684261216,0.001353391595190545
2024-09-18,0.9948171164052528,0.9932174040430718,0.0015997123621810383
2024-09-19,0.9948171164052528,0.9933434543407459,0.001473662064506942
2024-09-20,0.9948889926216573,0.9934292468382745,0.0014597457833828154
2024-09-23,0.9950741824524547,0.9935011230546787,0.0015730593977759666
2024-09-24,0.995355161994013,0.9935011230546787,0.0018540389393342238
2024-09-25,0.9954922603261942,0.9933373521003915,0.0021549082258026653
2024-09-26,0.9958131813349972,0.9931870724538593,0.0026261088811379008
2024-09-27,0.9957618755003445,0.9930926663801528,0.00266920912019164
2024-09-30,0.9956325592423725,0.9932156304672319,0.0024169287751405477
2024-10-01,0.9955467667448439,0.9933385945543105,0.002208172190533375
2024-10-02,0.9954647164346098,0.9933755605864496,0.0020891558481601624
2024-10-03,0.9954946353593125,0.9935869271546557,0.0019077082046567995
2024-10-04,0.9953283530692016,0.9937796036835028,0.0015487493856988221
2024-10-07,0.9953283530692016,0.9940179824884767,0.0013103705807249177
2024-10-08,0.9951990368112299,0.9941409465755554,0.0010580902356744915
2024-10-09,0.9953361351434115,0.9940510535477379,0.0012850815956735318
2024-10-10,0.9953361351434115,0.9936448632204731,0.0016912719229383866
2024-10-11,0.9953361351434115,0.993383428021626,0.001952707121785413
2024-10-14,0.9952367378101422,0.9932255537502819,0.002011184059860338
2024-10-15,0.9949884052097971,0.9932604639345471,0.00172794127525
2024-10-16,0.9947074256682391,0.9932604639345471,0.001446961733691965
2024-10-17,0.9949187922364452,0.9935947780454075,0.0013240141910376702
2024-10-18,0.9949187922364452,0.9938787026144258,0.0010400896220194022
2024-10-21,0.9951243538624662,0.9939060181738792,0.00121833568858698
2024-10-22,0.995098177125058,0.993878702614426,0.0012194745106319793
2024-10-23,0.994968860867086,0.9936935127836284,0.0012753480834576392
2024-10-24,0.994774020563603,0.9938437924301606,0.0009302281334423457
2024-10-25,0.9948560708738372,0.9938711079896141,0.0009849628842231173
2024-10-28,0.9950198418281242,0.993929584927689,0.0010902569004351825
2024-10-29,0.9949518605845976,0.993771710656345,0.0011801499282526606
2024-10-30,0.9950811768425695,0.9939461514155327,0.0011350254270368065
2024-10-31,0.9950811768425695,0.9938201011178583,0.0012610757247111248
2024-11-01,0.9950418975066591,0.993792785558405,0.0012491119482540558
2024-11-04,0.9949047991744775,0.993736911985579,0.0011678871888984865
2024-11-05,0.9949333571878501,0.9935706296954682,0.0013627274923819765
2024-11-06,0.9949606727473036,0.9938516092370263,0.0011090635102772861
2024-11-07,0.9946992375484563,0.9939241672378389,0.0007750703106174095
2024-11-08,0.9946124361790472,0.9938486992962627,0.000763736882784416
2024-11-11,0.9946124361790472,0.9937499645580417,0.0008624716210055006
2024-11-12,0.9945589438821852,0.9937716260879492,0.0007873177942360199
2024-11-13,0.9949239314927322,0.9937716260879492,0.0011523054047829495
2024-11-14,0.9947290911892488,0.9936486620008704,0.0010804291883783623
2024-11-15,0.9947935783382525,0.9933277713997128,0.0014658069385397043
2024-11-18,0.9948234972629554,0.9931056155367763,0.001717881726179038
2024-11-19,0.9947676236901297,0.9932175847717133,0.0015500389184164298
2024-11-20,0.9948234972629554,0.9930411283877726,0.0017823688751827937
2024-11-21,0.9947062886756843,0.9931640924748515,0.001542196200832846
2024-11-22,0.994480541087576,0.9932852626925542,0.0011952783950217594
2024-11-25,0.9941929291513203,0.9932852626925542,0.0009076664587660543
2024-11-26,0.993919467453731,0.9932590859551458,0.0006603814985852718
2024-11-27,0.9941801252261047,0.9932590859551458,0.0009210392709588788
2024-11-29,0.9941502063014019,0.9932198066192355,0.0009303996821664606
2024-12-02,0.993981691879478,0.9934912564834705,0.0004904353960075714
2024-12-03,0.9936028870124037,0.9934688210039884,0.00013406600841536775
2024-12-04,0.9936398530445428,0.9933901996098822,0.00024965343466065715
2024-12-05,0.9938061353346536,0.993184637983861,0.0006214973507925325
2024-12-06,0.9939746497565776,0.9930664908891603,0.0009081588674172414
2024-12-09,0.9940501176981538,0.9930926676265688,0.0009574500715849865
2024-12-10,0.9938552773946704,0.9929697035394899,0.0008855738551805103
2024-12-11,0.9940532343163945,0.9930554960370185,0.0009977382793759926
2024-12-12,0.9942111085877389,0.9931504895173128,0.0010606190704260943
2024-12-13,0.994092961493038,0.9933762371054211,0.0007167243876169405
2024-12-16,0.9941750118032723,0.9935817987314425,0.0005932130718298012
2024-12-17,0.9940137513641676,0.9932690576979424,0.0007446936662252046
2024-12-18,0.9940137513641676,0.9927996509119833,0.0012141004521842857
2024-12-19,0.9938709196165574,0.9924303698493128,0.0014405497672446144
2024-12-20,0.9938709196165572,0.9922640875592019,0.0016068320573552342
2024-12-23,0.9937810265887397,0.9923752431115168,0.0014057834772228661
2024-12-24,0.9937548498513312,0.9922522790244377,0.0015025708268935345
2024-12-26,0.993819337000335,0.992378329322112,0.001441007678222972
2024-12-27,0.9935568929296072,0.9922868034091546,0.0012700895204525997
2024-12-30,0.9933804365456663,0.9922868034091545,0.0010936331365117846
2024-12-31,0.9932225622743224,0.9926237065495779,0.0005988557247444959
2025-01-02,0.9931952467148689,0.9929929876122484,0.00020225910262050562
2025-01-03,0.9931952467148689,0.9933139086210513,-0.00011866190618237127
2025-01-06,0.9930840911625541,0.9933508746531905,-0.00026678349063635753
2025-01-07,0.9929896850888477,0.9936717956619934,-0.0006821105731457111
2025-01-08,0.9926037582716238,0.9934376760225997,-0.0008339177509758544
2025-01-10,0.9927267223587029,0.9931500640863442,-0.0004233417276413576
2025-01-13,0.9930394633922027,0.9933865597517947,-0.0003470963595919585
2025-01-14,0.9927904490074496,0.9933865597517945,-0.0005961107443448466
2025-01-15,0.992816625744858,0.9934127364892031,-0.0005961107443451796
2025-01-16,0.992417083341949,0.9935828837962667,-0.0011658004543176892
2025-01-17,0.9925935397258897,0.9937058478833456,-0.001112308157455888
2025-01-21,0.992503646698072,0.9937703350323495,-0.0012666883342774549
2025-01-22,0.9924281787564958,0.9934727112278368,-0.0010445324713409532
2025-01-23,0.9924895137709411,0.9934727112278365,-0.0009831974568954571
2025-01-24,0.9925168293303944,0.99331810291679,-0.00080127358639559
2025-01-27,0.9925453873437667,0.9928935957735889,-0.00034820842982219435
2025-01-28,0.9923340373199853,0.9925808547400891,-0.00024681742010379537
2025-01-29,0.9924284433936919,0.9922326181718327,0.000195825221859125
2025-01-30,0.9922540026345044,0.9925453592053328,-0.00029135657082846045
2025-01-31,0.9922854187242467,0.9924333899703958,-0.0001479712461490701
2025-02-03,0.9919978067879912,0.9922905582227857,-0.0002927514347944582
2025-02-04,0.9920461668418591,0.9922119368286793,-0.00016576998682016342
2025-02-05,0.9921581360767961,0.9922418557533819,-8.3719676585714e-05
2025-02-06,0.9923694861005776,0.9918181512435497,0.000551334857027963
2025-02-07,0.9925325328380364,0.9914138842970922,0.0011186485409442337
2025-02-10,0.9920451614482096,0.9912526238579876,0.00079253759022202
2025-02-11,0.9920451614482096,0.9908298504984551,0.0012153109497545778
2025-02-12,0.9920451614482096,0.9903828791919779,0.001662282256231773
2025-02-13,0.9922761894291952,0.9903103211911655,0.001965868238029689
2025-02-14,0.9923110996134603,0.9901087357099804,0.0022023639034799425
2025-02-18,0.9922178399168345,0.9903570683103253,0.001860771606509215
2025-02-19,0.992429246708161,0.9903570683103253,0.002072178397835689
2025-02-20,0.9920064733486285,0.9907053048785817,0.0013011684700467985
2025-02-21,0.9920876544111903,0.990356344093497,0.0017313103176932465
2025-02-24,0.9919827246193191,0.990356344093497,0.001626380525822091
2025-02-25,0.991733710234566,0.9907529407156209,0.0009807695189451016
2025-02-26,0.9916438172067483,0.9909159874530796,0.0007278297536686962
2025-02-27,0.9916723752201207,0.9910602140646557,0.0006121611554650297
2025-02-28,0.9920018888830273,0.9913441386336743,0.0006577502493529952
2025-03-03,0.9921864161187768,0.9914701889313485,0.0007162271874282533
2025-03-04,0.9922763091465943,0.9915695862646174,0.0007067228819768179
2025-03-05,0.9924689856754415,0.9918905072734204,0.0005784784020210765
2025-03-06,0.9923517770881705,0.9922554948839674,9.628220420310196e-05
2025-03-07,0.9925274197894889,0.9923499009576737,0.00017751883181515993
2025-03-10,0.9929753222462661,0.9923225853982204,0.0006527368480456763
2025-03-11,0.9931866888144719,0.9923225853982204,0.0008641034162515382
2025-03-12,0.9931866888144721,0.9923225853982204,0.0008641034162517602
2025-03-13,0.9930433034897926,0.9920016643894175,0.0010416391003751357
2025-03-14,0.9933047386886397,0.9921246284764963,0.0011801102121433704
2025-03-17,0.9930706190492459,0.9920302224027899,0.0010403966464559433
2025-03-18,0.992622716592469,0.9918756140917432,0.0007471025007258492
2025-03-19,0.992214827201327,0.9917812080180368,0.00043361918329021254
2025-03-20,0.9922148272013273,0.9913575035082043,0.0008573236931229689
2025-03-21,0.9919541694289534,0.9913205374760655,0.0006336319528879031
2025-03-24,0.9920260456453577,0.9912560503270615,0.000769995318296135
2025-03-25,0.9919647106309126,0.9911208889037845,0.0008438217271281578
2025-03-26,0.9921225849022567,0.9913683522564569,0.0007542326457997683
2025-03-27,0.9923152614311039,0.9915168380336133,0.0007984233974905885
2025-03-28,0.9922080820236251,0.9915661292377811,0.0006419527858440022
2025-03-31,0.9919812421986802,0.9916605353114876,0.0003207068871926566
2025-04-01,0.9917590863357437,0.9916890933248598,6.999301088395082e-05
2025-04-02,0.9915826299518031,0.9916306163867846,-4.798643498149513e-05
2025-04-03,0.9915540719384307,0.991815143622534,-0.00026107168410327564
2025-04-04,0.9916185590874343,0.9916890933248598,-7.053423742542364e-05
2025-04-07,0.9916185590874343,0.9912674131964317,0.0003511458910026022
2025-04-08,0.9915900010740621,0.9910332935570378,0.0005567075170243019
2025-04-09,0.9915113796799557,0.9911320282952589,0.0003793513846968022
2025-04-10,0.9914255871824271,0.9913516728223718,7.391436005532714e-05
2025-04-11,0.9917985663893037,0.9915532583035569,0.0002453080857468537
2025-04-14,0.991798566389304,0.991745934832404,5.263155689994026e-05
2025-04-15,0.9915728188011955,0.9914620102633857,0.00011080853780986999
2025-04-16,0.9918342540000424,0.9911810307218276,0.0006532232782148206
2025-04-17,0.9913082175142,0.9912797654600483,2.8452054151695272e-05
2025-04-21,0.9912809019547465,0.991470851973789,-0.0001899500190425396
2025-04-22,0.991154821249427,0.9916142372984684,-0.00045941604904142785
2025-04-23,0.9910114359247474,0.9916142372984684,-0.0006028013737210403
2025-04-24,0.9914109783276567,0.9914960902037677,-8.511187611104365e-05
2025-04-25,0.9917096943690058,0.9913889107962891,0.00032078357271669855
2025-04-28,0.9916747841847406,0.9911819480810578,0.0004928361036828921
2025-04-29,0.9917361191991856,0.9909344847283853,0.0008016344708002832
2025-04-30,0.991760281306109,0.9911271612572325,0.000633120048876501
2025-05-01,0.9916840359380594,0.9912438162674341,0.0004402196706253525
2025-05-02,0.9918080007601829,0.991273735192137,0.0005342655680459218
2025-05-05,0.9915473429878092,0.9913786824678026,0.000168660520006636
2025-05-06,0.9917158574097332,0.9912620274576006,0.0004538299521326117
2025-05-07,0.991579494044325,0.9912085351607388,0.000370958883586181
2025-05-08,0.9916866734518037,0.9913157145682177,0.00037095888358607
2025-05-09,0.9920755278126934,0.991397764878452,0.0006777629342413771
2025-05-12,0.9922258074592256,0.9915348632106332,0.0006909442485923956
2025-05-13,0.9922627734913645,0.9913769889392889,0.0008857845520755525
2025-05-14,0.9921264101259564,0.9908195121613044,0.0013068979646519985
2025-05-15,0.9919982135374408,0.9906532298711933,0.001344983666247468
2025-05-16,0.9917267636732058,0.9910736083169968,0.0006531553562090231
2025-05-19,0.9916548874568011,0.99126844862048,0.0003864388363210569
2025-05-20,0.9917668566917381,0.9911559835008457,0.0006108731908924803
2025-05-21,0.9920462447265913,0.9909572781804098,0.0010889665461815135
2025-05-22,0.9921406508002978,0.9909824072776542,0.0011582435226435983
2025-05-23,0.9922770141657057,0.9907459116122037,0.0015311025535019729
2025-05-27,0.9920754286845208,0.9906025262875242,0.0014729023969966004
2025-05-28,0.9918139934856736,0.990130461723824,0.0016835317618495438
2025-05-29,0.9918489036699389,0.9902597779817958,0.0015891256881431781
2025-05-30,0.9919047772427648,0.9905407575233539,0.0013640197194109138
2025-06-02,0.9920822650354483,0.9905156284261093,0.0015666366093389783
2025-06-03,0.9923886250839485,0.9905156284261095,0.0018729966578390211
2025-06-04,0.9923886250839485,0.9905156284261095,0.0018729966578390211
2025-06-05,0.9925067721786492,0.9901297016088858,0.0023770705697634398
2025-06-06,0.9925067721786492,0.9901297016088856,0.002377070569763662
2025-06-09,0.9925888224888834,0.9900398085810681,0.0025490139078152563
2025-06-10,0.9922593088259768,0.9902655561691766,0.0019937526568002406
2025-06-11,0.9927466802158031,0.990290685266421,0.002455994949382201
2025-06-12,0.9929956946005563,0.9903805782942386,0.002615116306317611
2025-06-13,0.993370107906221,0.9899810358913296,0.00338907201489147
2025-06-16,0.9932651606305556,0.990124421216009,0.0031407394145466228
2025-06-17,0.9933645579638245,0.9900216377149793,0.0033429202488451937
2025-06-18,0.99365216990008,0.9903026172565376,0.0033495526435424194
2025-06-20,0.9939017333518957,0.9905312415016764,0.003370491850219315
2025-06-23,0.9938262654103195,0.9904799356670233,0.0033463297432961836
2025-06-24,0.9937234819092899,0.9904513776536511,0.0032721042556388413
2025-06-25,0.993624084576021,0.9903900426392058,0.003234041936815202
2025-06-26,0.9938847423483946,0.9904619188556101,0.0034228234927845547
2025-06-27,0.9938498321641294,0.9901695558601797,0.0036802763039496256
2025-06-30,0.9935622202278738,0.9900010414382558,0.0035611787896179248
2025-07-01,0.9933126567760581,0.9896730198598478,0.003639636916210276
2025-07-02,0.9929524868389903,0.989673019859848,0.003279466979142276
2025-07-03,0.9925529444360811,0.9900010414382557,0.0025519029978253727
2025-07-07,0.9927285871373995,0.9903290630166636,0.002399524120735963
2025-07-08,0.9922412157475732,0.9904583792746353,0.0017828364729378654
2025-07-09,0.9921098742331713,0.9907221851317193,0.0013876891014520387
2025-07-10,0.9919435919430605,0.990621426012094,0.0013221659309664568
2025-07-11,0.9916140782801539,0.9904634916370184,0.0011505866431354983
2025-07-14,0.9913032741555583,0.9899502831847878,0.0013529909707704624
2025-07-15,0.9916439972048564,0.9896896254124142,0.0019543717924421777
2025-07-16,0.9919138241667133,0.9895902280791452,0.0023235960875680473
2025-07-17,0.9919138241667133,0.9891412323912635,0.002772591775449751
2025-07-18,0.9919138241667133,0.9891412323912637,0.002772591775449529
2025-07-21,0.9918839052420105,0.989447592439764,0.002436312802246543
2025-07-22,0.9917609411549316,0.9894190344263917,0.0023419067285399553
2025-07-23,0.9914400201461289,0.989121410621879,0.0023186095242498928
2025-07-24,0.9913328407386501,0.9886744393154019,0.0026584014232482467
2025-07-25,0.9914356242396798,0.9884434113344165,0.002992212905263303
2025-07-28,0.9914941011777547,0.9884658468138984,0.003028254363856342
2025-07-29,0.9913328407386501,0.9883173610367424,0.0030154797019077417
2025-07-30,0.9916537313398077,0.9883173610367424,0.003336370303065328
2025-07-31,0.9919143891121812,0.9882474966536925,0.003666892458488724
2025-08-01,0.9919143891121812,0.9882033996443029,0.0037109894678782895
2025-08-04,0.9922284397130008,0.9882307152037564,0.003997724509244405
2025-08-05,0.992205172916356,0.9882307152037564,0.003974457712599633
2025-08-06,0.9921023894153266,0.988391975642861,0.003710413772465615
2025-08-07,0.9923039748965116,0.9884907103810818,0.0038132645154297373
2025-08-08,0.9920229953549533,0.9880186458173816,0.004004349537571672
2025-08-11,0.9923039748965116,0.9880472038307541,0.004256771065757503
2025-08-12,0.9922798127895884,0.9880172849060512,0.004262527883537204
2025-08-13,0.9918972073730385,0.9879940181094066,0.0039031892636319787
2025-08-14,0.9918028012993322,0.9878868387019278,0.003915962597404343
2025-08-15,0.991802801299332,0.9876029141329096,0.004199887166422389
2025-08-18,0.9919456330469422,0.9876302296923628,0.004315403354579361
2025-08-19,0.9920276833571765,0.9875387037794054,0.004488979577771057
2025-08-20,0.9918730750461299,0.9876559123666765,0.004217162679453379
2025-08-21,0.9916869467079028,0.987570119869148,0.004116826838754806
2025-08-22,0.9916869467079027,0.9874629404616693,0.004224006246233425
2025-08-25,0.9916869467079027,0.9874629404616693,0.004224006246233425
2025-08-26,0.9916869467079025,0.9874629404616693,0.004224006246233203
2025-08-27,0.9916869467079027,0.9874629404616693,0.004224006246233425
2025-08-28,0.991892508333924,0.987570119869148,0.00432238846477595
2025-08-29,0.9917813527816091,0.9873205564173322,0.0044607963642768755
2025-09-02,0.9917813527816092,0.9873205564173324,0.0044607963642767645
2025-09-03,0.992019731586583,0.987293240857879,0.004726490728704014
2025-09-04,0.9919376812763487,0.9874570118121662,0.004480669464182574
2025-09-05,0.9919662392897209,0.9876856360573049,0.00428060323241608
2025-09-08,0.991907762351646,0.9878149523152768,0.004092810036369188
2025-09-09,0.9916767343706606,0.9882639480031581,0.0034127863675025294
2025-09-10,0.9913659302460652,0.9882639480031581,0.003101982242907142
2025-09-11,0.9917066532953633,0.9886108741652778,0.0030957791300855186
2025-09-12,0.9916280319012571,0.9886478401974169,0.0029801917038402292
2025-09-15,0.9918141602394843,0.9884721974960984,0.00334196274338594
2025-09-16,0.9918141602394843,0.9880862706788747,0.003727889560609654
2025-09-17,0.9918590598822427,0.9880862706788747,0.0037727892033679877
2025-09-18,0.9922072964504988,0.9883477058777216,0.003859590572777183
2025-09-19,0.9918284915834245,0.9889051826557066,0.0029233089277178603
2025-09-22,0.9919466386781249,0.9890597909667529,0.0028868477113720425
2025-09-23,0.9921012469891716,0.9888311667216142,0.0032700802675573737
2025-09-24,0.9920062535088773,0.9888311667216142,0.0031750867872630817
2025-09-25,0.9921675139479819,0.9887752931487883,0.003392220799193546
2025-09-26,0.9921675139479819,0.9886381948166071,0.003529319131374775
2025-09-29,0.9920246822003714,0.9884625521152884,0.003562130085082993
2025-09-30,0.9919797825576135,0.9884040751772135,0.0035757073804000283
2025-10-01,0.991757626694677,0.9881557425768683,0.003601884117808707
2025-10-02,0.9917277077699743,0.9887161101532796,0.0030115976166946723
2025-10-03,0.9916378147421566,0.9885315829175304,0.0031062318246262155
2025-10-06,0.9917051785481906,0.9886041409183426,0.0031010376298480358
2025-10-07,0.9920028023527033,0.988741239250524,0.003261563102179288
2025-10-08,0.992092695380521,0.9889024996896286,0.0031901956908924056
2025-10-09,0.9921511723185962,0.988853208485461,0.003297963833135187
2025-10-10,0.9922539558196258,0.989300179791938,0.002953776027687871
2025-10-13,0.9921175924542178,0.9893243418988615,0.002793250555356286
2025-10-14,0.9918889682090789,0.9893528999122336,0.002536068296845273
2025-10-15,0.9913978998932125,0.9890495629867355,0.0023483369064769555
2025-10-16,0.9913978998932125,0.9884891954103243,0.002908704482888158
2025-10-17,0.9914563768312874,0.988196832414894,0.003259544416393423
2025-10-20,0.9917188209020151,0.9881682744015213,0.003550546500493801
2025-10-21,0.9918046133995437,0.9882802436364585,0.0035243697630852333
2025-10-22,0.9917760553861714,0.9881426494195796,0.003633405966591785
2025-10-23,0.9915915281504222,0.9882011263576548,0.0033904017927673946
2025-10-24,0.9914790630307878,0.9879670067182611,0.0035120563125267124
2025-10-27,0.9910119551510023,0.9881545672072954,0.002857387943706824
2025-10-28,0.9910119551510023,0.9879670067182611,0.003044948432741168
2025-10-29,0.9910905765451086,0.9873339765660515,0.0037565999790570848
2025-10-30,0.9911204954698115,0.9868095129365938,0.004310982533217711
2025-10-31,0.9910272357731854,0.9867340449950176,0.00429319077816781
2025-11-03,0.9909627486241818,0.9864131239862148,0.004549624637966931
2025-11-04,0.9908256502920003,0.9866755680569427,0.004150082235057639
2025-11-05,0.9910272357731856,0.9867608677830499,0.004266367990135689
2025-11-06,0.9910571546978884,0.9865763405473005,0.004480814150587875
2025-11-07,0.9912746991258581,0.9867401115015878,0.004534587624270281
2025-11-10,0.9912473835664046,0.9872521190241312,0.003995264542273391
2025-11-11,0.991558187691,0.9877998494502335,0.0037583382407665455
2025-11-12,0.9919441145082238,0.9882019211139527,0.003742193394271176
2025-11-13,0.9919702912456325,0.9881031863757316,0.003867104869900939
2025-11-14,0.9919403723209297,0.9882644468148364,0.0036759255060933027
2025-11-17,0.99223273531636,0.9882382700774279,0.003994465238932099
2025-11-18,0.9924486786418518,0.9881263008424908,0.004322377799361066
2025-11-19,0.9926773028869907,0.9881263008424908,0.0045510020444999855
2025-11-20,0.9926773028869907,0.9881263008424908,0.0045510020444999855
2025-11-21,0.9928385633260955,0.9880364078146733,0.004802155511422268
2025-11-24,0.9928385633260953,0.9880625845520817,0.0047759787740135895
2025-11-25,0.9932637694792296,0.9881210614901569,0.005142707989072681
2025-11-26,0.9935671064047279,0.9878714980383411,0.0056956083663868284
2025-11-28,0.9938036020701784,0.9878016336552913,0.006001968414887093
2025-12-01,0.9939247722878811,0.9876314863482277,0.0062932859396533924
2025-12-02,0.9939520878473346,0.9877172788457561,0.006234809001578467
2025-12-03,0.9943122577844025,0.9879048393347905,0.006407418449612012
2025-12-04,0.9945747018551302,0.987657375982118,0.006917325873012192
2025-12-05,0.9946032598685026,0.9879607129076163,0.006642546960886286
2025-12-08,0.9948646950673498,0.9877410683805035,0.007123626686846296
2025-12-09,0.9948646950673494,0.9879751880198971,0.006889507047452281
2025-12-10,0.9950933193124885,0.9882226513725696,0.006870667939918862
2025-12-11,0.9951791118100168,0.9885020394074227,0.006677072402594186
2025-12-12,0.9951791118100168,0.9887361590468163,0.006442952763200505
2025-12-15,0.9952818953110464,0.9884886956941439,0.006793199616902501
2025-12-16,0.9952818953110464,0.9886524666484312,0.006629428662615178
2025-12-17,0.9952545797515928,0.9887243428648355,0.006530236886757357
2025-12-18,0.9952831377649655,0.9885697345537887,0.006713403211176749
2025-12-19,0.9953651880751996,0.9882773715583584,0.0070878165168412055
2025-12-22,0.9950891667091547,0.9882773715583582,0.006811795150796551
2025-12-23,0.9949771974742179,0.9881397773414796,0.006837420132738248
2025-12-24,0.995019099200869,0.9880021831246009,0.007016916076268087
2025-12-26,0.9948434564995504,0.9879819196145597,0.006861536884990693
2025-12-29,0.9945154349211426,0.9879420260387549,0.006573408882387666
2025-12-30,0.9945154349211426,0.9881730061283002,0.006342428792842414
