date,pe_sp600,pe_sp500,diff
1996-10-25,0.9909123803497396,0.9980201602591813,-0.007107779909441669
1996-10-28,0.9910202746763361,0.998124002815856,-0.0071037281395198715
1996-10-29,0.9906824888415479,0.9981886597944793,-0.00750617095293149
1996-10-30,0.990574594514951,0.9984228603447021,-0.007848265829751067
1996-10-31,0.9902743148875462,0.9983267200082929,-0.008052405120746675
1996-11-01,0.9903562013186384,0.9983015938318308,-0.007945392513192373
1996-11-04,0.9904861937624846,0.9984616475349034,-0.007975453772418817
1996-11-05,0.990823979597273,0.9984867737113656,-0.0076627941140926525
1996-11-06,0.9911389329044085,0.9984867737113656,-0.007347840806957162
1996-11-07,0.9913352279834718,0.9984228603447021,-0.007087632361230223
1996-11-08,0.9908369074950792,0.9983344595922354,-0.00749755209715619
1996-11-11,0.9914481155347394,0.998176306494106,-0.006728190959366609
1996-11-12,0.9918341229664571,0.9982011519017899,-0.006367028935332808
1996-11-13,0.9912327537645693,0.9982525731611432,-0.007019819396573923
1996-11-14,0.9911389329044085,0.998227446984681,-0.007088514080272557
1996-11-15,0.991524940336126,0.9984237420637444,-0.006898801727618364
1996-11-18,0.9918341229664571,0.9983977341682398,-0.006563611201782726
1996-11-19,0.9918341229664571,0.9984616475349036,-0.006627524568446508
1996-11-20,0.9916223860831853,0.9984616475349036,-0.006839261451718315
1996-11-21,0.9916893815066556,0.9984616475349036,-0.006772266028247986
1996-11-22,0.9916223860831853,0.9984745754327097,-0.006852189349524362
1996-11-25,0.9921163828511511,0.9984237420637444,-0.006307359212593289
1996-11-26,0.9918211950686507,0.9983605553944054,-0.0065393603257546395
1996-11-27,0.9921135319914299,0.9982721546419389,-0.006158622650508927
1996-11-29,0.9922160062103325,0.9981958879749016,-0.005979881764569095
1996-12-02,0.9922160062103325,0.9983529394391902,-0.006136933228857777
1996-12-03,0.9925111939928329,0.99835293943919,-0.005841745446357072
1996-12-04,0.9925920869551875,0.9984207524038463,-0.0058286654486587874
1996-12-05,0.9928549017198937,0.9984207524038463,-0.005565850683952656
1996-12-06,0.9929088171456656,0.9984207524038463,-0.005511935258180722
1996-12-09,0.992882501428697,0.9984207524038463,-0.0055382509751492615
1996-12-10,0.9930109274402287,0.9986520759951235,-0.005641148554894837
1996-12-11,0.9926487442342579,0.9985974987497374,-0.005948754515479493
1996-12-12,0.9931903965721623,0.998661412116401,-0.005471015544238678
1996-12-13,0.9932573919956328,0.9985795256853087,-0.005322133689675934
1996-12-16,0.9929089347452198,0.9987958248441976,-0.005886890098977804
1996-12-17,0.9928419393217494,0.9986427123546476,-0.0058007730328982765
1996-12-18,0.9926487442342578,0.9984703053512016,-0.005821561116943874
1996-12-19,0.9927485872558951,0.9984703053512016,-0.005721718095306527
1996-12-20,0.9923625798241775,0.9984703053512016,-0.006107725527024099
1996-12-23,0.9920476265170423,0.9983466459857823,-0.006299019468740008
1996-12-24,0.9922270956489758,0.9983720593496311,-0.006144963700655315
1996-12-26,0.9921991246436557,0.9981583667410879,-0.00595924209743226
1996-12-27,0.9920476265170423,0.9981954296930965,-0.006147803176054234
1996-12-30,0.9918945140274923,0.9982208430569454,-0.0063263290294530705
1996-12-31,0.9919477834954046,0.9980420233748923,-0.006094239879487762
1997-01-02,0.9919754069898468,0.9980269989425041,-0.006051591952657365
1997-01-03,0.9919084115663765,0.9979645226266464,-0.00605611106026982
1997-01-06,0.9919806310935719,0.9981583667410877,-0.006177735647515781
1997-01-07,0.9919806310935719,0.9983223623284705,-0.006341731234898562
1997-01-08,0.992038026526097,0.9982966551359672,-0.006258628609870254
1997-01-09,0.9919301321995,0.9981285182140291,-0.006198386014529156
1997-01-10,0.9919588251361289,0.9983095830337734,-0.006350757897644499
1997-01-13,0.9919588251361289,0.9983095830337734,-0.006350757897644499
1997-01-14,0.9922480712507613,0.9982966551359672,-0.006048583885205905
1997-01-15,0.9920802229148455,0.9981200254794327,-0.006039802564587138
1997-01-16,0.9916416102422908,0.9983337180879759,-0.00669210784568508
1997-01-17,0.9916416102422908,0.9980901769523739,-0.006448566710083092
1997-01-20,0.9915982882762018,0.998052271481215,-0.006453983205013225
1997-01-21,0.9919941345456917,0.997992563665377,-0.005998429119685289
1997-01-22,0.9917048884310595,0.9981759308466343,-0.006471042415574724
1997-01-23,0.9918868102334112,0.9982267642155997,-0.006339953982188562
1997-01-24,0.9917048884310595,0.9982267642155997,-0.006521875784540221
1997-01-27,0.9912852161651788,0.9979559080810079,-0.00667069191582903
1997-01-28,0.9911502886385685,0.9978433843387768,-0.0066930957002083735
1997-01-29,0.9911649176680286,0.9978433843387768,-0.006678466670748229
1997-01-30,0.9909882880114941,0.9975333040010346,-0.0065450159895404925
1997-01-31,0.9914512822434637,0.9974824706320691,-0.006031188388605391
1997-02-03,0.9908471673814007,0.9973588112666497,-0.006511643885249052
1997-02-04,0.9903745054262317,0.9974227246333136,-0.007048219207081874
1997-02-05,0.9900688887489132,0.9973588112666498,-0.007289922517736636
1997-02-06,0.9899496545249037,0.9972680023379119,-0.007318347813008219
1997-02-07,0.9904172718292965,0.9970213685182286,-0.006604096688932137
1997-02-10,0.9905365060533061,0.9970811563031537,-0.006544650249847628
1997-02-11,0.9907350221159245,0.9972680023379119,-0.00653298022198745
1997-02-12,0.9905648334250587,0.997145027883648,-0.006580194458589261
1997-02-13,0.9905939014858312,0.9973331804608366,-0.0067392789750054805
1997-02-14,0.9901262841814382,0.9974561549151005,-0.007329870733662314
1997-02-18,0.9902674048115316,0.9973509069550507,-0.007083502143519049
1997-02-19,0.9902100093790067,0.9972877202857118,-0.007077710906705059
1997-02-20,0.9902100093790067,0.9972877202857118,-0.007077710906705059
1997-02-21,0.9904985313362159,0.997287720285712,-0.006789188949496094
1997-02-24,0.9904837072415458,0.9969343945090762,-0.006450687267530397
1997-02-25,0.9903740049663894,0.9970555254973406,-0.006681520530951168
1997-02-26,0.9898822561736219,0.9971784999516046,-0.007296243777982658
1997-02-27,0.9900641779759736,0.9969352207314267,-0.006871042755453138
1997-02-28,0.9905559267687409,0.9969744643462012,-0.006418537577460248
1997-03-03,0.9906925140319665,0.9968251741749689,-0.0061326601430024
1997-03-04,0.990648621876524,0.9965033054059009,-0.005854683529376903
1997-03-05,0.9908017343660739,0.9965033054059009,-0.005701571039827047
1997-03-06,0.990295161478636,0.9965033054059009,-0.006208143927264875
1997-03-07,0.990295161478636,0.9965033054059009,-0.006208143927264875
1997-03-10,0.9903533075393952,0.9964441539750588,-0.006090846435663599
1997-03-11,0.9899773452161438,0.9963290388509883,-0.006351693634844557
1997-03-12,0.9894958998065523,0.9960532961884759,-0.0065573963819236525
1997-03-13,0.9888515950744904,0.9959039296305535,-0.007052334556063133
1997-03-14,0.9887115625826388,0.9960190447546242,-0.007307482171985402
1997-03-17,0.9885852660472159,0.9961435711244507,-0.0075583050772348725
1997-03-18,0.9887554547380815,0.9958424150980895,-0.007086960360007999
1997-03-19,0.9887700837675416,0.9959409925825624,-0.0071709088150208045
1997-03-20,0.9886317953726621,0.9955155661208075,-0.00688377074814539
1997-03-21,0.9886317953726621,0.9953965451145493,-0.006764749741887233
1997-03-24,0.9886317953726621,0.9952536598061794,-0.0066218644335173105
1997-03-25,0.9883394584498829,0.9951911834903219,-0.006851725040438961
1997-03-26,0.9882955662944405,0.995314842855741,-0.007019276561300525
1997-03-27,0.9877956676722107,0.9951740844344938,-0.007378416762283124
1997-03-31,0.9877956676722107,0.9953426769353673,-0.0075470092631565455
1997-04-01,0.9874737057471829,0.9954834353566142,-0.00800972960943136
1997-04-02,0.9874737057471829,0.995639185016168,-0.008165479268985143
1997-04-03,0.9878260427736502,0.9954834353566142,-0.007657392582964051
1997-04-04,0.988017496524855,0.9952615733878287,-0.007244076862973681
1997-04-07,0.9880174965248549,0.9956163866264653,-0.0075988901016104116
1997-04-08,0.9880174965248549,0.9955364633051887,-0.007518966780333813
1997-04-09,0.9886952412247355,0.9956793486135589,-0.0069841073888233796
1997-04-10,0.9891911256656388,0.9958517556170052,-0.006660629951366404
1997-04-11,0.9891911256656388,0.9956793486135589,-0.006488222947920064
1997-04-14,0.9895156667295373,0.9959037063049424,-0.0063880395754051245
1997-04-15,0.9896922963860718,0.9959037063049424,-0.006211409918870592
1997-04-16,0.9896632283252994,0.9963125385064304,-0.0066493101811310185
1997-04-17,0.9891911256656388,0.9964087528892811,-0.007217627223642276
1997-04-18,0.9895156667295372,0.9965811598927274,-0.007065493163190273
1997-04-21,0.9899783474615325,0.9964087528892811,-0.006430405427748642
1997-04-22,0.9902960977481603,0.9965849968114577,-0.006288899063297437
1997-04-23,0.9903251658089325,0.9969427327191388,-0.006617566910206318
1997-04-24,0.9907783440820134,0.9969550860195123,-0.006176741937498953
1997-04-25,0.9907783440820134,0.9967682399847541,-0.005989895902740683
1997-04-28,0.9907783440820136,0.9969073946396934,-0.0061290505576797605
1997-04-29,0.9907927831133255,0.9968587842641261,-0.006066001150800582
1997-04-30,0.9906225944224598,0.9968711375644997,-0.006248543142039931
1997-05-01,0.990154977118067,0.9967682399847542,-0.006613262866687175
1997-05-02,0.9899929764909926,0.9965614863397568,-0.006568509848764226
1997-05-05,0.9897916881872583,0.9963119265926001,-0.006520238405341883
1997-05-06,0.9892999393944908,0.995985925158555,-0.006685985764064206
1997-05-07,0.9887987686740581,0.9958708100344847,-0.007072041360426606
1997-05-08,0.9884345756799895,0.9960217922971684,-0.007587216617178871
1997-05-09,0.9883623561527943,0.9963477937312135,-0.007985437578419186
1997-05-12,0.9881460569939056,0.9964495136618458,-0.00830345666794019
1997-05-13,0.9886620518090087,0.9964495136618458,-0.007787461852837074
1997-05-14,0.9886620518090087,0.9965614863397567,-0.00789943453074804
1997-05-15,0.9886620518090087,0.9965614863397567,-0.00789943453074804
1997-05-16,0.9887194472415335,0.9965855258706257,-0.007866078629092166
1997-05-19,0.9893862672645245,0.9967845894497087,-0.007398322185184214
1997-05-20,0.989883337693048,0.9967359790741415,-0.006852641381093427
1997-05-21,0.9902986042156919,0.9966989161221327,-0.006400311906440748
1997-05-22,0.9902986042156922,0.9965369154950583,-0.006238311279366138
1997-05-23,0.9902986042156922,0.9966626749565595,-0.006364070740867311
1997-05-27,0.9902124871496125,0.9966626749565595,-0.00645018780694695
1997-05-28,0.9898111181658529,0.9966626749565595,-0.006851556790706592
1997-05-29,0.9895303468962182,0.9965855258706257,-0.007055178974407439
1997-05-30,0.9893288718319997,0.996349026822888,-0.007020154990888261
1997-06-02,0.989825942260523,0.9966626749565595,-0.006836732696036463
1997-06-03,0.9900274173247415,0.9966626749565595,-0.006635257631817937
1997-06-04,0.990185383662387,0.9966626749565595,-0.006477291294172516
1997-06-05,0.9903745054262317,0.9966626749565595,-0.006288169530327736
1997-06-06,0.9903032124548228,0.9966626749565595,-0.00635946250173669
1997-06-09,0.9898061420262992,0.9969845437256274,-0.007178401699328152
1997-06-10,0.9891564268958863,0.9967954219617824,-0.007638995065896048
1997-06-11,0.989284544706473,0.9970211993099966,-0.007736654603523574
1997-06-12,0.9894611743630076,0.9970211993099968,-0.007560024946989152
1997-06-13,0.9894014665471699,0.9973147373017073,-0.007913270754537405
1997-06-16,0.9899382941263147,0.9973147373017073,-0.007376443175392544
1997-06-17,0.9902434103437909,0.9972252349153997,-0.006981824571608786
1997-06-18,0.9902434103437909,0.9972006640707014,-0.006957253726910473
1997-06-19,0.9905616610902613,0.9973023840013336,-0.0067407229110723055
1997-06-20,0.9904503889872266,0.9973785639006114,-0.006928174913384821
1997-06-23,0.9899827716828336,0.9973785639006113,-0.007395792217777752
1997-06-24,0.9898061420262992,0.9971771756041524,-0.007371033577853181
1997-06-25,0.9898061420262992,0.9972385314087598,-0.0074323893824606024
1997-06-26,0.9899324385617223,0.9974548305676486,-0.007522392005926304
1997-06-27,0.989806142026299,0.9974299851599647,-0.007623843133665709
1997-06-30,0.989806142026299,0.9976157141477318,-0.00780957212143274
1997-07-01,0.9898061420262992,0.9974299851599647,-0.007623843133665487
1997-07-02,0.9899324385617224,0.9974299851599646,-0.0074975465982422
1997-07-03,0.9904295089902457,0.9976919808147691,-0.007262471824523331
1997-07-07,0.9906209627414506,0.9976157141477318,-0.006994751406281141
1997-07-08,0.9905156260563254,0.9975551935571458,-0.007039567500820465
1997-07-09,0.9909882880114941,0.9975800389648296,-0.006591750953335529
1997-07-10,0.9912894440378553,0.9976773826132805,-0.006387938575425189
1997-07-11,0.9912894440378552,0.9979145328604009,-0.006625088822545644
1997-07-14,0.9917524382698247,0.997914532860401,-0.006162094590576261
1997-07-15,0.9920246100177321,0.997914532860401,-0.005889922842668871
1997-07-16,0.9920673764207969,0.9976282349216009,-0.005560858500804011
1997-07-17,0.9922039636840223,0.9975501827495392,-0.005346219065516911
1997-07-18,0.9923393485776035,0.9975744850335352,-0.005235136455931655
1997-07-21,0.9927635222188463,0.9976525372055968,-0.0048890149867504284
1997-07-22,0.9927635222188461,0.9974413888868426,-0.004677866667996522
1997-07-23,0.9927492683135295,0.9976659050648113,-0.004916636751281844
1997-07-24,0.9927492683135295,0.9976659050648112,-0.004916636751281733
1997-07-25,0.9927492683135295,0.9976659050648112,-0.004916636751281733
1997-07-28,0.9927492683135295,0.9975507899407408,-0.004801521627211258
1997-07-29,0.9927492683135295,0.9976779898044821,-0.004928721490952581
1997-07-30,0.9927492683135295,0.9976779898044821,-0.004928721490952581
1997-07-31,0.9927635222188463,0.9977276868256428,-0.004964164606796495
1997-08-01,0.9927635222188463,0.9974413888868426,-0.0046778666679963
1997-08-04,0.9927635222188463,0.997555193557146,-0.004791671338299608
1997-08-05,0.9927635222188463,0.9978294067562751,-0.005065884537428733
1997-08-06,0.9931778570223165,0.9979056734233124,-0.0047278164009958434
1997-08-07,0.9928727425529538,0.9978542521639591,-0.004981509611005297
1997-08-08,0.9924485689117108,0.9975922565091548,-0.005143687597443991
1997-08-11,0.9926499572081696,0.9974670481119735,-0.004817090903803889
1997-08-12,0.9926212642715407,0.9974670481119735,-0.004845783840432771
1997-08-13,0.9930171105410309,0.9974670481119735,-0.004449937570942586
1997-08-14,0.9933892204338641,0.9974299851599647,-0.0040407647261005986
1997-08-15,0.9932697185684976,0.9973785639006114,-0.004108845332113864
1997-08-18,0.9934171914391844,0.9974299851599647,-0.004012793720780339
1997-08-19,0.9933892204338641,0.9971893837170802,-0.0038001632832160848
1997-08-20,0.993486564082315,0.9974756816558803,-0.003989117573565348
1997-08-21,0.9930722292788448,0.9974259846347195,-0.004353755355874789
1997-08-22,0.9930722292788448,0.9974259846347197,-0.0043537553558749
1997-08-25,0.9930722292788448,0.9974259846347197,-0.0043537553558749
1997-08-26,0.9931144541894817,0.9973254156836867,-0.004210961494204968
1997-08-27,0.9930315495723429,0.9974138998950488,-0.004382350322705952
1997-08-28,0.9931144541894817,0.9974513793718844,-0.0043369251824026955
1997-08-29,0.9932040428408399,0.9976301990539376,-0.0044261562130977206
1997-09-02,0.9935761527336732,0.9976545013379333,-0.004078348604260151
1997-09-03,0.9936456621573738,0.9978247885214919,-0.004179126364118102
1997-09-04,0.9932313273539035,0.9977797097351143,-0.004548382381210803
1997-09-05,0.9935761527336732,0.9977276868256427,-0.004151534091969555
1997-09-08,0.9936456621573738,0.9976525372055965,-0.0040068750482227244
1997-09-09,0.9932168883225915,0.9975374220815263,-0.004320533758934819
1997-09-10,0.9932168883225915,0.9975374220815263,-0.004320533758934819
1997-09-11,0.9928486655475436,0.9977220466292974,-0.004873381081753836
1997-09-12,0.9928349395919858,0.9975812882080501,-0.0047463486160643775
1997-09-15,0.9928349395919858,0.9978675861468502,-0.005032646554864462
1997-09-16,0.993189603809528,0.997946562807266,-0.004756958997737981
1997-09-17,0.9936183776443102,0.9980207096544158,-0.004402332010105647
1997-09-18,0.9940969326080678,0.9982053342021866,-0.004108401594118849
1997-09-19,0.9941521881264515,0.9982053342021866,-0.004053146075735148
1997-09-22,0.9940682396714389,0.998135824778486,-0.004067585107047078
1997-09-23,0.9941094217233868,0.9981733042553219,-0.004063882531935126
1997-09-24,0.9937333409785318,0.9981236072341613,-0.004390266255629438
1997-09-25,0.9937333409785318,0.9983082317819323,-0.004574890803400455
1997-09-26,0.9935896847076815,0.9982053342021866,-0.004615649494505103
1997-09-29,0.9935183917362722,0.9979465628072658,-0.004428171070993581
1997-09-30,0.9935595737882201,0.9978675861468502,-0.004308012358630098
1997-10-01,0.9936620480071225,0.9977637435901753,-0.0041016955830527335
1997-10-02,0.9940105052575355,0.9980257392449797,-0.004015233987444189
1997-10-03,0.993908031038633,0.9978675861468504,-0.0039595551082174385
1997-10-06,0.9935595737882201,0.9979962598284265,-0.004436686040206417
1997-10-07,0.9931735663565027,0.9979962598284265,-0.004822693471923878
1997-10-08,0.9931735663565027,0.9979962598284264,-0.004822693471923767
1997-10-09,0.9936620480071225,0.9981544129265559,-0.004492364919433389
1997-10-10,0.9937470669340897,0.9982845106399004,-0.004537443705810773
1997-10-13,0.9933749570412563,0.9981544129265559,-0.004779455885299599
1997-10-14,0.9929217153392413,0.9979840422841015,-0.005062326944860196
1997-10-15,0.9929217153392413,0.9979840422841015,-0.005062326944860196
1997-10-16,0.9924136423208944,0.9978116352806554,-0.0053979929597610665
1997-10-17,0.9919983757982503,0.9978116352806554,-0.005813259482405075
1997-10-20,0.9918985327766129,0.9978770533835651,-0.005978520606952253
1997-10-21,0.9923137992992568,0.9978770533835652,-0.005563254084308467
1997-10-22,0.9924136423208942,0.9978116352806554,-0.0053979929597611775
1997-10-23,0.9919983757982503,0.9978116352806554,-0.005813259482405075
1997-10-24,0.9920867765507168,0.997946562807266,-0.00585978625654926
1997-10-27,0.9920416977643394,0.9978116352806554,-0.005769937516316048
1997-10-28,0.9920000008034611,0.997914532860401,-0.005914532056939925
1997-10-29,0.9920000008034613,0.9981236072341613,-0.006123606430699979
1997-10-30,0.9920000008034613,0.9981236072341613,-0.006123606430699979
1997-10-31,0.9923740852741573,0.9982253271647935,-0.0058512418906362385
1997-11-03,0.992429340792541,0.9981358247784862,-0.005706483985945199
1997-11-04,0.9924580337291699,0.9979267504047259,-0.00546871667555604
1997-11-05,0.9925177415450075,0.9980991574081722,-0.00558141586316474
1997-11-06,0.9929661067475168,0.9979515958124099,-0.004985489064893045
1997-11-07,0.9929661067475168,0.9979267504047259,-0.004960643657209052
1997-11-10,0.9929661067475168,0.9979962598284264,-0.005030153080909594
1997-11-11,0.9929518528422001,0.9977220466292971,-0.004770193787096977
1997-11-12,0.9925321805763194,0.9977468920369811,-0.0052147114606616585
1997-11-13,0.9928965973238162,0.9978374363163532,-0.0049408389925370555
1997-11-14,0.9928224504766665,0.9977102364526118,-0.004887785975945302
1997-11-17,0.9928224504766665,0.997396324413922,-0.0045738739372555015
1997-11-18,0.9928224504766665,0.9972362707108492,-0.004413820234182686
1997-11-19,0.9928965973238162,0.9971151397225851,-0.004218542398768954
1997-11-20,0.9929661067475168,0.9969505989023957,-0.003984492154878838
1997-11-21,0.9929661067475168,0.9969505989023955,-0.003984492154878616
1997-11-24,0.9929661067475168,0.9969505989023957,-0.003984492154878838
1997-11-25,0.9934491969765905,0.9969505989023955,-0.003501401925804948
1997-11-26,0.9934908939374686,0.9972922215770442,-0.0038013276395756357
1997-11-28,0.993462566565716,0.9971568366834632,-0.003694270117747256
1997-12-01,0.9938346764585492,0.9970839065928412,-0.003249230134292014
1997-12-02,0.9942390845751569,0.9970464271160054,-0.0028073425408485786
1997-12-03,0.9943252016412365,0.9970464271160054,-0.00272122547476894
1997-12-04,0.9943252016412364,0.9970822942546186,-0.002757092613382195
1997-12-05,0.9946773687283244,0.9972109679361948,-0.0025335992078704406
1997-12-08,0.9946636427727668,0.997388049790654,-0.0027244070178872315
1997-12-09,0.9946349498361379,0.9974255292674897,-0.0027905794313518584
1997-12-10,0.9946349498361379,0.9974255292674897,-0.0027905794313518584
1997-12-11,0.9946349498361379,0.9974255292674897,-0.0027905794313518584
1997-12-12,0.9946349498361379,0.9974255292674897,-0.0027905794313518584
1997-12-15,0.9946349498361376,0.9970839065928412,-0.0024489567567035353
1997-12-16,0.9945488327700582,0.9972192914864222,-0.002670458716363955
1997-12-17,0.9945775257066871,0.9969505989023957,-0.002373073195708564
1997-12-18,0.9945775257066871,0.9967905451993229,-0.0022130194926357483
1997-12-19,0.9945775257066871,0.9969505989023957,-0.002373073195708564
1997-12-22,0.9945080162829865,0.996878457817097,-0.00237044153411059
1997-12-23,0.9945502411936235,0.9967606290246612,-0.0022103878310377745
1997-12-24,0.9946636427727664,0.9969785699077158,-0.002314927134949407
1997-12-26,0.9945941333490659,0.9969064288224173,-0.0023122954733514334
1997-12-29,0.9948955135526458,0.9968102144395665,-0.001914700886920695
1997-12-30,0.9948277005879899,0.9965692305739942,-0.0017415299860042976
1997-12-31,0.9948132615566777,0.9966644146418103,-0.0018511530851326174
1998-01-02,0.9948132615566779,0.9968102144395663,-0.00199695288288837
1998-01-05,0.9948132615566777,0.9970662729544412,-0.0022530113977634603
1998-01-06,0.9948951479877699,0.9969596727995834,-0.0020645248118135173
1998-01-07,0.9948951479877699,0.9968102144395663,-0.001915066451796399
1998-01-08,0.9952409055307454,0.9970662729544413,-0.0018253674236958783
1998-01-09,0.9948810745213341,0.9969455993331474,-0.0020645248118132953
1998-01-12,0.9949497252331561,0.9970789070235929,-0.0021291817904368626
1998-01-13,0.9948229284605747,0.9968519966244568,-0.002029068163882042
1998-01-14,0.9948810745213341,0.9969596727995832,-0.0020785982782490775
1998-01-15,0.994579694317754,0.9969596727995834,-0.00237997848182947
1998-01-16,0.99459376778419,0.9970789070235929,-0.002485139239402967
1998-01-20,0.9944817951062789,0.9968519966244566,-0.0023702015181776837
1998-01-21,0.9944095755790836,0.9968519966244566,-0.0024424210453729556
1998-01-22,0.9939712914259162,0.9967186889340113,-0.002747397508095051
1998-01-23,0.9939712914259162,0.9965692305739942,-0.0025979391480779324
1998-01-26,0.9940435109531114,0.9963309753437263,-0.0022874643906148906
1998-01-27,0.9939712914259162,0.995915918287449,-0.001944626861532739
1998-01-28,0.9939034784612598,0.9962007241045079,-0.0022972456432480692
1998-01-29,0.9939616245220192,0.9962007241045079,-0.0022390995824886906
1998-01-30,0.9934982998175806,0.9960674164140624,-0.0025691165964817353
1998-02-02,0.9935661127822369,0.995915918287449,-0.0023498055052120215
1998-02-03,0.993595180843009,0.9962007241045081,-0.002605543261499088
1998-02-04,0.9935951808430091,0.9960674164140626,-0.0024722355710534716
1998-02-05,0.9935661127822369,0.9960422902376003,-0.0024761774553633265
1998-02-06,0.9935661127822369,0.9960280363322835,-0.0024619235500465964
1998-02-09,0.9939282959882076,0.9962713155524612,-0.0023430195642535345
1998-02-10,0.9938743805624357,0.996431369255534,-0.0025569886930982832
1998-02-11,0.9938743805624357,0.9965366172155838,-0.002662236653148131
1998-02-12,0.9933958255986781,0.9968144300505645,-0.0034186044518863534
1998-02-13,0.993469972445828,0.9968144300505645,-0.0033444576047364505
1998-02-17,0.9934982998175806,0.9968144300505645,-0.003316130232983827
1998-02-18,0.9935661127822369,0.9968144300505645,-0.0032483172683275274
1998-02-19,0.993595180843009,0.9968144300505645,-0.0032192492075554524
1998-02-20,0.993595180843009,0.996933664274574,-0.0033384834315649536
1998-02-23,0.9939573640489797,0.9970515802976848,-0.003094216248705095
1998-02-24,0.9939995889596169,0.997170601303943,-0.0031710123443260407
1998-02-25,0.9939282959882075,0.9972655677327334,-0.003337271744525916
1998-02-26,0.9943517560467048,0.9973539684852001,-0.0030022124384952997
1998-02-27,0.9939995889596169,0.9974491525530165,-0.0034495635933995406
1998-03-02,0.9941414101645866,0.9972025987024205,-0.003061188537833881
1998-03-03,0.9941558491958984,0.99736075180055,-0.0032049026046515605
1998-03-04,0.9936925244914598,0.9972657853717594,-0.0035732608802995225
1998-03-05,0.9932637506566777,0.9972025987024205,-0.003938848045742738
1998-03-06,0.9932637506566777,0.9972025987024207,-0.00393884804574296
1998-03-09,0.9932637506566777,0.9972025987024205,-0.003938848045742738
1998-03-10,0.9933509946162612,0.9972025987024205,-0.003851604086159255
1998-03-11,0.9933509946162612,0.9975205215281834,-0.004169526911922183
1998-03-12,0.9933509946162612,0.9974320373168214,-0.0040810427005602
1998-03-13,0.9934091406770206,0.9972495819346961,-0.0038404412576755753
1998-03-16,0.9932971679991096,0.9973182326465183,-0.004021064647408701
1998-03-17,0.9937405708633519,0.9975738585217908,-0.003833287658438933
1998-03-18,0.9937405708633519,0.9975738585217908,-0.003833287658438933
1998-03-19,0.9937405708633519,0.9978499454656048,-0.004109374602252913
1998-03-20,0.9937405708633519,0.9977917994048456,-0.0040512285414937566
1998-03-23,0.9937405708633519,0.9977231486930235,-0.003982577829671596
1998-03-24,0.9937405708633519,0.9977917994048454,-0.0040512285414935345
1998-03-25,0.9937405708633519,0.9977231486930235,-0.003982577829671596
1998-03-26,0.9937696389241241,0.9976499781998758,-0.0038803392757517097
1998-03-27,0.9937696389241241,0.9975680917687836,-0.0037984528446595167
1998-03-30,0.9937696389241241,0.9974656175498812,-0.0036959786257571015
1998-03-31,0.9941740470407319,0.997418047309281,-0.0032440002685490965
1998-04-01,0.9941884860720437,0.9976646011598771,-0.003476115087833409
1998-04-02,0.9937696389241241,0.9978104009576328,-0.004040762033508782
1998-04-03,0.9933408650893418,0.9977295079952783,-0.004388642905936435
1998-04-06,0.992902252416787,0.9974953074450558,-0.004593055028268789
1998-04-07,0.992902252416787,0.9973371543469263,-0.00443490193013929
1998-04-08,0.992902252416787,0.9975550952299809,-0.0046528428131938915
1998-04-09,0.992902252416787,0.9975550952299809,-0.0046528428131938915
1998-04-13,0.9929995960652378,0.9977384624112379,-0.00473886634600007
1998-04-14,0.9929995960652378,0.9978825420429315,-0.004882945977693676
1998-04-15,0.9929849670357777,0.9979697860025152,-0.004984818966737525
1998-04-16,0.9925366018332682,0.997738462411238,-0.005201860577969786
1998-04-17,0.9925512308627283,0.997738462411238,-0.005187231548509641
1998-04-20,0.9925512308627283,0.9980178706854532,-0.005466639822724884
1998-04-21,0.9929995960652378,0.9980856836501095,-0.0050860875848717235
1998-04-22,0.9929849670357777,0.9978935193354779,-0.0049085522997002196
1998-04-23,0.9925366018332682,0.997738462411238,-0.005201860577969786
1998-04-24,0.9929995960652378,0.9975680917687838,-0.004568495703546005
1998-04-27,0.9934382087377928,0.9974675228177506,-0.00402931407995788
1998-04-28,0.9934382087377928,0.9974391954459979,-0.004000986708205145
1998-04-29,0.9933408650893418,0.9972899052747654,-0.003949040185423525
1998-04-30,0.9932156566921607,0.9970316902648402,-0.003816033572679456
1998-05-01,0.9932010276627005,0.9971925616263145,-0.003991533963614069
1998-05-04,0.9932010276627006,0.9970668021648132,-0.0038657745021126733
1998-05-05,0.9927329618660151,0.9968746378501817,-0.004141675984166593
1998-05-06,0.9928729943578667,0.9965682962146607,-0.003695301856794009
1998-05-07,0.9929558989750054,0.9965969891512896,-0.003641090176284223
1998-05-08,0.9929120068195629,0.9965969891512896,-0.0036849823317266495
1998-05-11,0.9929558989750054,0.9967406454221399,-0.003784746447134557
1998-05-12,0.9929849670357777,0.9969728402105112,-0.003987873174733592
1998-05-13,0.9933262360598817,0.9972522484847263,-0.003926012424844583
1998-05-14,0.9933117970285698,0.997031756798342,-0.003719959769772241
1998-05-15,0.9928437312318842,0.9970317567983421,-0.00418802556645792
1998-05-18,0.993282343904439,0.9970734537592202,-0.0037911098547811495
1998-05-19,0.993171764536718,0.9968268199395369,-0.003655055402818963
1998-05-20,0.9931717645367182,0.9966252688715606,-0.003453504334842372
1998-05-21,0.993171764536718,0.9965972978662403,-0.0034255333295223345
1998-05-22,0.9931717645367182,0.9966252688715607,-0.003453504334842483
1998-05-26,0.9931717645367182,0.9965972978662403,-0.0034255333295221124
1998-05-27,0.993157135507258,0.9968555128761656,-0.003698377368907546
1998-05-28,0.9931571355072578,0.9965528203097217,-0.003395684802463883
1998-05-29,0.9931571355072578,0.9964968694435267,-0.0033397339362688516
1998-06-01,0.9931571355072578,0.9967406454221399,-0.0035835099148820992
1998-06-02,0.9931571355072578,0.9967406454221399,-0.0035835099148820992
1998-06-03,0.9932010276627005,0.9967406454221399,-0.0035396177594394507
1998-06-04,0.993644430526943,0.9967406454221399,-0.003096214895196958
1998-06-05,0.993644430526943,0.996422722596377,-0.0027782920694340296
1998-06-08,0.9936153624661707,0.9965854079610477,-0.002970045494877005
1998-06-09,0.9936153624661707,0.996805899647432,-0.003190537181261388
1998-06-10,0.9932010276627002,0.9967229950302932,-0.0035219673675929153
1998-06-11,0.9932010276627002,0.9965854079610477,-0.0033843802983474225
1998-06-12,0.9932010276627002,0.9965854079610477,-0.0033843802983474225
1998-06-15,0.9932010276627002,0.9965854079610477,-0.0033843802983474225
1998-06-16,0.9932156566921606,0.9965854079610477,-0.0033697512688870557
1998-06-17,0.9930919973267414,0.9965854079610477,-0.0034934106343063043
1998-06-18,0.9930773682972811,0.9967462793225221,-0.0036689110252410284
1998-06-19,0.9930479151731506,0.9964244958827927,-0.0033765807096420852
1998-06-22,0.9933401017447074,0.9966566906711639,-0.0033165889264564763
1998-06-23,0.9936095823347046,0.9966334063789352,-0.0030238240442305164
1998-06-24,0.9936095823347046,0.9967229950302932,-0.0031134126955885133
1998-06-25,0.9933401017447074,0.9964129146925508,-0.0030728129478433397
1998-06-26,0.9932962095892648,0.9963842217559219,-0.003088012166657106
1998-06-29,0.993565690179262,0.9962118886021717,-0.0026461984229096958
1998-06-30,0.9938125205812247,0.9961432378903496,-0.00233071730912493
1998-07-01,0.9940367516988708,0.9962405815388005,-0.0022038298399296163
1998-07-02,0.9940367516988708,0.9963301701901586,-0.0022934184912877242
1998-07-06,0.9941968054019437,0.9965854079610477,-0.0023886025591040028
1998-07-07,0.994123634908796,0.9964129146925508,-0.0022892797837548162
1998-07-08,0.994541611978967,0.9966334063789352,-0.0020917943999682054
1998-07-09,0.994556636411355,0.9965372660425261,-0.0019806296311710714
1998-07-10,0.9941968054019437,0.9966334063789352,-0.0024366009769914987
1998-07-13,0.9942406975573862,0.9967229950302932,-0.002482297472906958
1998-07-14,0.9944321513085911,0.9969525171035896,-0.0025203657949984803
1998-07-15,0.9944173272139207,0.997088571555552,-0.0026712443416312404
1998-07-16,0.9948353042840916,0.9971847118919609,-0.0023494076078692805
1998-07-17,0.9948353042840916,0.9974675228177508,-0.0026322185336591364
1998-07-20,0.9948353042840916,0.9974675228177506,-0.0026322185336590254
1998-07-21,0.994432151308591,0.9972731126444275,-0.002840961335836556
1998-07-22,0.9941827940144826,0.997479350425495,-0.0032965564110123413
1998-07-23,0.9937445098613151,0.997591874167726,-0.003847364306410861
1998-07-24,0.9941679699198123,0.9976596871323823,-0.0034917172125700224
1998-07-27,0.9941974230439428,0.9974510230537423,-0.003253600009799573
1998-07-28,0.9943340103071682,0.9975635467959734,-0.003229536488805196
1998-07-29,0.9943340103071682,0.9977602560834153,-0.003426245776247172
1998-07-30,0.9943340103071682,0.9977602560834153,-0.003426245776247172
1998-07-31,0.9943340103071682,0.9977602560834153,-0.003426245776247172
1998-08-03,0.9943340103071682,0.9977602560834153,-0.003426245776247172
1998-08-04,0.9944289767359589,0.9975768889021582,-0.0031479121661993625
1998-08-05,0.9944576696725875,0.9977433280701612,-0.0032856583975736653
1998-08-06,0.9947327341591992,0.9978174749173109,-0.0030847407581117148
1998-08-07,0.9945961468959736,0.997793435386442,-0.0031972884904684085
1998-08-10,0.9945961468959735,0.997682164034165,-0.0030860171381914547
1998-08-11,0.9941974230439428,0.9974355302144817,-0.003238107170538962
1998-08-12,0.9941679699198123,0.997305432501137,-0.003137462581324746
1998-08-13,0.9941827940144826,0.9974355302144817,-0.0032527361999991067
1998-08-14,0.9942118620752547,0.9971176073887188,-0.002905745313464103
1998-08-17,0.9944612193693632,0.9973054325011372,-0.002844213131774076
1998-08-18,0.9946877426883292,0.9973505112875147,-0.002662768599185572
1998-08-19,0.9946733036570172,0.9972791423123479,-0.0026058386553307056
1998-08-20,0.9946438505328867,0.9971200448778675,-0.002476194344980809
1998-08-21,0.9950515332508062,0.9968095701204045,-0.0017580368695983006
1998-08-24,0.9950515332508062,0.9969001143997765,-0.0018485811489703519
1998-08-25,0.9952281629073407,0.9969001143997765,-0.0016719514924358192
1998-08-26,0.9948643723448636,0.9969001143997765,-0.00203574205491297
1998-08-27,0.9944758483988233,0.9965633849769652,-0.0020875365781418687
1998-08-28,0.9946252149567459,0.9967698631605585,-0.002144648203812549
1998-08-31,0.9947473631886593,0.9965995759769997,-0.0018522127883403572
1998-09-01,0.9947473631886593,0.9967944841948415,-0.0020471210061822065
1998-09-02,0.9947618022199713,0.9969515356591299,-0.0021897334391585144
1998-09-03,0.9943630783679405,0.9968086503507599,-0.002445571982819472
1998-09-04,0.9947618022199713,0.9966158599253205,-0.001854057705349188
1998-09-08,0.9946252149567457,0.9964740387203509,-0.0018488237636051785
1998-09-09,0.9947473631886593,0.9965000466158555,-0.0017526834271961445
1998-09-10,0.9948565835227667,0.9963093283433455,-0.0014527448205787774
1998-09-11,0.9947182951278871,0.9963093283433455,-0.0015910332154583928
1998-09-14,0.9951214481033875,0.9966681835377935,-0.001546735434405977
1998-09-15,0.9951214481033878,0.9966681835377936,-0.001546735434405866
1998-09-16,0.9951214481033878,0.9964643852675854,-0.001342937164197644
1998-09-17,0.9952164145321782,0.9962496870761299,-0.001033272543951691
1998-09-18,0.9952451074688069,0.9963915082810996,-0.0011464008122926694
1998-09-21,0.9952595465001189,0.996606206472555,-0.001346659972436104
1998-09-22,0.9952451074688071,0.9965798907555865,-0.001334783286779384
1998-09-23,0.9951214481033878,0.9963988259358422,-0.0012773778324544072
1998-09-24,0.9951214481033878,0.9963854307424039,-0.0012639826390161701
1998-09-25,0.9951214481033878,0.99655147112976,-0.0014300230263721847
1998-09-28,0.9949992998714742,0.99655147112976,-0.0015521712582857727
1998-09-29,0.994970231810702,0.9965645511274585,-0.001594319316756465
1998-09-30,0.994926909844613,0.996349852936003,-0.0014229430913900165
1998-10-01,0.9949269098446131,0.99643487186297,-0.001507962018356901
1998-10-02,0.9949702318107021,0.9962515046817129,-0.0012812728710107635
1998-10-05,0.9953197684678622,0.9966364900567269,-0.0013167215888647554
1998-10-06,0.9956589145610835,0.9969508676946562,-0.0012919531335727763
1998-10-07,0.9956589145610835,0.9968969522688842,-0.001238037707800732
1998-10-08,0.995427662794459,0.9970061726029916,-0.00157850980853258
1998-10-09,0.995427662794459,0.9968228054217345,-0.0013951426272754697
1998-10-12,0.995810130853769,0.9971858830307327,-0.0013757521769637293
1998-10-13,0.995810130853769,0.9968969522688843,-0.001086821415115291
1998-10-14,0.995810130853769,0.9970061726029916,-0.0011960417492226094
1998-10-15,0.9958101308537689,0.9970061726029914,-0.0011960417492224984
1998-10-16,0.9958388237903977,0.9970061726029914,-0.001167348812593727
1998-10-19,0.9958388237903977,0.9970061726029916,-0.001167348812593949
1998-10-20,0.9954563557310877,0.996734561368127,-0.001278205637039287
1998-10-21,0.9950781261372987,0.9968164477992192,-0.00173832166192045
1998-10-22,0.9946601490671279,0.9967214813704287,-0.0020613323033008557
1998-10-23,0.994275864246409,0.9965511941868699,-0.0022753299404608684
1998-10-26,0.9946318216953752,0.9965511941868699,-0.001919372491494653
1998-10-27,0.9945729051075444,0.99655119418687,-0.0019782890793256236
1998-10-28,0.9942978406209327,0.99655119418687,-0.002253353565937255
1998-10-29,0.9943567572087637,0.9965251862913657,-0.0021684290826019526
1998-10-30,0.9943995236118284,0.9966135870438321,-0.002214063432003699
1998-11-02,0.9945395561036797,0.9967214813704288,-0.0021819252667490963
1998-11-03,0.9946224607208187,0.9967345613681271,-0.002112100647308379
1998-11-04,0.994579694317754,0.9968023743327833,-0.0022226800150293435
1998-11-05,0.9949784181697847,0.9967214813704287,-0.0017430632006439906
1998-11-06,0.9949784181697847,0.9967214813704288,-0.0017430632006441016
1998-11-09,0.9949784181697847,0.9967214813704288,-0.0017430632006441016
1998-11-10,0.9953102781738762,0.9966931539986761,-0.0013828758247999007
1998-11-11,0.9952521321131168,0.9968612909206142,-0.0016091588074973462
1998-11-12,0.9952104351522387,0.9967601494221463,-0.001549714269907576
1998-11-13,0.9952663860184335,0.9969508676946561,-0.0016844816762225934
1998-11-16,0.9953797875975766,0.9968142804314306,-0.0014344928338539953
1998-11-17,0.9954214845584547,0.996643993247872,-0.001222508689417312
1998-11-18,0.9954505526192271,0.9968769731435255,-0.0014264205242984218
1998-11-19,0.9953655336922599,0.9967129775561429,-0.0013474438638829689
1998-11-20,0.9953655336922599,0.9967129775561429,-0.0013474438638829689
1998-11-23,0.9956733733885421,0.9966615562967895,-0.0009881829082474258
1998-11-24,0.9957293242547371,0.9966213668265755,-0.0008920425718383918
1998-11-25,0.9956876272938591,0.9967129775561429,-0.0010253502622837862
1998-11-27,0.9959715178686961,0.9964758273090225,-0.0005043094403264226
1998-11-30,0.9959133718079368,0.9966444198098956,-0.0007310480019587784
1998-12-01,0.9958581162895529,0.9967294387368626,-0.000871322447309697
1998-12-02,0.9959133718079368,0.996966588983983,-0.0010532171760462283
1998-12-03,0.995559971809399,0.9967979964831098,-0.0012380246737108136
1998-12-04,0.9955599718093988,0.9967979964831098,-0.0012380246737110356
1998-12-07,0.995559971809399,0.9967979964831098,-0.0012380246737108136
1998-12-08,0.995559971809399,0.9967979964831098,-0.0012380246737108136
1998-12-09,0.9952521321131168,0.9970198584518957,-0.0017677263387788633
1998-12-10,0.9948636081670764,0.9968815700570162,-0.0020179618899397456
1998-12-11,0.9951817422156098,0.9967224719819574,-0.0015407297663475594
1998-12-14,0.9951372646590912,0.9965564315946013,-0.00141916693551003
1998-12-15,0.9952656906706226,0.9967352512766544,-0.0014695606060317612
1998-12-16,0.9952656906706224,0.9969469881599259,-0.0016812974893034571
1998-12-17,0.9956733733885421,0.9969862317747006,-0.0013128583861584664
1998-12-18,0.9959572639633795,0.9973269612238709,-0.0013696972604914093
1998-12-21,0.9960132148295743,0.9971869287320193,-0.0011737139024450283
1998-12-22,0.9957293242547369,0.9971740008342133,-0.0014446765794763339
1998-12-23,0.9957583923155091,0.9973400412215693,-0.0015816489060601624
1998-12-24,0.9957009968829843,0.9974731307605448,-0.0017721338775604778
1998-12-28,0.9957009968829841,0.9976076864050506,-0.001906689522066518
1998-12-29,0.9956306069854776,0.9976076864050506,-0.0019770794195730357
1998-12-30,0.995544489919398,0.9975819792125474,-0.002037489293149397
1998-12-31,0.9956306069854776,0.9973986120312903,-0.0017680050458127594
1999-01-04,0.9957009968829843,0.9973986120312905,-0.0016976151483062418
1999-01-05,0.9956733733885421,0.9974113913259873,-0.0017380179374452132
1999-01-06,0.995559971809399,0.9972325716439344,-0.001672599834535382
1999-01-07,0.9955742257147158,0.9970080554659658,-0.0014338297512500597
1999-01-08,0.9958581162895531,0.9971310299202297,-0.0012729136306766087
1999-01-11,0.9957849457964054,0.9969245517366366,-0.0011396059402312142
1999-01-12,0.9954315457978675,0.9968399185440276,-0.0014083727461601248
1999-01-13,0.9957020411792665,0.9970080554659658,-0.0013060142866992974
1999-01-14,0.9956278943321168,0.9972325716439344,-0.0016046773118175706
1999-01-15,0.9957715506029674,0.9974113913259873,-0.0016398407230199252
1999-01-19,0.9957432232312144,0.9975816785095462,-0.0018384552783317076
1999-01-20,0.9959899943023215,0.9972637556837832,-0.0012737613814617355
1999-01-21,0.9960861346387305,0.9972637556837832,-0.0011776210450527014
1999-01-22,0.9959899943023215,0.9972637556837832,-0.0012737613814617355
1999-01-25,0.9962800923138295,0.9972637556837832,-0.0009836633699537023
1999-01-26,0.9962800923138295,0.9972637556837832,-0.0009836633699537023
1999-01-27,0.9963223172244666,0.9972509763890862,-0.0009286591646195941
1999-01-28,0.9961389500432096,0.9973892647839656,-0.0012503147407559867
1999-01-29,0.9960977679912616,0.997598339157726,-0.001500571166464404
1999-02-01,0.9964051467072367,0.997598339157726,-0.001193192450489322
1999-02-02,0.9964051467072367,0.9973140333260646,-0.000908886618827931
1999-02-03,0.9967901320822509,0.9974652496187504,-0.0006751175364995143
1999-02-04,0.9966876578633483,0.9974260060039756,-0.0007383481406272319
1999-02-05,0.9966350190551354,0.9974392417232458,-0.0008042226681104214
1999-02-08,0.9965938370031876,0.9974652496187503,-0.0008714126155626722
1999-02-09,0.9966876578633483,0.9974260060039756,-0.0007383481406272319
1999-02-10,0.9966350190551356,0.9975365853716966,-0.0009015663165610199
1999-02-11,0.9965797635367516,0.9973662981881378,-0.0007865346513862281
1999-02-12,0.9968374772327318,0.9974866084324164,-0.0006491311996846827
1999-02-16,0.9968374772327318,0.9974866084324165,-0.0006491311996847937
1999-02-17,0.9968374772327318,0.9976956828061768,-0.00085820557344507
1999-02-18,0.9972005548417299,0.9979394587847901,-0.0007389039430601985
1999-02-19,0.9972397984565045,0.9979983753726207,-0.0007585769161162492
1999-02-22,0.9972397984565045,0.9980945157090297,-0.0008547172525252833
1999-02-23,0.9971838475903099,0.9979006715945885,-0.0007168240042786378
1999-02-24,0.9971838475903099,0.9979006715945885,-0.0007168240042786378
1999-02-25,0.9970041371625687,0.9980499617658211,-0.00104582460325231
1999-02-26,0.9969778214456001,0.9979538214294119,-0.000975999983811815
1999-03-01,0.9969778214456001,0.9979538214294119,-0.000975999983811815
1999-03-02,0.9970473308693008,0.9979538214294119,-0.0009064905601111617
1999-03-03,0.9967473922626835,0.9979538214294119,-0.0012064291667284177
1999-03-04,0.9971062474571314,0.9977704542481548,-0.000664206791023414
1999-03-05,0.9972154677912388,0.9977312106333801,-0.0005157428421412869
1999-03-08,0.9969155291846217,0.9977057972695315,-0.0007902680849097843
1999-03-09,0.9969155291846217,0.9976211640769224,-0.0007056348923006883
1999-03-10,0.9971062474571314,0.997770454248155,-0.000664206791023636
1999-03-11,0.9973951782189799,0.9978687977026257,-0.0004736194836457708
1999-03-12,0.9970473308693008,0.9977067970755514,-0.0006594662062506806
1999-03-15,0.9971062474571314,0.9976316474555053,-0.0005253999983738655
1999-03-16,0.9972154677912388,0.9979299001855034,-0.000714432394264608
1999-03-17,0.9969155291846217,0.9978041407240021,-0.0008886115393804683
1999-03-18,0.9967473922626835,0.9979262889559157,-0.0011788966932322342
1999-03-19,0.996663443807671,0.9978754555869505,-0.0012120117792794316
1999-03-22,0.996663443807671,0.9978886913062205,-0.0012252474985494644
1999-03-23,0.9962784584326569,0.9978886913062205,-0.001610232873563544
1999-03-24,0.9963235372190344,0.9979573420180426,-0.0016338047990082094
1999-03-25,0.996564866323198,0.9980212553847062,-0.0014563890615082453
1999-03-26,0.9967819003126765,0.9980698657602737,-0.001287965447597128
1999-03-29,0.9965856052336133,0.9980698657602735,-0.001484260526660175
1999-03-30,0.9965856052336133,0.9978078701054692,-0.0012222648718559492
1999-03-31,0.996196077975638,0.9976687154505299,-0.0014726374748919024
1999-04-01,0.9961306598727282,0.997736528415186,-0.0016058685424578112
1999-04-05,0.9960172582935849,0.9975351401187273,-0.001517881825142453
1999-04-06,0.9962210565637932,0.9975591796495962,-0.0013381230858029447
1999-04-07,0.9962210565637932,0.9976863795133375,-0.0014653229495442677
1999-04-08,0.9962342922830634,0.9976466686029307,-0.0014123763198673478
1999-04-09,0.9964270827085028,0.9976466686029307,-0.0012195858944279436
1999-04-12,0.9963657269038956,0.9976054865509829,-0.001239759647087335
1999-04-13,0.996172936478456,0.9975179975976481,-0.0013450611191921924
1999-04-14,0.9962342922830634,0.9972001573219419,-0.0009658650388785217
1999-04-15,0.9965671152003542,0.9973685392376311,-0.0008014240372768988
1999-04-16,0.9965671152003543,0.9973288283272244,-0.0007617131268700117
1999-04-19,0.9965671152003543,0.9973288283272244,-0.0007617131268700117
1999-04-20,0.9965671152003543,0.9973288283272244,-0.0007617131268700117
1999-04-21,0.9965671152003543,0.9970694358740143,-0.0005023206736599617
1999-04-22,0.9966790878782653,0.9973913046430822,-0.0007122167648169198
1999-04-23,0.9966790878782653,0.9973913046430819,-0.0007122167648165867
1999-04-26,0.9966790878782653,0.9973501225911341,-0.0006710347128687788
1999-04-27,0.9966790878782652,0.9975934018113121,-0.0009143139330468619
1999-04-28,0.9965671152003542,0.9976054865509829,-0.0010383713506286751
1999-04-29,0.9965671152003542,0.9977072064816151,-0.0011400912812609132
1999-04-30,0.996172936478456,0.9975993121550184,-0.0014263756765624525
1999-05-03,0.9962342922830634,0.9975993121550184,-0.001365019871955031
1999-05-04,0.9965671152003542,0.9975993121550185,-0.0010321969546642773
1999-05-05,0.9966973664395724,0.9976755788220557,-0.0009782123824833011
1999-05-06,0.9966211865402947,0.9977808267821057,-0.001159640241810922
1999-05-07,0.9966973664395724,0.9975663584879484,-0.0008689920483759828
1999-05-10,0.9964959781431137,0.9976571674166862,-0.0011611892735724494
1999-05-11,0.9966079508210245,0.9978562309957695,-0.0012482801747449868
1999-05-12,0.9964776995818065,0.9980550399812349,-0.001577340399428362
1999-05-13,0.9966790878782652,0.9980047812097019,-0.001325693331436728
1999-05-14,0.9966790878782653,0.9979925636653773,-0.0013134757871119396
1999-05-17,0.9966790878782653,0.997992563665377,-0.0013134757871117175
1999-05-18,0.9966790878782653,0.9981759308466343,-0.0014968429683689388
1999-05-19,0.9965538794810842,0.998335984549707,-0.0017821050686227524
1999-05-20,0.9965795866735873,0.9985795256853088,-0.0019999390117215743
1999-05-21,0.9967178750684668,0.9983949011375377,-0.0016770260690709415
1999-05-24,0.9963998762458464,0.998139275262265,-0.001739399016418619
1999-05-25,0.9963998762458464,0.9982267642155995,-0.001826887969753166
1999-05-26,0.9967783956590527,0.9983021684292636,-0.0015237727702108739
1999-05-27,0.9967178750684668,0.9981276756948789,-0.001409800626412161
1999-05-28,0.9969036040562339,0.998067967879041,-0.0011643638228070463
1999-06-01,0.9969875525112465,0.998251335060298,-0.001263782549051462
1999-06-02,0.9968207699813116,0.9983021684292634,-0.0014813984479518094
1999-06-03,0.9966037359918333,0.9981655811660378,-0.0015618451742045458
1999-06-04,0.9966634438076709,0.9981655811660378,-0.0015021373583669062
1999-06-07,0.9969778214456002,0.9981655811660378,-0.001187759720437609
1999-06-08,0.9969778214456002,0.9981655811660378,-0.001187759720437609
1999-06-09,0.9969778214456002,0.9981655811660379,-0.00118775972043772
1999-06-10,0.9969778214456002,0.9983466459857823,-0.0013688245401820565
1999-06-11,0.9969116240798814,0.9981655811660379,-0.0012539570861564986
1999-06-14,0.9969116240798814,0.9982158399375706,-0.0013042158576891394
1999-06-15,0.9970926888996259,0.9982409661140329,-0.001148277214407023
1999-06-16,0.9971062474571316,0.9982409661140328,-0.0011347186569011791
1999-06-17,0.9970473308693009,0.9982708146410914,-0.00122348377179049
1999-06-18,0.9968033431288786,0.9980643364574983,-0.0012609933286196195
1999-06-21,0.9971621983233265,0.9980769705266501,-0.0009147722033235883
1999-06-22,0.997089027830179,0.997873024668135,-0.0007839968379559359
1999-06-23,0.9968313141341987,0.9976513162252229,-0.0008200020910241745
1999-06-24,0.9966296959404417,0.997626470817539,-0.0009967748770972618
1999-06-25,0.9967445633944674,0.9978179245687439,-0.001073361174276477
1999-06-28,0.9967445633944674,0.9975807743216234,-0.0008362109271560225
1999-06-29,0.9967445633944674,0.9973768284631083,-0.0006322650686408915
1999-06-30,0.9967445633944674,0.997376828463108,-0.0006322650686406694
1999-07-01,0.9967584609333516,0.9970869559552871,-0.00032849502193543767
1999-07-02,0.9964651556838124,0.9970743218861353,-0.000609166202322875
1999-07-06,0.9960739161738366,0.9970251741944556,-0.0009512580206190169
1999-07-07,0.9957452586716374,0.9970743218861354,-0.0013290632144979941
1999-07-08,0.9959003155958771,0.9973271314419476,-0.0014268158460705171
1999-07-09,0.9959003155958771,0.9972657756373402,-0.0013654600414630957
1999-07-12,0.9958580906852401,0.9971912145818117,-0.0013331238965715864
1999-07-13,0.995587595303841,0.9970251741944558,-0.001437578890614799
1999-07-14,0.9956598148310363,0.9972291200529709,-0.0015693052219346582
1999-07-15,0.9956170484279717,0.99726577563734,-0.0016487272093682614
1999-07-16,0.9957009968829843,0.9974931718293036,-0.001792174946319336
1999-07-19,0.9953227672891952,0.9973271314419476,-0.0020043641527524025
1999-07-20,0.9949047902190244,0.9973522576184097,-0.0024474673993852836
1999-07-21,0.9949909072851039,0.9972909018138026,-0.002299994528698779
1999-07-22,0.9953227672891952,0.9975310773004629,-0.0022083100112676446
1999-07-23,0.9956170484279716,0.9975807743216234,-0.001963725893651791
1999-07-26,0.9957009968829843,0.997805290499592,-0.0021042936166076887
1999-07-27,0.9957583923155091,0.997805290499592,-0.0020468981840828793
1999-07-28,0.9957166953546309,0.9980269989425041,-0.002310303587873208
1999-07-29,0.995338465760842,0.9980644784193399,-0.0027260126584979227
1999-07-30,0.9957166953546311,0.9980518443501879,-0.0023351489955567573
1999-08-02,0.9957031367971253,0.997860390598983,-0.002157253801857717
1999-08-03,0.9953393462346481,0.997860390598983,-0.002521044364334868
1999-08-04,0.9953529047921539,0.9976665464845418,-0.002313641692387902
1999-08-05,0.9957166953546311,0.9978855167754452,-0.0021688214208140932
1999-08-06,0.9960005859294683,0.9980793608898865,-0.002078774960418195
1999-08-09,0.9960565367956633,0.997860390598983,-0.0018038538033197105
1999-08-10,0.9960709758269751,0.9976414203080796,-0.0015704444811044382
1999-08-11,0.9960422828903465,0.997860390598983,-0.0018181077086365516
1999-08-12,0.9959303102124354,0.9980668687825762,-0.002136558570140834
1999-08-13,0.9958875438093708,0.9982708146410914,-0.0023832708317205187
1999-08-16,0.9959442077513198,0.9982708146410914,-0.0023266068897715986
1999-08-17,0.9958580906852403,0.9982456884646291,-0.002387597779388795
1999-08-18,0.9959409953023789,0.998041742606114,-0.0021007473037351065
1999-08-19,0.9962279558437002,0.9979914838345813,-0.0017635279908810864
1999-08-20,0.9963277988653375,0.9980289633114172,-0.001701164446079706
1999-08-23,0.9963277988653375,0.997822485127824,-0.0014946862624864998
1999-08-24,0.9963277988653375,0.997759298458485,-0.0014314995931474783
1999-08-25,0.9960132148295743,0.9975279748672078,-0.0015147600376335113
1999-08-26,0.9957293242547371,0.9975279748672078,-0.0017986506124706425
1999-08-27,0.9954077586028971,0.9975279748672078,-0.0021202162643106925
1999-08-30,0.9953355390757016,0.9974909119151991,-0.002155372839497516
1999-08-31,0.9953794312311443,0.9974756816558802,-0.002096250424735935
1999-09-01,0.9957722898543934,0.9975005270635642,-0.0017282372091708131
1999-09-02,0.9958006172261462,0.9975005270635642,-0.0016999098374179678
1999-09-03,0.9958282407205882,0.9977044729220793,-0.0018762322014911348
1999-09-07,0.9961256898529312,0.9979261813649913,-0.0018004915120601872
1999-09-08,0.9961256898529312,0.9979507522096899,-0.001825062356758722
1999-09-09,0.9964263763498105,0.9979632443170002,-0.00153686796718977
1999-09-10,0.9964691427528751,0.9979632443170002,-0.0014941015641251054
1999-09-13,0.9965108397137532,0.9977044729220793,-0.0011936332083261059
1999-09-14,0.9964691427528751,0.9975513604325295,-0.0010822176796543292
1999-09-15,0.9964833966581921,0.997339623549258,-0.0008562268910659032
1999-09-16,0.9965250936190699,0.9975310773004629,-0.0010059836813929302
1999-09-17,0.9965530646243902,0.9972657756373403,-0.000712711012950118
1999-09-20,0.9965250936190699,0.9970251741944558,-0.0005000805753858639
1999-09-21,0.9962244071221908,0.9970869559552872,-0.0008625488330963327
1999-09-22,0.9965530646243902,0.9972657756373402,-0.0007127110129500069
1999-09-23,0.9968570601747826,0.9972039938765087,-0.0003469337017261154
1999-09-24,0.9968153632139045,0.9972291200529709,-0.0004137568390664148
1999-09-27,0.9968153632139045,0.9972291200529708,-0.0004137568390663038
1999-09-28,0.9968153632139045,0.9975310773004629,-0.00071571408655835
1999-09-29,0.9968153632139045,0.9975310773004629,-0.00071571408655835
1999-09-30,0.9968153632139045,0.9974548974011852,-0.0006395341872806881
1999-10-01,0.9968014656750201,0.9976950728878454,-0.0008936072128252759
1999-10-04,0.9970535888726114,0.9976950728878454,-0.0006414840152340062
1999-10-05,0.9973361000287231,0.9976459251961657,-0.00030982516744260113
1999-10-06,0.9976217847300235,0.9978570735149198,-0.00023528878489631477
1999-10-07,0.9976353432875293,0.9977825124593913,-0.00014716917186197165
1999-10-08,0.9976217847300235,0.9975551162674278,6.666846259573145e-05
1999-10-11,0.9978964615865551,0.9976459251961657,0.0002505363903894109
1999-10-12,0.9981183235553408,0.9976459251961657,0.0004723983591751191
1999-10-13,0.9981183235553408,0.9976950728878455,0.0004232506674952674
1999-10-14,0.9983565787856085,0.9978570735149198,0.0004995052706886494
1999-10-15,0.9985695916458606,0.9977952917540883,0.0007742998917722455
1999-10-18,0.9983426812467241,0.9977952917540881,0.0005473894926359968
1999-10-19,0.9983286077802883,0.9977952917540881,0.0005333160262002146
1999-10-20,0.9983286077802883,0.9978570735149198,0.0004715342653685006
1999-10-21,0.9983286077802884,0.9977825124593912,0.0005460953208972219
1999-10-22,0.998355892293352,0.9977825124593912,0.0005733798339607743
1999-10-25,0.998355892293352,0.9977825124593913,0.0005733798339606633
1999-10-26,0.9983286077802883,0.9976459251961659,0.0006826825841224071
1999-10-27,0.9983703047411663,0.9975551162674281,0.000815188473738182
1999-10-28,0.9985972151403026,0.9975297029035792,0.0010675122367234113
1999-10-29,0.9985695916458606,0.9976205118323169,0.0009490798135436407
1999-11-01,0.9983426812467241,0.9976459251961657,0.0006967560505584114
1999-11-02,0.9981183235553408,0.9977077069569973,0.00041061659834351616
1999-11-03,0.9981595056072888,0.9976950728878454,0.00046443271944340836
1999-11-04,0.9981183235553408,0.9977196437325438,0.0003986798227969546
1999-11-05,0.9981183235553408,0.9979313806158153,0.0001869429395254807
1999-11-08,0.9978688380921129,0.9979313806158155,-6.254252370263558e-05
1999-11-09,0.9978688380921129,0.9979565067922775,-8.766870016463368e-05
1999-11-10,0.9981183235553408,0.9981433528270359,-2.5029271695120592e-05
1999-11-11,0.9981042500889049,0.9982030606428737,-9.881055396876448e-05
1999-11-12,0.9981183235553408,0.9983650612699481,-0.00024673771460725913
1999-11-15,0.9980630680369569,0.9983275817931122,-0.0002645137561553268
1999-11-16,0.9980630680369569,0.9984999887965587,-0.0004369207596017777
1999-11-17,0.9981042500889048,0.9984368021272194,-0.0003325520383146152
1999-11-18,0.9980620251782677,0.9984497300250259,-0.0003877048467582078
1999-11-19,0.9980893096913315,0.9986810536163029,-0.0005917439249714107
1999-11-22,0.9982863828696513,0.9986938329109997,-0.00040745004134834506
1999-11-23,0.9982999414271572,0.9985214259075534,-0.00022148448039627233
1999-11-24,0.9982295515296502,0.9984625093197227,-0.00023295779007248552
1999-11-26,0.9982295515296502,0.9986435741394669,-0.000414022609816711
1999-11-29,0.9981309740451774,0.9986178669469638,-0.00048689290178638434
1999-11-30,0.9981309740451774,0.9986427123546476,-0.0005117383094702666
1999-12-01,0.9982295515296501,0.9987376787834382,-0.0005081272537881265
1999-12-02,0.998299941427157,0.9987885121524038,-0.000488570725246884
1999-12-03,0.998299941427157,0.9986806178258071,-0.00038067639865013714
1999-12-06,0.9980189197938245,0.9984616475349034,-0.00044272774107889656
1999-12-07,0.9977970578250388,0.9984616475349034,-0.0006645897098646047
1999-12-08,0.9980189197938245,0.9985435339659956,-0.0005246141721710895
1999-12-09,0.9982295515296501,0.9985686601424578,-0.00033910861280772586
1999-12-10,0.9982295515296501,0.9984353524520123,-0.00020580092236222036
1999-12-13,0.9982295515296501,0.9984228603447021,-0.0001933088150519735
1999-12-14,0.9980189197938244,0.9981886597944796,-0.00016974000065517192
1999-12-15,0.9980189197938245,0.9983344595922354,-0.0003155397984109243
1999-12-16,0.998299941427157,0.9985561680351476,-0.00025622660799062835
1999-12-17,0.9982863828696511,0.998491511056524,-0.0002051281868729049
1999-12-20,0.9982159929721444,0.9984663848800618,-0.0002503919079174244
1999-12-21,0.998299941427157,0.9985981112113819,-0.000298169784224922
1999-12-22,0.9982863828696513,0.9987265372229133,-0.00044015435326194563
1999-12-23,0.9982159929721444,0.9988064605441896,-0.0005904675720452834
1999-12-27,0.9982159929721444,0.9987556271752244,-0.0005396342030800083
1999-12-28,0.9981040202942334,0.9987822580879326,-0.0006782377936992434
1999-12-29,0.9981174154876715,0.9988461714545964,-0.0007287559669248989
1999-12-30,0.9982897486414218,0.9989595730337395,-0.0006698243923176639
1999-12-31,0.9982897486414218,0.9988461714545964,-0.0005564228131745841
2000-01-03,0.9982897486414218,0.9988461714545964,-0.0005564228131745841
2000-01-04,0.9980904617367276,0.9987556271752245,-0.0006651654384969286
2000-01-05,0.9980904617367276,0.9986407597211988,-0.0005502979844712597
2000-01-06,0.9982897486414218,0.9988597300121023,-0.000569981370680428
2000-01-07,0.9982897486414218,0.9988597300121023,-0.000569981370680428
2000-01-10,0.9981763470622788,0.9989997625039538,-0.0008234154416750794
2000-01-11,0.9979906187150902,0.9989997625039538,-0.0010091437888636312
2000-01-12,0.9981899056197843,0.9990903067833258,-0.0009004011635415088
2000-01-13,0.9983167023923658,0.9990501173131117,-0.0007334149207458562
2000-01-14,0.9982033008132227,0.9991753257102928,-0.0009720248970700451
2000-01-18,0.9980175724660343,0.9991628336029825,-0.001145261136948239
2000-01-19,0.9982033008132227,0.9992399826889163,-0.0010366818756936125
2000-01-20,0.9981899056197846,0.9991346460037911,-0.0009447403840064927
2000-01-21,0.9982033008132227,0.9991214102845208,-0.0009181094712981119
2000-01-24,0.9982033008132227,0.9990308660051489,-0.0008275651919261717
2000-01-25,0.9980614796082531,0.9989595730337397,-0.0008980934254866346
2000-01-26,0.9981899056197845,0.9991362026902743,-0.0009462970704897655
2000-01-27,0.998350776981259,0.9991619098827773,-0.0008111329015183522
2000-01-28,0.9981629518688405,0.9990317277899681,-0.0008687759211275514
2000-01-31,0.9981227623986264,0.9989604348185588,-0.0008376724199323782
2000-02-01,0.998262794890478,0.9991116511112444,-0.0008488562207664696
2000-02-02,0.9982897486414218,0.9991116511112444,-0.0008219024698226107
2000-02-03,0.9984775737538402,0.9991116511112446,-0.0006340773574043945
2000-02-04,0.9984506200028962,0.9988979585027012,-0.00044733849980505003
2000-02-07,0.9981629518688405,0.9988979585027012,-0.0007350066338607242
2000-02-08,0.9981629518688405,0.9987845569235579,-0.0006216050547174223
2000-02-09,0.9983105875110448,0.9986970679702234,-0.0003864804591785509
2000-02-10,0.9983239827044831,0.9987845569235579,-0.00046057421907486074
2000-02-11,0.9983239827044831,0.9986970679702234,-0.00037308526574031387
2000-02-14,0.9983105875110448,0.9986573570598167,-0.0003467695487718858
2000-02-15,0.9983105875110448,0.998784556923558,-0.0004739694125132088
2000-02-16,0.9984732728757155,0.9986970679702234,-0.0002237950945078726
2000-02-17,0.9985866744548586,0.9985289310482852,5.774340657338506e-05
2000-02-18,0.9985866744548586,0.9984294873037527,0.00015718715110590864
2000-02-22,0.9985464849846444,0.9984294873037527,0.00011699768089168394
2000-02-23,0.9986177779560537,0.9982724358394641,0.00034534211658954206
2000-02-24,0.998796044731801,0.9981480844894886,0.0006479602423123954
2000-02-25,0.998796044731801,0.9981480844894886,0.0006479602423123954
2000-02-28,0.998796044731801,0.9981480844894886,0.0006479602423123954
2000-02-29,0.9989487579442461,0.9982724358394639,0.0006763221047821899
2000-03-01,0.9990895163654931,0.9981348487702185,0.0009546675952746275
2000-03-02,0.998948757944246,0.9980941690637166,0.0008545888805293611
2000-03-03,0.9989487579442461,0.9979623555017216,0.0009864024425244589
2000-03-06,0.9989889474144603,0.9978393810474575,0.0011495663670028078
2000-03-07,0.9988362342020153,0.9976379927509987,0.0011982414510165462
2000-03-08,0.9989753888569545,0.9976781822212129,0.0012972066357416212
2000-03-09,0.9990727325054053,0.9976518665042443,0.0014208660011609808
2000-03-10,0.9989490731399859,0.9974640413918261,0.0014850317481598374
2000-03-13,0.9988496293954534,0.9972600057864228,0.0015896236090305882
2000-03-14,0.9986986471327696,0.9972600057864227,0.0014386413463468584
2000-03-15,0.9985866744548586,0.9970668106989312,0.0015198637559273864
2000-03-16,0.9987118828520398,0.9970006133332127,0.0017112695188271632
2000-03-17,0.9987118828520398,0.9970006133332127,0.0017112695188271632
2000-03-20,0.9984506200028962,0.9969336179097423,0.001517002093153863
2000-03-21,0.9984104305326822,0.9971351689777185,0.0012752615549637136
2000-03-22,0.9984817235040915,0.997355317816154,0.0011264056879374262
2000-03-23,0.9984817235040915,0.9975046079873865,0.000977115516704985
2000-03-24,0.9984817235040913,0.9973553178161542,0.0011264056879370932
2000-03-27,0.9983340878618872,0.997355317816154,0.0009787700457331017
2000-03-28,0.998121075001635,0.997083146068247,0.0010379289333880548
2000-03-29,0.998121075001635,0.9970831460682468,0.0010379289333882769
2000-03-30,0.9983340878618872,0.9970831460682467,0.001250941793640492
2000-03-31,0.9985923028718123,0.9971621227286626,0.001430180143149773
2000-04-03,0.9987283573237747,0.9974215151818726,0.0013068421419021314
2000-04-04,0.9987553110747186,0.9973688763736597,0.001386434701058925
2000-04-05,0.9987553110747186,0.9974085872840665,0.001346723790652149
2000-04-06,0.9988514514111276,0.9971621227286626,0.0016893286824650744
2000-04-07,0.9988112619409134,0.9971094839204496,0.0017017780204637845
2000-04-10,0.9986073945242949,0.9967121135112376,0.0018952810130573594
2000-04-11,0.9987836384464712,0.9967647523194505,0.002018886127020725
2000-04-12,0.9988248204984193,0.996565465414756,0.0022593550836632614
2000-04-13,0.9987836384464712,0.9963123721067516,0.0024712663397196133
2000-04-14,0.9987439275360647,0.9961286941218702,0.002615233414194451
2000-04-17,0.9987836384464712,0.9961948914875888,0.0025887469588824485
2000-04-18,0.9989898762275388,0.9966316627804748,0.002358213447063995
2000-04-19,0.9989366067596264,0.9966316627804748,0.002304943979151597
2000-04-20,0.9988253354073493,0.9966579784974433,0.002167356909905993
2000-04-24,0.9986626500426787,0.9968675237942369,0.001795126248441803
2000-04-25,0.9986073945242949,0.9969207932621496,0.0016866012621453708
2000-04-26,0.9985790671525421,0.9967503509965379,0.0018287161560042176
2000-04-27,0.9986192566227562,0.9969207932621496,0.001698463360606639
2000-04-28,0.9988514514111276,0.9971541778198552,0.0016972735912724746
2000-05-01,0.998975802761103,0.9971675730132934,0.0018082297478095866
2000-05-02,0.9988112619409136,0.9969704998349735,0.0018407621059400858
2000-05-03,0.9988514514111276,0.9969971307476819,0.0018543206634457077
2000-05-04,0.9989067069295113,0.9969971307476819,0.0019095761818294088
2000-05-05,0.9989067069295113,0.9967769819092464,0.002129725020264983
2000-05-08,0.9988665174592974,0.9965820736914045,0.002284443767892941
2000-05-09,0.9988388939648551,0.9963455746436668,0.0024933193211883475
2000-05-10,0.9988388939648551,0.9963455746436668,0.0024933193211883475
2000-05-11,0.9989898762275388,0.9963323389243968,0.002657537303141999
2000-05-12,0.999017499721981,0.9965554427786965,0.0024620569432844963
2000-05-15,0.998975802761103,0.9965291270617279,0.002446675699375067
2000-05-16,0.998975802761103,0.9967358807067253,0.00223992205437773
2000-05-17,0.9988112619409134,0.996930788924567,0.0018804730163464178
2000-05-18,0.9986752074889512,0.996930788924567,0.0017444185643842314
2000-05-19,0.9986752074889512,0.996930788924567,0.0017444185643842314
2000-05-22,0.9986752074889512,0.996930788924567,0.0017444185643842314
2000-05-23,0.9986329825783142,0.9971078707790261,0.001525111799288159
2000-05-24,0.9985923028718123,0.997252305149133,0.0013399977226793425
2000-05-25,0.9987822727495467,0.9974135039753779,0.0013687687741688048
2000-05-26,0.9987822727495467,0.99739977801982,0.0013824947297266243
2000-05-30,0.9988244976601837,0.997612790880072,0.001211706780111621
2000-05-31,0.9988651773666856,0.9978245277633437,0.0010406496033418255
2000-06-01,0.9988514514111276,0.9977972432502801,0.0010542081608475584
2000-06-02,0.9988931483720056,0.998115166076043,0.0007779822959625982
2000-06-05,0.9988931483720056,0.9980885351633345,0.00080461320867109
2000-06-06,0.9988931483720056,0.9982115096175986,0.0006816387544069658
2000-06-07,0.9988524686655039,0.9981985817197925,0.000653886945711446
2000-06-08,0.9987705822344117,0.9983796465395367,0.00039093569487502755
2000-06-09,0.9987705822344117,0.9985306288022204,0.00023995343219129772
2000-06-12,0.9987705822344117,0.9984193574499434,0.00035122478446836247
2000-06-13,0.9987283573237747,0.9983384644875887,0.0003898928361860676
2000-06-14,0.9987822727495467,0.9986028483294156,0.00017942442013108018
2000-06-15,0.9987822727495465,0.9986160840486858,0.00016618870086060333
2000-06-16,0.9987118828520398,0.9985048126964088,0.00020707015563103948
2000-06-19,0.9985866744548586,0.9984098462676181,0.00017682818724051863
2000-06-20,0.9985464849846444,0.9984098462676181,0.00013663871702629393
2000-06-21,0.998711025804834,0.9983966105483483,0.00031441525648567836
2000-06-22,0.9986577563369214,0.9982605560963859,0.0003972002405355779
2000-06-23,0.9985579133152841,0.9981644157599768,0.00039349755530726505
2000-06-26,0.9985579133152841,0.9983966105483483,0.00016130276693582246
2000-06-27,0.9984430458612584,0.9985348989432278,-9.185308196935082e-05
2000-06-28,0.9984430458612584,0.9983966105483483,4.643531291015357e-05
2000-06-29,0.9983897763933459,0.9982736360940844,0.00011614029926154679
2000-06-30,0.9984430458612584,0.9983966105483483,4.643531291015357e-05
2000-07-03,0.9986111827831965,0.9984915769771388,0.00011960580605774318
2000-07-05,0.9985579133152839,0.9984915769771388,6.633633814512319e-05
2000-07-06,0.9986970679702232,0.9984915769771388,0.00020549099308442287
2000-07-07,0.9988371004620751,0.9984193574499435,0.0004177430121315995
2000-07-10,0.9987571771407984,0.9982833029979811,0.0004738741428172988
2000-07-11,0.9986314176792972,0.9984062774522451,0.0002251402270521119
2000-07-12,0.998576840433911,0.9984732728757153,0.00010356755819573848
2000-07-13,0.9986505769859406,0.9981821614995132,0.00046841548642739816
2000-07-14,0.9987643816562439,0.998155530586805,0.0006088510694389759
2000-07-17,0.9989780742647871,0.9979677054743865,0.0010103687904006176
2000-07-18,0.9990029196724709,0.9980078949446006,0.000995024727870275
2000-07-19,0.9990029196724709,0.9981424505891064,0.0008604690833644568
2000-07-20,0.9990029196724709,0.9981694043400505,0.0008335153324203759
2000-07-21,0.9988571198747151,0.9979815792276323,0.0008755406470828397
2000-07-24,0.9988571198747151,0.9981558457825447,0.0007012740921704674
2000-07-25,0.9988571198747151,0.9981821614995132,0.0006749583752019284
2000-07-26,0.9988137979086261,0.9979806104315372,0.0008331874770889369
2000-07-27,0.9988014446082526,0.998115166076043,0.0006862785322095943
2000-07-28,0.9986997246776204,0.997980610431537,0.0007191142460833966
2000-07-31,0.9987511459369737,0.9981282460737413,0.0006228998632323846
2000-08-01,0.9988189589016299,0.9982833029979811,0.0005356559036487907
2000-08-02,0.9986921621290485,0.9981414817930115,0.0005506803360370016
2000-08-03,0.9984856839454556,0.9981282460737413,0.0003574378717142723
2000-08-04,0.9985371052048089,0.9982566720852728,0.0002804331195360721
2000-08-07,0.9987806463404107,0.9982034026173604,0.0005772437230503469
2000-08-08,0.9987292250810574,0.9980688469728544,0.0006603781082030746
2000-08-09,0.998661412116401,0.9979539795188289,0.0007074325975721107
2000-08-10,0.9985974987497374,0.9979539795188289,0.0006435192309084403
2000-08-11,0.9984424418254976,0.9979539795188289,0.0004884623066686578
2000-08-14,0.998339967606595,0.997837607761042,0.0005023598455530243
2000-08-15,0.9983153967618967,0.9976383208563477,0.0006770759055489961
2000-08-16,0.9983153967618967,0.9975713254328774,0.0007440713290193246
2000-08-17,0.9984178709807991,0.9975437019384352,0.0008741690423639259
2000-08-18,0.9983539576141354,0.9977139891219939,0.0006399684921414295
2000-08-21,0.9982720711830432,0.9975176940429309,0.0007543771401122834
2000-08-22,0.998515612318645,0.9976060947953973,0.0009095175232477493
2000-08-23,0.9986737654167746,0.9975099544589885,0.00116381095778606
2000-08-24,0.9986737654167746,0.9976910192787324,0.0009827461380421676
2000-08-25,0.9988054917480945,0.9979462570496216,0.0008592346984729327
2000-08-28,0.9987159893617872,0.9979462570496216,0.0007697323121655941
2000-08-29,0.998661412116401,0.9976321026909017,0.0010293094254992807
2000-08-30,0.9988054917480945,0.9976321026909017,0.0011733890571927752
2000-08-31,0.9988054917480945,0.9975228823567943,0.0012826093913002046
2000-09-01,0.9987043502496268,0.9976910192787324,0.0010133309708943994
2000-09-05,0.9986795048419428,0.9979462570496217,0.00073324779232109
2000-09-06,0.9986795048419428,0.9979462570496217,0.00073324779232109
2000-09-07,0.9986795048419428,0.9979462570496217,0.00073324779232109
2000-09-08,0.9985741681568175,0.9979462570496217,0.0006279111071958443
2000-09-11,0.9986373548261566,0.9978241088177081,0.0008132460084484538
2000-09-12,0.9988054917480945,0.9978535619418387,0.0009519298062558024
2000-09-13,0.9989969454992994,0.9977152735469593,0.00128167195234008
2000-09-14,0.9991089181772106,0.997866489839645,0.0012424283375656042
2000-09-15,0.9989896839532009,0.997951508766612,0.0010381751865888855
2000-09-18,0.9989134172861638,0.9980081727085611,0.0009052445776026596
2000-09-19,0.9988014446082526,0.9979143518484002,0.000887092759852437
2000-09-20,0.9989206788322623,0.9981725668583253,0.0007481119739369824
2000-09-21,0.9988189589016299,0.9981725668583253,0.0006463920433045223
2000-09-22,0.9986789264097784,0.9981725668583253,0.0005063595514530617
2000-09-25,0.998771629025752,0.9981725668583253,0.0005990621674266672
2000-09-26,0.9987716290257518,0.9981725668583253,0.0005990621674264451
2000-09-27,0.998937669413108,0.9981468596658222,0.0007908097472858477
2000-09-28,0.999062877810289,0.9981468596658222,0.0009160181444668458
2000-09-29,0.9990628778102891,0.997888644655897,0.0011742331543921347
2000-10-02,0.9989356779465478,0.997888644655897,0.0010470332906508117
2000-10-03,0.998908393433484,0.9981468596658222,0.0007615337676618594
2000-10-04,0.9991195417522383,0.9980954384064689,0.0010241033457694115
2000-10-05,0.99916022145874,0.9981096923117857,0.0010505291469542488
2000-10-06,0.9990057370819349,0.9981096923117857,0.0008960447701491514
2000-10-09,0.999119541752238,0.9980135519753767,0.0011059897768613824
2000-10-10,0.9991468262653017,0.9981096923117857,0.0010371339535160118
2000-10-11,0.999062877810289,0.9981096923117857,0.0009531854985033172
2000-10-12,0.9989829544890126,0.9983276331948402,0.0006553212941724507
2000-10-13,0.9990714387003746,0.9981818333970842,0.0008896053032904083
2000-10-16,0.9992016207931839,0.9981675794917675,0.0010340413014163774
2000-10-17,0.9992016207931839,0.9982504841089064,0.0009511366842774871
2000-10-18,0.9992787698791178,0.9981531404604556,0.0011256294186622329
2000-10-19,0.9994407705061922,0.9983880711781518,0.0010526993280404184
2000-10-20,0.999467724257136,0.9984426484235379,0.0010250758335981214
2000-10-23,0.9994423108932873,0.9984567218899738,0.0009855890033134695
2000-10-24,0.9994423108932873,0.9985338709759078,0.0009084399173794333
2000-10-25,0.9993783975266235,0.9982989402582114,0.0010794572684120762
2000-10-26,0.9993382080564095,0.9982170538271192,0.0011211542292902665
2000-10-27,0.9993783975266235,0.9983276331948402,0.0010507643317833049
2000-10-30,0.999404713243592,0.9985481248812246,0.0008565883623674608
2000-10-31,0.9994876178607309,0.9986167755930465,0.000870842267684413
2000-11-01,0.9994343483928185,0.998410537811979,0.001023810580839557
2000-11-02,0.9994343483928185,0.9985481248812244,0.0008862235115941752
2000-11-03,0.9994876178607309,0.9985481248812246,0.0009394929795063511
2000-11-06,0.9993847202809854,0.9985481248812246,0.0008365953997607756
2000-11-07,0.9993847202809854,0.9985481248812246,0.0008365953997607756
2000-11-08,0.9993445308107712,0.9986167755930465,0.0007277552177247237
2000-11-09,0.9993445308107712,0.9985338709759078,0.000810659834863392
2000-11-10,0.999331450813073,0.9982989402582114,0.001032510554861532
2000-11-13,0.9992775353873009,0.9984232916081868,0.0008542437791141388
2000-11-14,0.9993594218183931,0.9985338709759078,0.0008255508424852565
2000-11-15,0.999331450813073,0.9984911045728431,0.0008403462402298834
2000-11-16,0.9991890511759387,0.9984337091403183,0.0007553420356204432
2000-11-17,0.9991890511759387,0.9982936766484667,0.0008953745274720148
2000-11-20,0.9991890511759387,0.9982936766484667,0.0008953745274720148
2000-11-21,0.9991890511759387,0.9982297632818029,0.0009592878941357963
2000-11-22,0.9991468262653017,0.9979503550075877,0.001196471257714049
2000-11-24,0.999159906263,0.9979984396905259,0.001161466572474068
2000-11-27,0.999159906263,0.998128621783335,0.001031284479665051
2000-11-28,0.9990191478417528,0.9981286217833352,0.0008905260584176622
2000-11-29,0.999159906263,0.9980747063575632,0.0010851999054367623
2000-11-30,0.9992000957332142,0.9980142683742514,0.0011858273589627766
2000-12-01,0.999159906263,0.9979333754118969,0.0012265308511031359
2000-12-04,0.9992885799445762,0.9980206193714803,0.001267960573095861
2000-12-05,0.9993517666139152,0.9981737318610302,0.0011780347528850266
2000-12-06,0.9994025999828805,0.9981737318610302,0.0012288681218503017
2000-12-07,0.9994025999828805,0.9981737318610303,0.0012288681218501907
2000-12-08,0.999511820316988,0.9984232916081869,0.001088528708801162
2000-12-11,0.9995515312273948,0.9985425258321964,0.0010090053951984368
2000-12-12,0.9994609869480227,0.9985425258321964,0.0009184611158262745
2000-12-13,0.9994876178607309,0.9985964412579684,0.0008911766027625001
2000-12-14,0.9993783975266235,0.9985547442970903,0.00082365322953315
2000-12-15,0.9993914775243218,0.9985681394905286,0.0008233380337931973
2000-12-18,0.9995515312273946,0.9986292419734061,0.0009222892539885175
2000-12-19,0.9995384512296961,0.9987625496638516,0.0007759015658445056
2000-12-20,0.9994343483928185,0.9988763543341549,0.0005579940586636356
2000-12-21,0.99940771748011,0.9987983021620931,0.0006094153180169481
2000-12-22,0.99940771748011,0.9987983021620931,0.0006094153180169481
2000-12-26,0.99940771748011,0.9987983021620931,0.0006094153180169481
2000-12-27,0.9994343483928185,0.9987983021620931,0.00063604623072544
2000-12-28,0.9994876178607309,0.998572524813879,0.0009150930468518892
2000-12-29,0.9993847202809854,0.9984324923220275,0.0009522279589578853
2001-01-02,0.9992000957332142,0.9982643554000893,0.0009357403331249348
2001-01-03,0.9992000957332142,0.9983010109844587,0.000899084748755552
2001-01-04,0.9991865371757084,0.9983286344789007,0.0008579026968076331
2001-01-05,0.999059337311967,0.9983911107947583,0.0006682265172087698
2001-01-08,0.9991468262653017,0.9983408520232256,0.0008059742420760685
2001-01-09,0.9991195417522383,0.9985721756145027,0.0005473661377355388
2001-01-10,0.9990802981374635,0.998644395141698,0.0004359029957654581
2001-01-11,0.9991195417522383,0.9988335169055428,0.00028602484669548733
2001-01-12,0.999005737081935,0.9986631462630886,0.00034259081884635556
2001-01-16,0.999005737081935,0.998716415731001,0.0002893213509339576
2001-01-17,0.999005737081935,0.9987983021620931,0.00020743491984187568
2001-01-18,0.999005737081935,0.9986941993252153,0.0003115377567196598
2001-01-19,0.9989923418884966,0.998468421977001,0.000523919911495585
2001-01-22,0.9990593373119672,0.9983685789553637,0.0006907583566034825
2001-01-23,0.999142241929106,0.9986091803982483,0.000533061530857637
2001-01-24,0.999101562222604,0.9987409067295683,0.0003606554930357664
2001-01-25,0.998892898143964,0.9986730937649119,0.00021980437905211314
2001-01-26,0.998933577850466,0.9986997246776204,0.00023385317284563278
2001-01-29,0.999142241929106,0.9988116973555313,0.0003305445735746204
2001-01-30,0.9991688728418142,0.9989736979826057,0.0001951748592085023
2001-01-31,0.9990297181868749,0.9989736979826057,5.602020426920262e-05
2001-02-01,0.998975802761103,0.9989736979826057,2.1047784972694217e-06
2001-02-02,0.9989062933374022,0.9987625496638516,0.00014374367355063367
2001-02-05,0.998933577850466,0.9988763543341549,5.722351631110012e-05
2001-02-06,0.998975802761103,0.9989829544890126,-7.151727909660011e-06
2001-02-07,0.998892898143964,0.9988709818111017,2.191633286230399e-05
2001-02-08,0.9987283573237745,0.9989594660224637,-0.00023110869868914197
2001-02-09,0.9985244899071561,0.9988709818111017,-0.00034649190394553386
2001-02-12,0.9984574944836857,0.9987643816562437,-0.00030688717255800135
2001-02-13,0.998470574481384,0.9988709818111017,-0.0004004073297176891
2001-02-14,0.9984278080783193,0.9988031688464455,-0.00037536076812616503
2001-02-15,0.9984278080783193,0.998954385139131,-0.0005265770608117171
2001-02-16,0.9984278080783194,0.998954385139131,-0.000526577060811606
2001-02-20,0.9986177779560537,0.9989280694221625,-0.0003102914661088363
2001-02-21,0.9987290493083307,0.999008962384517,-0.0002799130761862445
2001-02-22,0.9987290493083307,0.9988577460918314,-0.00012869678350069247
2001-02-23,0.9987290493083307,0.9987716290257518,-4.257971742105404e-05
2001-02-26,0.9988527086737499,0.9988213260469124,3.138262683743953e-05
2001-02-27,0.9990191478417528,0.9987716290257518,0.00024751881600104664
2001-02-28,0.999059337311967,0.9986298078207823,0.0004295294911847991
2001-03-01,0.9991554776483762,0.998420733447022,0.0007347442013542205
2001-03-02,0.9993379330305012,0.9985494071285983,0.0007885259019029256
2001-03-05,0.9994264172418634,0.9984847501499747,0.0009416670918886982
2001-03-06,0.9993862277716492,0.9986550373335336,0.0007311904381156475
2001-03-07,0.9993862277716492,0.9985113810626831,0.0008748467089660927
2001-03-08,0.9993862277716492,0.9986008834489905,0.0007853443226587542
2001-03-09,0.9992977435602872,0.9986523047083438,0.0006454388519434584
2001-03-12,0.9991971746092542,0.9986125937979373,0.0005845808113168482
2001-03-13,0.9992977435602872,0.998574252536282,0.0007234910240052628
2001-03-14,0.9992438281345151,0.9986523047083438,0.0005915234261713032
2001-03-15,0.9992438281345151,0.9987162180750075,0.0005276100595075217
2001-03-16,0.9993862277716492,0.9987294537942777,0.0006567739773715164
2001-03-19,0.9994494144409882,0.9987294537942778,0.0007199606467104269
2001-03-20,0.9994494144409882,0.9987294537942778,0.0007199606467104269
2001-03-21,0.9992912613428586,0.9985437248065107,0.0007475365363479591
2001-03-22,0.9992242659193885,0.998780875053631,0.0004433908657575092
2001-03-23,0.9992522369247087,0.9989899494273914,0.00026228749731727063
2001-03-26,0.9992522369247087,0.9990287366175927,0.00022350030711593138
2001-03-27,0.999382419017518,0.9989899494273912,0.0003924695901268427
2001-03-28,0.999382419017518,0.9989899494273912,0.0003924695901268427
2001-03-29,0.9993544480121977,0.9988065822461343,0.0005478657660634711
2001-03-30,0.999382419017518,0.9990156566198944,0.00036676239762356566
2001-04-02,0.9993824190175178,0.9989899494273912,0.00039246959012662064
2001-04-03,0.9992242659193883,0.9988196622438326,0.00040460367555572585
2001-04-04,0.9991021176874747,0.9988196622438326,0.0002824554436421378
2001-04-05,0.9992113380215824,0.9989899494273914,0.00022138859419096324
2001-04-06,0.9993277941588337,0.9989899494273912,0.0003378447314424937
2001-04-09,0.9994077174801103,0.9989899494273912,0.0004177680527190919
2001-04-10,0.9994896039112022,0.9991837935418324,0.00030581036936982997
2001-04-11,0.9995293148216088,0.9989899494273912,0.0005393653942176169
2001-04-12,0.9995428733791148,0.9990156566198944,0.0005272167592204058
2001-04-16,0.999529314821609,0.9990028773251973,0.0005264374964116803
2001-04-17,0.9994876178607308,0.9988065822461343,0.0006810356145965368
2001-04-18,0.999556268572553,0.9989768694296929,0.0005793991428600931
2001-04-19,0.999633417658487,0.9989636337104228,0.0006697839480641621
2001-04-20,0.999569504291823,0.9990028773251977,0.0005666269666253498
2001-04-23,0.9995142487734393,0.9990028773251977,0.0005113714482416487
2001-04-24,0.999569504291823,0.9989768694296931,0.0005926348621299038
2001-04-25,0.9997012306231431,0.9991579342494373,0.0005432963737057594
2001-04-26,0.9997526518824965,0.9990028773251974,0.0007497745572990766
2001-04-27,0.9996879949038731,0.9988065822461343,0.0008814126577387782
2001-04-30,0.999624081537209,0.9988065822461343,0.0008174992910747747
2001-05-01,0.9996240815372093,0.9988065822461343,0.0008174992910749967
2001-05-02,0.9996374767306473,0.9988065822461343,0.0008308944845130117
2001-05-03,0.9995345791509017,0.9988325901416388,0.0007019890092628822
2001-05-04,0.9994933970989539,0.9988065822461343,0.0006868148528196283
2001-05-07,0.9994933970989539,0.9988325901416388,0.0006608069573150743
2001-05-08,0.9995828994852612,0.9988065822461343,0.0007763172391269668
2001-05-09,0.999569504291823,0.9987551609867809,0.0008143433050421534
2001-05-10,0.9995428733791148,0.9987159173720063,0.0008269560071085813
2001-05-11,0.9995695042918231,0.998678011900847,0.0008914923909760786
2001-05-14,0.9995142487734391,0.9986259889913754,0.0008882597820636384
2001-05-15,0.9995142487734391,0.9986780119008468,0.0008362368725922664
2001-05-16,0.9995142487734393,0.9986259889913752,0.0008882597820640825
2001-05-17,0.9995142487734393,0.9986125937979372,0.0009016549755020975
2001-05-18,0.9995142487734393,0.998612593797937,0.0009016549755023195
2001-05-21,0.9995913978593731,0.998574252536282,0.001017145323091162
2001-05-22,0.9995781621401031,0.9983122568814778,0.001265905258625244
2001-05-23,0.9995142487734393,0.9984151544612235,0.001099094312215776
2001-05-24,0.9994876178607309,0.9984151544612233,0.0010724633995076172
2001-05-25,0.9994876178607309,0.9984151544612233,0.0010724633995076172
2001-05-29,0.9994876178607309,0.9984151544612233,0.0010724633995076172
2001-05-30,0.9994876178607309,0.9981374994977273,0.001350118363003583
2001-05-31,0.9994876178607309,0.9978563148063903,0.0016313030543406715
2001-06-01,0.999556268572553,0.9978563148063903,0.0016999537661627206
2001-06-04,0.9996334176584868,0.9978166038959835,0.001816813762503311
2001-06-05,0.9996600485711951,0.9980469552183553,0.0016130933528397673
2001-06-06,0.9996600485711951,0.9979452352877229,0.0017148132834721164
2001-06-07,0.9996600485711953,0.9979452352877229,0.0017148132834723384
2001-06-08,0.999633417658487,0.9977411996823198,0.001892217976167232
2001-06-11,0.9995428733791148,0.9974947351269157,0.002048138252199183
2001-06-12,0.9994876178607308,0.9974947351269159,0.001992882733814927
2001-06-13,0.9994876178607308,0.9973809304566126,0.002106687404118235
2001-06-14,0.9994876178607308,0.9973809304566126,0.002106687404118235
2001-06-15,0.9994609869480227,0.9973177437872736,0.0021432431607490976
2001-06-18,0.9994609869480227,0.9974315484575769,0.0020294384904457896
2001-06-19,0.9995515312273948,0.9973430642462146,0.002208466981180268
2001-06-20,0.9996848389178401,0.9976649330152825,0.0020199059025576283
2001-06-21,0.9996451280074335,0.9979706885513181,0.0016744394561154508
2001-06-22,0.9995118203169882,0.9976649330152825,0.0018468873017056797
2001-06-25,0.9995118203169878,0.9974315484575769,0.0020802718594109537
2001-06-26,0.9996067867457783,0.9974315484575769,0.002175238288201431
2001-06-27,0.999553517277866,0.9975200326689388,0.0020334846089271608
2001-06-28,0.9996315694499277,0.9974315484575769,0.0022000209923508374
2001-06-29,0.9997381696047855,0.9974947351269159,0.002243434477869566
2001-07-02,0.999804366970504,0.9974947351269157,0.0023096318435883445
2001-07-03,0.9997646560600976,0.9974315484575766,0.002333107602520923
2001-07-05,0.9996708351999366,0.9975466635816472,0.002124171618289372
2001-07-06,0.9996708351999366,0.9976361659679546,0.0020346692319820336
2001-07-09,0.9997234740081495,0.9975344460373224,0.0021890279708270954
2001-07-10,0.9996708351999366,0.9976098502509861,0.0020609849489504617
2001-07-11,0.99956294087334,0.9973601154839782,0.0022028253893617844
2001-07-12,0.9996046378342178,0.9976229302486845,0.0019817075855332877
2001-07-13,0.9995789306417148,0.9975832193382779,0.001995711303436898
2001-07-16,0.999578930641715,0.9975832193382779,0.00199571130343712
2001-07-17,0.9995789306417148,0.9975832193382779,0.001995711303436898
2001-07-18,0.9995789306417148,0.9975832193382779,0.001995711303436898
2001-07-19,0.999578930641715,0.9975832193382779,0.00199571130343712
2001-07-20,0.9994735939565895,0.9975832193382779,0.001890374618311652
2001-07-23,0.999420324488677,0.9976861169180234,0.0017342075706535676
2001-07-24,0.999445737852526,0.9976861169180234,0.0017596209345025482
2001-07-25,0.9995119352182446,0.9978928705630208,0.0016190646552237675
2001-07-26,0.999420324488677,0.9978928705630208,0.0015274539256562303
2001-07-27,0.999445737852526,0.9976861169180234,0.0017596209345025482
2001-07-30,0.999445737852526,0.997712432634992,0.0017333052175340091
2001-07-31,0.999432958557829,0.9976229302486845,0.0018100283091444513
2001-08-01,0.9993912615969509,0.9976861169180234,0.0017051446789274616
2001-08-02,0.9993912615969509,0.9976861169180234,0.0017051446789274616
2001-08-03,0.9992996508673833,0.9976229302486845,0.0016767206186987238
2001-08-06,0.9991679245360635,0.997712432634992,0.0014554919010715262
2001-08-07,0.9991679245360635,0.997712432634992,0.0014554919010715262
2001-08-08,0.9991679245360633,0.9976361659679547,0.0015317585681086099
2001-08-09,0.9991679245360633,0.9976869993369201,0.0014809251991432237
2001-08-10,0.9990346168456178,0.9979071481753556,0.001127468670262144
2001-08-13,0.9990346168456178,0.9979334638923242,0.0011011529532936049
2001-08-14,0.9990203629403009,0.9980097305593613,0.00101063238093968
2001-08-15,0.9991295832744085,0.997996650561663,0.0011329327127455047
2001-08-16,0.999034616845618,0.9976993526372937,0.001335264208324305
2001-08-17,0.9990203629403009,0.9973733512032484,0.0016470117370525061
2001-08-20,0.9989124686137042,0.9973733512032484,0.0015391174104557592
2001-08-21,0.9990582684114602,0.9973601154839784,0.0016981529274817664
2001-08-22,0.9991498791410277,0.9974372645699121,0.0017126145711156004
2001-08-23,0.9991247529645655,0.9974109488529437,0.0017138041116218083
2001-08-24,0.9991247529645655,0.997373885900935,0.001750867063630479
2001-08-27,0.9989379069298073,0.9974109488529437,0.0015269580768636493
2001-08-28,0.9987739113424245,0.9971186119301645,0.0016552994122600584
2001-08-29,0.9987186558240407,0.997183268908788,0.00153538691525279
2001-08-30,0.9987739113424245,0.9972081143164719,0.0015657970259526088
2001-08-31,0.9988768089221701,0.997144927647133,0.0017318812750370949
2001-09-04,0.9990408045095529,0.9971186119301645,0.0019221925793884154
2001-09-05,0.9991346253697134,0.9967966500051365,0.0023379753645769163
2001-09-06,0.9989706297823311,0.9964449491183782,0.0025256806639528673
2001-09-07,0.9988513955583214,0.996509606097002,0.0023417894613193546
2001-09-10,0.9988513955583214,0.99686130698376,0.0019900885745613994
2001-09-17,0.9987791760311262,0.9968486729146083,0.0019305031165178788
2001-09-18,0.9986853551709652,0.9969249395816453,0.0017604155893199414
2001-09-19,0.9985824575912198,0.9965986520587361,0.0019838055324836734
2001-09-20,0.9985948108915933,0.9966112861278879,0.0019835247637054465
2001-09-21,0.9986853551709653,0.9966369933203909,0.0020483618505744428
2001-09-24,0.9987987567501085,0.9970011863144596,0.0017975704356489874
2001-09-25,0.998640603651979,0.9970011863144596,0.0016394173375194887
2001-09-26,0.9986026981808198,0.9969754791219565,0.0016272190588633162
2001-09-27,0.9984892966016767,0.9966112861278879,0.0018780104737888825
2001-09-28,0.9987055957605654,0.9969503529454942,0.001755242815071223
2001-10-01,0.9988005621893561,0.9969503529454944,0.0018502092438617002
2001-10-02,0.998647449699806,0.9970011863144598,0.001646263385346236
2001-10-03,0.9987055957605654,0.9973103689447905,0.0013952268157748637
2001-10-04,0.9988005621893559,0.9973103689447905,0.001490193244565341
2001-10-05,0.9987882088889823,0.9973357823086395,0.001452426580342836
2001-10-08,0.9986730937649119,0.9973231482394875,0.0013499455254243342
2001-10-09,0.9984906383827868,0.9973357823086395,0.0011548560741473368
2001-10-10,0.9985172692954951,0.9976408985261157,0.0008763707693794087
2001-10-11,0.99831332343698,0.9976408985261157,0.0006724249108642777
2001-10-12,0.9981046593583399,0.9976408985261157,0.0004637608322242137
2001-10-15,0.9982171831005708,0.9976281192314187,0.0005890638691521399
2001-10-16,0.998330584679714,0.997903861893931,0.00042672278578304024
2001-10-17,0.9984906383827868,0.997903861893931,0.0005867764888558558
2001-10-18,0.9985781273361214,0.9978655206322761,0.0007126067038453199
2001-10-19,0.9986631462630884,0.9978655206322761,0.0007976256308123153
2001-10-22,0.9988251468901628,0.9978655206322761,0.0009596262578867032
2001-10-23,0.9989955175326172,0.9978655206322761,0.0011299969003411015
2001-10-24,0.9989155942113406,0.9978655206322761,0.0010500735790645033
2001-10-25,0.9989298481166574,0.9981376923801832,0.000792155736474176
2001-10-26,0.9989044347528087,0.9981247644823771,0.0007796702704315761
2001-10-29,0.9987198102050376,0.9981116844846788,0.000608125720358843
2001-10-30,0.998583222941812,0.9978143865603094,0.0007688363815026023
2001-10-31,0.9987452235688864,0.9980737790135195,0.0006714445553669401
2001-11-01,0.9989298481166575,0.9983041303358913,0.0006257177807662551
2001-11-02,0.9990880012147869,0.9983420358070504,0.0007459654077365263
2001-11-05,0.9989814010599292,0.9980608511157135,0.0009205499442156428
2001-11-06,0.9989814010599292,0.9980608511157135,0.0009205499442156428
2001-11-07,0.9989814010599292,0.9980480718210165,0.0009333292389126502
2001-11-08,0.998981401059929,0.9979718051539792,0.001009595905949845
2001-11-09,0.9989814010599292,0.9979325615392045,0.0010488395207246537
2001-11-12,0.9989814010599292,0.9979325615392045,0.0010488395207246537
2001-11-13,0.9989814010599292,0.9979718051539792,0.001009595905949956
2001-11-14,0.9988480933694837,0.9979325615392045,0.0009155318302791482
2001-11-15,0.9988232479617997,0.997971348729406,0.0008518992323937047
2001-11-16,0.9986756863660373,0.9979316378189993,0.0007440485470380231
2001-11-19,0.9986473589942846,0.9979842766272122,0.000663082367072354
2001-11-20,0.9986329199629727,0.998034535398745,0.0005983845642276719
2001-11-21,0.9984482954152015,0.9979842766272122,0.0004640187879892954
2001-11-23,0.9986102960422759,0.9982778146189227,0.0003324814233531814
2001-11-26,0.9984482954152015,0.9982778146189227,0.00017048079627879353
2001-11-27,0.9982371470964474,0.9982251758107099,1.1971285737488735e-05
2001-11-28,0.9980568103895601,0.9982123965160129,-0.00015558612645283354
2001-11-29,0.9980421813601001,0.9982778146189227,-0.00023563325882258734
2001-11-30,0.9980170551836378,0.9982778146189227,-0.0002607594352849185
2001-12-03,0.9978108174025702,0.9982251758107099,-0.0004143584081397478
2001-12-04,0.9978108174025703,0.9980345353987448,-0.0002237179961744884
2001-12-05,0.9979708711056431,0.998034535398745,-6.366429310189492e-05
2001-12-06,0.9982204308527994,0.998034535398745,0.00018589545405445218
2001-12-07,0.9982204308527994,0.9980345353987448,0.00018589545405467423
2001-12-10,0.9979999391664153,0.997969117295835,3.0821870580233224e-05
2001-12-11,0.9979708711056429,0.9977623636508376,0.00020850745480527344
2001-12-12,0.9978108174025702,0.9977623636508377,4.845375173245792e-05
2001-12-13,0.9977386763172715,0.9977623636508376,-2.3687333566058122e-05
2001-12-14,0.9979708711056429,0.9978143865603094,0.00015648454533345735
2001-12-17,0.9979566172003261,0.998034535398745,-7.791819841884706e-05
2001-12-18,0.9978108174025703,0.998034535398745,-0.00022371799617471044
2001-12-19,0.9975347304587564,0.998034535398745,-0.0004998049399885796
2001-12-20,0.9974131027120566,0.998034535398745,-0.0006214326866883502
2001-12-21,0.9974131027120566,0.9979316378189992,-0.0005185351069425526
2001-12-24,0.9971817791207797,0.9979316378189992,-0.0007498586982195299
2001-12-26,0.9971817791207797,0.997802964137423,-0.0006211850166433219
2001-12-27,0.9972262566772985,0.9980333154597947,-0.0008070587824962061
2001-12-28,0.9969121023185785,0.9981087196734584,-0.0011966173548798587
2001-12-31,0.9967547400506654,0.9978526611585837,-0.0010979211079182871
2002-01-02,0.9965713728694083,0.9979188585243024,-0.001347485654894065
2002-01-03,0.9965858119007202,0.9982123965160131,-0.0016265846152929697
2002-01-04,0.9963115987015913,0.9981994686182066,-0.0018878699166153812
2002-01-07,0.9963115987015913,0.9981994686182066,-0.0018878699166153812
2002-01-08,0.9961750114383656,0.9980830124809552,-0.001908001042589591
2002-01-09,0.9961750114383656,0.9980830124809552,-0.001908001042589591
2002-01-10,0.9960110158509828,0.9980830124809552,-0.0020719966299723724
2002-01-11,0.9962852290501122,0.9980959403787615,-0.0018107113286492948
2002-01-14,0.9962852290501122,0.9980462433576008,-0.0017610143074886508
2002-01-15,0.9964492246374947,0.9983361158654218,-0.0018868912279270678
2002-01-16,0.9962501610584117,0.9981087196734586,-0.0018585586150469124
2002-01-17,0.9964492246374947,0.998161989141371,-0.0017127645038762518
2002-01-18,0.9967899540866652,0.9981749170391772,-0.0013849629525120033
2002-01-22,0.9967899540866652,0.9981749170391772,-0.0013849629525120033
2002-01-23,0.9969768001214233,0.9984023132311406,-0.0014255131097172802
2002-01-24,0.9967899540866649,0.9984525720026731,-0.001662617916008191
2002-01-25,0.9964492246374949,0.9984396441048672,-0.0019904194673723286
2002-01-28,0.9964492246374949,0.9983606674444515,-0.0019114428069566536
2002-01-29,0.9965089324533325,0.9983352540806028,-0.0018263216272702554
2002-01-30,0.9964492246374949,0.9984393569174805,-0.001990132279985679
2002-01-31,0.9967302462708273,0.9986250859052475,-0.0018948396344201646
2002-02-01,0.9969265413498906,0.9985848964350335,-0.001658355085142893
2002-02-04,0.996645519716558,0.998534063066068,-0.0018885433495099413
2002-02-05,0.9968179267200045,0.9986381659029457,-0.0018202391829412745
2002-02-06,0.996645519716558,0.9985848964350335,-0.0019393767184754385
2002-02-07,0.9964492246374949,0.9986250859052477,-0.002175861267752821
2002-02-08,0.9967302462708273,0.9988467943481596,-0.002116548077332303
2002-02-11,0.9965311826917445,0.9986504992690964,-0.0021193165773519818
2002-02-12,0.9961750114383657,0.9985733501831625,-0.0023983387447967797
2002-02-13,0.9961750114383656,0.9985733501831625,-0.0023983387447968907
2002-02-14,0.9961750114383656,0.9985079320802527,-0.0023329206418870596
2002-02-15,0.9961750114383656,0.9984704526034169,-0.002295441165051315
2002-02-19,0.9964492246374949,0.9981962394042878,-0.0017470147667929536
2002-02-20,0.9964492246374947,0.998182680846782,-0.0017334562092872208
2002-02-21,0.9962501610584118,0.998157267482933,-0.0019071064245211877
2002-02-22,0.9960256448804432,0.9980773441616566,-0.002051699281213404
2002-02-25,0.9959638631196115,0.9982364422367153,-0.002272579117103768
2002-02-26,0.995656982223859,0.9981046286747203,-0.0024476464508612628
2002-02-27,0.9955647607494525,0.9980119260587468,-0.0024471653092942303
2002-02-28,0.9953869703747489,0.9981543256958809,-0.0027673553211320367
2002-03-01,0.9955860339538319,0.9981543256958809,-0.002568291742048978
2002-03-04,0.9956006629832921,0.9978890240327583,-0.00228836104946617
2002-03-05,0.9958626586380965,0.9977466243956241,-0.0018839657575275837
2002-03-06,0.9960404490128001,0.997783687347633,-0.0017432383348329195
2002-03-07,0.9958389739485818,0.9976672312103815,-0.0018282572617996928
2002-03-08,0.9958764534254175,0.9975355048790615,-0.0016590514536439782
2002-03-11,0.9959929771838197,0.9975232873347368,-0.0015303101509170913
2002-03-12,0.9956601542665288,0.9973931052419276,-0.0017329509753988281
2002-03-13,0.9953311475991393,0.997087349705892,-0.0017562021067526468
2002-03-14,0.9952854511032238,0.9970593787005717,-0.0017739275973479574
2002-03-15,0.99540076516207,0.9973651342366073,-0.001964369074537342
2002-03-18,0.9957187639846906,0.9973408319526115,-0.0016220679679208594
2002-03-19,0.9954929866364763,0.9972106498598023,-0.0017176632233260047
2002-03-20,0.9951601637191854,0.9970752649662212,-0.0019151012470358664
2002-03-21,0.9953859410673996,0.9969048943237669,-0.0015189532563673058
2002-03-22,0.9954781625418059,0.9968562839481997,-0.0013781214063938174
2002-03-25,0.9951601637191854,0.9967245576168797,-0.0015643938976943605
2002-03-26,0.9951303151921268,0.9969048943237669,-0.0017745791316401416
2002-03-27,0.9950839838199076,0.9968808547928981,-0.0017968709729905274
2002-03-28,0.9954781625418059,0.9967084477894518,-0.0012302852476459014
2002-04-01,0.9954781625418059,0.9967084477894518,-0.0012302852476459014
2002-04-02,0.9954781625418059,0.9967084477894518,-0.0012302852476459014
2002-04-03,0.9954781625418059,0.9965521506134334,-0.0010739880716275074
2002-04-04,0.9956275290997283,0.9965093842103685,-0.0008818551106402062
2002-04-05,0.9953599484332576,0.9963172198957371,-0.0009572714624794809
2002-04-08,0.9952547004732077,0.9965093842103685,-0.0012546837371607555
2002-04-09,0.995156357018737,0.9967084477894518,-0.0015520907707148313
2002-04-10,0.9950679562662703,0.996838629882261,-0.0017706736159907033
2002-04-11,0.9950836155749622,0.9967013856609642,-0.0016177700860020572
2002-04-12,0.9949500402431596,0.9963753842269192,-0.0014253439837595971
2002-04-15,0.9949956582897689,0.9961548925405348,-0.001159234250765917
2002-04-16,0.9950626537132391,0.9962713486777861,-0.001208694964547008
2002-04-17,0.9954000964616604,0.9960247148581028,-0.0006246183964424556
2002-04-18,0.99533310103819,0.9960247148581028,-0.0006916138199128952
2002-04-19,0.9953174417294982,0.9961492412279295,-0.0008317994984312627
2002-04-22,0.9954510170613009,0.9962342601548967,-0.0007832430935957868
2002-04-23,0.9952392801780292,0.9962940479398217,-0.0010547677617924744
2002-04-24,0.9949018374296081,0.9962342601548967,-0.0013324227252885512
2002-04-25,0.9951400926598757,0.9963507162921479,-0.0012106236322722008
2002-04-26,0.9955005783908148,0.9965973501118311,-0.0010967717210162986
2002-04-29,0.9953939782359571,0.99648089397458,-0.0010869157386228512
2002-04-30,0.9957157616756864,0.9966036991645647,-0.0008879374888782765
2002-05-01,0.9956184944139258,0.9965439113796396,-0.0009254169657137989
2002-05-02,0.9953939782359572,0.9966036991645645,-0.0012097209286072719
2002-05-03,0.9953939782359569,0.9964612995274305,-0.0010673212914735775
2002-05-06,0.9953939782359571,0.9962355221792163,-0.0008415439432591931
2002-05-07,0.9953939782359571,0.9963900065560213,-0.0009960283200641795
2002-05-08,0.9953939782359571,0.9965533624549228,-0.0011593842189656645
2002-05-09,0.9953783189272651,0.9964612995274305,-0.0010829806001653175
2002-05-10,0.995033492505018,0.9962355221792164,-0.0012020296741983572
2002-05-13,0.995140092659876,0.9963900065560215,-0.0012499138961454825
2002-05-14,0.995140092659876,0.9966957620920569,-0.001555669432180884
2002-05-15,0.9952736679916785,0.9967670550634657,-0.0014933870717872555
2002-05-16,0.9952392801780292,0.996815139746404,-0.0015758595683748045
2002-05-17,0.9952392801780292,0.9969487150782067,-0.0017094349001774978
2002-05-20,0.9952392801780292,0.9971718181881586,-0.001932538010129381
2002-05-21,0.9952392801780292,0.9971596006438338,-0.0019203204658045925
2002-05-22,0.9954775354082971,0.9974338138429629,-0.001956278434665837
2002-05-23,0.9958223618305442,0.9974935216588008,-0.0016711598282566076
2002-05-24,0.9960340987138157,0.9975222145954294,-0.001488115881613794
2002-05-28,0.9961324421682867,0.9975342993351003,-0.0014018571668136248
2002-05-29,0.9959402778536549,0.9975932159229312,-0.001652938069276244
2002-05-30,0.9961324421682867,0.9978217326261447,-0.0016892904578580392
2002-05-31,0.9963287372473498,0.9980354252346881,-0.0017066879873383067
2002-06-03,0.9963287372473498,0.998006357173916,-0.0016776199265661207
2002-06-04,0.9964152530940764,0.997994139629591,-0.0015788865355146342
2002-06-05,0.9966115481731395,0.9982078322381343,-0.0015962840649947907
2002-06-06,0.9965963179138205,0.9983536320358902,-0.0017573141220696975
2002-06-07,0.9964951764153528,0.998329061191192,-0.001833884775839234
2002-06-10,0.9965302883153261,0.9984910618182662,-0.0019607735029401052
2002-06-11,0.9963287372473498,0.9984482954152015,-0.0021195581678516984
2002-06-12,0.9962123654895632,0.9986102960422759,-0.002397930552712757
2002-06-13,0.9960340987138157,0.9986473589942846,-0.002613260280468932
2002-06-14,0.9959022851518207,0.9984910618182662,-0.0025887766664455247
2002-06-17,0.9960856523330777,0.9984766227869543,-0.0023909704538765952
2002-06-18,0.9963957326708202,0.9984766227869543,-0.0020808901161341042
2002-06-19,0.9962366352363402,0.998513685738963,-0.002277050502622835
2002-06-20,0.9963491589785711,0.9983433150965086,-0.001994156117937518
2002-06-21,0.9964503004770389,0.9982999931304196,-0.0018496926533807523
2002-06-24,0.9961520477470409,0.9984766227869541,-0.0023245750399132348
2002-06-25,0.9959816054814292,0.998513685738963,-0.0025320802575338197
2002-06-26,0.9958341326107425,0.9983433150965086,-0.0025091824857661482
2002-06-27,0.9959609293833238,0.998513685738963,-0.0025527563556392296
2002-06-28,0.9956965455414968,0.998367885941207,-0.002671340399710176
2002-07-01,0.9956392243929005,0.998367885941207,-0.0027286615483064214
2002-07-02,0.9953925185416892,0.998367885941207,-0.0029753673995177587
2002-07-03,0.9952291626427877,0.9983536320358902,-0.0031244693931025136
2002-07-05,0.995342564221931,0.9982962366033654,-0.0029536723814344024
2002-07-08,0.9954198030547529,0.998324563975118,-0.002904760920365179
2002-07-09,0.9949987334598713,0.9981521569716719,-0.0031534235118005904
2002-07-10,0.9947438457982017,0.9981399394273468,-0.0033960936291450583
2002-07-11,0.9946289783441761,0.9981832613934358,-0.0035542830492597544
2002-07-12,0.9945506507107101,0.9980087686590513,-0.003458117948341166
2002-07-15,0.9949987334598713,0.9980087686590513,-0.0030100351991799723
2002-07-16,0.9949987334598713,0.9980232076903632,-0.0030244742304919026
2002-07-17,0.9949053813940171,0.9980232076903632,-0.00311782629634616
2002-07-18,0.9950985764815088,0.9980232076903632,-0.0029246312088544446
2002-07-19,0.9949987334598713,0.9978120593716091,-0.002813325911737774
2002-07-22,0.9949053813940171,0.9978363616556051,-0.002930980261588001
2002-07-23,0.9953425642219312,0.9980087686590513,-0.0026662044371200677
2002-07-24,0.995342564221931,0.9980087686590513,-0.0026662044371202898
2002-07-25,0.9949848283142501,0.997807293594833,-0.002822465280582942
2002-07-26,0.9949848283142501,0.9978195111391577,-0.0028346828249076195
2002-07-29,0.9949848283142501,0.9977761891730688,-0.0027913608588187033
2002-07-30,0.9953425642219312,0.9977761891730688,-0.002433624951137525
2002-07-31,0.9953425642219312,0.9977761891730688,-0.002433624951137525
2002-08-01,0.9955619855600787,0.9977761891730688,-0.0022142036129900733
2002-08-02,0.9957253414589802,0.9975476724698551,-0.0018223310108749224
2002-08-05,0.9958511009204812,0.9977491475340736,-0.0018980466135923857
2002-08-06,0.9959630735983924,0.9979654466929622,-0.0020023730945697427
2002-08-07,0.995633278531488,0.9977491475340736,-0.0021158690025856464
2002-08-08,0.9955787012861018,0.9979654466929624,-0.0023867454068605687
2002-08-09,0.995670764213594,0.9979359935688318,-0.0022652293552377634
2002-08-12,0.9952607024634814,0.9977491475340735,-0.0024884450705920935
2002-08-13,0.995043668474003,0.9977491475340735,-0.0027054790600704592
2002-08-14,0.9948780968809536,0.9979654466929624,-0.003087349812008755
2002-08-15,0.9946859325663219,0.9977491475340735,-0.0030632149677516374
2002-08-16,0.9945955857248419,0.9975909944359441,-0.0029954087111022654
2002-08-19,0.9948780968809534,0.9976058185306144,-0.0027277216496609524
2002-08-20,0.9950848505259507,0.9978195111391577,-0.0027346606132069295
2002-08-21,0.9949714489468077,0.9976348865913865,-0.002663437644578881
2002-08-22,0.9946137130391267,0.9978072935948328,-0.003193580555706066
2002-08-23,0.994372383934963,0.998006357173916,-0.003633973238952981
2002-08-26,0.994271242436495,0.9979817863292175,-0.0037105438927225176
2002-08-27,0.9946289783441762,0.9977778404707023,-0.0031488621265260974
2002-08-28,0.9946016938311125,0.997753269626004,-0.003151575794891448
2002-08-29,0.9948692744975834,0.9979817863292175,-0.0031125118316340794
2002-08-30,0.9949714489468079,0.9977778404707023,-0.0028063915238943915
2002-09-03,0.994688937790696,0.9975787768916192,-0.0028898391009232194
2002-09-04,0.9948692744975834,0.9978072935948328,-0.0029380190972493336
2002-09-05,0.9947301198426441,0.9975909944359439,-0.002860874593299756
2002-09-06,0.9948692744975832,0.9975666921519483,-0.002697417654365042
2002-09-09,0.9949714489468077,0.9975666921519483,-0.002595243205140596
2002-09-10,0.9949714489468077,0.9975666921519483,-0.002595243205140596
2002-09-11,0.9950336633472412,0.9973353685606713,-0.002301705213430094
2002-09-12,0.9946016938311124,0.9973231510163464,-0.0027214571852339775
2002-09-13,0.9946289783441762,0.9975787768916192,-0.002949798547443039
2002-09-16,0.994334339810642,0.9975787768916192,-0.003244437080977214
2002-09-17,0.9939231185379922,0.9973231510163464,-0.003400032478354187
2002-09-18,0.9937619197117474,0.9972864954319771,-0.0035245757202296835
2002-09-19,0.9937619197117474,0.9974976437507312,-0.003735724038983812
2002-09-20,0.9940140429093387,0.9977411848863331,-0.003727141976994419
2002-09-23,0.993851357544668,0.9975222145954294,-0.0036708570507614224
2002-09-24,0.9940140429093387,0.997497643750731,-0.0034836008413923203
2002-09-25,0.9944301293972528,0.9977532696260037,-0.0033231402287509093
2002-09-26,0.9942538854750763,0.9975932159229312,-0.003339330447854838
2002-09-27,0.9941752417355834,0.9973820676041772,-0.0032068258685938877
2002-09-30,0.9941752417355834,0.997382067604177,-0.0032068258685936657
2002-10-01,0.9941752417355834,0.9973231510163464,-0.0031479092807630282
2002-10-02,0.9941911247637978,0.9973375900476583,-0.0031464652838605334
2002-10-03,0.9939870891583946,0.9971144869377064,-0.0031273977793118135
2002-10-04,0.9944190586745233,0.9971507440129,-0.0027316853383767548
2002-10-07,0.9941911247637978,0.9971144869377064,-0.00292336217390865
2002-10-08,0.9940140429093387,0.9970403400905568,-0.0030262971812180517
2002-10-09,0.9943397825557729,0.9972148328249414,-0.0028750502691684554
2002-10-10,0.9945811116599367,0.9974736042198622,-0.002892492559925519
2002-10-11,0.994430129397253,0.9976680143931854,-0.003237884995932472
2002-10-14,0.994339782555773,0.9978155759889479,-0.003475793433174834
2002-10-15,0.9943397825557729,0.9980468995802249,-0.0037071170244519225
2002-10-16,0.9943397825557729,0.9981926993779807,-0.003852916822207786
2002-10-17,0.9943397825557729,0.99792511871151,-0.0035853361557370844
2002-10-18,0.9943397825557729,0.99792511871151,-0.0035853361557370844
2002-10-21,0.9945677164664984,0.997852188620888,-0.0032844721543895394
2002-10-22,0.9947402097349953,0.9980443529355195,-0.00330414320052419
2002-10-23,0.9945200608965598,0.997838115154452,-0.0033180542578922223
2002-10-24,0.9945200608965598,0.9979308177704255,-0.003410756873865717
2002-10-25,0.994723859166768,0.9981246618848667,-0.0034008027180987277
2002-10-28,0.9950869367757662,0.9982102260446407,-0.0031232892688745073
2002-10-29,0.9952555292766393,0.9981175234286672,-0.0028619941520279246
2002-10-30,0.9954487243641309,0.9983700796627496,-0.0029213552986186997
2002-10-31,0.9954487243641309,0.9982225180669873,-0.002773793702856353
2002-11-01,0.9955019938320435,0.9982371470964474,-0.002735153264403878
2002-11-04,0.9951442579243623,0.9980480253326026,-0.0029037674082402765
2002-11-05,0.994792298242232,0.9979287911085929,-0.0031364928663608627
2002-11-06,0.9948189291549403,0.998139939427347,-0.0033210102724067214
2002-11-07,0.9951135676884744,0.998271665758667,-0.0031580980701926276
2002-11-08,0.9952952401870458,0.998271665758667,-0.002976425571621144
2002-11-11,0.9954236661985775,0.998271665758667,-0.0028479995600895203
2002-11-12,0.9952952401870458,0.9984192273544295,-0.0031239871673836017
2002-11-13,0.9951708888370705,0.9984437981991277,-0.0032729093620571525
2002-11-14,0.9950138373727819,0.9984578716655637,-0.003444034292781728
2002-11-15,0.9951708888370707,0.9984578716655637,-0.0032869828284929348
2002-11-18,0.9947394815714912,0.9982664179143588,-0.0035269363428676037
2002-11-19,0.9948638329214665,0.9982664179143588,-0.0034025849928922547
2002-11-20,0.9952952401870461,0.9984578716655637,-0.0031626314785175857
2002-11-21,0.9955286247447519,0.9986593467297821,-0.0031307219850301715
2002-11-22,0.9955286247447519,0.9986593467297821,-0.0031307219850301715
2002-11-25,0.9955286247447519,0.9985011936316527,-0.002972568886900784
2002-11-26,0.9957962054112225,0.9985011936316526,-0.0027049882204300824
2002-11-27,0.9957962054112225,0.9985011936316527,-0.0027049882204301934
2002-11-29,0.9957962054112225,0.9985011936316527,-0.0027049882204301934
2002-12-02,0.9959666476768341,0.998451496610492,-0.0024848489336579682
2002-12-03,0.9961066801686856,0.9986077937865104,-0.0025011136178247906
2002-12-04,0.9962072491197187,0.998451496610492,-0.0022442474907733434
2002-12-05,0.9960800492559774,0.9984637141548169,-0.002383664898839566
2002-12-06,0.9962072491197185,0.9984203921887278,-0.0022131430690093268
2002-12-09,0.9963058266041912,0.9983481726615325,-0.0020423460573413266
2002-12-10,0.9962072491197185,0.9983481726615325,-0.002140923541814055
2002-12-11,0.9961066801686855,0.9983359551172079,-0.0022292749485223196
2002-12-12,0.9958732956109798,0.9981421110027666,-0.002268815391786805
2002-12-13,0.9960990729591941,0.9981791739547753,-0.002080100995581202
2002-12-16,0.9962714061129441,0.9982845106399005,-0.0020131045269564662
2002-12-17,0.9961708371619112,0.99823481361874,-0.0020639764568287644
2002-12-18,0.99588653133025,0.99823481361874,-0.0023482822884900445
2002-12-19,0.99588653133025,0.9983010109844587,-0.002414479654208712
2002-12-20,0.99588653133025,0.9984158784384844,-0.002529347108234492
2002-12-23,0.9956339750961675,0.9984158784384842,-0.0027819033423167605
2002-12-24,0.9956339750961675,0.9984158784384842,-0.0027819033423167605
2002-12-26,0.9956207393768973,0.998285696345675,-0.0026649569687776653
2002-12-27,0.995511037101741,0.9981984523860916,-0.0026874152843505694
2002-12-30,0.9956104808462736,0.9981845548472073,-0.0025740740009336793
2002-12-31,0.9958732956109798,0.9981602525632115,-0.002286956952231689
2003-01-02,0.9962072491197185,0.9981185556023335,-0.0019113064826150605
2003-01-03,0.99649155495138,0.998213522031124,-0.0017219670797440356
2003-01-06,0.9966261105958858,0.9981372553640868,-0.0015111447682010226
2003-01-07,0.9967100590508984,0.9981648788585289,-0.001454819807630514
2003-01-08,0.9966509076200563,0.9982654478095618,-0.0016145401895055755
2003-01-09,0.9968251741749689,0.9983056372797758,-0.0014804631048069838
2003-01-10,0.9967100590508984,0.9981648788585289,-0.001454819807630514
2003-01-13,0.9966509076200563,0.9979945916749701,-0.0013436840549138074
2003-01-14,0.996451620715362,0.997849052157417,-0.0013974314420550638
2003-01-15,0.9963574451167876,0.9977015792867302,-0.0013441341699426124
2003-01-16,0.9965680768526133,0.9975591796495962,-0.00099110279698289
2003-01-17,0.9966772971867207,0.9975351401187272,-0.0008578429320065251
2003-01-21,0.9964107145847002,0.9976345838632599,-0.0012238692785596639
2003-01-22,0.9964373454974086,0.9976345838632599,-0.001197238365851283
2003-01-23,0.9965440374543609,0.9977681591950626,-0.0012241217407016336
2003-01-24,0.9966413811028118,0.9979122388267561,-0.0012708577239443075
2003-01-27,0.9964373454974086,0.9976345838632599,-0.001197238365851283
2003-01-28,0.9965440374543609,0.9979365411107516,-0.0013925036563906534
2003-01-29,0.9966382130529351,0.997849052157417,-0.0012108391044819422
2003-01-30,0.9964545350680534,0.9979122388267561,-0.0014577037587026886
2003-01-31,0.9962504994626503,0.9977374814430056,-0.0014869819803552398
2003-02-03,0.9962504994626503,0.9974076863761013,-0.0011571869134510138
2003-02-04,0.9964341774475319,0.9973138655159405,-0.0008796880684085462
2003-02-05,0.9963324575168997,0.9973138655159405,-0.0009814079990407842
2003-02-06,0.996036806854107,0.9971076277348729,-0.0010708208807659325
2003-02-07,0.9958418986362654,0.9971327539113352,-0.00129085527506978
2003-02-10,0.9956217497978298,0.9972703409805806,-0.001648591182750847
2003-02-11,0.9956217497978298,0.9971847768208069,-0.0015630270229770593
2003-02-12,0.9956217497978298,0.9971974108899586,-0.0015756610921288106
2003-02-13,0.9958034222964012,0.9971012705535496,-0.001297848257148404
2003-02-14,0.996036806854107,0.9973185418782229,-0.001281735024115882
2003-02-18,0.9963425623901424,0.9973185418782229,-0.0009759794880804806
2003-02-19,0.9964411398746151,0.9973059078090711,-0.0008647679344560011
2003-02-20,0.9962504994626503,0.997024723117734,-0.0007742236550837278
2003-02-21,0.9963425623901424,0.9969141437500132,-0.0005715813598707875
2003-02-24,0.9964411398746152,0.9970507310132386,-0.0006095911386233555
2003-02-25,0.9965440374543609,0.9971490744677094,-0.0006050370133484639
2003-02-26,0.9964411398746151,0.997024723117734,-0.0005835832431189125
2003-02-27,0.9962238685499418,0.9971490744677094,-0.0009252059177675687
2003-02-28,0.995901999780874,0.997024723117734,-0.001122723336860032
2003-03-03,0.9955951188851213,0.9968378770829757,-0.0012427581978543545
2003-03-04,0.9953621389894678,0.9968378770829757,-0.0014757380935078723
2003-03-05,0.9950993242247617,0.9968378770829757,-0.0017385528582140042
2003-03-06,0.9947324262464539,0.9968378770829757,-0.002105450836521805
2003-03-07,0.9948069873019827,0.9967858541735041,-0.0019788668715213786
2003-03-10,0.9949582035946682,0.9966630489835194,-0.0017048453888511839
2003-03-11,0.9950868772762445,0.9967359790741414,-0.0016491017978969014
2003-03-12,0.9951911834903219,0.9970456302988845,-0.0018544468085626153
2003-03-13,0.9953468480933888,0.9973268149902215,-0.0019799668968326634
2003-03-14,0.9954167214079673,0.9974743765859838,-0.002057655178016482
2003-03-17,0.9954167214079673,0.9974743765859838,-0.002057655178016482
2003-03-18,0.9954167214079673,0.9974743765859838,-0.002057655178016482
2003-03-19,0.9952060896721416,0.9974743765859838,-0.002268286913842177
2003-03-20,0.9951210707451745,0.997668786759307,-0.002547716014132506
2003-03-21,0.9954134076679537,0.997668786759307,-0.0022553790913533156
2003-03-24,0.995639185016168,0.997668786759307,-0.0020296017431390423
2003-03-25,0.9958362581944878,0.997668786759307,-0.0018325285648191914
2003-03-26,0.9957487692411531,0.9973389916924026,-0.0015902224512495122
2003-03-27,0.9954956759331486,0.9970416937680332,-0.0015460178348846165
2003-03-28,0.9954956759331487,0.9972220304749203,-0.001726354541771613
2003-03-31,0.995311997948267,0.9971439783028588,-0.0018319803545918667
2003-04-01,0.9951737095533876,0.9971027962509108,-0.0019290866975232301
2003-04-02,0.9954134076679537,0.9974000941752803,-0.001986686507326585
2003-04-03,0.9952722870378603,0.9972345225822308,-0.001962235544370472
2003-04-04,0.9949654061421076,0.9971027962509108,-0.0021373901088032055
2003-04-07,0.9951210707451745,0.9970416937680332,-0.0019206230228586696
2003-04-08,0.9952722870378603,0.9969636415959715,-0.0016913545581112022
2003-04-09,0.9950157432157422,0.9966499934623,-0.0016342502465578335
2003-04-10,0.9951737095533876,0.9965947379439161,-0.0014210283905284893
2003-04-11,0.9950345548984483,0.9965342999606045,-0.0014997450621562214
2003-04-14,0.9947253722681171,0.9962812066525999,-0.0015558343844828126
2003-04-15,0.9944609884262902,0.9960490118642286,-0.0015880234379384017
2003-04-16,0.9942391264575046,0.9960241664565448,-0.0017850399990402277
2003-04-17,0.9940452823430632,0.9959135870888237,-0.0018683047457604962
2003-04-21,0.9938553124653289,0.995804738636821,-0.0019494261714920746
2003-04-22,0.9935036115785708,0.9955084839042961,-0.0020048723257253265
2003-04-23,0.9935036115785706,0.9955084839042961,-0.0020048723257255485
2003-04-24,0.9935036115785706,0.9955084839042961,-0.0020048723257255485
2003-04-25,0.993243008188475,0.9955084839042961,-0.0022654757158211414
2003-04-28,0.9928614430162954,0.9955084839042962,-0.002647040888000829
2003-04-29,0.9923785076186242,0.9950491068424112,-0.0026705992237869847
2003-04-30,0.9925939562254849,0.9951197200655293,-0.002525763840044437
2003-05-01,0.9929418035751637,0.9951197200655293,-0.0021779164903655834
2003-05-02,0.9930472094066981,0.9952947912957529,-0.0022475818890548283
2003-05-05,0.9928317607998378,0.9954330796906325,-0.002601318890794735
2003-05-06,0.9927445168402541,0.9955676353351384,-0.002823118494884258
2003-05-07,0.9930700160301057,0.9957666989142214,-0.002696682884115731
2003-05-08,0.9929758404315313,0.9957042225983638,-0.002728382166832466
2003-05-09,0.9930472094066981,0.9958142691548216,-0.0027670597481235237
2003-05-12,0.9928317607998378,0.9956912947005577,-0.0028595339007199128
2003-05-13,0.9927977239434702,0.9954801463818036,-0.0026824224383333872
2003-05-14,0.9925230470869388,0.9953936305350772,-0.0028705834481383974
2003-05-15,0.992279505951337,0.9952424142423915,-0.0029629082910545
2003-05-16,0.9925230470869388,0.9951207864956917,-0.0025977394087528527
2003-05-19,0.9922517011437678,0.9951440707879207,-0.002892369644152848
2003-05-20,0.9922517011437678,0.9951440707879207,-0.002892369644152848
2003-05-21,0.9927409879699934,0.9955632999747095,-0.0028223120047160544
2003-05-22,0.9932690781508998,0.9959539803519595,-0.002684902201059658
2003-05-23,0.9932092903659747,0.996092268746839,-0.002882978380864265
2003-05-27,0.9932690781508996,0.9959539803519596,-0.002684902201059991
2003-05-28,0.9933146961975089,0.9959304496422282,-0.0026157534447193154
2003-05-29,0.9930511372678452,0.9958310058976954,-0.002779868629850135
2003-05-30,0.9930987075084455,0.9959539803519595,-0.002855272843513945
2003-06-02,0.9934204124988685,0.9958179258999971,-0.0023975134011285926
2003-06-03,0.9934204124988685,0.9956778934081455,-0.002257480909277021
2003-06-04,0.9934204124988685,0.9959407081728517,-0.002520295673983264
2003-06-05,0.9929490582914393,0.9962167951166655,-0.0032677368252261862
2003-06-06,0.99290344024483,0.9960924437666901,-0.0031890035218601342
2003-06-09,0.9927991340307526,0.9957066545477201,-0.002907520516967521
2003-06-10,0.992570617327539,0.9955535420581703,-0.00298292473063122
2003-06-11,0.9923384225391677,0.9957900411059079,-0.0034516185667401444
2003-06-12,0.9922706787209219,0.9960544249477348,-0.0037837462268128785
2003-06-13,0.9922706787209218,0.9958801583928224,-0.0036094796719006172
2003-06-16,0.9922706787209218,0.99560441573031,-0.0033337370093882157
2003-06-17,0.9922706787209218,0.9953400318884829,-0.003069353167561073
2003-06-18,0.9922706787209218,0.9953400318884831,-0.003069353167561295
2003-06-19,0.9919454011617455,0.9952069423495074,-0.003261541187761896
2003-06-20,0.9919691835606878,0.9953052858039783,-0.0033361022432905063
2003-06-23,0.9922097850035724,0.9952069423495074,-0.0029971573459349754
2003-06-24,0.9917559836782761,0.9949146054267284,-0.0031586217484522727
2003-06-25,0.9917559836782761,0.9944953762399396,-0.002739392561663445
2003-06-26,0.9918581581275004,0.9943015321254983,-0.0024433739979978775
2003-06-27,0.9916085983803439,0.9944163995795238,-0.0028078011991798935
2003-06-30,0.9910224411923447,0.9941563094223331,-0.0031338682299884013
2003-07-01,0.9910224411923447,0.9945926435017003,-0.0035702023093555635
2003-07-02,0.991518251538864,0.9949146054267282,-0.0033963538878641897
2003-07-03,0.9912720009395013,0.995178989268555,-0.003906988329053673
2003-07-07,0.9912720009395013,0.9951000126081394,-0.0038280116686381094
2003-07-08,0.991518251538864,0.9948356287663126,-0.0033173772274486257
2003-07-09,0.9917559836782761,0.9948356287663126,-0.0030796450880364867
2003-07-10,0.991755983678276,0.9948356287663126,-0.0030796450880365978
2003-07-11,0.991755983678276,0.9948356287663126,-0.0030796450880365978
2003-07-14,0.9922097850035722,0.9948356287663126,-0.002625843762740443
2003-07-15,0.9921803318794417,0.9946112710749291,-0.002430939195487425
2003-07-16,0.9916016072202958,0.9941464238415312,-0.0025448166212354018
2003-07-17,0.9914539088459217,0.9940779847660671,-0.0026240759201454633
2003-07-18,0.9915657400816824,0.9942193539321532,-0.002653613850470804
2003-07-21,0.9916016072202958,0.9944108076833579,-0.0028092004630621004
2003-07-22,0.9918301239235093,0.9945772468513608,-0.0027471229278515086
2003-07-23,0.9916016072202958,0.9944108076833579,-0.0028092004630621004
2003-07-24,0.9914539088459217,0.9943305410001495,-0.002876632154227843
2003-07-25,0.9915657400816824,0.9944719101662356,-0.0029061700845531835
2003-07-28,0.9921444647408285,0.9942915734593484,-0.0021471087185198634
2003-07-29,0.9923649564272129,0.993798503406504,-0.0014335469792911004
2003-07-30,0.9925812555861018,0.9938471137820712,-0.0012658581959694715
2003-07-31,0.9931312535330241,0.9943401838349157,-0.0012089303018916198
2003-08-01,0.9934169382343244,0.9946470647306683,-0.0012301264963439085
2003-08-04,0.993734937056945,0.9947787910619883,-0.0010438540050432543
2003-08-05,0.9937711941321388,0.9949899393807423,-0.0012187452486035477
2003-08-06,0.9939580401668969,0.9949899393807423,-0.0010318992138453886
2003-08-07,0.9944573644709844,0.9951625347478479,-0.0007051702768634538
2003-08-08,0.9945515400695586,0.9952324080624264,-0.0006808679928678174
2003-08-11,0.9945515400695586,0.9951133870561683,-0.0005618469866096598
2003-08-12,0.9949280863640009,0.9949367573996337,-8.671035632845658e-06
2003-08-13,0.9950964682796901,0.9949941528321585,0.00010231544753158683
2003-08-14,0.9952565219827629,0.9947787910619883,0.00047773092077463275
2003-08-15,0.9952142970721259,0.9947787910619884,0.0004355060101375319
2003-08-18,0.994813448493688,0.9948853199609362,-7.187146724818572e-05
2003-08-19,0.9946956197012523,0.9949318936531854,-0.00023627395193304146
2003-08-20,0.9944145980679197,0.994836709585369,-0.0004221115174493084
2003-08-21,0.9944573644709844,0.994647587821524,-0.0001902233505395312
2003-08-22,0.9944145980679197,0.994836709585369,-0.0004221115174493084
2003-08-25,0.9944573644709844,0.995003148753372,-0.0005457842823876069
2003-08-26,0.9948582130494223,0.9952324080624261,-0.0003741950130037308
2003-08-27,0.9948582130494223,0.9954435563811803,-0.0005853433317579704
2003-08-28,0.9948582130494223,0.9954435563811803,-0.0005853433317579704
2003-08-29,0.9948582130494223,0.9952324080624264,-0.0003741950130040639
2003-09-02,0.9949280863640009,0.9953275921302428,-0.00039950576624192546
2003-09-03,0.9949523886479966,0.9953703585333074,-0.00041796988531073165
2003-09-04,0.9947000599512928,0.9951006817311063,-0.00040062177981348146
2003-09-05,0.9946068716640836,0.9949941528321585,-0.00038728116807495994
2003-09-08,0.9942181078253164,0.9950308084165279,-0.0008127005912115237
2003-09-09,0.9942181078253164,0.9953118300498603,-0.0010937222245439582
2003-09-10,0.9942181078253164,0.9953118300498603,-0.0010937222245439582
2003-09-11,0.994299211372855,0.9951536769517308,-0.0008544655788758071
2003-09-12,0.994100147793772,0.9947699332658714,-0.0006697854720993934
2003-09-15,0.9938223349587914,0.9944889116325389,-0.0006665766737475876
2003-09-16,0.9935846028193791,0.9943042870847678,-0.0007196842653887092
2003-09-17,0.9935846028193791,0.9943042870847678,-0.0007196842653887092
2003-09-18,0.9938914837151318,0.9945708696867883,-0.0006793859716565098
2003-09-19,0.9941001477937719,0.9943622056081481,-0.00026205781437627085
2003-09-22,0.9936008234896846,0.9938914837151318,-0.0002906602254472146
2003-09-23,0.9935767839588155,0.9939034385063298,-0.00032665454751423795
2003-09-24,0.9938403428884794,0.9941844601396622,-0.0003441172511827739
2003-09-25,0.9937711941321388,0.9943811694271043,-0.0006099752949655368
2003-09-26,0.993323370634441,0.9939509938793575,-0.0006276232449164976
2003-09-29,0.9935767839588155,0.9937398455606036,-0.0001630616017880282
2003-09-30,0.9933630913502723,0.9937542845919155,-0.0003911932416431618
2003-10-01,0.99290344024483,0.9933064610942175,-0.00040302084938748095
2003-10-02,0.992706730957388,0.9930715303765213,-0.00036479941913325487
2003-10-03,0.9930136118531405,0.9930715303765213,-5.79185233807733e-05
2003-10-06,0.9930715303765211,0.9928102675273774,0.00026126284914362863
2003-10-07,0.9930715303765211,0.9928102675273774,0.00026126284914362863
2003-10-08,0.9930254394608851,0.9925822435502955,0.00044319591058961105
2003-10-09,0.9930136118531407,0.9925939466522827,0.0004196652008580104
2003-10-10,0.9930715303765213,0.9926169896348005,0.00045454074172079917
2003-10-13,0.9928102675273779,0.9923703558151172,0.0004399117122606544
2003-10-14,0.9923326838031391,0.9918512611763691,0.0004814226267699784
2003-10-15,0.9920516621698067,0.991566955344708,0.000484706825098713
2003-10-16,0.9920516621698067,0.991566955344708,0.000484706825098713
2003-10-17,0.9917907825409837,0.9913021743181248,0.0004886082228588995
2003-10-20,0.991526001514401,0.9907457047200685,0.0007802967943324468
2003-10-21,0.9918054115704439,0.990461398888407,0.001344012682036877
2003-10-22,0.9917907825409837,0.9901657482256144,0.0016250343153693114
2003-10-23,0.991526001514401,0.9895786473655415,0.0019473541488594925
2003-10-24,0.991526001514401,0.9895786473655415,0.0019473541488594925
2003-10-27,0.9915488081378081,0.989874298028334,0.0016745101094740589
2003-10-28,0.9918135891643912,0.9901770930567461,0.0016364961076451578
2003-10-29,0.991519740077036,0.989874298028334,0.0016454420487019839
2003-10-30,0.9909404638555721,0.9892563465266889,0.0016841173288831834
2003-10-31,0.9909695319163445,0.9892450016955574,0.0017245302207871127
2003-11-03,0.9912531574750155,0.9895524784397395,0.0017006790352760426
2003-11-04,0.9912531574750153,0.9892155485714268,0.002037608903588506
2003-11-05,0.9912531574750153,0.9892450016955574,0.0020081557794578986
2003-11-06,0.9912645023061469,0.9895524784397397,0.0017120238664072307
2003-11-07,0.9909884153623332,0.9898106934496649,0.0011777219126682947
2003-11-10,0.9904091391408695,0.9898106934496649,0.0005984456912045966
2003-11-11,0.9901211682071279,0.9898106934496649,0.00031047475746304176
2003-11-12,0.9906852260846832,0.9903747513272203,0.00031047475746293074
2003-11-13,0.9907196138983324,0.9904091391408695,0.00031047475746293074
2003-11-14,0.9904091391408695,0.9904091391408695,0.0
2003-11-17,0.9901211682071278,0.9907196138983325,-0.0005984456912047076
2003-11-18,0.990438592265,0.9907196138983324,-0.00028102163333243446
2003-11-19,0.9910178684864634,0.9904091391408695,0.0006087293455939724
2003-11-20,0.9910293302787395,0.9898335000730721,0.0011958302056673809
2003-11-21,0.9913021743181248,0.9901211682071278,0.0011810061109970293
2003-11-24,0.9918512611763691,0.9907082690672011,0.0011429921091680173
2003-11-25,0.9918512611763691,0.9907082690672011,0.0011429921091680173
2003-11-26,0.9918512611763691,0.9910039197299937,0.0008473414463754381
2003-11-28,0.9921094761862942,0.9912476957086069,0.0008617804776872573
2003-12-01,0.9926285708250423,0.9912133078949577,0.0014152629300846487
2003-12-02,0.9928752046447255,0.9914656365916613,0.0014095680530641364
2003-12-03,0.9923561100059775,0.9911482125337892,0.0012078974721883018
2003-12-04,0.9923416709746656,0.9914943295282902,0.0008473414463754381
2003-12-05,0.9923416709746656,0.9917005673093577,0.0006411036653078961
2003-12-08,0.9923416709746656,0.9916426487859772,0.0006990221886884473
2003-12-09,0.992588304794349,0.991880904016245,0.0007074007781040503
2003-12-10,0.9928178268676453,0.9915490409270609,0.0012687859405844382
2003-12-11,0.9933136372141645,0.9919092313879977,0.0014044058261668546
2003-12-12,0.9932903529219356,0.9919206931802736,0.0013696597416619216
2003-12-15,0.9927945425754165,0.9913801660124496,0.0014143765629669458
2003-12-16,0.9930099911822771,0.9913687042201736,0.0016412869621034165
2003-12-17,0.9935058015287961,0.9913335923202006,0.0021722092085955103
2003-12-18,0.9939715576452904,0.9912637190056219,0.002707838639668503
2003-12-19,0.9941802217239304,0.9912353916338691,0.002944830090061301
2003-12-22,0.9943701916016646,0.9914791676124823,0.002891023989182284
2003-12-23,0.9946515759313596,0.9912353916338691,0.0034161842974904655
2003-12-24,0.9946515759313596,0.9906873134468026,0.003964262484556946
2003-12-26,0.9948060603081648,0.9907156408185555,0.004090419489609309
2003-12-29,0.9952121963250425,0.9912637190056219,0.003948477319420607
2003-12-30,0.9952401673303628,0.9915019742358896,0.003738193094473208
2003-12-31,0.9948340313134848,0.9911363514309482,0.003697679882536553
2004-01-02,0.9950122980892322,0.9913379024989244,0.0036743955903077996
2004-01-05,0.9954184341061101,0.9912559444446752,0.004162489661434843
2004-01-06,0.9954323316449943,0.9910264223713788,0.004405909273615505
2004-01-07,0.9955987708129974,0.9912559444446751,0.004342826368322283
2004-01-08,0.9954323316449945,0.9918738959463202,0.0035584356986742005
2004-01-09,0.9952760344689761,0.9918738959463202,0.0034021385226558065
2004-01-12,0.9952519949381073,0.9918738959463202,0.003378098991787093
2004-01-13,0.9952401673303628,0.9912787510680824,0.003961416262280415
2004-01-14,0.9954184341061101,0.991054393376699,0.0043640407294111005
2004-01-15,0.9955868160217993,0.9910657382078303,0.004521077813969043
2004-01-16,0.9955591925273573,0.9912926486069668,0.004266543920390498
2004-01-20,0.9958192826845481,0.9912787510680824,0.004540531616465726
2004-01-21,0.9953946517071678,0.9906409454012469,0.004753706305920868
2004-01-22,0.9954305188457809,0.9908287705136654,0.004601748332115574
2004-01-23,0.9954184341061101,0.9909728501453589,0.0044455839607512315
2004-01-26,0.9952401673303628,0.9915041269132465,0.003736040417116282
2004-01-27,0.9950697966879084,0.9915821790853081,0.0034876176026003014
2004-01-28,0.9950697966879085,0.9917012000915664,0.003368596596342144
2004-01-29,0.9946515759313596,0.9910633944247311,0.0035881815066284295
2004-01-30,0.9948730874004664,0.9908891278698184,0.003983959530648007
2004-02-02,0.9948376018995371,0.9909944645549437,0.003843137344593406
2004-02-03,0.9948376018995371,0.9910058093860751,0.0038317925134619957
2004-02-04,0.9948611326092685,0.9911134855612017,0.003747647048066738
2004-02-05,0.9946927506935792,0.9911134855612022,0.003579265132377052
2004-02-06,0.9946927506935792,0.9911134855612022,0.003579265132377052
2004-02-09,0.9949132423799636,0.9912877521161145,0.0036254902638490627
2004-02-10,0.9950935790868509,0.991379362845682,0.003714216241168966
2004-02-11,0.9950697966879085,0.9918065367766916,0.003263259911216898
2004-02-12,0.9948611326092685,0.9919558269479242,0.002905305661344282
2004-02-13,0.9946689682946369,0.9919558269479242,0.002713141346712744
2004-02-17,0.9944578199758828,0.9918241718725141,0.0026336481033686354
2004-02-18,0.9944223344749534,0.9918585596861633,0.0025637747887901075
2004-02-19,0.9944223344749537,0.9920348036083396,0.0023875308666140294
2004-02-20,0.9942398790928284,0.9924421233741592,0.0017977557186692472
2004-02-23,0.9942398790928284,0.9918585596861633,0.0023813194066650833
2004-02-24,0.9942634098025598,0.9916748817012817,0.002588528101278076
2004-02-25,0.9946880407799401,0.9920684755115433,0.002619565268396795
2004-02-26,0.9946645100702085,0.9918942089566307,0.002770301113577789
2004-02-27,0.9946645100702085,0.9920258640320407,0.002638646038167769
2004-03-01,0.9942517067005727,0.9920030574086331,0.002248649291939575
2004-03-02,0.9942517067005727,0.9920684755115432,0.002183231189029522
2004-03-03,0.9942517067005727,0.9920684755115432,0.002183231189029522
2004-03-04,0.9946880407799399,0.9926325333890986,0.0020555073908412602
2004-03-05,0.9944558459915686,0.9924286659724803,0.002027180019088304
2004-03-08,0.9944675490935556,0.9925259332342409,0.0019416158593147381
2004-03-09,0.9944675490935556,0.9926325333890987,0.0018350157044568771
2004-03-10,0.9944675490935556,0.9926717770038734,0.0017957720896821794
2004-03-11,0.9946762131721956,0.9928162113739804,0.0018600017982152162
2004-03-12,0.9950837392569976,0.9922177656827758,0.002865973574221803
2004-03-15,0.9952948875757515,0.9922177656827758,0.0030771218929757094
2004-03-16,0.9954892977490747,0.9922177656827758,0.0032715320662989322
2004-03-17,0.9958799781263246,0.9926325333890986,0.003247444737225935
2004-03-18,0.9960646026740958,0.9925779561437125,0.0034866465303833305
2004-03-19,0.9962329845897849,0.9926635203034865,0.0035694642862984516
2004-03-22,0.9964273947631082,0.9926635203034865,0.0037638744596216744
2004-03-23,0.9964273947631082,0.9926635203034865,0.0037638744596216744
2004-03-24,0.9960604967848004,0.9926635203034865,0.0033969764813138736
2004-03-25,0.9958901261423462,0.9925206349951163,0.0033694911472298417
2004-03-26,0.9958781713511482,0.9924222915406455,0.00345587981050266
2004-03-29,0.9960205709882821,0.992503184503,0.0035173864852821035
2004-03-30,0.9959724863053443,0.9923671300510378,0.0036053562543064688
2004-03-31,0.9959847038496692,0.9925488025496093,0.003435901300059885
2004-04-01,0.9961492446698585,0.992503184503,0.0036460601668585335
2004-04-02,0.9964918403641706,0.9930936909574237,0.0033981494067468754
2004-04-05,0.9966862505374936,0.9929444007861913,0.0037418497513023175
2004-04-06,0.9966616796927954,0.9931017630541044,0.003559916638691041
2004-04-07,0.9966064241744114,0.9930491242458916,0.0035572999285197193
2004-04-08,0.9967397318648569,0.9928108690156239,0.003928862849232995
2004-04-12,0.9967888795565367,0.9933369128913503,0.0034519666651864345
2004-04-13,0.9969081137805462,0.9935339860696702,0.0033741277108759737
2004-04-14,0.9968535365351602,0.9937261503843018,0.003127386150858391
2004-04-15,0.9970900355828977,0.9940297964161893,0.0030602391667083895
2004-04-16,0.997090035582898,0.9940297964161893,0.0030602391667087225
2004-04-19,0.9969075802007726,0.9938788141535057,0.003028766047266984
2004-04-20,0.9967803803370313,0.9937581405322119,0.0030222398048194155
2004-04-21,0.9968295280287108,0.9937120496165759,0.003117478412134944
2004-04-22,0.99711433384577,0.9942357242564506,0.002878609589319403
2004-04-23,0.99711433384577,0.9942357242564505,0.002878609589319514
2004-04-26,0.9969616206333248,0.9940881626606881,0.002873457972636717
2004-04-27,0.9966768148162658,0.9935644880208133,0.0031123267954524803
2004-04-28,0.9968471854587202,0.9937036426757528,0.003143542782967357
2004-04-29,0.9968471854587202,0.9938512042715152,0.00299598118720501
2004-04-30,0.9969986835853337,0.99424322383598,0.0027554597493537614
2004-05-03,0.9973284786522381,0.9946045314869513,0.0027239471652867886
2004-05-04,0.9971860790151039,0.9946624500103318,0.002523629004772099
2004-05-05,0.9968562839481995,0.9943011423593603,0.0025551415888391826
2004-05-06,0.9966357922618152,0.9942357242564505,0.0024000680053647416
2004-05-07,0.9966357922618152,0.9942357242564505,0.0024000680053647416
2004-05-10,0.9967411289469407,0.9944767081220227,0.0022644208249179565
2004-05-11,0.9967411289469407,0.9944767081220227,0.0022644208249179565
2004-05-12,0.9965299806281865,0.9943121673018334,0.0022178133263531796
2004-05-13,0.9965299806281865,0.9941788596113879,0.002351121016798685
2004-05-14,0.9965299806281864,0.9939075136682168,0.0026224669599695938
2004-05-17,0.9967411289469404,0.9939075136682168,0.0028336152787236113
2004-05-18,0.9968140590375625,0.9936665298026444,0.0031475292349181228
2004-05-19,0.9967649113458829,0.9931590163541382,0.0036058949917446848
2004-05-20,0.9965717162583911,0.9928509133614664,0.0037208028969247797
2004-05-21,0.9966945214483759,0.9931869873594585,0.0035075340889173523
2004-05-24,0.996871603302835,0.9929574652861621,0.003914138016672841
2004-05-25,0.997173560550327,0.9923970335967864,0.004776526953540583
2004-05-26,0.9973229271082494,0.9918291022064543,0.005493824901795175
2004-05-27,0.9969971874618153,0.9914829852119534,0.005514202249861877
2004-05-28,0.996750553642132,0.9914829852119534,0.005267568430178615
2004-06-01,0.9966578510261587,0.9914829852119534,0.005174865814205232
2004-06-02,0.9963400107504522,0.9914829852119534,0.00485702553849876
2004-06-03,0.9960671667110669,0.9914829852119534,0.004584181499113438
2004-06-04,0.9960671667110669,0.9912194262822895,0.004847740428777336
2004-06-07,0.9963850069867732,0.9912194262822895,0.0051655807044836966
2004-06-08,0.9966578510261587,0.9912194262822895,0.00543842474386913
2004-06-09,0.9965490025741558,0.9913371854141975,0.005211817159958332
2004-06-10,0.9966914022112899,0.9913146103501059,0.005376791861184005
2004-06-14,0.9968279894745155,0.9912723854394689,0.005555604035046513
2004-06-15,0.9965847102543376,0.990632085777996,0.005952624476341595
2004-06-16,0.9963856466752545,0.9906320857779959,0.005753560897258647
2004-06-17,0.9963856466752545,0.9906320857779959,0.005753560897258647
2004-06-18,0.9963856466752543,0.9903177081400667,0.006067938535187611
2004-06-21,0.9962628414852698,0.9903177081400667,0.00594513334520308
2004-06-22,0.9963125385064302,0.9903177081400667,0.005994830366363502
2004-06-23,0.9966935587063402,0.9909128530183045,0.005780705688035792
2004-06-24,0.9968284862329508,0.9908278340913376,0.006000652141613272
2004-06-25,0.9966352911454591,0.9903040581882666,0.006331232957192512
2004-06-28,0.9967934442435886,0.9902254144487738,0.006568029794814856
2004-06-29,0.9969561296082594,0.9907491903518445,0.006206939256414912
2004-06-30,0.9970042142911976,0.9910371612855862,0.0059670530056114
2004-07-01,0.9969058708367267,0.9906357887727012,0.006270082064025462
2004-07-02,0.996669371788989,0.9903283120285192,0.006341059760469725
2004-07-06,0.996669371788989,0.9901656266638484,0.006503745125140514
2004-07-07,0.9967937231389643,0.9900040477456293,0.006789675393334971
2004-07-08,0.9969740598458516,0.990082099917691,0.006891959928160607
2004-07-09,0.9969740598458516,0.990082099917691,0.006891959928160607
2004-07-12,0.9966192466072148,0.9900820999176911,0.006537146689523654
2004-07-13,0.9965383536448602,0.9898906461664863,0.006647707478373954
2004-07-14,0.9966192466072148,0.9898001018871142,0.0068191447201005895
2004-07-15,0.9963100639768838,0.9899493275049598,0.006360736471924033
2004-07-16,0.9963100639768838,0.9898206538233836,0.006489410153500241
2004-07-19,0.9963100639768838,0.989683645749863,0.006626418227020814
2004-07-20,0.9963100639768838,0.9899760980616568,0.006333965915227058
2004-07-21,0.9963100639768838,0.9895687782958373,0.006741285681046483
2004-07-22,0.9963229918746899,0.9892564718188533,0.007066520055836523
2004-07-23,0.9963229918746899,0.9892564718188532,0.007066520055836634
2004-07-26,0.9963229918746899,0.9892564718188532,0.007066520055836634
2004-07-27,0.9963229918746899,0.9892564718188532,0.007066520055836634
2004-07-28,0.9961546099590005,0.9890686467064349,0.007085963252565608
2004-07-29,0.9962291710145293,0.9890686467064349,0.00716052430809444
2004-07-30,0.9961426551678025,0.9888556338461827,0.0072870213216198465
2004-08-02,0.9959601997856775,0.9888556338461827,0.007104565939494822
2004-08-03,0.9958607560411447,0.9888556338461827,0.007005122194961966
2004-08-04,0.9955473964160415,0.9892211586229169,0.006326237793124578
2004-08-05,0.9957418065893647,0.9894341714831691,0.006307635106195586
2004-08-06,0.9956305352370879,0.9897740780718057,0.005856457165282158
2004-08-09,0.995522640910491,0.9901875260472575,0.00533511486323357
2004-08-10,0.9959472718878712,0.9907113019503285,0.005235969937542717
2004-08-11,0.9961416820611945,0.9908291307427641,0.005312551318430336
2004-08-12,0.996055166214468,0.9909690156463086,0.00508615056815942
2004-08-13,0.9961297272699965,0.9909128530183046,0.0052168742516919275
2004-08-16,0.9965254257470539,0.9914047698105615,0.005120655936492469
2004-08-17,0.9964508646915254,0.9914609324385655,0.004989932252959961
2004-08-18,0.996355898262735,0.9915175963805145,0.004838301882220453
2004-08-19,0.9964508646915254,0.9914609324385655,0.004989932252959961
2004-08-20,0.9965383536448603,0.9911435083806933,0.005394845264167003
2004-08-23,0.9967067355605493,0.9909304955204413,0.005776240040108016
2004-08-24,0.9966938076627433,0.9909304955204413,0.005763312142301968
2004-08-25,0.9968923237253617,0.9915175963805144,0.005374727344847341
2004-08-26,0.9969861445855225,0.9916229330656396,0.005363211519882838
2004-08-27,0.9967067355605493,0.9919118638274881,0.004794871733061257
2004-08-30,0.9968491351976834,0.9920996889399064,0.004749446257776957
2004-08-31,0.996911611513541,0.9919456857046686,0.004965925808872451
2004-09-01,0.997191020538514,0.9919908404879038,0.005200180050610292
2004-09-02,0.9975170219725592,0.9919456857046686,0.005571336267890636
2004-09-03,0.9975832193382779,0.9918761762809679,0.005707043057309957
2004-09-07,0.9976211248094371,0.9921083710693394,0.005512753740097742
2004-09-08,0.99767376361765,0.9921476146841139,0.00552614893353609
2004-09-09,0.9976340527072433,0.9922425811129044,0.005391471594338837
2004-09-10,0.9976464060076169,0.9926514150687564,0.004994990938860466
2004-09-13,0.9975832193382779,0.992844205494196,0.004739013844081819
2004-09-14,0.9975586484935794,0.9930363698088275,0.004522278684751968
2004-09-15,0.9975586484935794,0.9930100540918592,0.004548594401720285
2004-09-16,0.9975586484935794,0.9927494507017635,0.004809197791815989
2004-09-17,0.9974545456567016,0.9931525201232259,0.004302025533475695
2004-09-20,0.9973539767056685,0.993332230550967,0.004021746154701522
2004-09-21,0.9974178900723322,0.9932519638677587,0.004165926204573456
2004-09-22,0.9974711595402448,0.9931993250595457,0.0042718344806991215
2004-09-23,0.9972083447755385,0.9934599284496413,0.003748416325897286
2004-09-24,0.9975095008018998,0.9939319563972183,0.0035775444046814986
2004-09-27,0.9976367006656411,0.9938529797368025,0.0037837209288386076
2004-09-28,0.9976367006656411,0.9935923763467068,0.0040443243189343114
2004-09-29,0.99733554463928,0.9931203483991301,0.004215196240149877
2004-09-30,0.9972083447755387,0.9931993250595459,0.004009019715992768
2004-10-01,0.9971823368800341,0.9929136403582453,0.004268696521788851
2004-10-04,0.9970782340431563,0.9929136403582453,0.0041645936849110665
2004-10-05,0.9970782340431563,0.9928441309345446,0.00423410310861172
2004-10-06,0.9970782340431563,0.9922394433193251,0.004838790723831199
2004-10-07,0.9970782340431563,0.9922394433193251,0.004838790723831199
2004-10-08,0.9971042419386608,0.9925502818471894,0.004553960091471354
2004-10-11,0.9974178900723325,0.9925502818471894,0.004867608225143094
2004-10-12,0.9974545456567017,0.9924637660004629,0.004990779656238731
2004-10-13,0.997367056703367,0.9926807999899413,0.004686256713425707
2004-10-14,0.9973000612798966,0.9926938799876396,0.004606181292256983
2004-10-15,0.9975465258353007,0.9923939413810225,0.005152584454278131
2004-10-18,0.9975465258353007,0.9928964545470177,0.0046500712882829864
2004-10-19,0.9974340020930696,0.9927727951815983,0.004661206911471316
2004-10-20,0.997353109130715,0.9928964545470177,0.0044566545836972615
2004-10-21,0.9975571447361182,0.9931573341758404,0.004399810560277828
2004-10-22,0.9976888710674382,0.9931573341758404,0.004531536891597798
2004-10-25,0.9976888710674382,0.9934717118137698,0.00421715925366839
2004-10-26,0.9978224463992408,0.9939255131390659,0.0038969332601749285
2004-10-27,0.9979815444742999,0.9938249441880329,0.004156600286266965
2004-10-28,0.9978636284511887,0.9940177346134723,0.0038458938377163854
2004-10-29,0.9979416806232505,0.9942144439009144,0.0037272367223361025
2004-11-01,0.9981404896087159,0.9943830364017874,0.0037574532069285516
2004-11-02,0.9982331922246893,0.9944584406154512,0.003774751609238125
2004-11-03,0.998332635969222,0.9942898481145781,0.004042787854643848
2004-11-04,0.9983069287767189,0.9948068203686166,0.0035001084081023315
2004-11-05,0.9981404896087159,0.9948068203686168,0.0033336692400991463
2004-11-08,0.9979895073460321,0.9946976000345094,0.003291907311522735
2004-11-09,0.9979086143836776,0.9948700070379555,0.003038607345722144
2004-11-10,0.9978702731220226,0.9949641826365299,0.0029060904854927294
2004-11-11,0.9979086143836776,0.9948700070379555,0.003038607345722144
2004-11-12,0.9978702731220226,0.9953581011090831,0.0025121720129395175
2004-11-15,0.997652332238968,0.9953960065802422,0.0022563256587257996
2004-11-16,0.997652332238968,0.9953960065802423,0.0022563256587256886
2004-11-17,0.9975990627710556,0.9951294239782215,0.002469638792834128
2004-11-18,0.9973494204166248,0.9947478588060419,0.002601561610582892
2004-11-19,0.9970003964779619,0.9943865511550705,0.0026138453228914393
2004-11-22,0.9968782482460483,0.9942308865520035,0.002647361694044781
2004-11-23,0.9967480661532391,0.9940440405172452,0.002704025635993923
2004-11-24,0.9966914022112899,0.9941676998826645,0.002523702328625421
2004-11-26,0.9968279894745155,0.9942608881698739,0.0025671013046415503
2004-11-29,0.9969444456117669,0.9943105851910344,0.0026338604207324368
2004-11-30,0.9970003964779619,0.9941485845639602,0.002851811914001745
2004-12-01,0.9968782482460483,0.9939669120653888,0.0029113361806595295
2004-12-02,0.9969204731566851,0.9937532194568456,0.0031672536998395007
2004-12-03,0.9970383019491211,0.9939669120653886,0.003071389883732567
2004-12-06,0.9971461962757177,0.9940601003525983,0.0030860959231193696
2004-12-07,0.9969052124101452,0.9939829512666644,0.00292226114348082
2004-12-08,0.9969052124101452,0.9939829512666644,0.00292226114348082
2004-12-09,0.9969052124101455,0.9944067352334934,0.002498477176652081
2004-12-10,0.9969052124101452,0.9944838843194272,0.0024213280907179335
2004-12-13,0.9970104603701953,0.9943536330802091,0.0026568272899861745
2004-12-14,0.9969596270012298,0.9944468213674186,0.002512805633811177
2004-12-15,0.9970637298381076,0.9944838843194272,0.0025798455186804015
2004-12-16,0.997318967608997,0.9944838843194272,0.0028350832895697176
2004-12-17,0.9973455985217052,0.9945904132183752,0.0027551853033300766
2004-12-20,0.9970802968585826,0.9940846711972965,0.002995625661286083
2004-12-21,0.9971442102252462,0.9944962376198008,0.00264797260544547
2004-12-22,0.9972279325007867,0.9944838843194272,0.0027440481813594264
2004-12-23,0.9970536659458742,0.9942947625555825,0.0027589033902917226
2004-12-27,0.996798428174985,0.994205260169275,0.002593168005709967
2004-12-28,0.9967451587070726,0.994205260169275,0.002539898537797569
2004-12-29,0.996451620715362,0.994205260169275,0.0022463605460869562
2004-12-30,0.9960477938920448,0.9945009108320676,0.0015468830599771888
2004-12-31,0.9959112066288194,0.9945009108320676,0.0014102957967517815
2005-01-03,0.9959678705707683,0.9942872182235243,0.001680652347244016
2005-01-04,0.9959112066288192,0.994160018359783,0.0017511882690361968
2005-01-05,0.9963150334521366,0.9940901450452045,0.002224888406932024
2005-01-06,0.9965583126723142,0.9945782391163319,0.001980073555982287
2005-01-07,0.9965583126723144,0.9945782391163319,0.001980073555982509
2005-01-10,0.9966914022112902,0.9947919317248751,0.0018994704864150336
2005-01-11,0.996750553642132,0.9949776600720637,0.001772893570068379
2005-01-12,0.9969267975643086,0.9947919317248752,0.002134865839433342
2005-01-13,0.9968522365087801,0.9946933542404024,0.002158882268377682
2005-01-14,0.9967010202160943,0.9945991786418281,0.0021018415742661833
2005-01-18,0.9967128478238387,0.9949757249362703,0.001737122887568443
2005-01-19,0.9966145043693677,0.995159402921152,0.001455101448215701
2005-01-20,0.996423863957403,0.9949843316909283,0.0014395322664747523
2005-01-21,0.9965011027902249,0.995271375599063,0.001229727191161878
2005-01-24,0.9966145043693679,0.9954293419367082,0.0011851624326597587
2005-01-25,0.99637122514919,0.9954293419367082,0.0009418832124817866
2005-01-26,0.9967010202160943,0.9957595843306466,0.0009414358854477056
2005-01-27,0.9969505799632508,0.9958367334165805,0.0011138465466702385
2005-01-28,0.99685223650878,0.9959319174843968,0.0009203190243831649
2005-01-31,0.9969267975643084,0.99582424130927,0.0011025562550383006
2005-02-01,0.9967860391430614,0.9958367334165805,0.0009493057264808868
2005-02-02,0.996750553642132,0.9956327875580653,0.0011177660840667736
2005-02-03,0.996750553642132,0.9956079421503813,0.0011426114917507668
2005-02-04,0.9968478209038928,0.9955137665518071,0.0013340543520856674
2005-02-07,0.9967860391430614,0.9956327875580653,0.001153251584996129
2005-02-08,0.9969267975643086,0.9958242413092702,0.0011025562550384116
2005-02-09,0.9971617282820048,0.9958881546759338,0.0012735736060709435
2005-02-10,0.9972143670902177,0.9958881546759338,0.0013262124142838783
2005-02-11,0.9972143670902177,0.9958881546759338,0.0013262124142838783
2005-02-14,0.9970932361019532,0.9959138618684371,0.0011793742335161062
2005-02-15,0.9970103314848145,0.9960904915249714,0.0009198399598431273
2005-02-16,0.9972143670902177,0.9961032708196684,0.0011110962705492833
2005-02-17,0.9970932361019534,0.9962235810639472,0.0008696550380062895
2005-02-18,0.9970103314848147,0.9960904915249716,0.0009198399598430163
2005-02-22,0.9970932361019534,0.9959392752322859,0.0011539608696675696
2005-02-23,0.997155712417811,0.9957948408621788,0.0013608715556321371
2005-02-24,0.9973989916379888,0.9962150178947982,0.0011839737431906805
2005-02-25,0.997676646601485,0.9964614824502023,0.001215164151282755
2005-02-28,0.9978710567748083,0.9964614824502023,0.0014095743246059778
2005-03-01,0.9979848614451113,0.996612698742888,0.0013721627022232896
2005-03-02,0.9979216747757724,0.9967587161796697,0.0011629585961027145
2005-03-03,0.9979979414428097,0.9968823755450891,0.0011155658977206606
2005-03-04,0.9981836704305768,0.9969890675020413,0.0011946029285354598
2005-03-07,0.9981836704305768,0.9970147746945448,0.0011688957360319607
2005-03-08,0.9980831014795437,0.9968635584018588,0.0012195430776849037
2005-03-09,0.9980344911039765,0.9966074998869839,0.0014269912169925236
2005-03-10,0.9980344911039765,0.9962150178947982,0.0018194732091783017
2005-03-11,0.9982561995468885,0.9962150178947982,0.002041181652090329
2005-03-14,0.9983980207518581,0.9962150178947982,0.002183002857059968
2005-03-15,0.998504620906716,0.9962150178947982,0.002289603011917829
2005-03-16,0.9985046209067158,0.9960235641435933,0.002481056763122491
2005-03-17,0.9985046209067158,0.9958662018756802,0.002638419031035566
2005-03-18,0.9983107767922748,0.9959978569510902,0.0023129198411845353
2005-03-21,0.9982561995468885,0.9959339435844266,0.0023222559624619388
2005-03-22,0.9983107767922745,0.9957026199931495,0.002608156799125072
2005-03-23,0.9982252126325007,0.9955709649177394,0.002654247714761304
2005-03-24,0.9981985817197925,0.9953618905439793,0.0028366911758131996
2005-03-28,0.9981985817197925,0.9951669823261374,0.003031599393655049
2005-03-29,0.9981985817197925,0.9952564847124449,0.0029420970073475994
2005-03-30,0.9981985817197925,0.9952564847124447,0.0029420970073478214
2005-03-31,0.9979895073460322,0.9949553286860836,0.0030341786599485943
2005-04-01,0.9977856399294137,0.9948658262997762,0.0029198136296375576
2005-04-04,0.9979086143836776,0.9944873068865698,0.003421307497107784
2005-04-05,0.9978702731220226,0.994788462912931,0.0030818102090915955
2005-04-06,0.9976523322389682,0.9948779652992383,0.0027743669397298776
2005-04-07,0.9975990627710557,0.9947380803956939,0.002860982375361809
2005-04-08,0.9974952202143808,0.9949418786659021,0.002553341548478638
2005-04-11,0.9975868309439483,0.9951663948438706,0.002420436100077694
2005-04-12,0.9977856399294137,0.9955925698270158,0.002193070102397887
2005-04-13,0.9978922400842712,0.9956054977248221,0.0022867423594491454
2005-04-14,0.9978922400842712,0.9958272061677341,0.002065033916537118
2005-04-15,0.9977446044420671,0.995982870770801,0.0017617336712660858
2005-04-18,0.9977706123375716,0.9958142782699279,0.001956334067643728
2005-04-19,0.9979408995211304,0.9962132220931728,0.0017276774279576523
2005-04-20,0.9980078949446006,0.9961744349029714,0.001833460041629209
2005-04-21,0.998155530586805,0.9960315495946013,0.002123980992203678
2005-04-22,0.9982785050410691,0.9960575574901058,0.002220947550963248
2005-04-25,0.9983051359537773,0.996394286912917,0.0019108490408603629
2005-04-26,0.9983584054216897,0.9963428656535637,0.0020155397681260734
2005-04-27,0.9983584054216897,0.9964959781431137,0.0018624272785759954
2005-04-28,0.9983584054216897,0.9962920322845984,0.0020663731370913485
2005-04-29,0.9983584054216897,0.9958930884613536,0.002465316960336139
2005-05-02,0.9985134623459294,0.9959570018280173,0.0025564605179121402
2005-05-03,0.9985134623459294,0.9957888649060791,0.002724597439850318
2005-05-04,0.9984868314332211,0.995647495739993,0.00283933569322814
2005-05-05,0.9986111827831965,0.995609154478338,0.0030020283048585172
2005-05-06,0.998637813695905,0.9959570018280173,0.0026808118678877113
2005-05-09,0.9987778461877564,0.9961742731526907,0.0026035730350657538
2005-05-10,0.9989170008426957,0.9961103597860269,0.002806641056668835
2005-05-11,0.9990308055129989,0.9962371565586082,0.002793648954390715
2005-05-12,0.9990308055129989,0.9964188290571797,0.0026119764558192315
2005-05-13,0.9990175697937287,0.9965440374543609,0.0024735323393677566
2005-05-16,0.9991427781909099,0.9967187948381114,0.0024239833527984755
2005-05-17,0.9990175697937287,0.9968892371037228,0.0021283326900058963
2005-05-18,0.9988907730211474,0.996798428174985,0.002092344846162386
2005-05-19,0.9987489518161777,0.9965048901832745,0.0022440616329032492
2005-05-20,0.9986483828651448,0.9966077877630201,0.0020405951021247315
2005-05-23,0.9986483828651448,0.9968630255339092,0.0017853573312356374
2005-05-24,0.9986483828651448,0.9968630255339092,0.0017853573312356374
2005-05-25,0.9986483828651448,0.996863025533909,0.0017853573312357485
2005-05-26,0.9986483828651448,0.9968630255339092,0.0017853573312356374
2005-05-27,0.9986351471458745,0.996863025533909,0.0017721216119654937
2005-05-31,0.9986351471458745,0.9967801209167703,0.001855026229104273
2005-06-01,0.9986351471458745,0.9963876389245844,0.002247508221290162
2005-06-02,0.9986351471458745,0.9964384722935499,0.002196674852324665
2005-06-03,0.9986351471458745,0.9964384722935499,0.002196674852324665
2005-06-06,0.9987357160969076,0.9965213769106888,0.0022143391862188277
2005-06-07,0.9987226360992092,0.9966544664496643,0.0020681696495449264
2005-06-08,0.9986351471458745,0.9964179674019268,0.0022171797439477503
2005-06-09,0.9987357160969076,0.9963102912267999,0.002425424870107662
2005-06-10,0.9988111203105713,0.9962456342481764,0.0025654860623949283
2005-06-13,0.9988111203105713,0.9964866181137487,0.0023245021968225643
2005-06-14,0.9989792572325095,0.9967623607762611,0.0022168964562483406
2005-06-15,0.9990424439018483,0.996671816496889,0.0023706274049593024
2005-06-16,0.999106357268512,0.9964725295921947,0.0026338276763173685
2005-06-17,0.9991195929877823,0.9968650115843807,0.002254581403401623
2005-06-20,0.9990424439018484,0.9968018249150417,0.0022406189868067194
2005-06-21,0.9990161281848801,0.9969896500274601,0.002026478157419964
2005-06-22,0.9991692406744299,0.9968420143852557,0.0023272262891742557
2005-06-23,0.9991558454809916,0.9969011658160977,0.0022546796648938994
2005-06-24,0.9991298375854871,0.9970574629921162,0.0020723745933709514
2005-06-27,0.9993189593493319,0.9972069213521333,0.0021120379971986125
2005-06-28,0.9993893492468386,0.9972069213521333,0.002182427894705352
2005-06-29,0.9992787698791178,0.996901165816098,0.002377604063019789
2005-06-30,0.9992016207931839,0.9970162809401684,0.0021853398530155
2005-07-01,0.9992678181589026,0.9970162809401684,0.0022515372187342786
2005-07-05,0.9992678181589026,0.9972203165455714,0.0020475016133312263
2005-07-06,0.9992678181589026,0.9971052014215012,0.0021626167374014793
2005-07-07,0.9993057236300616,0.9971328249159432,0.0021728987141184097
2005-07-08,0.9993761135275686,0.9974702676643643,0.001905845863204303
2005-07-11,0.9992524541621494,0.9974702676643644,0.0017821864977849433
2005-07-12,0.9991619098827773,0.9974702676643644,0.001691642218412892
2005-07-13,0.9991619098827773,0.9974702676643644,0.001691642218412892
2005-07-14,0.9991619098827773,0.9972802977866301,0.0018816120961472338
2005-07-15,0.9991619098827773,0.9974295879578625,0.0017323219249147925
2005-07-18,0.9992016207931839,0.9975719875949967,0.001629633198187208
2005-07-19,0.9992678181589026,0.9973681201783782,0.001899697980524473
2005-07-20,0.9992678181589026,0.9973681201783782,0.001899697980524473
2005-07-21,0.9992678181589026,0.9973681201783782,0.001899697980524473
2005-07-22,0.9992678181589026,0.9973681201783782,0.001899697980524473
2005-07-25,0.999129529764023,0.9973681201783782,0.0017614095856448575
2005-07-26,0.9990768909558103,0.9973820177172623,0.0016948732385480003
2005-07-27,0.9990768909558101,0.9977038011569916,0.0013730897988184498
2005-07-28,0.998963489376667,0.9977038011569916,0.00125968821967537
2005-07-29,0.998963489376667,0.9977038011569916,0.00125968821967537
2005-08-01,0.998963489376667,0.9977038011569916,0.00125968821967537
2005-08-02,0.999129529764023,0.9979503550075878,0.0011791747564352528
2005-08-03,0.9991692406744298,0.9978062753758944,0.0013629652985354124
2005-08-04,0.998952941515541,0.9976899036181075,0.0012630378974335388
2005-08-05,0.998952941515541,0.9977168573690515,0.0012360841464895689
2005-08-08,0.9990663430946841,0.9975406134468748,0.0015257296478092819
2005-08-09,0.9990663430946841,0.9978469550823961,0.0012193880122880474
2005-08-10,0.9991649205791571,0.9979364574687034,0.0012284631104536592
2005-08-11,0.9992885799445762,0.997718516585649,0.0015700633589271762
2005-08-12,0.9992885799445762,0.9976290141993415,0.0016595657452347368
2005-08-15,0.9992353104766638,0.9978469550823961,0.0013883553942677374
2005-08-16,0.9992619413893721,0.9977318399583256,0.0015301014310464822
2005-08-17,0.9993122001609049,0.9977457374972097,0.0015664626636952006
2005-08-18,0.9993382080564094,0.9978967197598936,0.0014414882965158027
2005-08-19,0.9993517666139152,0.9980391193970278,0.001312647216887397
2005-08-22,0.9994609869480225,0.9981402608954955,0.001320726052527088
2005-08-23,0.9993914775243218,0.9978967197598936,0.0014947577644282006
2005-08-24,0.9993783975266235,0.9980391193970276,0.0013392781295958889
2005-08-25,0.9994343483928185,0.9980391193970276,0.0013952289957909203
2005-08-26,0.9994343483928185,0.9980391193970276,0.0013952289957909203
2005-08-29,0.9994343483928185,0.9980391193970276,0.0013952289957909203
2005-08-30,0.9994343483928185,0.9981286217833352,0.0013057266094833597
2005-08-31,0.9995384512296963,0.9979503550075877,0.001588096222108648
2005-09-01,0.9996031082083199,0.9978825420429315,0.0017205661653884041
2005-09-02,0.9995114974787523,0.9980747063575632,0.0014367911211891071
2005-09-06,0.9995384512296964,0.9980142683742514,0.0015241828554449777
2005-09-07,0.9995898724890498,0.997933375411897,0.0016564970771528742
2005-09-08,0.9994982617594823,0.9981255397265285,0.0013727220329537992
2005-09-09,0.9995384512296964,0.9980142683742514,0.0015241828554449777
2005-09-12,0.9995898724890496,0.9979333754118969,0.0016564970771527632
2005-09-13,0.9994982617594822,0.9981255397265285,0.0013727220329536882
2005-09-14,0.9994722538639778,0.9981925351499988,0.0012797187139789168
2005-09-15,0.9995801481905745,0.9982936766484667,0.0012864715421078143
2005-09-16,0.9996213302425222,0.9984337091403183,0.0011876211022039396
2005-09-19,0.999699382414584,0.9983019828089983,0.001397399605585714
2005-09-20,0.9995940457294588,0.9984823195158854,0.0011117262135733608
2005-09-21,0.9995035014500866,0.998600148308321,0.0009033531417655949
2005-09-22,0.9996213302425222,0.9984198116014339,0.001201518641088306
2005-09-23,0.9996213302425222,0.9984198116014339,0.001201518641088306
2005-09-26,0.9996213302425224,0.998572524813879,0.0010488054286433846
2005-09-27,0.9996347254359604,0.9986505769859406,0.0009841484500198172
2005-09-28,0.9995029991046405,0.9986505769859406,0.0008524221186998471
2005-09-29,0.9995441811565884,0.9987625496638516,0.0007816314927368007
2005-09-30,0.9995838920669952,0.9986292419734061,0.0009546500935890823
2005-10-03,0.9995441811565884,0.9986158467799678,0.0009283343766205432
2005-10-04,0.9996213302425222,0.9985197064435589,0.0011016237989632804
2005-10-05,0.9996213302425224,0.998558047705214,0.0010632825373084742
2005-10-06,0.9996213302425224,0.998558047705214,0.0010632825373084742
2005-10-07,0.9996213302425222,0.9986284376027208,0.0009928926398014015
2005-10-10,0.999553517277866,0.9986775852944003,0.0008759319834656942
2005-10-11,0.9994735939565895,0.9987198102050373,0.0007537837515522172
2005-10-12,0.9995119352182446,0.9987868056285077,0.000725129589736806
2005-10-13,0.9996057560784053,0.9985900963410658,0.0010156597373395249
2005-10-14,0.9996454669888121,0.9987376579368281,0.0009078090519839543
2005-10-17,0.9997124624122823,0.9988784163580753,0.000834046054207005
2005-10-18,0.9996344102402205,0.9988251468901628,0.0008092633500577096
2005-10-19,0.9996883256659925,0.9987376579368281,0.0009506677291644117
2005-10-20,0.9996883256659926,0.9987868056285077,0.0009015200374848931
2005-10-21,0.9996344102402207,0.998829030539145,0.000805379701075748
2005-10-24,0.999607125727157,0.9988147766338281,0.0007923490933289257
2005-10-25,0.9995674148167503,0.9986689768360721,0.000898437980678124
2005-10-26,0.9995165814477849,0.9987198102050375,0.0007967712427473517
2005-10-27,0.9995165814477849,0.9987198102050375,0.0007967712427473517
2005-10-28,0.9995704968735569,0.9987198102050375,0.0008506866685193959
2005-10-31,0.9995842228291147,0.9986775852944005,0.0009066375347142053
2005-11-01,0.9994540407363054,0.9987029986582491,0.0007510420780563187
2005-11-02,0.9995704968735569,0.9984918503394952,0.0010786465340617557
2005-11-03,0.9995842228291147,0.9984214604419883,0.0011627623871264259
2005-11-04,0.9994540407363054,0.9984214604419884,0.0010325802943169649
2005-11-07,0.9995704968735569,0.9985708269999108,0.0009996698736460807
2005-11-08,0.9995441811565882,0.9986326087607423,0.0009115723958458277
2005-11-09,0.9995035014500866,0.9986035406999703,0.0008999607501163354
2005-11-10,0.9994896039112025,0.9986885596269374,0.0008010442842650844
2005-11-11,0.9995275093823617,0.9987547569926559,0.0007727523897057553
2005-11-14,0.9994503602964276,0.9986326087607423,0.0008177515356853071
2005-11-15,0.9993201782036183,0.9986326087607423,0.0006875694428759571
2005-11-16,0.9992789961516705,0.9986326087607426,0.0006463873909279272
2005-11-17,0.9992649226852344,0.9987029986582494,0.0005619240269849612
2005-11-18,0.9993201782036183,0.9986326087607426,0.0006875694428757351
2005-11-21,0.9992789961516705,0.9986326087607426,0.0006463873909279272
2005-11-22,0.9992789961516705,0.9986326087607426,0.0006463873909279272
2005-11-23,0.9992789961516705,0.998470608133668,0.0008083880180025371
2005-11-25,0.9991638810276001,0.9984327026625089,0.0007311783650911785
2005-11-28,0.9989814256454749,0.9984449202068338,0.0005365054386410328
2005-11-29,0.9990206692602496,0.9985685795722532,0.00045208968799637095
2005-11-30,0.9991890511759389,0.9984846311172404,0.0007044200586985294
2005-12-01,0.9991488617057248,0.9982709385086972,0.0008779231970276191
2005-12-02,0.9990550408455638,0.9982841742279674,0.0007708666175963996
2005-12-05,0.9989544718945308,0.9982841742279672,0.0006702976665635685
2005-12-06,0.9989804797900353,0.998182454297335,0.0007980254927003605
2005-12-07,0.9989005564687589,0.998070481619424,0.0008300748493348387
2005-12-08,0.9988583315581219,0.9980556575247537,0.0008026740333682003
2005-12-09,0.9988725854634386,0.998182454297335,0.0006901311661036136
2005-12-12,0.9989343672242701,0.9982841742279674,0.0006501929963026454
2005-12-13,0.9987798828474651,0.9982841742279674,0.000495708619497659
2005-12-14,0.998670662513358,0.9982841742279674,0.0003864882853905627
2005-12-15,0.9985086618862836,0.9982841742279672,0.00022448765831639683
2005-12-16,0.9986139985714089,0.9981703695576641,0.0004436290137447285
2005-12-19,0.9985086618862836,0.9979326374182521,0.0005760244680315108
2005-12-20,0.9983574455935978,0.9978309174876198,0.0005265281059780857
2005-12-21,0.9985340752501324,0.9980686496270319,0.0004654256231004794
2005-12-22,0.9985481487165682,0.9980391965029014,0.0005089522136667579
2005-12-23,0.9984907532840434,0.9979418528544506,0.0005489004295927691
2005-12-27,0.9984907532840434,0.9978160933929493,0.0006746598910940538
2005-12-28,0.9985525350448748,0.9975604675176765,0.0009920675271983814
2005-12-29,0.9985525350448748,0.9975470723242382,0.0010054627206366185
2005-12-30,0.9983119336019903,0.997523289925296,0.0007886436766942895
2006-01-03,0.9982992995328385,0.9974094852549928,0.0008898142778456242
2006-01-04,0.9982713285275182,0.9972524337907044,0.0010188947368138246
2006-01-05,0.9981048893595152,0.9969911709415608,0.0011137184179544901
2006-01-06,0.9981534997350826,0.9968384577291158,0.0013150420059667711
2006-01-09,0.9983574455935978,0.9966527287413487,0.0017047168522491551
2006-01-10,0.9982508454387399,0.9965050930991444,0.0017457523395955077
2006-01-11,0.9980421813600999,0.9968033458291424,0.0012388355309574939
2006-01-12,0.9979566172003261,0.9968302995800865,0.0011263176202396252
2006-01-13,0.9977821244659415,0.9968302995800865,0.0009518248858549905
2006-01-17,0.9977099049387462,0.9968033458291425,0.0009065591096036885
2006-01-18,0.9977526713418109,0.9967448173456953,0.001007853996115582
2006-01-19,0.9980170551836378,0.9965903329688903,0.001426722214747489
2006-01-20,0.9980421813601001,0.9964585194068953,0.0015836619532048068
2006-01-23,0.9980564352654169,0.9965042159028108,0.0015522193626060776
2006-01-24,0.9982941674048289,0.9965903329688903,0.0017038344359385782
2006-01-25,0.9983433150965088,0.9968033458291424,0.0015399692673663257
2006-01-26,0.9983433150965088,0.9968033458291424,0.0015399692673663257
2006-01-27,0.9982999931304198,0.9969153185070535,0.0013846746233663332
2006-01-30,0.9981175377482946,0.9967697789895006,0.0013477587587940043
2006-01-31,0.9982999931304198,0.9965840506423123,0.0017159424881075802
2006-02-01,0.9983245639751182,0.9966306243345611,0.001693939640557085
2006-02-02,0.9982875010231093,0.9967697789895007,0.0015177220336085595
2006-02-03,0.9982152814959141,0.9968302995800863,0.0013849819158278098
2006-02-06,0.9984192273544292,0.9969288770645593,0.0014903502898698795
2006-02-07,0.9982875010231093,0.9967697789895006,0.0015177220336086705
2006-02-08,0.9982591736513566,0.9965320468500886,0.0017271268012680752
2006-02-09,0.9984437981991277,0.9965320468500883,0.0019117513490393145
2006-02-10,0.998573980291937,0.9968654114800596,0.00170856881187742
2006-02-13,0.9985365008151013,0.997004566134999,0.0015319346801022649
2006-02-14,0.9984015732884907,0.9968654114800597,0.0015361618084309692
2006-02-15,0.9985616269915635,0.9967063134050009,0.0018553135865625459
2006-02-16,0.998640603651979,0.9967520099009165,0.0018885937510625395
2006-02-17,0.9984559791042078,0.9967386147074784,0.001717364396729426
2006-02-21,0.9984180736330486,0.9967035028075052,0.0017145708255433822
2006-02-22,0.9982520332456927,0.9964359221410343,0.0018161111046584022
2006-02-23,0.9982520332456927,0.9963957326708202,0.0018563005748725159
2006-02-24,0.9983425775250647,0.9967136554965831,0.0016289220284816386
2006-02-27,0.9984647257569783,0.9969812361630539,0.0014834895939244142
2006-02-28,0.9984892966016767,0.9969812361630539,0.001508060438622838
2006-03-01,0.9984366577934638,0.996698425237264,0.0017382325561997591
2006-03-02,0.9983634873003161,0.9965835577832386,0.0017799295170775054
2006-03-03,0.9982053342021868,0.9967136554965832,0.0014916787056036274
2006-03-06,0.9982053342021868,0.9968366299508471,0.0013687042513397252
2006-03-07,0.9982053342021868,0.9968366299508471,0.0013687042513397252
2006-03-08,0.9982428136790226,0.9970047668727852,0.0012380468062374028
2006-03-09,0.9982845106399005,0.9971160382250622,0.0011684724148383063
2006-03-10,0.9980628021969884,0.9971160382250622,0.0009467639719261678
2006-03-13,0.9982068818286821,0.9971160382250622,0.0010908436036198843
2006-03-14,0.9982068818286821,0.9968213996915282,0.0013854821371539483
2006-03-15,0.9980750682666871,0.9967065322375026,0.0013685360291845194
2006-03-16,0.9980627149663134,0.9965952608852254,0.0014674540810879488
2006-03-17,0.9979203153291795,0.9965952608852254,0.0013250544439540324
2006-03-20,0.9978711676374997,0.9965952608852254,0.0012759067522742917
2006-03-21,0.997810065154622,0.9965835577832384,0.0012265073713836339
2006-03-22,0.9977047284694968,0.9964190169630489,0.0012857115064478508
2006-03-23,0.9978100651546219,0.9965835577832384,0.0012265073713835228
2006-03-24,0.9978100651546219,0.9967136554965831,0.0010964096580388105
2006-03-27,0.9977047284694965,0.9965835577832386,0.001121170686257944
2006-03-28,0.9975125641548651,0.9963957326708202,0.0011168314840449556
2006-03-29,0.9975854942454871,0.996419016963049,0.0011664772824381275
2006-03-30,0.9975854942454871,0.9965835577832386,0.0010019364622485538
2006-03-31,0.9974519189136845,0.9962656349574754,0.001186283956209011
2006-04-03,0.9974519189136845,0.9961010941372861,0.0013508247763983627
2006-04-04,0.9975005292892516,0.996419016963049,0.0010815123262025716
2006-04-05,0.9974866317503674,0.9965952608852255,0.000891370865141905
2006-04-06,0.9974255292674897,0.9965835577832386,0.0008419714842511361
2006-04-07,0.9973650912841782,0.9962656349574754,0.001099456326702719
2006-04-10,0.9974716914390359,0.9961412836075003,0.001330407831535596
2006-04-11,0.9973650912841782,0.9959821855324414,0.0013829057517367183
2006-04-12,0.9970839065928412,0.9956604020927121,0.0014235045001290692
2006-04-13,0.9968907115053494,0.9954722495155235,0.00141846198982587
2006-04-17,0.996714467583173,0.9952999163617732,0.0014145512213997735
2006-04-18,0.996774255368098,0.995311378154049,0.0014628772140490298
2006-04-19,0.9968907115053494,0.9954722495155235,0.00141846198982587
2006-04-20,0.9965049222863793,0.9950958807563699,0.001409041530009425
2006-04-21,0.9963960738343766,0.9949122027714883,0.0014838710628882756
2006-04-24,0.9963960738343766,0.9949122027714882,0.0014838710628883867
2006-04-25,0.9965278001656965,0.994866584724879,0.0016612154408175428
2006-04-26,0.9968035428282088,0.9947038993602085,0.0020996434680002896
2006-04-27,0.9967097219680481,0.994719782388423,0.001989939579625122
2006-04-28,0.9963960738343766,0.9945291419764578,0.0018669318579187522
2006-05-01,0.9961563757198103,0.9941029669933128,0.0020534087264975076
2006-05-02,0.9960534781400648,0.9939420956318382,0.0021113825082266224
2006-05-03,0.9962277446949772,0.9941481217765479,0.0020796229184293358
2006-05-04,0.9962753149355774,0.9945311825715782,0.0017441323639991735
2006-05-05,0.9966659953128274,0.9949350093948957,0.0017309859179317488
2006-05-08,0.9965453216915339,0.9947468568177067,0.001798464873827177
2006-05-09,0.9961546413142839,0.9947148605564601,0.0014397807578238053
2006-05-10,0.995991955949613,0.9947016248371898,0.0012903311124231598
2006-05-11,0.995991955949613,0.9947016248371899,0.0012903311124230488
2006-05-12,0.995991955949613,0.9947016248371898,0.0012903311124231598
2006-05-15,0.9962970721670892,0.9949350093948957,0.0013620627721935286
2006-05-16,0.9966352911454593,0.9950958807563699,0.0015394103890894462
2006-05-17,0.9965563144850434,0.9949122027714883,0.001644111713555163
2006-05-18,0.9965563144850436,0.9949122027714882,0.001644111713555385
2006-05-19,0.9965563144850436,0.9949122027714882,0.001644111713555385
2006-05-22,0.9963467691882499,0.9949122027714882,0.0014345664167617622
2006-05-23,0.9961623265920674,0.9948665847248789,0.0012957418671885046
2006-05-24,0.9964674428095436,0.9947038993602082,0.0017635434493353808
2006-05-25,0.9968532320285137,0.994719782388423,0.0021334496400907677
2006-05-26,0.9970042142911975,0.994733177581861,0.0022710367093364825
2006-05-30,0.9969561296082594,0.9943231158317484,0.0026330137765110395
2006-05-31,0.9968532320285137,0.9939582088648709,0.0028950231636428736
2006-06-01,0.9972109679361949,0.9941488492768358,0.0030621186593591254
2006-06-02,0.9972484474130305,0.9943231158317484,0.0029253315812821645
2006-06-05,0.9968907115053495,0.9939020462368668,0.0029886652684826265
2006-06-06,0.9969973116602072,0.9940926866488318,0.00290462501137545
2006-06-07,0.9973550475678884,0.9943097206383102,0.0030453269295781515
2006-06-08,0.9975045059279055,0.9943097206383102,0.00319478528959527
2006-06-09,0.9975045059279055,0.9942695311680961,0.0032349747598093836
2006-06-12,0.997444067944594,0.9942017873498501,0.0032422805947438516
2006-06-13,0.9974716914390358,0.9944031756463089,0.0030685157927269335
2006-06-14,0.9977974310854699,0.9948242452411904,0.0029731858442795245
2006-06-15,0.9979153471085809,0.9951499848876247,0.0027653622209561357
2006-06-16,0.9979153471085809,0.9951499848876247,0.0027653622209561357
2006-06-19,0.9978424170179591,0.9950587103596475,0.0027837066583115133
2006-06-20,0.9976052667708386,0.9947447983209576,0.0028604684498809707
2006-06-21,0.9978170036541101,0.9948922711916446,0.002924732462465496
2006-06-22,0.9977753066932319,0.9951499848876247,0.0026253218056071503
2006-06-23,0.9978702731220226,0.9954482376176228,0.0024220355043997888
2006-06-26,0.9979586738744892,0.9954482376176228,0.002510436256866422
2006-06-27,0.9979054044065766,0.9952870387913779,0.002618365615198681
2006-06-28,0.9981116421876441,0.9951343255789329,0.0029773166087112557
2006-06-29,0.9981848126807916,0.9951499848876247,0.0030348277931668832
2006-06-30,0.9982380821487041,0.9951769386385687,0.0030611435101354223
2006-07-03,0.99801759046232,0.9954751913685667,0.0025423990937533114
2006-07-05,0.9978815360103577,0.9954751913685667,0.002406344641791014
2006-07-06,0.9980290976061198,0.9957460475031585,0.0022830501029612593
2006-07-07,0.9979889081359057,0.9957460475031585,0.0022428606327471456
2006-07-10,0.9979889081359057,0.9960938948528376,0.00189501328306807
2006-07-11,0.9981289406277573,0.9964612963391762,0.001667644288581016
2006-07-12,0.9981677278179588,0.9966583695174961,0.0015093583004627265
2006-07-13,0.9980200921757545,0.9966583695174963,0.0013617226582581798
2006-07-14,0.9978851646491441,0.9966583695174961,0.0012267951316480286
2006-07-17,0.9978851646491441,0.9966583695174961,0.0012267951316480286
2006-07-18,0.9979971373270551,0.9968020257883466,0.0011951115387084377
2006-07-19,0.9979971373270551,0.9968020257883466,0.0011951115387084377
2006-07-20,0.9979564576205534,0.9968020257883466,0.0011544318322067593
2006-07-21,0.9979564576205532,0.9968020257883466,0.0011544318322065372
2006-07-24,0.9979564576205532,0.9968020257883466,0.0011544318322065372
2006-07-25,0.9979564576205532,0.9968020257883466,0.0011544318322065372
2006-07-26,0.9976721517888919,0.9964612963391762,0.0012108554497156643
2006-07-27,0.9974338965586241,0.9962394343703905,0.0011944621882336026
2006-07-28,0.9975529175648824,0.9959531364315904,0.0015997811332919554
2006-07-31,0.9977798279640187,0.9959666949890964,0.0018131329749222491
2006-08-01,0.9974806980376871,0.9955725162671982,0.0019081817704889037
2006-08-02,0.9974035489517531,0.9954198030547529,0.001983745897000233
2006-08-03,0.9976587867226424,0.995229162642788,0.0024296240798543645
2006-08-04,0.9977359358085763,0.9948703074483399,0.002865628360236405
2006-08-07,0.9974806980376871,0.9944853220733259,0.00299537596436128
2006-08-08,0.9972970200528054,0.9942059143626709,0.003091105690134488
2006-08-09,0.9972970200528055,0.9942059143626709,0.003091105690134599
2006-08-10,0.9972970200528054,0.9942059143626709,0.003091105690134488
2006-08-11,0.9972403561108565,0.994033421094174,0.003206935016682455
2006-08-14,0.9973264731769359,0.9942374566995773,0.003089016477358597
2006-08-15,0.9972970200528054,0.9942059143626709,0.003091105690134488
2006-08-16,0.9973243045658691,0.9941513371172849,0.0031729674485841963
2006-08-17,0.9969875751430577,0.9936817699738429,0.0033058051692147483
2006-08-18,0.9967545952474043,0.9939019188122787,0.002852676435125545
2006-08-21,0.9963805097936372,0.9937363472192291,0.0026441625744081376
2006-08-22,0.9962060170592525,0.9937840027891678,0.0024220142700847047
2006-08-23,0.9962060170592525,0.9937840027891678,0.0024220142700847047
2006-08-24,0.996440217609475,0.9934262668814866,0.0030139507279883793
2006-08-25,0.9964968815514239,0.9933716896361007,0.0031251919153232333
2006-08-28,0.9964227347042742,0.9933716896361007,0.0030510450681735524
2006-08-29,0.9964227347042742,0.9933716896361005,0.0030510450681737744
2006-08-30,0.9963805097936373,0.9932492699149689,0.003131239878668479
2006-08-31,0.9961118961764099,0.9929101238217479,0.0032017723546620136
2006-09-01,0.9961118961764099,0.9925360377047645,0.0035758584716454322
2006-09-05,0.9961402235481628,0.9924398973683556,0.0037003261798072007
2006-09-06,0.9962594577721724,0.991905918115013,0.004353539657159344
2006-09-07,0.9963758295299591,0.9919708588458287,0.0044049706841303715
2006-09-08,0.9966724141525066,0.9920616677745664,0.0046107463779402336
2006-09-11,0.9969301278484868,0.9917822587495937,0.0051478690988930875
2006-09-12,0.9970714970145729,0.9915209959004502,0.005550501114122697
2006-09-13,0.9971631077441404,0.9916310424569081,0.005532065287232268
2006-09-14,0.9969301278484868,0.9911517095821298,0.005778418266356944
2006-09-15,0.9972779751981659,0.9912780061175529,0.005999969080612955
2006-09-18,0.9973569518585816,0.9913635702773268,0.005993381581254842
2006-09-19,0.997096348468486,0.9909203688687771,0.006175979599708947
2006-09-20,0.9969025043540446,0.9905296884915271,0.006372815862517478
2006-09-21,0.9968884308876088,0.9904674740910935,0.006420956796515331
2006-09-22,0.9966168196527443,0.9905787461941283,0.006038073458615956
2006-09-25,0.9966168196527443,0.9909203688687771,0.0056964507839671885
2006-09-26,0.9966168196527443,0.9909203688687771,0.0056964507839671885
2006-09-27,0.9966168196527443,0.9909203688687771,0.0056964507839671885
2006-09-28,0.9964409086514905,0.9912826273780159,0.005158281273474619
2006-09-29,0.9961752268963934,0.9914764714924571,0.004698755403936272
2006-10-02,0.9965557761055159,0.9914764714924571,0.005079304613058833
2006-10-03,0.9966636704321128,0.9914764714924571,0.0051871989396556906
2006-10-04,0.9966495969656769,0.9915228028646763,0.005126794101000587
2006-10-05,0.9965347295116512,0.9912342809074669,0.005300448604184327
2006-10-06,0.9962414242621122,0.990734640949692,0.00550678331242016
2006-10-09,0.9963562917161378,0.9910231629069014,0.00533312880923642
2006-10-10,0.9966219734712347,0.9915228028646763,0.005099170606558401
2006-10-11,0.9962414242621122,0.991966004273226,0.004275419988886142
2006-10-12,0.9961335299355153,0.991966004273226,0.004167525662289284
2006-10-13,0.9961335299355152,0.9917258287865656,0.0044077011489496165
2006-10-16,0.996514079144638,0.9918041564200316,0.004709922724606352
2006-10-17,0.9966219734712347,0.9917258287865656,0.004896144684669146
2006-10-18,0.9966658656266771,0.991741942019598,0.0049239236070791614
2006-10-19,0.996680119531994,0.9915354638360048,0.005144655695989209
2006-10-20,0.9966219734712347,0.9915354638360048,0.005086509635229941
2006-10-23,0.9966658656266771,0.9915354638360048,0.005130401790672368
2006-10-24,0.9965819171716646,0.991741942019598,0.004839975152066578
2006-10-25,0.9964740228450678,0.9922371579225907,0.0042368649224771016
2006-10-26,0.9964445697209373,0.9922371579225907,0.004207411798346605
2006-10-27,0.9964158767843084,0.9922371579225907,0.004178718861717723
2006-10-30,0.9964740228450678,0.992722079473332,0.0037519433717357886
2006-10-31,0.9965132664598424,0.9927712271650115,0.0037420392948308567
2006-11-01,0.9962745384556895,0.9922863056142702,0.003988232841419248
2006-11-02,0.9964740228450678,0.9923326369864894,0.0041413858585783725
2006-11-03,0.9967993004042442,0.9925363738458937,0.004262926558350588
2006-11-06,0.9969214486361578,0.9922344165984016,0.0046870320377562225
2006-11-07,0.9969767041545418,0.992234416598402,0.0047422875561398126
2006-11-08,0.9971149925494213,0.9920673353233668,0.005047657226054492
2006-11-09,0.9971426160438632,0.9915560061873419,0.005586609856521374
2006-11-10,0.9973333343163732,0.9915871073002419,0.005746227016131256
2006-11-13,0.9975663142120268,0.9920984364362669,0.005467877775759855
2006-11-14,0.9975663142120268,0.9924041919723022,0.005162122239724565
2006-11-15,0.9975663142120268,0.9926383925225248,0.004927921689501957
2006-11-16,0.9975663142120266,0.9926383925225248,0.004927921689501735
2006-11-17,0.9976899735774459,0.9924367146112428,0.0052532589662031
2006-11-20,0.997731670538324,0.9921999913862861,0.005531679152037894
2006-11-21,0.9976889041352592,0.9919223364227899,0.005766567712469306
2006-11-22,0.9976889041352592,0.9921625119094506,0.005526392225808641
2006-11-24,0.9973709053126387,0.9926057133180001,0.004765191994638651
2006-11-27,0.9970992940777742,0.9926057133180001,0.0044935807597741295
2006-11-28,0.9970992940777742,0.9926057133180001,0.0044935807597741295
2006-11-29,0.997071323072454,0.9928174502012717,0.004253872871182396
2006-11-30,0.9969714800508166,0.99274021136845,0.004231268682366562
2006-12-01,0.9966606415229522,0.9924651468818384,0.004195494641113795
2006-12-04,0.9968622597167094,0.9926648071547862,0.004197452561923165
2006-12-05,0.9969019706271159,0.99274021136845,0.004161759258665909
2006-12-06,0.9966606415229522,0.992266337896373,0.004394303626579221
2006-12-07,0.9962800923138295,0.9918280537432055,0.0044520385706240395
2006-12-08,0.9963812338122975,0.9918280537432055,0.004553180069092
2006-12-11,0.9963949597678553,0.9920268627286709,0.004368097039184393
2006-12-12,0.9963360431800246,0.9924651468818384,0.003870896298186155
2006-12-13,0.9962268228459171,0.9929705626908215,0.003256260155095614
2006-12-14,0.9960967251325724,0.9934187944526996,0.0026779306798727642
2006-12-15,0.9961389500432096,0.9936202695169182,0.0025186805262914502
2006-12-18,0.9959158474551717,0.99317203775504,0.002743809700131661
2006-12-19,0.9958349544928172,0.9930957710880027,0.0027391834048144936
2006-12-20,0.9960977679912616,0.993373715666322,0.002724052324939552
2006-12-21,0.9964051467072367,0.993373715666322,0.003031431040914634
2006-12-22,0.9961927344200523,0.99317203775504,0.003020696665012257
2006-12-26,0.9960977679912617,0.9930957710880027,0.0030019969032589744
2006-12-27,0.9963364959954146,0.9930487869468881,0.003287709048526488
2006-12-28,0.9964173889577692,0.9930487869468881,0.003368602010881072
2006-12-29,0.9961240837082301,0.9930487869468881,0.0030752967613419946
2007-01-03,0.9959252747227647,0.9932382473138454,0.0026870274089193513
2007-01-04,0.9959252747227647,0.9934817884494472,0.0024434862733174745
2007-01-05,0.9959798519681508,0.9934373108929284,0.0025425410752223376
2007-01-08,0.9958577037362374,0.9933355909622962,0.0025221127739412097
2007-01-09,0.9959798519681508,0.9931154421238606,0.00286440984429015
2007-01-10,0.9956475290460057,0.9932382473138452,0.0024092817321604842
2007-01-11,0.9954201328540425,0.9934817884494472,0.0019383444045952825
2007-01-12,0.9954201328540425,0.993356580052266,0.0020635528017765026
2007-01-16,0.9951993696784397,0.9931549021409839,0.0020444675374557963
2007-01-17,0.9952901786071776,0.9927117007324342,0.0025784778747434123
2007-01-18,0.9955908651040567,0.9922734165792667,0.00331744852478999
2007-01-19,0.9953634689120933,0.9919637653545238,0.0033997035575694667
2007-01-22,0.9954474173671058,0.9919335106628167,0.0035139067042891936
2007-01-23,0.9953547147511325,0.9916592974636875,0.0036954172874449354
2007-01-24,0.995489642277743,0.9916592974636875,0.0038303448140554197
2007-01-25,0.9952026817364218,0.9915831175644099,0.0036195641720119243
2007-01-26,0.9953362570682244,0.9916912937249344,0.0036449633432900086
2007-01-29,0.9956232176095456,0.9921909336827093,0.003432283926836366
2007-01-30,0.9956758564177586,0.9924651468818382,0.0032107095359203974
2007-01-31,0.9956758564177586,0.9926354340653972,0.0030404223523613494
2007-02-01,0.99588603110799,0.9930487869468881,0.0028372441611018706
2007-02-02,0.9961793363575292,0.9930487869468881,0.003130549410641059
2007-02-05,0.9959798519681508,0.9928369091296155,0.003142942838535223
2007-02-06,0.9958577037362373,0.9930409447350187,0.002816759001218583
2007-02-07,0.9956695511590486,0.9929787303345852,0.00269082082446348
2007-02-08,0.9956695511590486,0.9929787303345852,0.00269082082446348
2007-02-09,0.9952160972486391,0.9927443920399327,0.0024717052087064317
2007-02-12,0.9954201328540423,0.9928066064403664,0.0026135264136758485
2007-02-13,0.9953655556086562,0.992836454967425,0.002529100641231241
2007-02-14,0.995244424620392,0.9927592161346033,0.0024852084857887036
2007-02-15,0.9949844178300148,0.9927592161346033,0.002225201695411516
2007-02-16,0.9951198027235958,0.9927592161346033,0.0023605865889925193
2007-02-20,0.9949157671181926,0.9927592161346033,0.002156550983589356
2007-02-21,0.9949157671181926,0.9927592161346033,0.002156550983589356
2007-02-22,0.9946845153515682,0.9930279087186299,0.0016566066329383178
2007-02-23,0.9944036294062301,0.9930130846239595,0.0013905447822705197
2007-02-26,0.9940990539152024,0.9930594159961786,0.0010396379190237282
2007-02-27,0.9937147690944834,0.9930594159961786,0.0006553530983047784
2007-02-28,0.9934553766412733,0.9928066064403663,0.0006487702009069229
2007-03-01,0.9934553766412733,0.9928066064403663,0.0006487702009069229
2007-03-02,0.9929073902129494,0.9922810673354943,0.000626322877455121
2007-03-05,0.9925589329625366,0.9923280514766089,0.0002308814859277586
2007-03-06,0.9924095664046142,0.9924717077474594,-6.214134284521222e-05
2007-03-07,0.992799720615905,0.9928066064403663,-6.885824461289047e-06
2007-03-08,0.993347707044229,0.9933062463981414,4.146064608767652e-05
2007-03-09,0.9934543071990868,0.9933709033767647,8.340382232208121e-05
2007-03-12,0.9936337763310203,0.9935433966452616,9.037968575875688e-05
2007-03-13,0.9936765427340851,0.9936927632031841,-1.6220469098993107e-05
2007-03-14,0.9935271761761627,0.9936273451002742,-0.00010016892411146561
2007-03-15,0.9938831336251289,0.9939421204972924,-5.898687216343568e-05
2007-03-16,0.9940325001830511,0.9936927632031841,0.00033973697986700024
2007-03-19,0.9939259000281936,0.9936273451002742,0.0002985549279194144
2007-03-20,0.993760328435144,0.9939421204972924,-0.00018179206214841148
2007-03-21,0.9935983278080698,0.9941686438162586,-0.0005703160081887981
2007-03-22,0.99398685175411,0.9943162054120208,-0.0003293536579108691
2007-03-23,0.9942716575711691,0.9944598616828711,-0.00018820411170206164
2007-03-26,0.9942999849429218,0.9945252797857811,-0.00022529484285926937
2007-03-27,0.9942999849429218,0.9941511948710527,0.000148790071869076
2007-03-28,0.9945560434577967,0.9938890582822475,0.0006669851755491951
2007-03-29,0.9945280724524764,0.9938364194740344,0.0006916529784419811
2007-03-30,0.9948776091096367,0.9941511948710527,0.0007264142385839945
2007-04-02,0.9948776091096365,0.9943322596907972,0.0005453494188393249
2007-04-03,0.9948359121487587,0.9943322596907972,0.0005036524579614676
2007-04-04,0.9951750582419797,0.9943322596907972,0.000842798551182522
2007-04-05,0.9954024544339432,0.994485372180347,0.0009170822535961021
2007-04-09,0.9954024544339432,0.994485372180347,0.0009170822535961021
2007-04-10,0.9951750582419797,0.994485372180347,0.0006896860616326661
2007-04-11,0.9952026817364218,0.9944112253331973,0.000791456403224533
2007-04-12,0.9950960815815642,0.9943020049990899,0.0007940765824742124
2007-04-13,0.9954247390837635,0.9941752082265085,0.001249530857254988
2007-04-16,0.9956095004101461,0.9940386209632832,0.0015708794468628495
2007-04-17,0.9957287346341557,0.9941752082265086,0.0015535264076470545
2007-04-18,0.9954386366226475,0.9937013347544317,0.001737301868215857
2007-04-19,0.9955722119544501,0.9932925037253947,0.0022797082290554327
2007-04-20,0.9956649145704237,0.9932925037253946,0.0023724108450291492
2007-04-23,0.9956649145704237,0.9933898473738454,0.0022750671965783287
2007-04-24,0.9956649145704237,0.9933898473738454,0.0022750671965783287
2007-04-25,0.9956232176095456,0.9934649969938915,0.0021582206156541828
2007-04-26,0.995489642277743,0.9934205194373726,0.0020691228403703077
2007-04-27,0.995146730870227,0.9934649969938915,0.0016817338763355227
2007-04-30,0.9949154791036027,0.9935886563593108,0.0013268227442918556
2007-05-01,0.9948492817378839,0.9935489454489042,0.001300336288979742
2007-05-02,0.994778891840377,0.9940174842937789,0.0007614075465981474
2007-05-03,0.9949154791036027,0.9940571952041855,0.0008582838994172226
2007-05-04,0.9950490544354051,0.9936483641751486,0.0014006902602565763
2007-05-07,0.9949438064753553,0.9936483641751486,0.0012954423002067283
2007-05-08,0.9946359667790732,0.9935886563593108,0.0010473104197623595
2007-05-09,0.9945138185471597,0.9934649969938916,0.001048821553268131
2007-05-10,0.9943926875588952,0.9934205194373728,0.0009721681215224542
2007-05-11,0.9942577600322847,0.9933678806291597,0.0008898794031250157
2007-05-14,0.9940921884392352,0.9932242243583094,0.0008679640809258204
2007-05-15,0.993760328435144,0.993208782554101,0.0005515458810428919
2007-05-16,0.9936410942111344,0.9933678806291599,0.0002732135819745185
2007-05-17,0.993760328435144,0.9932242243583094,0.000536104076834576
2007-05-18,0.9935983278080696,0.9932839321741471,0.0003143956339224374
2007-05-21,0.9939301878121608,0.9935954195547333,0.00033476825742750904
2007-05-22,0.9940921884392352,0.9931268807098586,0.000965307729376641
2007-05-23,0.9937464308962596,0.9928053772103898,0.0009410536858698304
2007-05-24,0.9937464308962596,0.9928053772103898,0.0009410536858698304
2007-05-25,0.9937464308962596,0.9928053772103898,0.0009410536858698304
2007-05-29,0.9937047339353815,0.9928053772103898,0.0008993567249917511
2007-05-30,0.99407881885011,0.993074857800387,0.0010039610497230012
2007-05-31,0.9938396614619921,0.9932242243583094,0.0006154371036827255
2007-06-01,0.9937047339353815,0.9933678806291597,0.000336853306221796
2007-06-04,0.9940645649447932,0.9936927632031841,0.0003718017416091124
2007-06-05,0.9938254075566754,0.9932242243583094,0.0006011831983659954
2007-06-06,0.9934266837046446,0.9928893256654024,0.0005373580392421529
2007-06-07,0.9934266837046446,0.9928893256654024,0.0005373580392421529
2007-06-08,0.9934266837046446,0.9928893256654024,0.0005373580392421529
2007-06-11,0.9934266837046444,0.9928053772103898,0.0006213064942546254
2007-06-12,0.9928786972763207,0.9923014537555616,0.0005772435207591631
2007-06-13,0.992799720615905,0.9920769375775929,0.0007227830383121914
2007-06-14,0.992799720615905,0.9919649648996819,0.0008347557162231567
2007-06-15,0.9930882425731143,0.9921894810776504,0.0008987614954639733
2007-06-18,0.9930882425731143,0.9921133011783727,0.0009749413947416352
2007-06-19,0.993619878792136,0.9921583799647502,0.0014614988273857765
2007-06-20,0.9934543071990866,0.9926017828289927,0.0008525243700938656
2007-06-21,0.9936337763310203,0.9926017828289927,0.0010319935020276505
2007-06-22,0.9936765427340851,0.9924765744318115,0.0011999683022736463
2007-06-25,0.9936765427340851,0.9924765744318115,0.0011999683022736463
2007-06-26,0.9936765427340851,0.9922462231094399,0.0014303196246452377
2007-06-27,0.9936765427340852,0.9919740513615326,0.001702491372552628
2007-06-28,0.9936765427340851,0.9918080109741764,0.0018685317599087536
2007-06-29,0.9936765427340851,0.9918080109741766,0.0018685317599085316
2007-07-02,0.9936765427340851,0.9918080109741766,0.0018685317599085316
2007-07-03,0.9937048701058379,0.9915194890169672,0.002185381088870675
2007-07-05,0.993840254999419,0.9910462376256661,0.002794017373752844
2007-07-06,0.9937048701058379,0.9910462376256661,0.00265863248017173
2007-07-09,0.9935841964845441,0.9907284873390382,0.0028557091455059247
2007-07-10,0.9935558691127915,0.9904518752935577,0.0031039938192337635
2007-07-11,0.9937925923377481,0.9907284873390382,0.0030641049987099045
2007-07-12,0.9941524233471594,0.9913130108333741,0.0028394125137852777
2007-07-13,0.9944739889989994,0.9915194890169672,0.0029544999820322326
2007-07-16,0.9942577600322848,0.9912400817401075,0.0030176782921773615
2007-07-17,0.9944211159311861,0.9917133331314084,0.0027077827997776804
2007-07-18,0.9945560434577965,0.9918921528134617,0.00266389064433481
2007-07-19,0.9944211159311861,0.9918793735187644,0.002541742412421666
2007-07-20,0.9947426815830261,0.9923128496961445,0.002429831886881617
2007-07-23,0.9949828570696866,0.9923128496961445,0.0026700073735420604
2007-07-24,0.9949124671721798,0.9924365090615638,0.002475958110616072
2007-07-25,0.9949124671721797,0.9924365090615638,0.002475958110615961
2007-07-26,0.9949124671721797,0.9922663203706981,0.0026461468014816747
2007-07-27,0.9951242040554512,0.9921231781277231,0.003001025927728107
2007-07-30,0.9951518275498936,0.9923102125261405,0.00284161502375313
2007-07-31,0.9950766779298472,0.9921571000365909,0.0029195778932563643
2007-08-01,0.9951945939529582,0.992013957793616,0.003180636159342165
2007-08-02,0.9952084914918423,0.9918773705303902,0.003331120961452161
2007-08-03,0.9955196665797433,0.9918773705303902,0.0036422960493531775
2007-08-06,0.9953079296964717,0.9921242009323529,0.003183728764118876
2007-08-07,0.9953362570682244,0.9921368350015048,0.003199422066719526
2007-08-08,0.9954400996248993,0.9919617637712811,0.0034783358536182307
2007-08-09,0.9953841487587044,0.9921111303292035,0.0032730184295008957
2007-08-10,0.9952347822007819,0.9922604968871259,0.0029742853136559555
2007-08-13,0.9952347822007819,0.9921111303292035,0.00312365187157837
2007-08-14,0.994791793550886,0.9917022993001666,0.00308949425071936
2007-08-15,0.9949373330684389,0.9916876702707065,0.003249662797732422
2007-08-16,0.9948621834483928,0.9918773705303904,0.002984812918002455
2007-08-17,0.9948621834483928,0.9921993324554184,0.002662850992974475
2007-08-20,0.9949411601088084,0.9921993324554184,0.0027418276533900388
2007-08-21,0.9945773695463314,0.9920413661177729,0.00253600342855842
2007-08-22,0.9944983928859158,0.9921993324554181,0.002299060430497657
2007-08-23,0.9943371940596711,0.9926227925139154,0.0017144015457557504
2007-08-24,0.9941751934325967,0.9927593797771409,0.0014158136554558443
2007-08-27,0.9942311442987916,0.9928959670403665,0.0013351772584250243
2007-08-28,0.9940046209798256,0.9926107953767489,0.0013938256030766594
2007-08-29,0.9938570593840633,0.9926107953767489,0.0012462640073144238
2007-08-30,0.9940046209798256,0.9926107953767488,0.0013938256030767704
2007-08-31,0.9941098689398754,0.992720015710856,0.001389853229019411
2007-09-04,0.9944839538546036,0.9930051873744737,0.0014787664801299005
2007-09-05,0.994244796466486,0.9927069357131577,0.0015378607533282906
2007-09-06,0.994334385117844,0.9928019021419482,0.0015324829758958103
2007-09-07,0.9946525191663774,0.9931962941396734,0.001456225026704061
2007-09-10,0.9948488142454408,0.9932508713850595,0.001597942860381285
2007-09-11,0.9948488142454406,0.9935172004123342,0.0013316138331064264
2007-09-12,0.9952270438392298,0.9938053448966438,0.001421698942585925
2007-09-13,0.9952270438392298,0.9938053448966438,0.001421698942585925
2007-09-14,0.9952270438392298,0.9935259358716709,0.0017011079675588459
2007-09-17,0.9951430953842172,0.9929546166525346,0.002188478731682597
2007-09-18,0.9950904565760043,0.9928717120353957,0.0022187445406085526
2007-09-19,0.9954438565745422,0.9931338486242012,0.0023100079503409754
2007-09-20,0.9954438565745423,0.9931338486242012,0.0023100079503410864
2007-09-21,0.9956249213942866,0.993174528330703,0.0024503930635836335
2007-09-24,0.9955263439098136,0.993174528330703,0.002351815579110683
2007-09-25,0.9955263439098136,0.9934926623792364,0.002033681530577258
2007-09-26,0.995639745488957,0.9940434873401309,0.0015962581488260241
2007-09-27,0.9959684029911561,0.993978069237221,0.001990333753935092
2007-09-28,0.9957347119177474,0.9934272442763267,0.0023074676414207573
2007-10-01,0.995639745488957,0.9933432958213138,0.0022964496676431967
2007-10-02,0.9955815994281976,0.9935595247880287,0.0020220746401689027
2007-10-03,0.9952841502958546,0.9935595247880287,0.0017246255078259276
2007-10-04,0.995681442449835,0.9938300201694278,0.0018514222804072444
2007-10-05,0.9958197308447144,0.994099959184984,0.0017197716597304735
2007-10-08,0.9957347119177474,0.9939273638178786,0.0018073480998688218
2007-10-09,0.9958197308447144,0.9938434153628658,0.001976315481848623
2007-10-10,0.9957623354121896,0.9937528710834937,0.0020094643286958647
2007-10-11,0.9954511603242886,0.9935595247880287,0.001891635536259928
2007-10-12,0.9954511603242886,0.9935595247880287,0.001891635536259928
2007-10-15,0.9953650432582091,0.9933698245283445,0.001995218729864523
2007-10-16,0.9954224386907341,0.9934478767004064,0.00197456199032775
2007-10-17,0.9958197308447144,0.9940054159899402,0.001814314854774235
2007-10-18,0.9958875438093706,0.9939273638178784,0.001960179991492228
2007-10-19,0.9955763687214698,0.9935595247880287,0.002016843933441148
2007-10-22,0.9954511603242886,0.9935595247880287,0.001891635536259928
2007-10-23,0.9953650432582091,0.9935595247880287,0.0018055184701804006
2007-10-24,0.9950295800674848,0.9935595247880287,0.001470055279456095
2007-10-25,0.9954224386907341,0.9938434153628658,0.0015790233278683008
2007-10-26,0.9958197308447144,0.9943733611687995,0.001446369675914938
2007-10-29,0.9958599203149286,0.9942828168894274,0.001577103425501214
2007-10-30,0.9955624711825857,0.994099959184984,0.0014625119976017231
2007-10-31,0.9958197308447144,0.9943733611687995,0.001446369675914938
2007-11-01,0.9958875438093706,0.9944573096238121,0.0014302341855585432
2007-11-02,0.9959442077513198,0.9945219666024355,0.001422241148884229
2007-11-05,0.9962448942481986,0.9947067279288184,0.0015381663193801964
2007-11-06,0.9962448942481986,0.9947201231222564,0.0015247711259421814
2007-11-07,0.9962448942481986,0.9947201231222564,0.0015247711259421814
2007-11-08,0.9962448942481986,0.9947201231222564,0.0015247711259421814
2007-11-09,0.9961450512265614,0.9943730350207662,0.001772016205795146
2007-11-12,0.996173378598314,0.9944501841067002,0.0017231944916138442
2007-11-13,0.9965495936759017,0.9949588511264095,0.0015907425494922078
2007-11-14,0.9968428989254408,0.9951096359512012,0.001733262974239591
2007-11-15,0.9966041709212877,0.9948683068470374,0.001735864074250304
2007-11-16,0.9964773741487064,0.9946117630249193,0.0018656111237871364
2007-11-19,0.9964911001042642,0.9947718167279921,0.0017192833762721405
2007-11-20,0.9963949597678554,0.9947718167279921,0.0016231430398633284
2007-11-21,0.9963949597678554,0.9947718167279921,0.0016231430398633284
2007-11-23,0.9966073720550399,0.9949997506387177,0.0016076214163222025
2007-11-26,0.9968622597167094,0.995285435340018,0.001576824376691377
2007-11-27,0.9971621983233265,0.9954782257654574,0.0016839725578691178
2007-11-28,0.9973153108128765,0.9957614005002837,0.0015539103125927767
2007-11-29,0.9972880262998128,0.9958806347242936,0.001407391575519279
2007-11-30,0.997369912730905,0.9958673990050234,0.0015025137258816157
2007-12-03,0.997369912730905,0.9959601016209968,0.0014098111099082322
2007-12-04,0.9976305161210005,0.9959601016209968,0.001670414500003714
2007-12-05,0.9977424887989117,0.9959601016209967,0.0017823871779150124
2007-12-06,0.9978264372539243,0.9958673990050233,0.0019590382489009794
2007-12-07,0.9977852552019764,0.9956746085795839,0.0021106466223924647
2007-12-10,0.9977424887989117,0.9953914338447575,0.002351054954154219
2007-12-11,0.9977424887989117,0.9954841364607309,0.0022583523381808357
2007-12-12,0.9979780767232552,0.9954444255503241,0.0025336511729311395
2007-12-13,0.9980053612363187,0.9954444255503244,0.002560935685994248
2007-12-14,0.9977970578250388,0.9954444255503244,0.0023526322747143835
2007-12-17,0.9977970578250388,0.9954444255503244,0.0023526322747143835
2007-12-18,0.9978674477225458,0.9956638468884719,0.0022036008340738933
2007-12-19,0.9978674477225458,0.995598428785562,0.0022690189369837244
2007-12-20,0.9977970578250388,0.9952721412626526,0.0025249165623861813
2007-12-21,0.9978674477225458,0.9952721412626526,0.002595306459893143
2007-12-24,0.9978674477225458,0.9951668045775274,0.0027006431450183888
2007-12-26,0.9976344678268921,0.9951668045775274,0.00246766324936476
2007-12-27,0.997376754130912,0.994933824681874,0.0024429294490380116
2007-12-28,0.9973630281753542,0.9950254354114413,0.002337592763912877
2007-12-31,0.9976207418713342,0.9951668045775274,0.0024539372938068293
2008-01-02,0.9973491306364699,0.994933824681874,0.0024153059545959366
2008-01-03,0.9973218461234062,0.9950254354114413,0.002296410711964958
2008-01-04,0.9975658338638287,0.9952721412626526,0.002293692601176067
2008-01-07,0.9975658338638285,0.9952721412626528,0.002293692601175623
2008-01-08,0.9975091699218797,0.9952721412626528,0.002237028659226814
2008-01-09,0.9975367934163216,0.9954804446739327,0.0020563487423889137
2008-01-10,0.9977697733119751,0.9954550313100837,0.002314742001891412
2008-01-11,0.9977697733119751,0.9952194433857402,0.00255032992623494
2008-01-14,0.9977697733119751,0.9952457591027087,0.002524014209266401
2008-01-15,0.9977697733119751,0.9953510957878341,0.002418677524141044
2008-01-16,0.9977697733119751,0.9955196882887073,0.002250085023267845
2008-01-17,0.9976847543850081,0.9955466420396513,0.0021381123453568796
2008-01-18,0.9976578006340642,0.9954804446739327,0.0021773559601314663
2008-01-22,0.9977697733119751,0.9954550313100836,0.0023147420018915232
2008-01-23,0.9977697733119754,0.9951506152238381,0.0026191580881372856
2008-01-24,0.9977424887989115,0.9950327864314022,0.0027097023675092258
2008-01-25,0.9974818854088159,0.9948378782135605,0.002644007195255371
2008-01-28,0.9975230674607638,0.9945158141773638,0.003007253283400013
2008-01-29,0.9977424887989117,0.9943717345456704,0.0033707542532412926
2008-01-30,0.9975230674607638,0.9943717345456703,0.0031513329150935077
2008-01-31,0.9975091699218797,0.9943717345456703,0.003137435376209363
2008-02-01,0.9977151960665891,0.9942013639032159,0.0035138321633731984
2008-02-04,0.9974822161709357,0.994021653475475,0.0034605626954606894
2008-02-05,0.9971532095035462,0.9934646228310035,0.003688586672542793
2008-02-06,0.9971115125426682,0.9933684824945945,0.0037430300480736367
2008-02-07,0.9971828055140772,0.9937217148688577,0.003461090645219489
2008-02-08,0.9971828055140772,0.9937217148688577,0.003461090645219489
2008-02-11,0.9971828055140772,0.9937217148688577,0.003461090645219489
2008-02-12,0.9971972445453893,0.9939464352566036,0.0032508092887856277
2008-02-13,0.9972531954115843,0.9942508513428495,0.0030023440687347858
2008-02-14,0.9973361000287232,0.9944499149219326,0.0028861851067906175
2008-02-15,0.9973361000287231,0.9944499149219326,0.0028861851067905064
2008-02-19,0.9973218461234062,0.9942508513428495,0.003070994780556724
2008-02-20,0.9975934573582707,0.9944678853323277,0.003125572025942991
2008-02-21,0.9976356822689079,0.9945652289807787,0.00307045328812916
2008-02-22,0.9976629667819715,0.9944415696153593,0.0032213971666121832
2008-02-25,0.9976629667819714,0.9947549292404626,0.0029080375415088122
2008-02-26,0.9976629667819714,0.9945652289807787,0.0030977378011927126
2008-02-27,0.9976629667819714,0.9942508513428494,0.00341211543912201
2008-02-28,0.9973913555471069,0.9940095222386857,0.0033818333084212338
2008-02-29,0.9971364678854373,0.9938725141651649,0.003263953720272439
2008-03-03,0.997418979041549,0.9938991450778734,0.0035198339636756115
2008-03-04,0.9976629667819714,0.9936854524693299,0.003977514312641484
2008-03-05,0.9979096726331828,0.9936854524693302,0.004224220163852599
2008-03-06,0.997937643638503,0.9934930090609954,0.004444634577507656
2008-03-07,0.9979513695940608,0.9933810363830843,0.0045703332109765515
2008-03-10,0.9979237460996188,0.9932672317127812,0.0046565143868375625
2008-03-11,0.9979513695940608,0.9933810363830843,0.0045703332109765515
2008-03-12,0.997937643638503,0.9932672317127812,0.004670411925721818
2008-03-13,0.9979513695940608,0.9933678006638141,0.004583568930246695
2008-03-14,0.9982008550572886,0.9937185013458781,0.0044823537114104806
2008-03-17,0.9984114867931142,0.9939201195396351,0.004491367253479095
2008-03-18,0.9986107736978086,0.9944415696153593,0.0041692040824492516
2008-03-19,0.9988123247657847,0.9947449394085196,0.004067385357265141
2008-03-20,0.998771142713837,0.9946923006003068,0.004078842113530268
2008-03-24,0.9987438582007732,0.9946923006003068,0.004051557600466382
2008-03-25,0.998757416758279,0.9945255180703719,0.004231898687907076
2008-03-26,0.9985695916458606,0.9944102040115258,0.004159387634334766
2008-03-27,0.9985695916458606,0.9944102040115258,0.004159387634334766
2008-03-28,0.9985143361274768,0.9944102040115258,0.004104132115950954
2008-03-31,0.9984597588820906,0.9947867503059681,0.003673008576122516
2008-04-01,0.9984331279693823,0.9952737233110028,0.0031594046583794944
2008-04-02,0.9984331279693823,0.9953296741771974,0.003103453792184907
2008-04-03,0.9981778901984932,0.9950204915468666,0.003157398651626675
2008-04-04,0.9979255615017895,0.9950204915468666,0.002905069954922901
2008-04-07,0.9979255615017895,0.9952534714425202,0.002672090059269272
2008-04-08,0.99819214410381,0.9955170303721839,0.0026751137316260998
2008-04-09,0.9981921441038099,0.9952951684033982,0.002896975700411697
2008-04-10,0.998233841064688,0.995399271240276,0.002834569824411992
2008-04-11,0.9981921441038102,0.9954268947347182,0.002765249369091949
2008-04-14,0.9981361932376152,0.99543952880387,0.002696664433745166
2008-04-15,0.9982822106743968,0.995904376037268,0.0023778346371288173
2008-04-16,0.9981600624424832,0.9961167896387707,0.002043272803712526
2008-04-17,0.9980761139874706,0.9962094922547442,0.0018666217327264478
2008-04-18,0.9982503805423832,0.9963285132610022,0.0019218672813809956
2008-04-21,0.9984970143620665,0.9965278001656965,0.0019692141963699727
2008-04-22,0.9984970143620667,0.9965278001656965,0.001969214196370195
2008-04-23,0.9985665237857674,0.9967293512336728,0.0018371725520945903
2008-04-24,0.9985665237857674,0.9969251705749086,0.001641353210858787
2008-04-25,0.998636033209468,0.9969251705749086,0.0017108626345594402
2008-04-28,0.9984038384210965,0.9969251705749088,0.0014786678461876646
2008-04-29,0.9981600624424832,0.9969251705749085,0.00123489186757475
2008-04-30,0.9980761139874709,0.9967934442435886,0.0012826697438822476
2008-05-01,0.9979267474295482,0.9970528366967989,0.000873910732749339
2008-05-02,0.9978281699450754,0.9970907421679581,0.0007374277771172721
2008-05-05,0.9978801928545471,0.9967097219680482,0.0011704708864989088
2008-05-06,0.9978147747516373,0.9967373454624904,0.0010774292891468917
2008-05-07,0.9979890413065499,0.9968289561920577,0.0011600851144921709
2008-05-08,0.998125095758512,0.9967373454624903,0.0013877502960217836
2008-05-09,0.9983600264762085,0.9968461939144929,0.0015138325617155557
2008-05-12,0.9984852348733895,0.9969515305996182,0.001533704273771308
2008-05-13,0.9986201624000001,0.9966503745732571,0.0019697878267429525
2008-05-14,0.9985218189455293,0.9966503745732571,0.0018714443722721574
2008-05-15,0.9986057674005419,0.9970361637922273,0.0015696036083145959
2008-05-16,0.9986191625939801,0.9971277745217948,0.0014913880721852957
2008-05-19,0.9984961881397162,0.9967419853028245,0.0017542028368916496
2008-05-20,0.9982524121611029,0.9966331368508219,0.0016192753102810542
2008-05-21,0.9980666838139145,0.9966331368508219,0.0014335469630926134
2008-05-22,0.9981628241503233,0.9966331368508219,0.0015296872995014255
2008-05-23,0.9982457287674623,0.9963280206333457,0.0019177081341166247
2008-05-27,0.9982314748621454,0.9964069972937613,0.0018244775683841086
2008-05-28,0.9984867126330347,0.9965158457457641,0.0019708668872705504
2008-05-29,0.9984314571146508,0.9964242350161966,0.0020072220984541644
2008-05-30,0.9984867126330347,0.9961676911940786,0.002319021438956126
2008-06-02,0.9983009842858461,0.995993424639166,0.0023075596466801684
2008-06-03,0.9984733174395964,0.9960771469147064,0.002396170524890051
2008-06-04,0.9984867126330347,0.9964242350161966,0.0020624776168380876
2008-06-05,0.9984867126330347,0.9967293512336728,0.0017573613993618897
2008-06-06,0.9984867126330347,0.9967020667206091,0.0017846459124255531
2008-06-09,0.9984733174395964,0.9966641612494498,0.0018091561901466546
2008-06-10,0.998647583994509,0.9967742078059078,0.0018733761886012834
2008-06-11,0.9986609791879473,0.9967020667206091,0.0019589124673381475
2008-06-12,0.998716234706331,0.9964896531191065,0.002226581587224441
2008-06-13,0.998716234706331,0.9964896531191065,0.002226581587224441
2008-06-16,0.9987574167582789,0.9964896531191065,0.00226776363917236
2008-06-17,0.9987574167582789,0.9964896531191065,0.00226776363917236
2008-06-18,0.9985278946849826,0.9962881020511303,0.002239792633852322
2008-06-19,0.9985695916458606,0.9960588427420758,0.0025107489037847763
2008-06-20,0.9985284095939128,0.9960588427420758,0.0024695668518369684
2008-06-23,0.9985284095939128,0.9960588427420758,0.0024695668518369684
2008-06-24,0.9984877298874109,0.9957197759244693,0.002767953962941605
2008-06-25,0.9985423071327969,0.9957333344819751,0.002808972650821806
2008-06-26,0.9985289119393587,0.9957197759244693,0.002809136014889413
2008-06-27,0.998487729887411,0.9953382107522897,0.0031495191351212926
2008-06-30,0.9984877298874109,0.9956292316450972,0.0028584982423136562
2008-07-01,0.9986892809553871,0.9959934246391657,0.002695856316221379
2008-07-02,0.9988253354073493,0.995993424639166,0.0028319107681833433
2008-07-03,0.9988253354073493,0.995993424639166,0.0028319107681833433
2008-07-07,0.9988931483720056,0.995993424639166,0.002899723732839643
2008-07-08,0.9989067069295114,0.9960850353687334,0.0028216715607780607
2008-07-09,0.9988248204984191,0.9958113866540369,0.0030134338443822406
2008-07-10,0.9988514514111276,0.9957333344819751,0.003118116929152537
2008-07-11,0.9990297181868747,0.9958295488648259,0.003200169322048807
2008-07-14,0.9988651773666855,0.995725446027948,0.0031397313387374615
2008-07-15,0.9987822727495465,0.9953438808557685,0.0034383918937779256
2008-07-16,0.9987822727495465,0.9950487705705158,0.003733502179030679
2008-07-17,0.9987118828520396,0.9946192715292153,0.004092611322824347
2008-07-18,0.9985625926808073,0.9944314464167968,0.004131146264010455
2008-07-21,0.9985625926808073,0.9943362623489804,0.004226330331826844
2008-07-22,0.9985625926808073,0.9939914342651451,0.004571158415662135
2008-07-23,0.9985356389298634,0.9939914342651451,0.0045442046647182766
2008-07-24,0.9985356389298634,0.9939914342651451,0.0045442046647182766
2008-07-25,0.9987118828520398,0.9941637674188953,0.004548115433144484
2008-07-28,0.9987118828520398,0.9940620474882631,0.004649835363776722
2008-07-29,0.9987118828520398,0.9941637674188953,0.004548115433144484
2008-07-30,0.9988764236722293,0.9942229188497373,0.004653504822491938
2008-07-31,0.9987118828520398,0.9940620474882631,0.004649835363776722
2008-08-01,0.9985866744548586,0.9940866183329614,0.004500056121897189
2008-08-04,0.9985866744548586,0.9941457697638035,0.00444090469105507
2008-08-05,0.9987512152750481,0.994295059935036,0.004456155340012091
2008-08-06,0.9988903699299874,0.9943188423339783,0.004571527596009095
2008-08-07,0.9988903699299874,0.9943188423339783,0.004571527596009095
2008-08-08,0.9988903699299874,0.9943188423339785,0.004571527596008873
2008-08-11,0.9988903699299874,0.9943188423339783,0.004571527596009095
2008-08-12,0.9987778461877564,0.9942584043506666,0.004519441837089855
2008-08-13,0.9986378136959049,0.9938045015602388,0.004833312135666068
2008-08-14,0.998751215275048,0.9942950599350362,0.004456155340011758
2008-08-15,0.9988637390172791,0.9943188423339785,0.004544896683300603
2008-08-18,0.9988637390172791,0.9942584043506667,0.004605334666612393
2008-08-19,0.9988637390172791,0.9941405755582311,0.0047231634590479965
2008-08-20,0.9988637390172791,0.9945759479214386,0.004287791095840543
2008-08-21,0.9988903699299876,0.9943956112145512,0.004494758715436364
2008-08-22,0.9989170008426957,0.9943956112145512,0.004521389628144523
2008-08-25,0.9987769683508442,0.9945759479214386,0.004201020429405622
2008-08-26,0.9986219114266045,0.9944987988355047,0.004123112591099765
2008-08-27,0.9986219114266045,0.994952600160801,0.0036693112658034988
2008-08-28,0.9987769683508442,0.9954122512662433,0.0033647170846008434
2008-08-29,0.9988775373018773,0.9955786904342461,0.0032988468676312666
2008-09-02,0.9988775373018773,0.9954757928545005,0.003401744447376842
2008-09-03,0.9988775373018773,0.9958819288713785,0.0029956084304988417
2008-09-04,0.9988775373018771,0.9960226872926257,0.002854850009251453
2008-09-05,0.9988775373018771,0.9961255848723715,0.0027519524295056552
2008-09-08,0.9988775373018773,0.9961255848723712,0.0027519524295060993
2008-09-09,0.9988378263914706,0.996228482452117,0.0026093439393535256
2008-09-10,0.998798115481064,0.9961255848723715,0.002672530608692547
2008-09-11,0.998798115481064,0.99648977786644,0.002308337614624012
2008-09-12,0.998798115481064,0.9965914977970722,0.002206617683991774
2008-09-15,0.9987106265277292,0.9965792802527474,0.0021313462749817935
2008-09-16,0.9986970679702234,0.996657332424809,0.0020397355454143673
2008-09-17,0.998771629025752,0.9967458166361712,0.0020258123895807723
2008-09-18,0.998771629025752,0.9967458166361712,0.0020258123895807723
2008-09-19,0.9988378263914706,0.9966943953768177,0.0021434310146528635
2008-09-22,0.9988378263914706,0.9966698245321195,0.0021680018593510653
2008-09-23,0.9987981154810638,0.9963056315380509,0.0024924839430129353
2008-09-24,0.9987981154810638,0.996657332424809,0.002140783056254758
2008-09-25,0.9989132306051343,0.9970289913709977,0.0018842392341366088
2008-09-26,0.9990161281848801,0.9970414834783079,0.0019746447065721595
2008-09-29,0.9990161281848801,0.9969397635476757,0.0020763646372043976
2008-09-30,0.9990424439018484,0.9970414834783081,0.0020009604235402545
2008-10-01,0.998900622696879,0.9969643343923741,0.001936288304504874
2008-10-02,0.9986540688462827,0.9965926754461857,0.0020613934000970335
2008-10-03,0.9986277531293143,0.9965926754461855,0.0020350776831288275
2008-10-06,0.9987172555156217,0.996617246290884,0.002100009224737742
2008-10-07,0.9986540688462827,0.9965926754461855,0.0020613934000972556
2008-10-08,0.9986408331270126,0.9963056315380509,0.0023352015889617217
2008-10-09,0.9986910918985453,0.9963056315380509,0.0023854603604944735
2008-10-10,0.9986910918985453,0.996228482452117,0.0024626094464282877
2008-10-13,0.9988347481693957,0.9965926754461857,0.0022420727232099757
2008-10-14,0.9987959609791943,0.9965926754461857,0.0022032855330086365
2008-10-15,0.9987584815023586,0.9964654755824441,0.002293005919914437
2008-10-16,0.99873216578539,0.9965301325610677,0.0022020332243223306
2008-10-17,0.9985885095145397,0.9965301325610677,0.0020583769534719965
2008-10-20,0.9986277531293143,0.996568919751269,0.002058833378045244
2008-10-21,0.9985885095145397,0.9962952710365726,0.002293238477967141
2008-10-22,0.9984733943904693,0.9961561163816333,0.0023172780088360767
2008-10-23,0.9984733943904693,0.9961690442794395,0.002304350111029807
2008-10-24,0.9983142963154106,0.9957751258068863,0.0025391705085242577
2008-10-27,0.9982397352598819,0.9957089284411678,0.002530806818714093
2008-10-28,0.998187096451669,0.9960525881421881,0.0021345083094809203
2008-10-29,0.998187096451669,0.9960525881421881,0.0021345083094809203
2008-10-30,0.9983142963154104,0.9961391039889145,0.0021751923264958783
2008-10-31,0.9985260331986819,0.9960766276730569,0.0024494055256250036
2008-11-03,0.9983142963154104,0.9960525881421881,0.0022617081732222433
2008-11-04,0.998126143738222,0.9960525881421881,0.002073555596033838
2008-11-05,0.998126143738222,0.9961690442794395,0.0019570994587824186
2008-11-06,0.998126143738222,0.996255560126166,0.0018705836120559427
2008-11-07,0.9983535399301852,0.996656408704604,0.0016971312255811277
2008-11-10,0.9983798556471535,0.9966061499330713,0.0017737057140821966
2008-11-11,0.9983666199278834,0.9962053013546331,0.0021613185732503037
2008-11-12,0.9983406120323789,0.9957751258068863,0.0025654862254925748
2008-11-13,0.9983139811196706,0.9957089284411678,0.0026050526785028616
2008-11-14,0.9983636781408312,0.9957329679720366,0.00263071016879457
2008-11-17,0.9983636781408312,0.995807529027565,0.0025561491132661818
2008-11-18,0.9983636781408312,0.996213665044443,0.0021500130963881814
2008-11-19,0.9981108685850191,0.9962798624101618,0.0018310061748573192
2008-11-20,0.9981492098466739,0.9958737263932838,0.002275483453390126
2008-11-21,0.9984268648101701,0.995807529027565,0.0026193357826050923
2008-11-24,0.9986765071646008,0.996213665044443,0.0024628421201577932
2008-11-25,0.9986250859052477,0.9962798624101618,0.002345223495085924
2008-11-26,0.998413349021976,0.9959234234144444,0.0024899256075315845
2008-11-28,0.9983092461850982,0.9957826649931972,0.0025265811919009673
2008-12-01,0.9983092461850982,0.9957826649931972,0.0025265811919009673
2008-12-02,0.9983092461850982,0.9957826649931972,0.0025265811919009673
2008-12-03,0.9983092461850982,0.9957826649931972,0.0025265811919009673
2008-12-04,0.9983092461850982,0.9957826649931972,0.0025265811919009673
2008-12-05,0.9983606674444515,0.9958329237647301,0.002527743679721417
2008-12-08,0.9984268648101702,0.9961765834657504,0.0022502813444197356
2008-12-09,0.9981740552543581,0.9958991211304487,0.0022749341239094445
2008-12-10,0.9982119607255169,0.9958075104008812,0.002404450324635654
2008-12-11,0.9981480473588533,0.9958991211304487,0.0022489262284046685
2008-12-12,0.99793077603418,0.9955124001156284,0.002418375918551652
2008-12-15,0.998021320313552,0.9953596869031832,0.0026616334103687356
2008-12-16,0.998059661575207,0.9953975923743424,0.0026620692008645364
2008-12-17,0.9980859772921755,0.9952992489198714,0.0027867283723040925
2008-12-18,0.9978011714751166,0.9953596869031832,0.0024414845719333833
2008-12-19,0.9978395127367716,0.9953975923743424,0.002441920362429184
2008-12-22,0.9978395127367714,0.9953246622837204,0.0025148504530509985
2008-12-23,0.9978138055442684,0.9952867568125612,0.002527048731707171
2008-12-24,0.9978138055442684,0.9952867568125612,0.002527048731707171
2008-12-26,0.9980986113613275,0.995096786934827,0.0030018244265005434
2008-12-29,0.9980859772921755,0.995096786934827,0.00298919035734857
2008-12-30,0.9980859772921757,0.995096786934827,0.002989190357348792
2008-12-31,0.9978525927344699,0.9945959189183595,0.003256673816110389
2009-01-02,0.9978652268036217,0.9945020980581986,0.003363128745423105
2009-01-05,0.9978138055442684,0.9945959189183595,0.003217886625908828
2009-01-06,0.9978138055442684,0.9946672878935263,0.003146517650742031
2009-01-07,0.9978138055442685,0.9947974699863356,0.003016335557932903
2009-01-08,0.997762384284915,0.9943497443227546,0.0034126399621604575
2009-01-09,0.9976852351989811,0.9943497443227546,0.0033354908762265323
2009-01-12,0.9976601090225189,0.9943497443227546,0.003310364699764312
2009-01-13,0.9979574069468884,0.9943625236174516,0.0035948833294368043
2009-01-14,0.9979574069468884,0.9944287209831701,0.0035286859637182477
2009-01-15,0.9979574069468884,0.9943662446673125,0.003591162279575899
2009-01-16,0.9979574069468884,0.9946975141936424,0.0032598927532460076
2009-01-20,0.9979053840374167,0.9947507836615549,0.0031546003758617935
2009-01-21,0.9978919888439785,0.9943662446673125,0.003525744176665957
2009-01-22,0.9979574069468884,0.9941784195548942,0.0037789873919942263
2009-01-23,0.9979574069468884,0.9941784195548942,0.0037789873919942263
2009-01-26,0.9979574069468884,0.9941784195548942,0.0037789873919942263
2009-01-27,0.9979574069468884,0.9941784195548942,0.0037789873919942263
2009-01-28,0.9981480473588533,0.9941784195548942,0.003969627803959153
2009-01-29,0.998058544972546,0.9941784195548943,0.003880125417651703
2009-01-30,0.9980708982729196,0.9940909306015595,0.003979967671360107
2009-02-02,0.9982982944648828,0.9944623895981034,0.003835904866779427
2009-02-03,0.9982982944648828,0.9949161909233996,0.0033821035414832723
2009-02-04,0.9980708982729196,0.9946031480193506,0.0034677502535690463
2009-02-05,0.9981614425522916,0.9945369506536318,0.003624491898659765
2009-02-06,0.998388838744255,0.994876947308625,0.0035118914356300213
2009-02-09,0.998388838744255,0.9950056209902012,0.0033832177540538133
2009-02-10,0.9981614425522916,0.9946656243352082,0.003495818217083335
2009-02-11,0.9981480473588533,0.9942553781484628,0.0038926692103905536
2009-02-12,0.9983754435508169,0.9940560912437687,0.004319352307048163
2009-02-13,0.9983505981431328,0.9940560912437687,0.004294506899364059
2009-02-17,0.9981232019511693,0.99409487843397,0.004028323517199284
2009-02-18,0.9981480473588533,0.9940021758179965,0.0041458715408567715
2009-02-19,0.9982006861670661,0.9939080002194223,0.004292685947643871
2009-02-20,0.9982137661647645,0.9937639205877288,0.00444984557703576
2009-02-23,0.9981374994977276,0.9939080002194223,0.004229499278305293
2009-02-24,0.9981111837807588,0.9937887659954128,0.004322417785346033
2009-02-25,0.9981374994977276,0.9936585147561946,0.004478984741532965
2009-02-26,0.9980603504117935,0.9938271072570677,0.004233243154725841
2009-02-27,0.998235107795544,0.9938271072570677,0.004408000538476342
2009-03-02,0.9981064341139677,0.9938650127282268,0.004241421385740907
2009-03-03,0.9980301674469304,0.9934236020451094,0.004606565401821028
2009-03-04,0.9981892655219892,0.9939840337344851,0.004205231787504093
2009-03-05,0.9981649632379934,0.9941032679584948,0.004061695279498623
2009-03-06,0.998048507100742,0.9942109441336214,0.003837562967120567
2009-03-09,0.9981649632379933,0.9941032679584948,0.004061695279498512
2009-03-10,0.9982655321890265,0.9939715416271748,0.004293990561851646
2009-03-11,0.9982921631017346,0.993865012728227,0.0044271503735076045
2009-03-12,0.9980301674469304,0.9939840337344851,0.004046133712445332
2009-03-13,0.9981318873775626,0.9938395993643782,0.0042922880131844865
2009-03-16,0.9981588411285067,0.9938650127282268,0.00429382840027992
2009-03-17,0.9981588411285067,0.9939840337344853,0.004174807394021429
2009-03-18,0.9981588411285067,0.993865012728227,0.004293828400279698
2009-03-19,0.9982617387082522,0.9937443391069333,0.004517399601318917
2009-03-20,0.9983512410945597,0.9937443391069333,0.004606901987626477
2009-03-23,0.9984283901804936,0.9938633601131915,0.004565030067302023
2009-03-24,0.9983512410945597,0.9939966678036368,0.004354573290922925
2009-03-25,0.9983512410945597,0.9939840337344851,0.004367207360074676
2009-03-26,0.9983512410945597,0.9944069139903823,0.00394432710417747
2009-03-27,0.9982617387082523,0.9946338243895185,0.0036279143187337715
2009-03-30,0.998172236321945,0.9946464584586705,0.0035257778632744596
2009-03-31,0.998172236321945,0.9942235782027733,0.003948658119171666
2009-04-01,0.9982617387082523,0.9945272242346608,0.0037345144735915214
2009-04-02,0.9983512410945597,0.9949192437991258,0.003431997295433975
2009-04-03,0.9984151544612235,0.9949192437991258,0.0034959106620977565
2009-04-06,0.9984151544612235,0.9948938304352768,0.003521324025946737
2009-04-07,0.9984665757205768,0.9947480306375207,0.003718545083056135
2009-04-08,0.9984665757205768,0.9947480306375207,0.003718545083056135
2009-04-09,0.998652304708344,0.9952309660351921,0.0034213386731518636
2009-04-13,0.998574252536282,0.9953642737256376,0.0032099788106443317
2009-04-14,0.9986125937979372,0.9952061206275081,0.0034064731704290807
2009-04-15,0.998652304708344,0.9952309660351921,0.0034213386731518636
2009-04-16,0.9988865052585664,0.9956125312073717,0.0032739740511946724
2009-04-17,0.9986647968156542,0.9957458388978172,0.0029189579178370284
2009-04-20,0.9986384810986857,0.9956000391000611,0.0030384419986245748
2009-04-21,0.9987031380773093,0.9955616978384062,0.0031414402389030593
2009-04-22,0.9985306448088124,0.9950964103906861,0.003434234418126292
2009-04-23,0.9984914011940378,0.9949871900565789,0.0035042111374589124
2009-04-24,0.9985174090895421,0.995317921859793,0.003199487229749165
2009-04-27,0.9984665757205768,0.995317921859793,0.00314865386078389
2009-04-28,0.9984151544612235,0.9953562631214481,0.003058891339775438
2009-04-29,0.9984151544612235,0.9953562631214481,0.003058891339775438
2009-04-30,0.9984151544612235,0.9953562631214481,0.003058891339775438
2009-05-01,0.9984151544612235,0.9953941685926073,0.0030209858686162105
2009-05-04,0.9986647968156542,0.9957204561155165,0.0029443407001377153
2009-05-05,0.9986008834489905,0.9957204561155165,0.002880427333473934
2009-05-06,0.9985237343630566,0.9957332354102136,0.0027904989528430013
2009-05-07,0.9985237343630566,0.9957332354102136,0.0027904989528430013
2009-05-08,0.9985237343630566,0.9957332354102135,0.0027904989528431123
2009-05-11,0.998420836783311,0.9959770113888269,0.002443825394484067
2009-05-12,0.9983313343970036,0.9959770113888269,0.0023543230081767286
2009-05-13,0.9982162192729332,0.9957586181925141,0.0024576010804191473
2009-05-14,0.9982026607154274,0.995855885454275,0.002346775261152456
2009-05-15,0.9982162192729332,0.9957458388978172,0.0024703803751160436
2009-05-18,0.9980571211978745,0.9958304720904261,0.0022266491074484085
2009-05-19,0.998172236321945,0.9957458388978172,0.0024263974241277575
2009-05-20,0.998172236321945,0.9957458388978172,0.0024263974241277575
2009-05-21,0.998172236321945,0.9957458388978172,0.0024263974241277575
2009-05-22,0.9980571211978745,0.9957458388978172,0.0023112823000572824
2009-05-26,0.9980571211978743,0.9961821729771845,0.0018749482206897872
2009-05-27,0.9980571211978743,0.996301407201194,0.001755713996680286
2009-05-28,0.9979299213341329,0.9962075863410332,0.0017223349930997056
2009-05-29,0.998075460851686,0.9960975397845755,0.0019779210671104774
2009-06-01,0.9983220147022821,0.9961821729771845,0.0021398417250976243
2009-06-02,0.9982055585650308,0.9962887731320421,0.0019167854329886769
2009-06-03,0.9982055585650308,0.9962887731320421,0.0019167854329886769
2009-06-04,0.9981918326094728,0.9962508676608829,0.0019409649485898628
2009-06-05,0.9981648788585289,0.9961787265755843,0.001986152282944631
2009-06-08,0.9982055585650308,0.9962887731320422,0.0019167854329885659
2009-06-09,0.9981918326094728,0.996585027864567,0.00160680474490571
2009-06-10,0.9980631589278964,0.9966903645496923,0.0013727943782041452
2009-06-11,0.9979240042729571,0.9967632946403145,0.001160709632642587
2009-06-12,0.9980631589278964,0.9966649511858434,0.0013982077420530148
2009-06-15,0.9982055585650306,0.9965979557623731,0.0016076028026574818
2009-06-16,0.9982055585650306,0.9965979557623731,0.0016076028026574818
2009-06-17,0.9984368821563078,0.9967964718249915,0.0016404103313162333
2009-06-18,0.9985506868266109,0.9970976278513527,0.001453058975258159
2009-06-19,0.9984368821563078,0.9970976278513527,0.0013392543049550731
2009-06-22,0.9984611844403035,0.9970846999535465,0.0013764844867569792
2009-06-23,0.9982055585650308,0.9971959713058236,0.0010095872592071897
2009-06-24,0.9982055585650308,0.9974681430537308,0.0007374155113000214
2009-06-25,0.9983339845765622,0.9977979381206352,0.0005360464559269751
2009-06-26,0.9983067000634984,0.9978917589807959,0.000414941082702569
2009-06-29,0.9983067000634983,0.997891758980796,0.000414941082702347
2009-06-30,0.9983202586210042,0.9980462433576008,0.0002740152634033155
2009-07-01,0.9984747429978094,0.9980205361650977,0.00045420683271168993
2009-07-02,0.9984747429978094,0.9980995128255135,0.00037523017229590394
2009-07-06,0.9983202586210042,0.9981492098466741,0.0001710487743300515
2009-07-07,0.9984231562007497,0.9980607256353117,0.0003624305654380544
2009-07-08,0.9982428194938626,0.9980223843736566,0.0002204351202059751
2009-07-09,0.9982428194938626,0.998022384373657,0.00022043512020564204
2009-07-10,0.9984467653523778,0.998022384373657,0.00042438097872077307
2009-07-13,0.9985317842793449,0.9979960686566883,0.0005357156226565296
2009-07-14,0.9986575437408459,0.9979469209650086,0.0007106227758373329
2009-07-15,0.998712120986232,0.99788072359929,0.0008313973869419344
2009-07-16,0.9986575437408459,0.9977942077525637,0.0008633359882822544
2009-07-17,0.9987491544704136,0.9977535280460618,0.0009956264243518032
2009-07-20,0.9989175363861029,0.9977535280460619,0.001164008340041045
2009-07-21,0.9989563235763043,0.9975613637314302,0.001394959844874033
2009-07-22,0.9989563235763043,0.9976001509216316,0.0013561726546726938
2009-07-23,0.9990669029440253,0.9974922565950349,0.001574646348990405
2009-07-24,0.9991165999651856,0.9973822100385772,0.0017343899266084595
2009-07-27,0.9990326515101732,0.9971518587162056,0.0018807927939675784
2009-07-28,0.9990326515101732,0.9972619052726635,0.0017707462375097238
2009-07-29,0.9991089181772104,0.9972361980801602,0.0018727200970501956
2009-07-30,0.9990376252058013,0.997321762239934,0.001715862965867343
2009-07-31,0.9990896481152729,0.9972361980801602,0.0018534500351127248
2009-08-03,0.9989594660224637,0.9972361980801602,0.0017232679423034858
2009-08-04,0.9989594660224639,0.9972361980801602,0.0017232679423037078
2009-08-05,0.9990226526918025,0.9971974108899586,0.0018252418018438465
2009-08-06,0.9990226526918027,0.9970498492941963,0.001972803397606415
2009-08-07,0.9990226526918027,0.9969851923155727,0.0020374603762299826
2009-08-10,0.9990357326895009,0.9969851923155727,0.002050540373928156
2009-08-11,0.999035732689501,0.9969851923155727,0.002050540373928267
2009-08-12,0.9991535614819368,0.9968946480362006,0.0022589134457361437
2009-08-13,0.9990004489923867,0.9965252090265326,0.0024752399658540813
2009-08-14,0.9988066048779455,0.996211560892861,0.0025950439850844775
2009-08-17,0.9987551836185922,0.9960247148581026,0.002730468760489546
2009-08-18,0.9988467943481596,0.9959082587208515,0.0029385356273080587
2009-08-19,0.998780596982441,0.9954942940513727,0.0032863029310683523
2009-08-20,0.9987034478965072,0.9952806014428295,0.0034228464536777414
2009-08-21,0.9988045893949749,0.995493015044332,0.0033115743506428874
2009-08-24,0.9988438330097495,0.995493015044332,0.003350817965417585
2009-08-25,0.9988063535329138,0.9956231971371412,0.0031831563957726017
2009-08-26,0.9987125326727531,0.9955525839140232,0.0031599487587298247
2009-08-27,0.9986500563568954,0.9956231971371412,0.0030268592197542077
2009-08-28,0.9987385405682576,0.9956944901085504,0.003044050459707237
2009-08-31,0.9987128333757543,0.9957658590837175,0.0029469742920368303
2009-09-01,0.9987128333757546,0.9957658590837172,0.0029469742920373854
2009-09-02,0.998856913007448,0.9955974771680282,0.0032594358394198997
2009-09-03,0.9989969454992994,0.9957220035378546,0.003274941961444844
2009-09-04,0.9991860672631444,0.9958735016644682,0.0033125655986762093
2009-09-08,0.9990608588659632,0.9954924814645583,0.0035683774014049208
2009-09-09,0.9991147742917352,0.9955516328954004,0.0035631413963348457
2009-09-10,0.9991661955510885,0.9953429688167604,0.0038232267343281112
2009-09-11,0.9989747417998837,0.995604231665904,0.0033705101339797094
2009-09-14,0.9989233205405303,0.995788856213675,0.0031344643268553796
2009-09-15,0.9990094376066099,0.9957653255039436,0.0032441121026662856
2009-09-16,0.9991346460037911,0.995788856213675,0.003345789790116127
2009-09-17,0.9991860672631444,0.9959757022484331,0.0032103650147112806
2009-09-18,0.9991860672631444,0.9959757022484331,0.0032103650147112806
2009-09-21,0.9991860672631442,0.9961961939348177,0.0029898733283264534
2009-09-22,0.9992914039482695,0.9959757022484333,0.0033157016998361932
2009-09-23,0.9991531155533903,0.9958078539125176,0.0033452616408726765
2009-09-24,0.9990884585747668,0.9960165179911578,0.003071940583609045
2009-09-25,0.9991800693043343,0.9963301661248293,0.0028499031795050644
2009-09-28,0.9992650882313011,0.9966879020325103,0.0025771861987907707
2009-09-29,0.9992124494230883,0.9966879020325103,0.002524547390577947
2009-09-30,0.9992124494230881,0.9966879020325101,0.002524547390577947
2009-10-01,0.9991998153539365,0.9967365124080777,0.0024633029458588362
2009-10-02,0.9991147964269695,0.9965850142814641,0.002529782145505477
2009-10-05,0.9992660127196551,0.9967365124080777,0.002529500311577393
2009-10-06,0.9994025999828805,0.9965421022347545,0.002860497748126023
2009-10-07,0.999336402617162,0.996578359309948,0.0027580433072139643
2009-10-08,0.9993618159810107,0.9967365124080775,0.002625303572933224
2009-10-09,0.9994177668472055,0.9967245576168797,0.002693209230325788
2009-10-12,0.9994177668472057,0.9965521506134333,0.002865616233772461
2009-10-13,0.9993923534833568,0.9963817799709791,0.0030105735123776567
2009-10-14,0.999336402617162,0.9960478264622403,0.0032885761549216186
2009-10-15,0.999336402617162,0.9960478264622402,0.0032885761549217296
2009-10-16,0.999336402617162,0.9960478264622402,0.0032885761549217296
2009-10-19,0.999336402617162,0.9960478264622402,0.0032885761549217296
2009-10-20,0.9992437000011885,0.995673740345257,0.0035699596559314317
2009-10-21,0.9992437000011885,0.995462592026503,0.0037811079746854492
2009-10-22,0.999283410911595,0.995253927947863,0.004029482963731956
2009-10-23,0.9991214102845207,0.9950981782883095,0.004023231996211241
2009-10-26,0.9990405173221664,0.9953186699746938,0.0037218473474726066
2009-10-27,0.9991597515461759,0.9956855679530014,0.003474183593174418
2009-10-28,0.9990816993741141,0.9958942320316414,0.0031874673424726607
2009-10-29,0.9991597515461759,0.9956855679530014,0.003474183593174418
2009-10-30,0.9992267469696462,0.9956855679530014,0.0035411790166447465
2009-11-02,0.9991597515461759,0.9958942320316414,0.003265519514534465
2009-11-03,0.9992437000011887,0.9958942320316414,0.0033494679695472707
2009-11-04,0.9992437000011887,0.9956975227441994,0.003546177256989247
2009-11-05,0.9992834109115952,0.9954888586655594,0.003794552246035865
2009-11-06,0.9992834109115952,0.9954888586655594,0.003794552246035865
2009-11-09,0.999283410911595,0.995253927947863,0.004029482963731956
2009-11-10,0.9991214102845208,0.9950837392569976,0.004037671027523282
2009-11-11,0.9991597515461759,0.9953068423669494,0.003852909179226427
2009-11-12,0.9991597515461759,0.9954892977490748,0.0036704537971010698
2009-11-13,0.9991597515461759,0.9954892977490748,0.0036704537971010698
2009-11-16,0.9993217521732503,0.995673740345257,0.003648011827993236
2009-11-17,0.9992437000011887,0.9956450474086282,0.003598652592560425
2009-11-18,0.9991244657771788,0.9956450474086282,0.003479418368550591
2009-11-19,0.9990203629403009,0.9956568750163726,0.0033634879239283766
2009-11-20,0.9991119736698685,0.9956855679530014,0.0034264057168670314
2009-11-23,0.9992211940039759,0.9958247233522883,0.0033964706516875776
2009-11-24,0.9990736324082135,0.9954744196342475,0.0035992127739659097
2009-11-25,0.9991119736698685,0.9954888586655594,0.0036231150043091187
2009-11-27,0.9990736324082135,0.9954744196342475,0.0035992127739659097
2009-11-30,0.999151684580275,0.9954888586655594,0.0036628259147156728
2009-12-01,0.9992478249166842,0.9958511171747982,0.0033967077418859404
2009-12-02,0.9992194975449314,0.9960597812534382,0.003159716291493253
2009-12-03,0.9990326515101732,0.9960478264622402,0.0029848250479329597
2009-12-04,0.9990846744196449,0.9960478264622402,0.0030368479574046647
2009-12-07,0.9991253541261468,0.9958366781434863,0.0032886759826604717
2009-12-08,0.999062877810289,0.9956280140648464,0.0034348637454426623
2009-12-09,0.999062877810289,0.9953784543176898,0.0036844234925992314
2009-12-10,0.9990628778102891,0.9957124078264284,0.003350469983860682
2009-12-11,0.9991513620216512,0.9957243626176264,0.0034269994040247997
2009-12-14,0.9992353104766638,0.9956888771166972,0.0035464333599666276
2009-12-15,0.9990987232134383,0.9959210719050686,0.0031776513083696667
2009-12-16,0.9990714387003746,0.9961468492532828,0.002924589447091841
2009-12-17,0.9990060205974648,0.9961035272871936,0.002902493310271148
2009-12-18,0.9988677322025854,0.9957340882775257,0.0031336439250596593
2009-12-21,0.9990317277899678,0.9960559570465934,0.0029757707433744063
2009-12-22,0.9990692072668038,0.996212254222612,0.002856953044191868
2009-12-23,0.9991597515461759,0.996212254222612,0.002947497323563919
2009-12-24,0.9990816993741141,0.996212254222612,0.0028694451515021147
2009-12-28,0.9989499730427943,0.9963424363154213,0.0026075367273730166
2009-12-29,0.9990405173221663,0.9963424363154213,0.0026980810067449568
2009-12-30,0.9991244657771788,0.9966036991645647,0.0025207666126141337
2009-12-31,0.999124465777179,0.9966036991645647,0.0025207666126142447
2010-01-04,0.999124465777179,0.9966036991645647,0.0025207666126142447
2010-01-05,0.999124465777179,0.9966036991645647,0.0025207666126142447
2010-01-06,0.9991641766875855,0.996639566303178,0.002524610384407544
2010-01-07,0.9991784305929023,0.9965791283198663,0.0025993022730360638
2010-01-08,0.9993117382833481,0.9966036991645647,0.0027080391187833674
2010-01-11,0.9992603170239945,0.996639566303178,0.002620750720816578
2010-01-12,0.9991145172262387,0.9964850819263729,0.002629435299865812
2010-01-13,0.9990878863135302,0.9962355221792164,0.0028523641343137784
2010-01-14,0.9992211940039758,0.9960914425475228,0.0031297514564530005
2010-01-15,0.9991047378667245,0.9958388863134402,0.0032658515532842936
2010-01-19,0.9989955175326172,0.9957790985285151,0.003216419004102078
2010-01-20,0.9988335169055427,0.9958388863134402,0.0029946305921024763
2010-01-21,0.9987918199446646,0.9957908016305022,0.0030010183141624402
2010-01-22,0.9988041732450381,0.9957908016305022,0.0030133716145359646
2010-01-25,0.9988041732450381,0.9957908016305022,0.0030133716145359646
2010-01-26,0.9988041732450381,0.9957908016305022,0.0030133716145359646
2010-01-27,0.9988420787161973,0.9957790985285151,0.0030629801876822516
2010-01-28,0.9987918199446648,0.9959829659451337,0.0028088539995311246
2010-01-29,0.998722310520964,0.996186911803649,0.002535398717315007
2010-02-01,0.9988843111480384,0.9965167068705534,0.002367604277485058
2010-02-02,0.9990192386746488,0.9965533624549225,0.0024658762197262707
2010-02-03,0.9989935314821455,0.9965771448538651,0.002416386628280476
2010-02-04,0.9988315308550714,0.9962473497869606,0.002584181068110758
2010-02-05,0.9987223105209639,0.996186911803649,0.002535398717314896
2010-02-08,0.9987918199446646,0.9959829659451337,0.0028088539995309025
2010-02-09,0.998640603651979,0.9956135269354657,0.003027076716513366
2010-02-10,0.9985824575912197,0.9952875255014206,0.0032949320897990297
2010-02-11,0.9986199370680555,0.9953597450286158,0.0032601920394397244
2010-02-12,0.9986475605624977,0.9952875255014206,0.0033600350610770713
2010-02-16,0.9984410823789045,0.9952161565262536,0.003224925852650884
2010-02-17,0.9981945285283084,0.9952875255014207,0.0029070030268876224
2010-02-18,0.9983109846655599,0.995359745028616,0.002951239636943881
2010-02-19,0.9981945285283084,0.9952875255014207,0.0029070030268876224
2010-02-22,0.9979448861738777,0.9948968451241704,0.0030480410497072397
2010-02-23,0.9978008065421842,0.9946929777075518,0.0031078288346323424
2010-02-24,0.9978131598425577,0.9946813965173101,0.0031317633252475607
2010-02-25,0.9979448861738777,0.9947172636559234,0.003227622517954276
2010-02-26,0.9979448861738777,0.9949698198900061,0.0029750662838715636
2010-03-01,0.9979448861738777,0.9953837845594848,0.0025611016143928245
2010-03-02,0.9979448861738777,0.9953837845594848,0.0025611016143928245
2010-03-03,0.9979448861738777,0.995407315269216,0.002537570904661668
2010-03-04,0.9980613423111291,0.9951893743861616,0.0028719679249674668
2010-03-05,0.9982068818286821,0.9952990766613178,0.00290780516736433
2010-03-08,0.9980628021969886,0.9954694473037722,0.0025933548932164374
2010-03-09,0.9981544129265559,0.9957455342475859,0.0024088786789699945
2010-03-10,0.9982428136790226,0.9960551854723291,0.0021876282066934927
2010-03-11,0.9981141399974464,0.9958388863134402,0.002275253684006162
2010-03-12,0.998126357541771,0.9956326485323727,0.0024937090093983816
2010-03-15,0.9979839579046371,0.9956326485323727,0.002351309372264465
2010-03-16,0.997762249461725,0.9956326485323729,0.0021296009293521045
2010-03-17,0.9980088033123211,0.9954480239846016,0.0025607793277194757
2010-03-18,0.9978647236806274,0.9951569126083996,0.0027078110722278392
2010-03-19,0.9975938675460357,0.9950977611775573,0.0024961063684784124
2010-03-22,0.9976062208464093,0.9951093423677992,0.0024968784786100207
2010-03-23,0.9977886762285345,0.9954626681444351,0.00232600808409944
2010-03-24,0.9977886762285345,0.9956831598308192,0.002105516397715279
2010-03-25,0.9977886762285345,0.9959742712070213,0.001814405021513199
2010-03-26,0.9977886762285345,0.9959742712070213,0.001814405021513199
2010-03-29,0.9977886762285345,0.9959742712070213,0.001814405021513199
2010-03-30,0.9979204025598545,0.9959742712070213,0.0019461313528331692
2010-03-31,0.9979204025598545,0.9956948629328063,0.0022255396270481898
2010-04-01,0.9979326201041794,0.9956350751478813,0.002297544956298081
2010-04-05,0.9981791739547753,0.9959725178963024,0.0022066560584729222
2010-04-06,0.9981915272551488,0.9959725178963024,0.0022190093588464466
2010-04-07,0.9981791739547753,0.9959725178963024,0.0022066560584729222
2010-04-08,0.9983109002860953,0.9959725178963024,0.0023383823897928924
2010-04-09,0.9985173784696882,0.9960621065476606,0.0024552719220276575
2010-04-12,0.9985034809308041,0.9959879597005109,0.002515521230293194
2010-04-13,0.9982599397952022,0.9956661762607814,0.0025937635344208676
2010-04-14,0.9980257392449797,0.9953287335123602,0.0026970057326195507
2010-04-15,0.9980257392449797,0.9951563265089141,0.0028694127360656685
2010-04-16,0.9978432838628545,0.9948229618789428,0.003020321983911667
2010-04-19,0.9978712548681747,0.9945647468690175,0.0033065079991572155
2010-04-20,0.9981421110027666,0.9949137708076807,0.003228340195085888
2010-04-21,0.9982599397952022,0.9951719858176057,0.003087953977596536
2010-04-22,0.9981574655762997,0.9951563265089141,0.0030011390673856386
2010-04-23,0.9981574655762997,0.9951563265089141,0.0030011390673856386
2010-04-26,0.9981574655762997,0.9951563265089138,0.0030011390673858607
2010-04-27,0.9981574655762997,0.9951563265089138,0.0030011390673858607
2010-04-28,0.99802573924498,0.9948229618789426,0.003202777366037357
2010-04-29,0.99802573924498,0.9948229618789425,0.003202777366037468
2010-04-30,0.99802573924498,0.9949953688823889,0.0030303703625910172
2010-05-03,0.99802573924498,0.9949723258998712,0.0030534133451087797
2010-05-04,0.9978801997274268,0.9952133097654433,0.0026668899619834985
2010-05-05,0.9979867998822846,0.9953171523221183,0.0026696475601662994
2010-05-06,0.9978801997274268,0.9952133097654435,0.0026668899619832764
2010-05-07,0.997907823221869,0.9954629521198742,0.002444871101994761
2010-05-10,0.9981574655762997,0.9958119760585372,0.002345489517762478
2010-05-11,0.9981574655762997,0.9958119760585372,0.002345489517762478
2010-05-12,0.9982998652134337,0.9958119760585373,0.0024878891548963944
2010-05-13,0.9982998652134338,0.9956784007267345,0.0026214644866993098
2010-05-14,0.9982628022614252,0.9954745333101159,0.0027882689513092362
2010-05-17,0.9982998652134338,0.9954629521198742,0.002836913093559601
2010-05-18,0.9983247106211177,0.9955233901031858,0.0028013205179319156
2010-05-19,0.9984288134579955,0.9958062010289757,0.002622612429019844
2010-05-20,0.9984163213506851,0.9960216496358358,0.0023946717148493057
2010-05-21,0.9983109846655599,0.9959379273602954,0.002373057305264492
2010-05-24,0.9984163213506851,0.9960216496358358,0.0023946717148493057
2010-05-25,0.9983890368376215,0.9962406199267394,0.0021484169108820783
2010-05-26,0.998532693108472,0.9960216496358358,0.0025110434726361985
2010-05-27,0.9986199370680554,0.9958062010289754,0.0028137360390799726
2010-05-28,0.9985950916603715,0.9959745829446648,0.0026205087157067375
2010-06-01,0.9985034809308041,0.995703726810073,0.0027997541207310794
2010-06-02,0.9982970027472109,0.9953273580509195,0.0029696446962913514
2010-06-03,0.9981945285283084,0.9950177068261766,0.003176821702131738
2010-06-04,0.9982068818286821,0.9948373701192893,0.003369511709392814
2010-06-07,0.9982068818286819,0.9948373701192893,0.003369511709392592
2010-06-08,0.9982068818286819,0.9951470213440324,0.003059860484649457
2010-06-09,0.9984410823789044,0.9951832784192263,0.0032578039596781183
2010-06-10,0.9986475605624976,0.9951832784192262,0.0034642821432714355
2010-06-11,0.9985464190640299,0.9948614096501582,0.0036850094138716205
2010-06-14,0.9984162369712205,0.9946669994768351,0.0037492374943853823
2010-06-15,0.9984410823789045,0.9946090809534546,0.003832001425449927
2010-06-16,0.9984410823789045,0.9946090809534546,0.003832001425449927
2010-06-17,0.998532693108472,0.9949498104026249,0.003582882705847168
2010-06-18,0.9987516633993755,0.9950870546239214,0.003664608775454048
2010-06-21,0.9986475605624977,0.9950129077767719,0.0036346527857258337
2010-06-22,0.9986475605624977,0.9950129077767719,0.0036346527857258337
2010-06-23,0.9986475605624977,0.9950129077767719,0.0036346527857258337
2010-06-24,0.9987528972476231,0.9950129077767719,0.0037399894708511905
2010-06-25,0.9986475605624977,0.9946567365233933,0.003990824039104446
2010-06-28,0.9986475605624977,0.9943227830146546,0.004324777547843106
2010-06-29,0.9986227151548137,0.9939605245054156,0.004662190649398101
2010-06-30,0.9987154177707873,0.9940501131567736,0.00466530461401371
2010-07-01,0.9988015348368667,0.9941141189360144,0.00468741590085231
2010-07-02,0.9988015348368667,0.9941141189360145,0.004687415900852199
2010-07-06,0.9987518378157061,0.9941141189360144,0.004637718879691666
2010-07-07,0.9987390585210091,0.9942369241259992,0.004502134395009905
2010-07-08,0.9987114350265671,0.9939230120873093,0.0047884229392578526
2010-07-09,0.9985706766053198,0.9939111844795652,0.004659492125754672
2010-07-12,0.9985706766053198,0.9935578587029293,0.005012817902390498
2010-07-13,0.9984373689148743,0.9934767551553908,0.004960613759483534
2010-07-14,0.998337525893237,0.9937690070216832,0.0045685188715537395
2010-07-15,0.9981848126807918,0.9940747625577189,0.0041100501230729725
2010-07-16,0.9981848126807918,0.9943069573460902,0.003877855334701641
2010-07-19,0.998024758977719,0.9942496361974941,0.00377512278022496
2010-07-20,0.9980247589777193,0.9946485800207389,0.0033761789569803913
2010-07-21,0.998024758977719,0.9948067331188681,0.0032180258588508925
2010-07-22,0.9980610160529129,0.9947375843625277,0.0033234316903851813
2010-07-23,0.9981774721901642,0.994842990194062,0.003334481996102201
2010-07-26,0.998024758977719,0.9951206451575582,0.0029041138201608696
2010-07-27,0.9979643209944075,0.9953589003878259,0.002605420606581532
2010-07-28,0.9977743511166731,0.9953102900122587,0.002464061104414439
2010-07-29,0.9978464922019717,0.9956085427422569,0.002237949459714894
2010-07-30,0.9977898282600228,0.9956242020509485,0.002165626209074345
2010-08-02,0.9977266415906838,0.9958613522980689,0.001865289292614869
2010-08-03,0.9977898282600226,0.9960743651583209,0.0017154631017016753
2010-08-04,0.9978464922019717,0.9962988813362894,0.0015476108656823362
2010-08-05,0.9979448356564424,0.996360663097121,0.0015841725593214173
2010-08-06,0.9981048893595152,0.9964077297882923,0.0016971595712229615
2010-08-09,0.9981771088867105,0.9962988813362894,0.0018782275504211077
2010-08-10,0.9982508454387401,0.9964396397575368,0.0018112056812032984
2010-08-11,0.9980421813601001,0.9961533418187368,0.0018888395413633186
2010-08-12,0.9978382355015847,0.9958085153964894,0.0020297201050952784
2010-08-13,0.9979448356564427,0.9960202522797609,0.0019245833766817766
2010-08-16,0.9979810927316364,0.9962911084143528,0.0016899843172836215
2010-08-17,0.9982216941745208,0.9962447770421338,0.0019769171323870127
2010-08-18,0.9982591736513566,0.9960637122223895,0.0021954614289670937
2010-08-19,0.9980907917356673,0.9959891511668607,0.002101640568806573
2010-08-20,0.9982508454387399,0.9963496368977999,0.0019012085409400026
2010-08-23,0.9983574455935978,0.9962834395320813,0.0020740060615165312
2010-08-24,0.9983574455935978,0.9959695274933913,0.002387918100206554
2010-08-25,0.9983574455935978,0.9956401428753525,0.002717302718245329
2010-08-26,0.9982713285275182,0.9954156266973839,0.002855701830134283
2010-08-27,0.998233423056359,0.9951912690060004,0.00304215405035857
2010-08-30,0.9981112748244454,0.9950279131070991,0.0030833617173462446
2010-08-31,0.9980523582366148,0.9950437961353136,0.003008562101301182
2010-09-01,0.998233423056359,0.9951912690060004,0.00304215405035857
2010-09-02,0.9981774721901642,0.9953102900122587,0.002867182177905492
2010-09-03,0.9981185556023335,0.9953102900122587,0.0028082655900748543
2010-09-07,0.9981185556023335,0.9953102900122587,0.0028082655900748543
2010-09-08,0.9981185556023335,0.9953102900122587,0.0028082655900748543
2010-09-09,0.9981185556023335,0.9950291053209216,0.003089450281411943
2010-09-10,0.9983010109844587,0.9951470213440324,0.0031539896404262358
2010-09-13,0.9985445521200605,0.9954768164109367,0.0030677357091238866
2010-09-14,0.9985824575912198,0.9957037268100731,0.0028787307811466434
2010-09-15,0.9986762784513805,0.9958062010289757,0.0028700774224048597
2010-09-16,0.9987016918152293,0.9958775700041425,0.0028241218110868216
2010-09-17,0.9987154177707873,0.9961088935954195,0.002606524175367775
2010-09-20,0.998931716929676,0.9964108508429115,0.002520866086764495
2010-09-21,0.9988390143137025,0.9963236068833279,0.0025154074303745944
2010-09-22,0.9987088322208931,0.9960216496358361,0.0026871825850570685
2010-09-23,0.9986591351997327,0.9956918545689318,0.0029672806308008726
2010-09-24,0.9985525350448748,0.9956081322933913,0.0029444027514835547
2010-09-27,0.9987088322208931,0.9956567426689585,0.003052089551934589
2010-09-28,0.9988015348368667,0.9959594352354025,0.0028420996014641986
2010-09-29,0.9988015348368667,0.9959594352354025,0.0028420996014641986
2010-09-30,0.9988015348368667,0.9959594352354025,0.0028420996014641986
2010-10-01,0.9987088322208931,0.9956567426689585,0.003052089551934589
2010-10-04,0.9985895979968836,0.9957745714613941,0.0028150265354894843
2010-10-05,0.9986144434045676,0.995716042977947,0.0028984004266205954
2010-10-06,0.9987336776285771,0.9958112270457635,0.002922450582813596
2010-10-07,0.9988390143137025,0.9956567426689585,0.003182271644743939
2010-10-08,0.999003009901085,0.9953273580509195,0.0036756518501654956
2010-10-11,0.998931716929676,0.9950177068261766,0.0039140101034993435
2010-10-12,0.9990106935900915,0.9952642606767726,0.0037464329133188867
2010-10-13,0.9991998153539363,0.9955982141855114,0.003601601168424895
2010-10-14,0.9991870360592394,0.9958112270457635,0.0033758090134758945
2010-10-15,0.9990692072668038,0.996030197336667,0.003039009930136838
2010-10-18,0.999003009901085,0.9963951043035445,0.0026079055975405385
2010-10-19,0.9990030099010851,0.9963951043035444,0.0026079055975407606
2010-10-20,0.9990281360775475,0.9963359528727025,0.002692183204844989
2010-10-21,0.999120838693521,0.9964196751482428,0.0027011635452781624
2010-10-22,0.9991071127379629,0.9966236210067582,0.0024834917312047677
2010-10-25,0.9992124494230883,0.9964196751482428,0.0027927742748454776
2010-10-26,0.9991870360592395,0.9961139196122075,0.0030731164470320094
2010-10-27,0.9990692072668038,0.9960772640278382,0.0029919432389655665
2010-10-28,0.9989527511295525,0.9957745714613941,0.003178179668158365
2010-10-29,0.9988015348368667,0.9957745714613941,0.003026963375472591
2010-11-01,0.9988015348368667,0.9960301973366669,0.0027713375001998664
2010-11-02,0.9987088322208933,0.9963951043035445,0.002313727917348851
2010-11-03,0.9988015348368668,0.9962772755111089,0.0025242593257579493
2010-11-04,0.9986823006128572,0.9959745829446648,0.002707717668192444
2010-11-05,0.9985824575912198,0.9956810449529543,0.002901412638265488
2010-11-08,0.9984537839096436,0.9956567426689585,0.0027970412406850276
2010-11-09,0.9982713285275182,0.9956567426689585,0.0026145858585596704
2010-11-10,0.998233423056359,0.9955982141855114,0.0026352088708475607
2010-11-11,0.998337525893237,0.9956810449529543,0.0026564809402827017
2010-11-12,0.9982380821487045,0.9956567426689585,0.0025813394797459255
2010-11-15,0.9980780284456316,0.9953273580509195,0.002750670394712107
2010-11-16,0.9979098915236935,0.9951478889189859,0.002762002604707603
2010-11-17,0.9978467048543544,0.9949235312276024,0.002923173626752096
2010-11-18,0.9978911824108733,0.995257484736341,0.002633697674532254
2010-11-19,0.9977627563993419,0.9953516603349155,0.0024110960644263546
2010-11-22,0.9977030485835041,0.9950177068261766,0.0026853417573274863
2010-11-23,0.9977030485835041,0.9948373701192893,0.002865678464214816
2010-11-24,0.997503985004421,0.9944811988659108,0.0030227861385101473
2010-11-26,0.9975172207236911,0.9944811988659108,0.003036021857780291
2010-11-29,0.9977403238336432,0.994779451595909,0.0029608722377342245
2010-11-30,0.9978288080450052,0.9948614096501582,0.002967398394846943
2010-12-01,0.9977270881143729,0.994779451595909,0.0029476365184639697
2010-12-02,0.997840892784676,0.9947915363355799,0.0030493564490960967
2010-12-03,0.9978288080450052,0.9948614096501582,0.002967398394846943
2010-12-06,0.9977030485835041,0.9944991511409195,0.0032038974425846467
2010-12-07,0.997911712662144,0.994587551893386,0.0033241607687579666
2010-12-08,0.9978024923280366,0.9946669994768351,0.0031354928512015157
2010-12-09,0.9979117126621441,0.9948042436981317,0.003107468964012372
2010-12-10,0.9981582665127401,0.9948357860350381,0.0033224804777020056
2010-12-13,0.9981185556023335,0.9950204105828092,0.003098145019524323
2010-12-14,0.9982643554000895,0.9953652370050564,0.0028991183950330957
2010-12-15,0.9982643554000893,0.9955233901031858,0.002740965296903486
2010-12-16,0.9983010109844586,0.9954768164109367,0.0028241945735218987
2010-12-17,0.9983915552638306,0.9955596471783795,0.0028319080854510847
2010-12-20,0.9983040663104961,0.9958062010289757,0.002497865281520406
2010-12-21,0.9981582665127401,0.9958373021418756,0.0023209643708644867
2010-12-22,0.997974899331483,0.9955596471783796,0.002415252153103342
2010-12-23,0.997676646601485,0.9955233901031858,0.0021532564982992275
2010-12-27,0.997613459932146,0.9958062010289757,0.00180725890317035
2010-12-28,0.997676646601485,0.9961552249676385,0.001521421633846498
2010-12-29,0.9977319021198687,0.9964048673220695,0.0013270347977992758
2010-12-30,0.9978710567748083,0.996608734738688,0.0012623220361202003
2010-12-31,0.9978710567748083,0.9966959786982715,0.0011750780765367175
2011-01-03,0.9978710567748083,0.9967112089575906,0.001159847817217674
2011-01-04,0.9978710567748083,0.9967112089575906,0.001159847817217674
2011-01-05,0.9978710567748083,0.9967112089575906,0.001159847817217674
2011-01-06,0.9978973724917768,0.9968304431816,0.001066929310176823
2011-01-07,0.9978973724917766,0.9970860690568729,0.0008113034349036541
2011-01-10,0.9978973724917768,0.9973654773310879,0.0005318951606888556
2011-01-11,0.9980831014795437,0.9974376968582833,0.0006454046212603926
2011-01-12,0.9983173020297661,0.9974078483312246,0.0009094536985414514
2011-01-13,0.998304066310496,0.9973504528986996,0.0009536134117963391
2011-01-14,0.9984724482261854,0.9974376968582833,0.001034751367902098
2011-01-18,0.9985107894878403,0.9974987993411608,0.00101199014667952
2011-01-19,0.9983835896240988,0.9974496516494813,0.0009339379746174936
2011-01-20,0.998383589624099,0.9974496516494813,0.0009339379746177157
2011-01-21,0.998383589624099,0.9974496516494813,0.0009339379746177157
2011-01-24,0.998383589624099,0.9974496516494813,0.0009339379746177157
2011-01-25,0.9982399333532485,0.9973774321222859,0.0008625012309625424
2011-01-26,0.9982015920915934,0.9974496516494813,0.0007519404421121312
2011-01-27,0.9981470148462073,0.9972581978982764,0.0008888169479308594
2011-01-28,0.9978487621162093,0.9969906172318057,0.000858144884403611
2011-01-31,0.9977716130302755,0.9967078063060159,0.0010638067242596527
2011-02-01,0.9980698657602737,0.9967962070584825,0.0012736587017911916
2011-02-02,0.998120699129239,0.9969906172318057,0.0011300818974332438
2011-02-03,0.9980027831061282,0.9969603625400985,0.001042420566029767
2011-02-04,0.9980290988230965,0.997048763292565,0.000980335530531562
2011-02-07,0.9980657544074659,0.9973163439590358,0.0007494104484301323
2011-02-08,0.9981296677741296,0.9973529995434051,0.000776668230724531
2011-02-09,0.9978277105266377,0.9973043891678378,0.0005233213587998442
2011-02-10,0.9978816259524097,0.9975421213072501,0.0003395046451596384
2011-02-11,0.9981835831999017,0.9977827227501345,0.00040086044976728186
2011-02-14,0.9981165877764314,0.9978072935948328,0.00030929418159864053
2011-02-15,0.9980290988230968,0.9977706380104636,0.00025846081263314336
2011-02-16,0.9980290988230968,0.9975569454019202,0.0004721534211765688
2011-02-17,0.9980027831061282,0.9973968916988476,0.0006058914072806232
2011-02-18,0.9979416806232503,0.9973728521679787,0.0005688284552716194
2011-02-22,0.9978304092709734,0.9973124141846671,0.0005179950863063443
2011-02-23,0.9978304092709734,0.9975619739318234,0.0002684353391499972
2011-02-24,0.9978304092709734,0.9977997060712357,3.0703199737747155e-05
2011-02-25,0.9979895073460322,0.9980108543899897,-2.1347043957509193e-05
2011-02-28,0.9979483252940844,0.9980232076903635,-7.488239627906346e-05
2011-03-01,0.9976265418543548,0.9978120593716091,-0.00018551751725426335
2011-03-02,0.9975484896822933,0.9978120593716091,-0.0002635696893158457
2011-03-03,0.997652332238968,0.9978120593716091,-0.0001597271326411187
2011-03-04,0.9976789631516765,0.997986552105994,-0.0003075889543174837
2011-03-07,0.9975827487688256,0.9979379417304266,-0.0003551929616010252
2011-03-08,0.997518091790202,0.9979254496231164,-0.0004073578329143457
2011-03-09,0.9974351871730632,0.9977488199665818,-0.0003136327935185923
2011-03-10,0.9972628540193129,0.9976758898759596,-0.00041303585664664855
2011-03-11,0.9973580380871292,0.9977239745588978,-0.0003659364717686353
2011-03-14,0.9974351871730632,0.9977488199665818,-0.0003136327935185923
2011-03-15,0.9972628540193129,0.9976758898759598,-0.0004130358566468706
2011-03-16,0.9972628540193129,0.9976758898759598,-0.0004130358566468706
2011-03-17,0.9973580380871292,0.9977239745588978,-0.0003659364717686353
2011-03-18,0.9975922386373517,0.9977488199665818,-0.00015658132923013213
2011-03-21,0.9977206646488832,0.9975619739318234,0.0001586907170597618
2011-03-22,0.9976367161938705,0.997532520807693,0.00010419538617756352
2011-03-23,0.9975922386373517,0.9975619739318234,3.0264705528249003e-05
2011-03-24,0.9977206646488832,0.9975619739318234,0.0001586907170597618
2011-03-25,0.9977501177730136,0.9976105843073908,0.00013953346562278757
2011-03-28,0.9976367161938706,0.9975743272321971,6.238896167354291e-05
2011-03-29,0.9975461719144986,0.9973874811974388,0.0001586907170597618
2011-03-30,0.9977501177730137,0.9971860061332204,0.0005641116397933077
2011-03-31,0.9977231640220698,0.9969364463860639,0.0007867176360059069
2011-04-01,0.9977231640220698,0.9971860061332204,0.0005371578888494488
2011-04-04,0.9979813790319949,0.9972100456640892,0.0007713333679056911
2011-04-05,0.9980729897615624,0.9971737885888956,0.0008992011726668414
2011-04-06,0.9977853216275065,0.9969574894300068,0.0008278321974997116
2011-04-07,0.9976129884737563,0.9969574894300068,0.0006554990437495078
2011-04-08,0.9976129884737563,0.9969574894300068,0.0006554990437495078
2011-04-11,0.9976129884737563,0.997144335464765,0.00046865300899134876
2011-04-12,0.9974711672687868,0.9971144869377064,0.00035668033108038344
2011-04-13,0.9974065102901634,0.9969130118734879,0.000493498416675453
2011-04-14,0.9977206646488832,0.9969249666646859,0.0007956979841973189
2011-04-15,0.9979121184000881,0.996924966664686,0.000987151735402092
2011-04-18,0.997885164649144,0.9971507440129,0.0007344206362439598
2011-04-19,0.9981289406277573,0.996951680433817,0.001177260193940266
2011-04-20,0.9982929362151398,0.9969516804338172,0.0013412557813226034
2011-04-21,0.9983198899660839,0.9969516804338172,0.0013682095322666843
2011-04-25,0.9980761139874709,0.9967139482944049,0.0013621656930660198
2011-04-26,0.9979121184000879,0.9964430921598131,0.0014690262402747845
2011-04-27,0.9979121184000881,0.996443092159813,0.0014690262402751175
2011-04-28,0.9976424415978871,0.9961787083179864,0.0014637332799006808
2011-04-29,0.9973319668404239,0.9958569248782568,0.0014750419621670785
2011-05-02,0.9971101048716383,0.9955840808388716,0.001526024032766693
2011-05-03,0.9967921060490177,0.9952699264801516,0.0015221795688661333
2011-05-04,0.9968633990204269,0.9949594517226885,0.001903947297738351
2011-05-05,0.9970422187024799,0.99487834817515,0.002163870527329914
2011-05-06,0.9970996141350049,0.9946227222998771,0.0024768918351277813
2011-05-09,0.9970849851055446,0.9946381641040856,0.0024468210014589875
2011-05-10,0.9970992390108615,0.9946381641040856,0.0024610749067759397
2011-05-11,0.9972071333374581,0.9949090202386772,0.0022981130987809184
2011-05-12,0.997305710821931,0.9951677916335981,0.0021379191883328375
2011-05-13,0.9973454217323376,0.9951677916335981,0.0021776300987395025
2011-05-16,0.9971149925494209,0.9954113327692001,0.0017036597802208009
2011-05-17,0.997305710821931,0.9957480621920115,0.0015576486299194725
2011-05-18,0.9975803876784626,0.9960585369494744,0.0015218507289881389
2011-05-19,0.9974818101939897,0.9960463194051498,0.001435490788839977
2011-05-20,0.9972071333374581,0.9957358446476865,0.0014712886897716437
2011-05-23,0.9969214486361577,0.9953838849655563,0.0015375636706014273
2011-05-24,0.9967554082488017,0.9951525613742791,0.001602846874522612
2011-05-25,0.9967554082488017,0.9953810780774927,0.0013743301713090572
2011-05-26,0.9966725036316628,0.9955825531417112,0.001089950489951641
2011-05-27,0.9963616651037983,0.9955074035216651,0.0008542615821331978
2011-05-31,0.9965375761050522,0.9957852163566456,0.0007523597484065947
2011-06-01,0.9966725036316628,0.9960348587110763,0.0006376449205864887
2011-06-02,0.9967993004042441,0.9962661823023535,0.0005331181018906062
2011-06-03,0.9970163343937226,0.9960348587110766,0.0009814756826460602
2011-06-06,0.9971675506864083,0.9957570458760959,0.0014105048103123519
2011-06-07,0.9971675506864083,0.9955074035216651,0.0016601471647431643
2011-06-08,0.9970423422892271,0.9954828326769668,0.001559509612260257
2011-06-09,0.9970163343937226,0.9955074035216651,0.0015089308720575012
2011-06-10,0.9973052651555708,0.9958748050080037,0.001430460147567092
2011-06-13,0.9973052651555708,0.9958748050080037,0.001430460147567092
2011-06-14,0.9973052651555708,0.9958748050080037,0.001430460147567092
2011-06-15,0.997373915867393,0.9959345128238416,0.0014394030435513905
2011-06-16,0.997373915867393,0.9961658364151186,0.0012080794522744132
2011-06-17,0.997305265155571,0.9964468580484511,0.0008584071071199295
2011-06-20,0.997126445473518,0.9963879414606203,0.0007385040128977671
2011-06-21,0.997126445473518,0.9963879414606203,0.0007385040128977671
2011-06-22,0.9971121915682011,0.9964468580484511,0.0006653335197499555
2011-06-23,0.9972389883407826,0.9964468580484511,0.0007921302923314943
2011-06-24,0.9974338965586241,0.9964468580484511,0.0009870385101730106
2011-06-27,0.9975529175648826,0.9962155344571741,0.0013373831077084786
2011-06-28,0.9977004791606447,0.9961413876100244,0.001559091550620395
2011-06-29,0.9977004791606447,0.9961413876100244,0.001559091550620395
2011-06-30,0.9977004791606447,0.9961413876100244,0.001559091550620395
2011-07-01,0.9977691298724668,0.9962871874077803,0.0014819424646864698
2011-07-05,0.9976969103452714,0.9962565153442531,0.0014403950010183353
2011-07-06,0.9974445816485679,0.9963603579009278,0.0010842237476400562
2011-07-07,0.9972970200528055,0.9962871874077801,0.0010098326450254103
2011-07-08,0.9972403561108565,0.9965185109990573,0.0007218451117991798
2011-07-11,0.9970320526995765,0.996399489992799,0.0006325627067774731
2011-07-12,0.9970320526995765,0.996399489992799,0.0006325627067774731
2011-07-13,0.9971024425970834,0.9965060901476568,0.0005963524494265737
2011-07-14,0.9973243045658691,0.9968165649051199,0.0005077396607491291
2011-07-15,0.997515758317074,0.9968165649051199,0.0006991934119540133
2011-07-18,0.997515758317074,0.9969677811978055,0.0005479771192684613
2011-07-19,0.9973243045658691,0.9970506119652484,0.0002736926006207119
2011-07-20,0.9972539146683622,0.9971008707367812,0.00015304393158099838
2011-07-21,0.9973537576899996,0.9972971658158445,5.659187415507638e-05
2011-07-22,0.9975508308683194,0.9974187935625441,0.00013203730577526773
2011-07-25,0.9975508308683194,0.9974187935625441,0.00013203730577526773
2011-07-26,0.9978351366999808,0.9977099049387462,0.0001252317612345788
2011-07-27,0.9979267474295482,0.9978843976731309,4.2349756417370266e-05
2011-07-28,0.9978486952574864,0.9978464922019717,2.2030555146823616e-06
2011-07-29,0.9978340662280263,0.9978843976731309,-5.0331445104578876e-05
2011-08-01,0.9978205076705207,0.9980504380604871,-0.00022993038996643733
2011-08-02,0.9978205076705207,0.9982709297468714,-0.0004504220763507094
2011-08-03,0.9979042299460611,0.9983195401224386,-0.00041531017637752576
2011-08-04,0.9979813790319949,0.9984653399201946,-0.00048396088819968597
2011-08-05,0.9980526720034042,0.9986036283150741,-0.0005509563116699034
2011-08-08,0.9981887264553664,0.9987720102307633,-0.0005832837753969589
2011-08-09,0.9981887264553664,0.9987720102307633,-0.0005832837753969589
2011-08-10,0.9981887264553664,0.9987720102307633,-0.0005832837753969589
2011-08-11,0.9984236571730628,0.9989710738098464,-0.0005474166367835931
2011-08-12,0.9985900963410658,0.9990342604791854,-0.0004441641381196515
2011-08-15,0.9987376579368281,0.9991818220749477,-0.0004441641381195405
2011-08-16,0.9986706625133578,0.999248817498418,-0.0005781549850601975
2011-08-17,0.9986706625133578,0.9993694911197117,-0.0006988286063539517
2011-08-18,0.9985340752501324,0.9993418676252696,-0.000807792375137173
2011-08-19,0.9986419695767289,0.9993694911197117,-0.0007275215429828341
2011-08-22,0.9986706625133578,0.9993694911197117,-0.0006988286063539517
2011-08-23,0.9986989898851106,0.9994234065454837,-0.0007244166603730395
2011-08-24,0.9986706625133578,0.9994494144409882,-0.0007787519276304389
2011-08-25,0.998571218768825,0.999319232348179,-0.0007480135793539455
2011-08-26,0.9986323212517028,0.9993694911197117,-0.00073716986800898
2011-08-29,0.998814776633828,0.9994735939565895,-0.0006588173227615179
2011-08-30,0.998853117895483,0.999553517277866,-0.0007003993823829768
2011-08-31,0.9986706625133578,0.9995811407723082,-0.000910478258950409
2011-09-01,0.9984619984347178,0.9995674148167503,-0.0011054163820324314
2011-09-02,0.9983507270824408,0.9995035014500866,-0.0011527743676458257
2011-09-06,0.9983507270824408,0.9995414069212456,-0.0011906798388048312
2011-09-07,0.9983790544541935,0.9996213302425222,-0.001242275788328695
2011-09-08,0.9984903258064705,0.9996213302425222,-0.0011310044360517413
2011-09-09,0.9982553950887743,0.9994896039112022,-0.0012342088224279735
2011-09-12,0.9981078334930119,0.9994503602964278,-0.0013425268034158444
2011-09-13,0.9981078334930119,0.9995165576621463,-0.001408724169134401
2011-09-14,0.9982170538271193,0.9995029991046405,-0.0012859452775211277
2011-09-15,0.9980787654322397,0.9994343483928185,-0.001355582960578805
2011-09-16,0.9979557909779758,0.9994343483928185,-0.0014785574148427072
2011-09-19,0.9978595765951248,0.9993711617234795,-0.0015115851283546977
2011-09-20,0.9977004791606447,0.9993991327287998,-0.0016986535681550174
2011-09-21,0.9977004791606447,0.9993711617234793,-0.0016706825628345356
2011-09-22,0.9978644747480273,0.9992694417928473,-0.0014049670448199603
2011-09-23,0.9978644747480274,0.9992297308824405,-0.0013652561344130731
2011-09-26,0.9979331254598495,0.9992297308824405,-0.001296605422591024
2011-09-27,0.9981600358589859,0.999344846006511,-0.0011848101475250283
2011-09-28,0.9983209072204601,0.999344846006511,-0.001023938786050893
2011-09-29,0.9984574944836857,0.999344846006511,-0.0008873515228252637
2011-09-30,0.9984574944836857,0.9993584045640167,-0.0009009100803309966
2011-10-03,0.9982279724103892,0.9992432894399461,-0.001015317029556928
2011-10-04,0.9981887287956146,0.9993057657558038,-0.001117036960189166
2011-10-05,0.9981320648536655,0.9992362563321034,-0.001104191478437988
2011-10-06,0.9981465038849777,0.9993057657558041,-0.001159261870826378
2011-10-07,0.9981465038849776,0.9994086633355496,-0.0012621594505719536
2011-10-10,0.9982553523369803,0.9994337895120118,-0.0011784371750315215
2011-10-11,0.9983343289973958,0.9994992076149216,-0.0011648786175257886
2011-10-12,0.9983902798635909,0.9995544631333054,-0.0011641832697145693
2011-10-13,0.9985395700348233,0.9996191201119291,-0.0010795500771058064
2011-10-14,0.9985395700348233,0.9996191201119291,-0.0010795500771058064
2011-10-17,0.9985395700348233,0.9995789306417148,-0.0010393606068914707
2011-10-18,0.9986251341945971,0.9995789306417148,-0.000953796447117683
2011-10-19,0.9987041108550128,0.9996579073021306,-0.000953796447117794
2011-10-20,0.9987727615668347,0.9997257202667866,-0.0009529586999519335
2011-10-21,0.9987870154721515,0.9996845382148386,-0.0008975227426870624
2011-10-24,0.9988287124330297,0.9996845382148389,-0.0008558257818092052
2011-10-25,0.9989544718945308,0.9996325153053671,-0.0006780434108363265
2011-10-26,0.9990623662211275,0.9997263361655278,-0.0006639699444002112
2011-10-27,0.9990762637600118,0.999726336165528,-0.0006500724055161777
2011-10-28,0.9989943773289197,0.99968515411358,-0.0006907767846603408
2011-10-31,0.9988140406220324,0.9996071019415183,-0.000793061319485866
2011-11-01,0.998689689272057,0.9996071019415183,-0.000917412669461215
2011-11-02,0.998689689272057,0.9996071019415183,-0.000917412669461215
2011-11-03,0.998689689272057,0.9995801481905744,-0.0008904589185173561
2011-11-04,0.9984574944836857,0.9996064639075428,-0.0011489694238571158
2011-11-07,0.9985403991008246,0.999661041152929,-0.0011206420521043814
2011-11-08,0.9985120717290717,0.9995932281882727,-0.001081156459200927
2011-11-09,0.9985120717290717,0.9995932281882727,-0.001081156459200927
2011-11-10,0.9986212920631793,0.999661041152929,-0.0010397490897496864
2011-11-11,0.9986212920631793,0.999661041152929,-0.0010397490897496864
2011-11-14,0.9986212920631793,0.999661041152929,-0.0010397490897496864
2011-11-15,0.9988392329462337,0.9997663778380542,-0.0009271448918205527
2011-11-16,0.998976820015479,0.9998184007475259,-0.000841580732046876
2011-11-17,0.9990446329801355,0.9997256981315523,-0.0006810651514168597
2011-11-18,0.9990446329801355,0.9997256981315523,-0.0006810651514168597
2011-11-21,0.9990446329801355,0.9996717827057804,-0.0006271497256449265
2011-11-22,0.9990446329801355,0.9996717827057804,-0.0006271497256449265
2011-11-23,0.9990446329801355,0.9996717827057806,-0.0006271497256451486
2011-11-25,0.9990853126866371,0.9995908897434259,-0.0005055770567887752
2011-11-28,0.9990853126866374,0.9995908897434259,-0.0005055770567885531
2011-11-29,0.9990853126866374,0.9996448051691978,-0.0005594924825604863
2011-11-30,0.9992110721481384,0.9996575844638949,-0.000446512315756431
2011-12-01,0.9991978364288682,0.9996835923593993,-0.00048575593053112875
2011-12-02,0.999170212934426,0.9996974898982837,-0.0005272769638576813
2011-12-05,0.999324697311231,0.9997234977937882,-0.00039880048255724887
2011-12-06,0.9992714278433186,0.9997904932172585,-0.0005190653739399753
2011-12-07,0.9992297308824406,0.9998444086430305,-0.0006146777605898768
2011-12-08,0.9991770920742278,0.9997774132195603,-0.000600321145332483
2011-12-09,0.9991498075611642,0.9997774132195603,-0.0006276056583960354
2011-12-12,0.9992577018877608,0.9998444086430304,-0.000586706755269617
2011-12-13,0.9991169434665137,0.9998444086430305,-0.0007274651765167839
2011-12-14,0.9991432591834822,0.9998845981132446,-0.0007413389297623585
2011-12-15,0.9991839388899839,0.9998845981132446,-0.0007006592232606801
2011-12-16,0.9991978364288683,0.9998979933066828,-0.0007001568778145506
2011-12-19,0.9990853126866374,0.999858749691908,-0.0007734370052706607
2011-12-20,0.9990446329801355,0.9998716775897144,-0.0008270446095789419
2011-12-21,0.9990853126866371,0.9998979933066828,-0.0008126806200456915
2011-12-22,0.9992517518546403,0.9999115518641886,-0.0006598000095482393
2011-12-23,0.9992110721481384,0.9999378675811571,-0.0007267954330186788
2011-12-27,0.9991971746092542,0.9999243090236513,-0.0007271344143970904
2011-12-28,0.9991971746092542,0.9998845981132446,-0.0006874235039904253
2011-12-29,0.9991971746092542,0.9998845981132446,-0.0006874235039904253
2011-12-30,0.9991971746092542,0.9998845981132446,-0.0006874235039904253
2012-01-03,0.9991432591834822,0.9998845981132446,-0.0007413389297623585
2012-01-04,0.9991015622226042,0.999897678110943,-0.0007961158883388331
2012-01-05,0.999115288178162,0.9999378675811571,-0.0008225794029951272
2012-01-06,0.9992560465994091,0.9999644984938654,-0.0007084518944562301
2012-01-09,0.9993847202809854,0.9999778936873036,-0.0005931734063182592
2012-01-10,0.9994666067120775,0.9999778936873035,-0.0005112869752259552
2012-01-11,0.9994264172418634,0.9999778936873035,-0.0005514764454400689
2012-01-12,0.999529314821609,0.9999644984938653,-0.0004351836722562563
2012-01-13,0.9995029991046405,0.9999512627745951,-0.0004482636699546516
2012-01-17,0.999529314821609,0.9999378675811571,-0.00040855275954809755
2012-01-18,0.9995838920669952,0.9998845981132446,-0.00030070604624943265
2012-01-19,0.999624081537209,0.9998573136001809,-0.0002332320629718776
2012-01-20,0.9995211839574637,0.9998979933066827,-0.00037680934921902054
2012-01-23,0.9993925102758875,0.9999115518641883,-0.0005190415883008503
2012-01-24,0.9993925102758875,0.9999115518641888,-0.0005190415883012944
2012-01-25,0.9994194640268315,0.9999381827768968,-0.0005187187500653723
2012-01-26,0.9992922641630899,0.9999249470576266,-0.0006326828945366625
2012-01-27,0.999251082111142,0.9999512627745951,-0.0007001806634531205
2012-01-30,0.9992241283601981,0.9999512627745951,-0.0007271344143969793
2012-01-31,0.9993379330305013,0.9999378675811569,-0.0005999345506555454
2012-02-01,0.9994942302065197,0.9998845981132446,-0.00039036790672486443
2012-02-02,0.9994942302065197,0.9998979933066827,-0.00040376310016299044
2012-02-03,0.9994540407363056,0.9998845981132446,-0.0004305573769389781
2012-02-06,0.9994001253105336,0.9998582823962759,-0.00045815708574237224
2012-02-07,0.9993331298870631,0.9998180929260622,-0.00048496303899903115
2012-02-08,0.999319232348179,0.9997920850305574,-0.0004728526823783996
2012-02-09,0.9992383393858243,0.9997920850305574,-0.0005537456447330946
2012-02-10,0.9990679687433699,0.9998056435880632,-0.0007376748446933368
2012-02-13,0.9991629351721606,0.9997783590749996,-0.0006154239028389741
2012-02-14,0.9992438281345151,0.9998190387815015,-0.0005752106469864016
2012-02-15,0.9991432591834822,0.999858749691908,-0.0007154905084257868
2012-02-16,0.9993116410991715,0.9998453544984698,-0.0005337133992983079
2012-02-17,0.9994540407363056,0.9998453544984698,-0.00039131376216416935
2012-02-21,0.9992977435602872,0.9998723082494139,-0.0005745646891266443
2012-02-22,0.9991432591834822,0.999858749691908,-0.0007154905084257868
2012-02-23,0.9993116410991715,0.9998453544984698,-0.0005337133992983079
2012-02-24,0.9992977435602872,0.9999115518641883,-0.00061380830390112
2012-02-27,0.999230748136817,0.9998845981132445,-0.0006538499764274786
2012-02-28,0.9993731477739509,0.9998713623939744,-0.0004982146200235293
2012-02-29,0.9992977435602872,0.9998582823962762,-0.000560538835988944
2012-03-01,0.9993116410991715,0.9998713623939744,-0.0005597212948029728
2012-03-02,0.9993116410991713,0.9999246318618868,-0.0006129907627155928
2012-03-05,0.9993116410991715,0.999897678110943,-0.0005860370117715119
2012-03-06,0.9992438281345151,0.999897678110943,-0.0006538499764279226
2012-03-07,0.999297743560287,0.9998444086430305,-0.0005466650827434805
2012-03-08,0.9994540407363054,0.9998444086430305,-0.0003903679067250865
2012-03-09,0.9995842228291147,0.9997774132195603,-0.000193190390445519
2012-03-12,0.9995303074033427,0.9997774132195603,-0.0002471058162175632
2012-03-13,0.9995303074033429,0.9996974898982837,-0.000167182494940743
2012-03-14,0.9995303074033427,0.9996714820027791,-0.00014117459943641109
2012-03-15,0.9995811407723081,0.999712161709281,-0.00013102093697292538
2012-03-16,0.9995674148167503,0.9997920850305574,-0.00022467021380712104
2012-03-19,0.9995012174510317,0.9998190387815012,-0.00031782133046953653
2012-03-20,0.9995395587126867,0.9998190387815012,-0.00027948006881450826
2012-03-21,0.9995395587126867,0.9998190387815015,-0.0002794800688147303
2012-03-22,0.9995119352182446,0.9997536206785916,-0.00024168546034708527
2012-03-23,0.9994839642129243,0.9996874233128731,-0.0002034590999487884
2012-03-26,0.9995256611738024,0.9997663999732885,-0.00024073879948616206
2012-03-27,0.9995384404684993,0.9997009818703787,-0.00016254140187943467
2012-03-28,0.999445737852526,0.9997536206785916,-0.0003078828260656419
2012-03-29,0.999445737852526,0.9996874233128731,-0.00024168546034708527
2012-03-30,0.9995119352182443,0.9997663999732885,-0.00025446475504420363
2012-04-02,0.999591858539521,0.9997663999732885,-0.00017454143376749442
2012-04-03,0.999604637834218,0.9997536206785916,-0.00014898284437359077
2012-04-04,0.9994967435076213,0.9997536206785916,-0.0002568771709703377
2012-04-05,0.9994967435076213,0.9997663999732885,-0.000269656465667234
2012-04-09,0.9994839642129243,0.9997009818703787,-0.00021701765745441026
2012-04-10,0.9994177668472055,0.9997536206785916,-0.0003358538313861237
2012-04-11,0.9994967435076213,0.9996736973573153,-0.00017695384969396155
2012-04-12,0.99956294087334,0.9996736973573153,-0.00011075648397529392
2012-04-13,0.99956294087334,0.9996482839934663,-8.534312012631329e-05
2012-04-16,0.9994407926414265,0.9996482839934663,-0.0002074913520397903
2012-04-17,0.9994967435076213,0.999726336165528,-0.00022959265790667427
2012-04-18,0.9994839642129241,0.9996482839934663,-0.0001643197805422103
2012-04-19,0.9994040408916479,0.9996482839934663,-0.0002442431018183644
2012-04-20,0.9995119352182446,0.9996736973573153,-0.00016176213907070913
2012-04-23,0.9994735939565895,0.9995956451852535,-0.00012205122866393303
2012-04-24,0.9994735939565896,0.9995956451852535,-0.00012205122866382201
2012-04-25,0.9994735939565896,0.9995956451852535,-0.00012205122866382201
2012-04-26,0.999578930641715,0.9997009818703787,-0.00012205122866371099
2012-04-27,0.999578930641715,0.9997536206785916,-0.00017469003687664575
2012-04-30,0.9994735939565896,0.9998056435880635,-0.0003320496314738186
2012-05-01,0.9994735939565896,0.9997394462223445,-0.0002658522657548179
2012-05-02,0.9995928281805991,0.9998056435880632,-0.00021281540746409533
2012-05-03,0.9995674148167503,0.9997517281622913,-0.00018431334554103174
2012-05-04,0.9994865218543958,0.9996984586943788,-0.00021193683998299573
2012-05-07,0.9994453398024478,0.9996194820339631,-0.0001741422315153507
2012-05-08,0.9995262327648023,0.999591858539521,-6.562577471869169e-05
2012-05-09,0.9995516461286513,0.9995789306417148,-2.7284513063441374e-05
2012-05-10,0.9995908897434259,0.999553517277866,3.737246555990392e-05
2012-05-11,0.9996315694499278,0.9996315694499277,1.1102230246251565e-16
2012-05-14,0.9996443487446246,0.9995789306417148,6.541810290983108e-05
2012-05-15,0.9996575844638949,0.9995789306417148,7.865382218008588e-05
2012-05-16,0.9997237818296134,0.9996191201119291,0.00010466171768430677
2012-05-17,0.9996717589201418,0.9996579073021306,1.3851618011262445e-05
2012-05-18,0.9996315694499277,0.9996855307965725,-5.396134664481522e-05
2012-05-21,0.999699382414584,0.9996443487446246,5.50336699594034e-05
2012-05-22,0.9996717589201418,0.9996443487446248,2.7410175516995317e-05
2012-05-23,0.9995898724890496,0.9997381696047855,-0.00014829711573582927
2012-05-24,0.9996295833994562,0.9997783590749996,-0.00014877567554338889
2012-05-25,0.9996552905919595,0.9997783590749996,-0.00012306848304011186
2012-05-29,0.9997105461103434,0.9997783590749996,-6.781296465618869e-05
2012-05-30,0.9996708351999366,0.9997381696047855,-6.733440484885111e-05
2012-05-31,0.9996708351999366,0.9998180929260619,-0.00014725772612533827
2012-06-01,0.9996708351999366,0.9997510975025915,-8.026230265489875e-05
2012-06-04,0.9996155796815529,0.999698458694379,-8.287901282610921e-05
2012-06-05,0.9996155796815529,0.9996711741813151,-5.559449976222375e-05
2012-06-06,0.9996155796815527,0.9997104177960899,-9.483811453725455e-05
2012-06-07,0.9995366030211372,0.9996165969359291,-7.99939147918538e-05
2012-06-08,0.9995236751233308,0.9996835923593993,-0.00015991723606845198
2012-06-11,0.9994456229512693,0.9996578851668962,-0.00021226221562697933
2012-06-12,0.9995236751233311,0.9995629187381059,-3.9243614774808755e-05
2012-06-13,0.9995898724890498,0.9995908897434259,-1.017254376067811e-06
2012-06-14,0.999467724257136,0.9996315694499277,-0.00016384519279166732
2012-06-15,0.999533142360046,0.9997381696047855,-0.0002050272447394752
2012-06-18,0.999533142360046,0.9997381696047855,-0.0002050272447394752
2012-06-19,0.999533142360046,0.9997914390726981,-0.0002582967126520952
2012-06-20,0.999467724257136,0.9997914390726979,-0.00032371481556181525
2012-06-21,0.9994280133467293,0.9997783590749996,-0.0003503457282703071
2012-06-22,0.9994144547892237,0.9997105461103433,-0.0002960913211195182
2012-06-25,0.9994677242571363,0.9997914390726979,-0.0003237148155615932
2012-06-26,0.999467724257136,0.9997914390726979,-0.00032371481556181525
2012-06-27,0.999467724257136,0.9997914390726979,-0.00032371481556181525
2012-06-28,0.9993761135275686,0.9996848389178403,-0.00030872539027171353
2012-06-29,0.9993893492468389,0.9996848389178403,-0.00029548967100145873
2012-07-02,0.9994163029977827,0.999726020969788,-0.0003097179720052967
2012-07-03,0.9993373263373672,0.9996848389178401,-0.00034751258047294176
2012-07-05,0.9992601772514331,0.999633417658487,-0.0003732404070538875
2012-07-06,0.9992601772514331,0.9996334176584868,-0.00037324040705366546
2012-07-09,0.9991821250793715,0.999633417658487,-0.00045129257911546983
2012-07-10,0.9991821250793715,0.9997526518824965,-0.0005705268031249711
2012-07-11,0.9990915807999994,0.9997129409720898,-0.0006213601720904682
2012-07-12,0.9991475316661944,0.9998056435880632,-0.0006581119218688203
2012-07-13,0.9991892286270725,0.9998056435880632,-0.000616414960990741
2012-07-16,0.9990310755289431,0.9998056435880632,-0.0007745680591201287
2012-07-17,0.9990310755289431,0.9998582823962762,-0.0008272068673330635
2012-07-18,0.9990590465342631,0.9998979933066827,-0.0008389467724195798
2012-07-19,0.9989288644414539,0.9998713623939744,-0.000942497952520549
2012-07-20,0.9989288644414539,0.9998316514835678,-0.0009027870421138839
2012-07-23,0.9989288644414539,0.9998713623939744,-0.000942497952520549
2012-07-24,0.9987864648043199,0.999911073304381,-0.0011246085000611306
2012-07-25,0.9987864648043199,0.9998713623939742,-0.0010848975896543545
2012-07-26,0.9987725672654355,0.9998713623939742,-0.001098795128538721
2012-07-27,0.9987308703045575,0.9998713623939744,-0.0011404920894169113
2012-07-30,0.9987308703045575,0.9998713623939744,-0.0011404920894169113
2012-07-31,0.9987308703045575,0.9998180929260619,-0.0010872226215044023
2012-08-01,0.9987308703045575,0.9998316514835678,-0.0011007811790102462
2012-08-02,0.9989012409470118,0.9998316514835678,-0.000930410536555959
2012-08-03,0.9989012409470118,0.9998316514835678,-0.000930410536555959
2012-08-06,0.9990453205787055,0.9998713623939744,-0.0008260418152689075
2012-08-07,0.9988890234026871,0.9998979933066827,-0.0010089699039955713
2012-08-08,0.9987308703045576,0.9998979933066827,-0.00116712300212507
2012-08-09,0.9985624883888681,0.9998440778809108,-0.0012815894920427118
2012-08-10,0.9983778638410972,0.9997631849185563,-0.0013853210774591451
2012-08-13,0.9984054873355394,0.9996552905919595,-0.0012498032564201011
2012-08-14,0.9985478869726735,0.9996418953985214,-0.0010940084258479477
2012-08-15,0.9985901118833105,0.9997237818296134,-0.0011336699463029287
2012-08-16,0.9987308703045575,0.9997783590749996,-0.0010474887704420288
2012-08-17,0.9985604996621031,0.9997783590749996,-0.001217859412896427
2012-08-20,0.9987028992992373,0.9997783590749996,-0.0010754597757622886
2012-08-21,0.9985742256176611,0.9997914390726979,-0.0012172134550367808
2012-08-22,0.9985742256176611,0.9997381696047855,-0.0011639439871243829
2012-08-23,0.9985182747514663,0.9997124624122823,-0.0011941876608160262
2012-08-24,0.9987028992992373,0.9997381696047855,-0.001035270305548175
2012-08-27,0.9988732699416917,0.9997517281622911,-0.0008784582205993985
2012-08-28,0.9989012409470118,0.9996708351999366,-0.0007695942529247768
2012-08-29,0.9989012409470118,0.999604637834218,-0.0007033968872062202
2012-08-30,0.9990041385267575,0.9995256611738024,-0.0005215226470448586
2012-08-31,0.9990041385267575,0.9995256611738024,-0.0005215226470448586
2012-09-04,0.9991343206195668,0.9995119352182446,-0.0003776145986778001
2012-09-05,0.9989761675214373,0.9995256611738025,-0.0005494936523652294
2012-09-06,0.9991078938527572,0.9995395587126867,-0.00043166485992951475
2012-09-07,0.9991358648580775,0.9995119352182446,-0.00037607036016706896
2012-09-10,0.9992253672443848,0.9995119352182446,-0.00028656797385973043
2012-09-11,0.9992253672443848,0.9995119352182446,-0.00028656797385973043
2012-09-12,0.9993570935757048,0.9995119352182447,-0.00015484164253987132
2012-09-13,0.9994624302608301,0.9993927009942348,6.972926659531975e-05
2012-09-14,0.9994485327219459,0.9993374454758511,0.00011108724609476539
2012-09-17,0.9994999539812992,0.9993117382833479,0.00018821569795135495
2012-09-18,0.9994485327219459,0.9994183384382057,3.0194283740181405e-05
2012-09-19,0.9994754864728899,0.9995262327648023,-5.074629191248459e-05
2012-09-20,0.9994348067663881,0.9995908897434259,-0.00015608297703784135
2012-09-21,0.9994485327219459,0.9996315694499277,-0.00018303672798181125
2012-09-24,0.9995401434515134,0.9995645740264574,-2.4430574943945516e-05
2012-09-25,0.9994999539812992,0.9995119352182446,-1.1981236945346474e-05
2012-09-26,0.9994485327219459,0.999591858539521,-0.00014332581757514617
2012-09-27,0.9994624302608301,0.9996984586943788,-0.00023602843354864067
2012-09-28,0.9994624302608301,0.9997381696047855,-0.00027573934395530575
2012-10-01,0.9993307039295102,0.999804366970504,-0.0004736630409938325
2012-10-02,0.9993307039295102,0.999804366970504,-0.0004736630409938325
2012-10-03,0.999394617296174,0.9997914390726979,-0.0003968217765238924
2012-10-04,0.999394617296174,0.9998713623939744,-0.00047674509780049057
2012-10-05,0.999394617296174,0.9998316514835678,-0.0004370341873938255
2012-10-08,0.999432958557829,0.9997783820156554,-0.00034542345782639927
2012-10-09,0.9993250642312321,0.9996984586943788,-0.00037339446314665903
2012-10-10,0.9994177668472057,0.9997517281622913,-0.0003339613150855625
2012-10-11,0.9995256611738025,0.9997654541178491,-0.0002397929440466351
2012-10-12,0.9994329585578288,0.9997381696047856,-0.00030521104695679924
2012-10-15,0.9995256611738024,0.999712161709281,-0.00018650053547863976
2012-10-16,0.9995395587126867,0.9997920850305575,-0.0002525263178707604
2012-10-17,0.9995395587126865,0.9997654541178491,-0.00022589540516260165
2012-10-18,0.9995395587126867,0.9996727515018755,-0.00013319278918877409
2012-10-19,0.9994457378525258,0.9995811407723081,-0.00013540291978231256
2012-10-22,0.9995256611738024,0.999606554136157,-8.089296235458399e-05
2012-10-23,0.999606554136157,0.9996855307965725,-7.897666041556395e-05
2012-10-24,0.9995677669459554,0.9997654541178491,-0.00019768717189372342
2012-10-25,0.9995540409903976,0.9997654541178491,-0.00021141312745154295
2012-10-26,0.9995540409903976,0.9997517281622913,-0.00019768717189372342
2012-10-31,0.9995540409903976,0.9997654541178491,-0.00021141312745154295
2012-11-01,0.9995128589384497,0.9997654541178491,-0.00025259517939946186
2012-11-02,0.99939362471444,0.9997654541178491,-0.0003718294034090741
2012-11-05,0.9992603170239945,0.9997517281622911,-0.000491411138296538
2012-11-06,0.9992603170239945,0.9998043669705043,-0.0005440499465098059
2012-11-07,0.9991697727446224,0.9997914390726979,-0.0006216663280754764
2012-11-08,0.9990239729468666,0.9998180699854061,-0.0007940970385394985
2012-11-09,0.9989278326104576,0.9997634927400202,-0.0008356601295625987
2012-11-12,0.9989837834766524,0.9998313057046764,-0.000847522228023978
2012-11-13,0.9989278326104576,0.9998180699854063,-0.0008902373749487547
2012-11-14,0.9990183768898295,0.9998309978832124,-0.0008126209933828621
2012-11-15,0.9988315308550714,0.9998309978832124,-0.0009994670281410212
2012-11-16,0.9988315308550714,0.9998309978832124,-0.0009994670281410212
2012-11-19,0.9987223105209639,0.9997631849185563,-0.0010408743975923729
2012-11-20,0.9987346638213376,0.9997502570207499,-0.0010155931994123568
2012-11-21,0.9987223105209639,0.9997634927400201,-0.001041182219056136
2012-11-23,0.9985710942282783,0.9997237818296134,-0.001152687601335134
2012-11-26,0.9983966014938936,0.9996031082083197,-0.0012065067144260144
2012-11-27,0.998486103880201,0.9995898724890496,-0.0011037686088486431
2012-11-28,0.998675225644046,0.999520363065349,-0.0008451374213029883
2012-11-29,0.9985112300566632,0.9995898724890494,-0.001078642432386201
2012-11-30,0.9983221082928184,0.9994806521549423,-0.0011585438621238842
2012-12-03,0.9982326059065111,0.9994806521549423,-0.0012480462484312227
2012-12-04,0.9981545537344493,0.9995069678719107,-0.0013524141374614551
2012-12-05,0.9981545537344493,0.999467724257136,-0.0013131705226867574
2012-12-06,0.9981545537344493,0.999467724257136,-0.0013131705226867574
2012-12-07,0.9983560287986678,0.9995898724890496,-0.0012338436903818195
2012-12-10,0.9985326584552021,0.9995898724890494,-0.0010572140338472868
2012-12-11,0.9985451505625126,0.9996552905919593,-0.00111014002944676
2012-12-12,0.9985451505625126,0.9997105461103434,-0.0011653955478307942
2012-12-13,0.9983560287986678,0.9997105461103434,-0.0013545173116755738
2012-12-14,0.9981669070348228,0.9997105461103434,-0.0015436390755205753
2012-12-17,0.997950607875934,0.9996155796815526,-0.0016649718056185314
2012-12-18,0.9978219341943579,0.9996708351999366,-0.0018489010055786625
2012-12-19,0.9976056350354691,0.9996451280074335,-0.002039492971964485
2012-12-20,0.9976056350354691,0.9995898724890498,-0.001984237453580784
2012-12-21,0.9974754529426597,0.9996026517837467,-0.00212719884108703
2012-12-24,0.9972319118070578,0.9996026517837464,-0.002370739976688574
2012-12-26,0.9972319118070578,0.9996845382148389,-0.0024526264077811
2012-12-27,0.9974754529426597,0.9996979334082771,-0.002222480465617349
2012-12-28,0.9974754529426597,0.9996979334082771,-0.002222480465617349
2012-12-31,0.9975476724698551,0.9996845382148388,-0.002136865744983729
2013-01-02,0.9973070710269705,0.9996845382148388,-0.002377467187868354
2013-01-03,0.9973070710269705,0.9996845382148388,-0.002377467187868354
2013-01-04,0.9973070710269705,0.9996845382148388,-0.002377467187868354
2013-01-07,0.9970635298913687,0.9996845382148388,-0.00262100832347012
2013-01-08,0.9970635298913687,0.9996055615544233,-0.002542031663054556
2013-01-09,0.9970635298913687,0.9995789306417148,-0.002515400750346064
2013-01-10,0.9973191557666413,0.9995789306417148,-0.0022597748750734503
2013-01-11,0.9974754529426597,0.9994999539812992,-0.0020245010386394924
2013-01-14,0.9976178525797939,0.9994873199121475,-0.0018694673323536026
2013-01-15,0.9978341517386826,0.9994203244886772,-0.0015861727499946188
2013-01-16,0.9978341517386827,0.9994203244886772,-0.0015861727499945077
2013-01-17,0.997905444710092,0.9994457378525258,-0.0015402931424337574
2013-01-18,0.9981093905686071,0.9994457378525258,-0.0013363472839186263
2013-01-22,0.9981217438689807,0.9994596353914101,-0.0013378915224294685
2013-01-23,0.9980971730242821,0.9993530352365524,-0.0012558622122702534
2013-01-24,0.9978808738653936,0.9993404011674005,-0.0014595273020069355
2013-01-25,0.9978956979600639,0.9992338010125428,-0.001338103052478834
2013-01-28,0.9978095808939844,0.999127200857685,-0.0013176199637006114
2013-01-29,0.9976671812568502,0.9992464350816946,-0.0015792538248444732
2013-01-30,0.9974265798139657,0.9992338010125428,-0.0018072211985771247
2013-01-31,0.9976180335651705,0.9992058300072225,-0.0015877964420519808
2013-02-01,0.9976671812568502,0.9993391376976682,-0.0016719564408180787
2013-02-04,0.9976550965171794,0.9992338010125428,-0.0015787044953633478
2013-02-05,0.9974115553815776,0.999113127391249,-0.0017015720096714704
2013-02-06,0.9974265798139657,0.9990848000194962,-0.001658220205530525
2013-02-07,0.9973254383154979,0.9989655657954867,-0.0016401274799887622
2013-02-08,0.9974115553815776,0.9989655657954867,-0.0015540104139091238
2013-02-11,0.9976550965171794,0.9989655657954867,-0.001310469278307247
2013-02-12,0.9976180335651705,0.998922799392422,-0.001304765827251475
2013-02-13,0.9976180335651705,0.998922799392422,-0.001304765827251475
2013-02-14,0.9976180335651705,0.9990155020083955,-0.0013974684432249695
2013-02-15,0.9975319164990911,0.9990030099010851,-0.001471093401994028
2013-02-19,0.9975168920667028,0.9988837756770755,-0.0013668836103727378
2013-02-20,0.9973504528986998,0.9988335169055428,-0.001483064006842949
2013-02-21,0.9971820709830105,0.9988867863734553,-0.001704715390444811
2013-02-22,0.9972312186746901,0.9989571762709621,-0.001725957596272032
2013-02-25,0.997158288584068,0.9987581126918791,-0.0015998241078111208
2013-02-26,0.9970965068232367,0.9986730937649119,-0.0015765869416751732
2013-02-27,0.9971820709830105,0.998716415731001,-0.0015343447479905237
2013-02-28,0.9969758332019429,0.9986158467799681,-0.0016400135780251235
2013-03-01,0.9967232769678603,0.9986158467799681,-0.001892569812107725
2013-03-04,0.9966260097060995,0.9986158467799678,-0.00198983707386835
2013-03-05,0.9969020966499135,0.998826995098722,-0.0019248984488084986
2013-03-06,0.9969610132377441,0.9987131904284187,-0.0017521771906745531
2013-03-07,0.9966966293959174,0.9987912426004805,-0.002094613204563056
2013-03-08,0.9965027852814762,0.9987912426004805,-0.002288457319004289
2013-03-11,0.9962561514617929,0.9988607520241811,-0.002604600562388204
2013-03-12,0.9962116739052741,0.998926170127091,-0.0027144962218168533
2013-03-13,0.9961964436459549,0.9988432655099521,-0.0026468218639971175
2013-03-14,0.9960344430188806,0.998898521028336,-0.0028640780094554286
2013-03-15,0.9957615989794953,0.9987458078158908,-0.0029842088363954966
2013-03-18,0.9957317504524367,0.9988120051816095,-0.0030802547291728377
2013-03-19,0.9956471172598277,0.9987014258138885,-0.0030543085540608583
2013-03-20,0.9956471172598277,0.998782318776243,-0.0031352015164153313
2013-03-21,0.9956471172598277,0.998782318776243,-0.0031352015164153313
2013-03-22,0.9956471172598277,0.9987692387785447,-0.003122121518717047
2013-03-25,0.9958561916335882,0.9988120051816094,-0.0029558135480212133
2013-03-26,0.9960372564533324,0.9986754179183839,-0.0026381614650514695
2013-03-27,0.9960372564533324,0.9987458078158908,-0.002708551362558431
2013-03-28,0.9957345638868883,0.9987718157113954,-0.0030372518245070923
2013-04-01,0.9955885464501064,0.998536884993699,-0.0029483385435925547
2013-04-02,0.9955885464501064,0.9984569616724226,-0.0028684152223161785
2013-04-03,0.9953042406184451,0.9983209072204601,-0.003016666602014939
2013-04-04,0.9956183949771651,0.9981956988232791,-0.0025773038461139874
2013-04-05,0.9956183949771651,0.9982530942558041,-0.002634699278639019
2013-04-08,0.9956183949771651,0.9982530942558039,-0.002634699278638797
2013-04-09,0.9952928957873138,0.9984997280754871,-0.0032068322881733113
2013-04-10,0.9952478170009362,0.9983790544541935,-0.003131237453257274
2013-04-11,0.9952776655279949,0.9984751947906025,-0.0031975292626076346
2013-04-12,0.9956183949771651,0.9986814325716701,-0.0030630375945049915
2013-04-15,0.9956334194095534,0.9987880327265278,-0.0031546133169744195
2013-04-16,0.995773451901405,0.9986531051999175,-0.0028796532985124745
2013-04-17,0.9959002486739863,0.9987880327265278,-0.002887784052541531
2013-04-18,0.9959002486739863,0.9989005564687589,-0.003000307794772561
2013-04-19,0.9960725818277365,0.9989943773289196,-0.0029217955011831
2013-04-22,0.9961845545056475,0.9990084507953554,-0.0028238962897079167
2013-04-23,0.9961845545056475,0.9990830118508841,-0.002898457345236638
2013-04-24,0.9961547059785889,0.9989146299351946,-0.0027599239566057365
2013-04-25,0.9958704001469276,0.9989275578330011,-0.0030571576860735084
2013-04-26,0.9955860943152663,0.9987331476596779,-0.0031470533444115656
2013-04-29,0.9955410155288886,0.9986252533330812,-0.0030842378041925356
2013-04-30,0.9954804949383029,0.9986109994277642,-0.0031305044894612832
2013-05-01,0.9954804949383029,0.9986109994277642,-0.0031305044894612832
2013-05-02,0.9953896860095651,0.9984616328698418,-0.0030719468602766753
2013-05-03,0.9955620191633151,0.9984042374373169,-0.002842218274001773
2013-05-06,0.9953783411784337,0.99813985359549,-0.0027615124170562444
2013-05-07,0.9951926128312453,0.998152632890187,-0.0029600200589416925
2013-05-08,0.9949707508624595,0.998152632890187,-0.0031818820277275117
2013-05-09,0.9951182237331463,0.9982107789509463,-0.0030925552178000526
2013-05-10,0.9953960365681268,0.99829634311072,-0.0029003065425932117
2013-05-13,0.9956657133703279,0.9983762664319965,-0.0027105530616685636
2013-05-14,0.9956370204336991,0.9982709297468713,-0.0026339093131722002
2013-05-15,0.9955462115049614,0.9983379251703415,-0.0027917136653801133
2013-05-16,0.9956657133703279,0.9983669932311137,-0.0027012798607857214
2013-05-17,0.995679786836764,0.998192500496729,-0.0025127136599650823
2013-05-20,0.995679786836764,0.998192500496729,-0.0025127136599650823
2013-05-21,0.995679786836764,0.9980542121018495,-0.002374425265085578
2013-05-22,0.995679786836764,0.9977898282600228,-0.0021100414232588793
2013-05-23,0.9954388029711917,0.9978277337311818,-0.0023889307599901377
2013-05-24,0.9954388029711917,0.9978277337311818,-0.0023889307599901377
2013-05-28,0.9953960365681269,0.9978277337311818,-0.0024316971630549133
2013-05-29,0.9950129757730966,0.9975664708820384,-0.0025534951089418723
2013-05-30,0.994746393171076,0.9973876511999855,-0.0026412580289094656
2013-05-31,0.9950386450373685,0.9973876511999855,-0.0023490061626170178
2013-06-03,0.995305227639389,0.9973625250235232,-0.0020572973841341824
2013-06-04,0.995305227639389,0.9973625250235232,-0.0020572973841341824
2013-06-05,0.9956657133703279,0.9973625250235232,-0.0016968116531952404
2013-06-06,0.995679786836764,0.9973625250235232,-0.0016827381867592361
2013-06-07,0.995679786836764,0.9974486420896028,-0.0017688552528388746
2013-06-10,0.9957836293934388,0.9973649198140624,-0.0015812904206236045
2013-06-11,0.9961243588426091,0.9976525879481181,-0.0015282291055089825
2013-06-12,0.9961243588426091,0.9976525879481181,-0.0015282291055089825
2013-06-13,0.9961243588426091,0.9976525879481181,-0.0015282291055089825
2013-06-14,0.9961243588426091,0.9978425578258522,-0.0017181989832431022
2013-06-17,0.9961243588426091,0.9978425578258522,-0.0017181989832431022
2013-06-18,0.9960815924395442,0.9978425578258522,-0.0017609653863079888
2013-06-19,0.9958150098375237,0.9975664708820384,-0.001751461044514735
2013-06-20,0.9959022537971074,0.9975366223549798,-0.0016343685578723566
2013-06-21,0.9961688363991279,0.9976087634402784,-0.0014399270411504794
2013-06-24,0.9964270514090531,0.9976749608059969,-0.0012479093969438582
2013-06-25,0.9963983584724242,0.9977230454889351,-0.0013246870165108948
2013-06-26,0.9964270514090531,0.9979543690802123,-0.0015273176711592118
2013-06-27,0.9964270514090531,0.9976749608059969,-0.0012479093969438582
2013-06-28,0.9964270514090531,0.9979098915236935,-0.0014828401146403936
2013-07-01,0.9964270514090531,0.9979098915236935,-0.0014828401146403936
2013-07-02,0.9964270514090531,0.997766235252843,-0.0013391838437899484
2013-07-03,0.9964385132013289,0.9978527510995696,-0.001414237898240689
2013-07-05,0.9963795966134982,0.9980490461786328,-0.0016694495651345953
2013-07-08,0.9963795966134981,0.9978919947143442,-0.0015123981008461351
2013-07-09,0.9963681348212222,0.9979665557698727,-0.0015984209486504808
2013-07-10,0.9960502119954593,0.9977554074511186,-0.0017051954556592808
2013-07-11,0.9957836293934388,0.9977554074511186,-0.001971778057679785
2013-07-12,0.995755302021686,0.9975696784633517,-0.0018143764416655994
2013-07-15,0.9957212651653187,0.9977808267821056,-0.002059561616786887
2013-07-16,0.9957553020216859,0.9979408804851784,-0.0021855784634924325
2013-07-17,0.9955058165584583,0.9979654513298767,-0.0024596347714184175
2013-07-18,0.9954913775271463,0.9982150936843075,-0.00272371615716116
2013-07-19,0.995250393661574,0.9981266094729454,-0.00287621581137143
2013-07-22,0.995250393661574,0.9981266094729454,-0.00287621581137143
2013-07-23,0.9949838110595535,0.9980128048026422,-0.003028993743088737
2013-07-24,0.9949838110595535,0.9980128048026422,-0.003028993743088737
2013-07-25,0.9952760629258459,0.9979748993314831,-0.0026988364056371728
2013-07-26,0.9955426455278665,0.9980887040017862,-0.0025460584739196435
2013-07-29,0.9956023533437042,0.998234503799542,-0.0026321504558378672
2013-07-30,0.9956167923750162,0.9981952601847675,-0.0025784678097512392
2013-07-31,0.9958577762405885,0.998234503799542,-0.002376727558953573
2013-08-01,0.9957836293934388,0.9982590746442405,-0.0024754452508016778
2013-08-02,0.9955283916225496,0.9983229880109042,-0.0027945963883546643
2013-08-05,0.9955058165584583,0.9984670676425978,-0.0029612510841395823
2013-08-06,0.9955283916225496,0.998534063066068,-0.0030056714435183762
2013-08-07,0.9955058165584583,0.9985848964350333,-0.003079079876575075
2013-08-08,0.9954913775271463,0.9988066048779455,-0.0033152273507991437
2013-08-09,0.9954913775271463,0.9988066048779455,-0.0033152273507991437
2013-08-12,0.9954913775271463,0.9988066048779455,-0.0033152273507991437
2013-08-13,0.9952503936615739,0.9989616618021853,-0.003711268140611401
2013-08-14,0.9956023533437042,0.99891082843322,-0.0033084750895158166
2013-08-15,0.995916507702424,0.9990149312700978,-0.003098423567673758
2013-08-16,0.9961975293357566,0.9989635100107445,-0.0027659806749879
2013-08-19,0.9964270514090531,0.9990149312700978,-0.002587879861044695
2013-08-20,0.996682289179942,0.998937782184164,-0.002255493004222009
2013-08-21,0.9966539618081893,0.9987696452622258,-0.0021156834540364544
2013-08-22,0.9963842850059885,0.9985230914116296,-0.002138806405641125
2013-08-23,0.9963842850059883,0.9985230914116296,-0.002138806405641347
2013-08-26,0.9963842850059883,0.9985230914116296,-0.002138806405641347
2013-08-27,0.996428177161431,0.9986259889913754,-0.002197811829944496
2013-08-28,0.9963991091006588,0.998363993336571,-0.0019648842359122343
2013-08-29,0.9966603719498023,0.998376772631268,-0.001716400681465724
2013-08-30,0.9963842850059883,0.9983633774378299,-0.001979092431841578
2013-09-03,0.9960587858161372,0.9983009011219723,-0.0022421153058351795
2013-09-04,0.9959990780002992,0.998473394390469,-0.0024743163901698173
2013-09-05,0.995755302021686,0.9985358707063267,-0.0027805686846406052
2013-09-06,0.9958150098375237,0.9983633774378299,-0.0025483676003061895
2013-09-09,0.9960587858161372,0.9983009011219723,-0.0022421153058351795
2013-09-10,0.9959424140583503,0.9982488782125006,-0.002306464154150367
2013-09-11,0.9960165609055,0.9983505981431329,-0.0023340372376329244
2013-09-12,0.9960464094325586,0.9981492098466741,-0.00210280041411548
2013-09-13,0.9960025172771162,0.997958569434709,-0.001956052157592758
2013-09-16,0.9961787611992927,0.997958569434709,-0.001779808235416236
2013-09-17,0.9961055907061449,0.9979202281730539,-0.0018146374669090193
2013-09-18,0.9960753360144379,0.9978317439616919,-0.0017564079472540683
2013-09-19,0.9957535525747083,0.9977920330512852,-0.0020384804765768427
2013-09-20,0.995370491779678,0.9978051130489834,-0.0024346212693054925
2013-09-23,0.9956773726754307,0.9978317439616917,-0.0021543712862610587
2013-09-24,0.9956773726754307,0.9981374994977273,-0.002460126822296682
2013-09-25,0.9954045286360453,0.9978563148063903,-0.002451786170344916
2013-09-26,0.99533230910885,0.9978317439616919,-0.0024994348528419863
2013-09-27,0.99533230910885,0.9978054282447234,-0.0024731191358734472
2013-09-30,0.99533230910885,0.9977920330512852,-0.00245972394243521
2013-10-01,0.9954321521304874,0.9977045440979506,-0.0022723919674632054
2013-10-02,0.995055783371334,0.9976273950120167,-0.0025716116406826472
2013-10-03,0.9952052417313509,0.9977411996823198,-0.002535957950968837
2013-10-04,0.9952191392702354,0.9977045440979506,-0.0024854048277151986
2013-10-07,0.9954434969616188,0.9976004412610726,-0.002156944299453789
2013-10-08,0.9958039826925578,0.9976004412610726,-0.001796458568514847
2013-10-09,0.9958039826925578,0.9976004412610726,-0.001796458568514847
2013-10-10,0.995875275663967,0.9978816259524097,-0.0020063502884426487
2013-10-11,0.9960882885242192,0.9977637971599741,-0.001675508635754941
2013-10-14,0.9964216531541903,0.9977374814430057,-0.0013158282888153794
2013-10-15,0.9965241273730928,0.997812042498534,-0.0012879151254411303
2013-10-16,0.9967279947897115,0.9976848426347928,-0.0009568478450813211
2013-10-17,0.9967003712952693,0.9977091449187884,-0.0010087736235190325
2013-10-18,0.9967279947897114,0.9977466243956243,-0.001018629605912924
2013-10-21,0.9967395759799532,0.9976273901716148,-0.0008878141916616178
2013-10-22,0.996466731940568,0.9974779318115974,-0.001011199871029378
2013-10-23,0.9961790638065121,0.9975684760909694,-0.0013894122844573253
2013-10-24,0.9963806148744884,0.9976738127760948,-0.0012931979016064243
2013-10-25,0.9965684399869068,0.9978371686749962,-0.00126872868808936
2013-10-28,0.9962657474204628,0.997633133069593,-0.0013673856491301928
2013-10-29,0.9965568587966649,0.9975193283992898,-0.0009624696026249158
2013-10-30,0.9962505171611437,0.9975713513087614,-0.0013208341476177443
2013-10-31,0.9959056907388966,0.9976512746300381,-0.0017455838911415444
2013-11-01,0.9959918078049762,0.9979691149057444,-0.0019773071007681553
2013-11-04,0.9960768267319432,0.9979691149057444,-0.0018922881738011599
2013-11-05,0.9959156279056985,0.9979691149057444,-0.002053487000045817
2013-11-06,0.9959156279056985,0.9978146305289394,-0.0018990026232408308
2013-11-07,0.9956427838663129,0.997597359204266,-0.0019545753379530684
2013-11-08,0.9958443349342894,0.9974848354620349,-0.0016405005277455587
2013-11-11,0.9960300632814778,0.997353109130715,-0.0013230458492371477
2013-11-12,0.996091419086085,0.9970937166775048,-0.0010022975914197874
2013-11-13,0.9962676630082614,0.9969561296082594,-0.0006884665999979944
2013-11-14,0.9962792441985034,0.9967979765101298,-0.0005187323116263576
2013-11-15,0.9962676630082614,0.99673255840722,-0.0004648953989585536
2013-11-18,0.9962792441985034,0.99673255840722,-0.0004533142087165265
2013-11-19,0.9963099162620306,0.9969387961882875,-0.0006288799262569311
2013-11-20,0.9964726016267013,0.9968101225067114,-0.0003375208800101559
2013-11-21,0.9967637130029035,0.9966038847256438,0.00015982827725968818
2013-11-22,0.9969013000721489,0.9964494003488388,0.00045189972331016737
2013-11-25,0.9971959386056831,0.9965223304394608,0.0006736081662223059
2013-11-26,0.9970541174007135,0.996354482103545,0.0006996352971684328
2013-11-27,0.9970541174007135,0.9967047858215861,0.00034933157912742097
2013-11-29,0.9971959386056829,0.9968712249895889,0.00032471361609398564
2013-12-02,0.9974484948397655,0.9967533961971533,0.0006950986426121908
2013-12-03,0.9974484948397655,0.9965952430990238,0.0008532517407416895
2013-12-04,0.9974484948397655,0.9962329845897849,0.001215510249980567
2013-12-05,0.9977041207150383,0.9963753842269192,0.0013287364881191532
2013-12-06,0.9979566769491209,0.9961548925405347,0.0018017844085862489
2013-12-09,0.9979566769491209,0.9960124929034007,0.0019441840457202764
2013-12-10,0.9980552544335937,0.9960483600420138,0.002006894391579861
2013-12-11,0.9981525980820444,0.996036275302343,0.0021163227797014184
2013-12-12,0.9980686496270318,0.996036275302343,0.002032374324688835
2013-12-13,0.9981672271115049,0.9963622767363881,0.0018049503751167428
2013-12-16,0.9981672271115046,0.9967081850363249,0.0014590420751797728
2013-12-17,0.9980400272477633,0.9968260138287605,0.0012140134190028462
2013-12-18,0.9979414497632906,0.9968140590375624,0.0011273907257282056
2013-12-19,0.9978022951083513,0.9968626694131298,0.0009396256952214355
2013-12-20,0.9977887365508454,0.9970227231162024,0.0007660134346429981
2013-12-23,0.9979294949720926,0.9971438541044669,0.0007856408676256699
2013-12-24,0.9981672271115046,0.9969667722500076,0.0012004548614970023
2013-12-26,0.9983662906905877,0.9970227231162027,0.0013435675743850295
2013-12-27,0.9985629999780297,0.9971513967977789,0.0014116031802507978
2013-12-30,0.9984478848539595,0.9973338521799041,0.0011140326740554096
2013-12-31,0.9985182747514663,0.9976025447639306,0.0009157299875356406
2014-01-02,0.9983775163302191,0.9977176598880011,0.0006598564422179987
2014-01-03,0.998363790374661,0.9978242600428588,0.0005395303318022071
2014-01-06,0.9985061900117954,0.9977176598880011,0.0007885301237943176
2014-01-07,0.9984789054987316,0.9976025447639306,0.0008763607348010183
2014-01-08,0.9986090875915409,0.9974692370734851,0.0011398505180557628
2014-01-09,0.9984222415567827,0.9973338521799041,0.0010883893768786068
2014-01-10,0.9986333898755366,0.9975109340343633,0.0011224558411733199
2014-01-13,0.9986090875915409,0.9974692370734853,0.0011398505180555407
2014-01-14,0.9987228922618442,0.9973284786522381,0.0013944136096061266
2014-01-15,0.998826995098722,0.9973651342366073,0.001461860862114639
2014-01-16,0.9987983021620932,0.9970593787005719,0.001738923461521269
2014-01-17,0.9988259256565353,0.9970227231162027,0.0018032025403326157
2014-01-21,0.9987581126918791,0.9970227231162027,0.001735389575676427
2014-01-22,0.998716415731001,0.9970472939609011,0.001669121770099924
2014-01-23,0.9987983021620932,0.9970472939609011,0.0017510082011921169
2014-01-24,0.9988259256565353,0.9970593787005719,0.001766546955963344
2014-01-27,0.9986941993252154,0.9969048943237667,0.0017893050014486933
2014-01-28,0.9988686920596002,0.9970260253120312,0.001842666747568944
2014-01-29,0.9988686920596002,0.9971438541044672,0.0017248379551330073
2014-01-30,0.9989201133189533,0.9971438541044667,0.001776259214486542
2014-01-31,0.9988497234214464,0.9968626694131298,0.0019870540083165578
2014-02-03,0.9988773469158886,0.9968260138287605,0.0020513330871281266
2014-02-04,0.9989030541083916,0.9968260138287605,0.0020770402796311815
2014-02-05,0.9990317277899681,0.9967081850363247,0.002323542753643326
2014-02-06,0.9990317277899681,0.9964850819263729,0.0025466458635952094
2014-02-07,0.9989331503054953,0.9964850819263729,0.002448068379122481
2014-02-10,0.9990633323983045,0.9964850819263729,0.002578250471931609
2014-02-11,0.9989706297823309,0.9966962302451269,0.002274399537203986
2014-02-12,0.9990226526918027,0.9968626694131298,0.002159983278672839
2014-02-13,0.9989706297823309,0.9970227231162027,0.0019479066661282074
2014-02-14,0.9988265501506374,0.9970472939609011,0.001779256189736289
2014-02-18,0.9988393294453346,0.9970593787005719,0.0017799507447626706
2014-02-19,0.9987242143212639,0.9970227231162027,0.0017014912050612452
2014-02-20,0.9986035406999703,0.9970227231162027,0.001580817583767602
2014-02-21,0.9985340312762696,0.9970472939609011,0.0014867373153685248
2014-02-24,0.9985340312762696,0.9970472939609011,0.0014867373153685248
2014-02-25,0.9984068314125283,0.9970472939609011,0.0013595374516272019
2014-02-26,0.9984068314125283,0.9972054470590304,0.0012013843534979252
2014-02-27,0.9984068314125283,0.9975232873347366,0.0008835440777916759
2014-02-28,0.9984068314125283,0.9973931052419274,0.0010137261706009149
2014-03-03,0.9985417589391387,0.9974053227862523,0.0011364361528863887
2014-03-04,0.9986035406999703,0.9973931052419276,0.001210435458042669
2014-03-05,0.9986561795081832,0.9973931052419276,0.0012630742662556038
2014-03-06,0.9987186558240407,0.9975248315732476,0.001193824250793174
2014-03-07,0.9987706787335124,0.9975248315732476,0.001245847160264879
2014-03-10,0.9987125326727531,0.9972436468819105,0.001468885790842589
2014-03-11,0.9986252887131696,0.997099567250217,0.0015257214629526006
2014-03-12,0.9986627681900053,0.9970873497058921,0.0015754184841132446
2014-03-13,0.9986252887131696,0.9972436468819103,0.0013816418312593282
2014-03-14,0.9986627681900053,0.9972297493430261,0.0014330188469792171
2014-03-17,0.9988438330097495,0.9973931052419276,0.0014507277678219577
2014-03-18,0.9989706297823309,0.9973931052419274,0.0015775245404034965
2014-03-19,0.9989074431129921,0.9972490256102339,0.0016584175027581916
2014-03-20,0.9989706297823309,0.9972349521437979,0.0017356776385329953
2014-03-21,0.9989969454992994,0.9970665702281089,0.0019303752711905542
2014-03-24,0.9990376252058013,0.9968819456803377,0.002155679525463583
2014-03-25,0.9990376252058012,0.9968819456803377,0.002155679525463472
2014-03-26,0.9988213260469124,0.9967608146920732,0.0020605113548392007
2014-03-27,0.9988845127162514,0.9967324873203204,0.0021520253959310676
2014-03-28,0.9990376252058012,0.9970382428563559,0.0019993823494453
2014-03-31,0.9990376252058013,0.9973158978198522,0.0017217273859491122
2014-04-01,0.9990376252058013,0.9970019857811622,0.002035639424639135
2014-04-02,0.9991166018662169,0.9966962302451268,0.0024203716210901005
2014-04-03,0.9992071461455889,0.9964850819263726,0.0027220642192162803
2014-04-04,0.9992071461455889,0.9964850819263726,0.0027220642192162803
2014-04-07,0.9992200740433953,0.9966029107188085,0.0026171633245868353
2014-04-08,0.9993967036999296,0.9966949736463007,0.002701730053628948
2014-04-09,0.9994806521549423,0.9969969308937925,0.0024837212611498183
2014-04-10,0.9994423108932872,0.997173560550327,0.0022687503429601463
2014-04-11,0.9993896720850745,0.9970123617240821,0.002377310360992313
2014-04-14,0.9994456229512693,0.99708854162336,0.0023570813279092384
2014-04-15,0.9994982617594822,0.9969240008031705,0.002574260956311747
2014-04-16,0.9993890414253749,0.9966711912473584,0.002717850178016512
2014-04-17,0.9994536984039982,0.9966711912473584,0.0027825071566398574
2014-04-21,0.9995069678719107,0.9967998649289347,0.0027071029429760474
2014-04-22,0.9993703806086852,0.9970526744847469,0.0023177061239383345
2014-04-23,0.9993703806086852,0.9970526744847469,0.0023177061239383345
2014-04-24,0.9993833085064917,0.9971180925876567,0.002265215918834995
2014-04-25,0.9992066788499572,0.9970419126883789,0.0021647661615782354
2014-04-28,0.9991674352351823,0.9971274768481527,0.002039958387029528
2014-04-29,0.999318651527868,0.997405131811649,0.0019135197162190032
2014-04-30,0.9994806521549422,0.9975796245460337,0.0019010276089085343
2014-05-01,0.9994423108932873,0.9975544983695714,0.0018878125237158372
2014-05-02,0.9993186515278678,0.9975907554447652,0.0017278960831026424
2014-05-05,0.999318651527868,0.9976282349216009,0.00169041660626712
2014-05-06,0.999318651527868,0.9977882886246736,0.0015303629031944155
2014-05-07,0.999318651527868,0.9977882886246736,0.0015303629031944155
2014-05-08,0.999318651527868,0.9977882886246736,0.0015303629031944155
2014-05-09,0.9992524541621494,0.9978529456032972,0.0013995085588521805
2014-05-12,0.9993890414253749,0.9980774617812658,0.0013115796441091065
2014-05-13,0.9992984971460027,0.9982599171633909,0.0010385799826118092
2014-05-14,0.9992984971460027,0.9982599171633908,0.0010385799826119202
2014-05-15,0.9992984971460027,0.9981952601847675,0.0011032369612352655
2014-05-16,0.9993544480121977,0.9979707440067989,0.0013837040053988892
2014-05-19,0.999382419017518,0.9980745865634738,0.0013078324540442
2014-05-20,0.999319232348179,0.9981298420818575,0.0011893902663214773
2014-05-21,0.9992242659193885,0.9978926918347371,0.0013315740846514545
2014-05-22,0.9992522369247087,0.9978926918347371,0.0013595450899716033
2014-05-23,0.9993331298870631,0.9978926918347371,0.0014404380523260762
2014-05-27,0.999319232348179,0.9981669050338664,0.0011523273143125845
2014-05-28,0.999230748136817,0.9982861392578759,0.0009446088789411
2014-05-29,0.999176832711045,0.9983641914299377,0.0008126412811072514
2014-05-30,0.9993331298870631,0.9982078942539193,0.0011252356331438174
2014-06-02,0.9993331298870631,0.9981298420818575,0.0012032878052056217
2014-06-03,0.9994633119798725,0.9979840422841018,0.001479269695770724
2014-06-04,0.9995165814477849,0.9979840422841018,0.001532539163683122
2014-06-05,0.9995165814477849,0.9979840422841018,0.001532539163683122
2014-06-06,0.9995303074033427,0.9976977443453016,0.0018325630580411367
2014-06-09,0.9996481361957785,0.9975253373418552,0.0021227988539233023
2014-06-10,0.9996883256659926,0.9973966636602791,0.002291662005713513
2014-06-11,0.9997663778380542,0.997185515341525,0.0025808624965292237
2014-06-12,0.9997796135573244,0.9971117787894955,0.002667834767828836
2014-06-13,0.9997256981315523,0.9971735605503272,0.002552137581225078
2014-06-16,0.9997663778380542,0.997019076173522,0.002747301664532187
2014-06-17,0.999699382414584,0.9971735605503272,0.002525821864256761
2014-06-18,0.9997400621210858,0.9974718132803252,0.0022682488407606005
2014-06-19,0.9997663778380542,0.9975284772222741,0.0022379006157801085
2014-06-20,0.9998184007475259,0.9974718132803252,0.0023465874672007336
2014-06-23,0.9997663778380542,0.9976829615990792,0.002083416238975011
2014-06-24,0.9997796135573245,0.9976211798382476,0.0021584337190768688
2014-06-25,0.9997256981315525,0.9976708768594083,0.0020548212721442916
2014-06-26,0.9997663778380542,0.9975284772222741,0.0022379006157801085
2014-06-27,0.999699382414584,0.9973966636602791,0.0023027187543048777
2014-06-30,0.9997783590749996,0.997185515341525,0.00259284373347457
2014-07-01,0.9997783590749996,0.997185515341525,0.00259284373347457
2014-07-02,0.999699382414584,0.997185515341525,0.0025138670730590063
2014-07-03,0.999699382414584,0.997185515341525,0.0025138670730590063
2014-07-07,0.999699382414584,0.997185515341525,0.0025138670730590063
2014-07-08,0.999699382414584,0.997185515341525,0.0025138670730590063
2014-07-09,0.9997400621210859,0.997185515341525,0.0025545467795609067
2014-07-10,0.9996347254359607,0.997185515341525,0.002449210094435661
2014-07-11,0.9996347254359604,0.9972644920019408,0.002370233434019653
2014-07-14,0.9996347254359604,0.9975507899407408,0.00208393549521968
2014-07-15,0.9995168966435247,0.9976873772039664,0.0018295194395583358
2014-07-16,0.9995940457294588,0.9978024923280366,0.001791553401422119
2014-07-17,0.9995168966435247,0.9978720017517375,0.0016448948917872075
2014-07-18,0.9994230757833639,0.9979222605232703,0.001500815260093602
2014-07-21,0.9995409045757997,0.997946562807266,0.0015943417685336803
2014-07-22,0.9995275093823615,0.9980616779313365,0.0014658314510249681
2014-07-23,0.9995275093823615,0.997946562807266,0.0015809465750954432
2014-07-24,0.9995275093823615,0.997946562807266,0.0015809465750954432
2014-07-25,0.9993817095846056,0.9978720017517374,0.00150970783286819
2014-07-28,0.9992855692481964,0.9977129036766788,0.0015726655715176951
2014-07-29,0.9992855692481964,0.9974230311688577,0.0018625380793387825
2014-07-30,0.9994456229512693,0.9973401265517189,0.0021054963995503773
2014-07-31,0.9993817095846056,0.997536835839161,0.0018448737454446196
2014-08-01,0.9994456229512693,0.997536835839161,0.00190878711210829
2014-08-04,0.999553517277866,0.9976420837992108,0.001911433478655189
2014-08-05,0.9994982617594823,0.997751304133318,0.0017469576261642805
2014-08-06,0.9994585508490755,0.9978397883446802,0.0016187625043952991
2014-08-07,0.9994077174801103,0.997751304133318,0.0016564133467922293
2014-08-08,0.9994456229512695,0.9976420837992106,0.0018035391520588862
2014-08-11,0.9994722538639778,0.9976299990595398,0.0018422548044380038
2014-08-12,0.9995638645935452,0.997554594845876,0.002009269747669129
2014-08-13,0.9995236751233308,0.9974309354804567,0.002092739642874153
2014-08-14,0.9994829954168292,0.9973051760189556,0.002177819397873537
2014-08-15,0.9995629187381057,0.9970032187714638,0.0025596999666418485
2014-08-18,0.9994407705061922,0.996759939551286,0.0026808309549062326
2014-08-19,0.9994795576963935,0.996759939551286,0.002719618145107572
2014-08-20,0.9994795576963935,0.996759939551286,0.002719618145107572
2014-08-21,0.9994795576963937,0.996873744221589,0.002605813474804708
2014-08-22,0.9994795576963937,0.9970103314848145,0.0024692262115791896
2014-08-25,0.9994125622729233,0.996873744221589,0.0025388180513342684
2014-08-26,0.9995347105048368,0.9967754007671182,0.0027593097377185405
2014-08-27,0.9994959233146354,0.9967991831660606,0.0026967401485747944
2014-08-28,0.9995629187381055,0.9967991831660606,0.002763735572044901
2014-08-29,0.9995366030211372,0.9967991831660606,0.002737419855076584
2014-09-02,0.9994959233146354,0.9965496234189039,0.0029462998957315856
2014-09-03,0.9995629187381055,0.9964501796743713,0.0031127390637342156
2014-09-04,0.9994536984039982,0.9964501796743713,0.0030035187296268973
2014-09-05,0.9995886259306088,0.996423863957403,0.0031647619732058097
2014-09-08,0.9996017059283071,0.9963156877968782,0.003286018131428925
2014-09-09,0.9996418953985212,0.996292157087147,0.003349738311374195
2014-09-10,0.9995886259306088,0.9964022036436048,0.0031864222870040537
2014-09-11,0.9996835923593995,0.9962630489886654,0.0034205433707341637
2014-09-12,0.9996315694499278,0.9962395182789341,0.003392051170993726
2014-09-15,0.9996315694499278,0.996292157087147,0.0033394123627807915
2014-09-16,0.9996727515018757,0.9966261105958858,0.003046640905989939
2014-09-17,0.9996454669888121,0.996661596096815,0.0029838708919970314
2014-09-18,0.9996454669888121,0.996661596096815,0.0029838708919970314
2014-09-19,0.9995674148167503,0.9965387909068304,0.0030286239099198697
2014-09-22,0.9995674148167503,0.9965033054059009,0.003064109410849336
2014-09-23,0.9995674148167503,0.9965033054059009,0.003064109410849336
2014-09-24,0.9995811407723081,0.9966261105958857,0.002955030176422402
2014-09-25,0.9994494144409882,0.9968727444155691,0.00257667002541917
2014-09-26,0.9994494144409882,0.9968201056073562,0.0026293088336319936
2014-09-29,0.9994356884854304,0.9964861520986176,0.0029495363868128344
2014-09-30,0.9995674148167503,0.996450666597688,0.003116748219062271
2014-10-01,0.9996213302425224,0.9962628414852698,0.0033584887572526423
2014-10-02,0.9995551328768036,0.9963125385064304,0.0032425943703732196
2014-10-03,0.9995414069212458,0.9965847102543376,0.0029566966669082317
2014-10-06,0.9996213302425224,0.9964474660330409,0.003173864209481514
2014-10-07,0.9996213302425222,0.9961922282621516,0.003429101980370608
2014-10-08,0.9995551328768036,0.9963125385064302,0.0032425943703734417
2014-10-09,0.9994373040843678,0.9965563144850436,0.0028809895993242574
2014-10-10,0.9994633119798725,0.9965563144850434,0.0029069974948290334
2014-10-13,0.9994633119798725,0.9962180955066735,0.003245216473198975
2014-10-14,0.9995811407723081,0.9962551584586823,0.003325982313625797
2014-10-15,0.9996344102402205,0.9962180955066735,0.003416314733546977
2014-10-16,0.9995674148167503,0.995991955949613,0.0035754588671372822
2014-10-17,0.9994356884854304,0.9961621446404787,0.0032735438449517096
2014-10-20,0.9994865218543958,0.996197630141408,0.0032888917129877404
2014-10-21,0.9994865218543958,0.9962705602320301,0.003215961622365704
2014-10-22,0.9994356884854303,0.9964181218277923,0.003017566657637971
2014-10-23,0.9993694911197117,0.9965453216915336,0.0028241694281780916
2014-10-24,0.9994356884854304,0.9964181218277923,0.003017566657638082
2014-10-27,0.9994356884854304,0.9960274414505423,0.003408247034888068
2014-10-28,0.9994865218543958,0.9960765891422221,0.0034099327121737133
2014-10-29,0.9994356884854303,0.9959358307209749,0.003499857764455383
2014-10-30,0.9993277941588334,0.9956928454563626,0.0036349487024708305
2014-10-31,0.9994735939565895,0.9958798798547801,0.00359371410180942
2014-11-03,0.9994356884854303,0.9959358307209749,0.003499857764455383
2014-11-04,0.99940771748011,0.9955166015341861,0.003891115945923951
2014-11-05,0.9994585508490755,0.9953565478311133,0.0041020030179622635
2014-11-06,0.999553517277866,0.9951901086631105,0.004363408614755482
2014-11-07,0.9994077174801103,0.9947421933935012,0.00466552408660903
2014-11-10,0.9993415201143915,0.9949086325615042,0.004432887552887288
2014-11-11,0.9993277941588334,0.9949437444614773,0.004384049697356174
2014-11-12,0.9992211940039759,0.9949437444614775,0.004277449542498424
2014-11-13,0.9991449273369386,0.9950478472983553,0.004097080038583334
2014-11-14,0.9990487870005295,0.9946058441428641,0.004442942857665333
2014-11-17,0.9988497234214464,0.9942066310207334,0.004643092400713034
2014-11-18,0.9988867863734551,0.9944313514084796,0.004455434964975469
2014-11-19,0.9987983021620931,0.9945017413059862,0.004296560856106857
2014-11-20,0.9986091803982483,0.9942066310207331,0.004402549377515164
2014-11-21,0.9987242955223186,0.9944313514084793,0.004292944113839292
2014-11-24,0.9986424090912266,0.9944313514084793,0.004211057682747321
2014-11-25,0.9986178382465282,0.9943592103231809,0.004258627923347302
2014-11-26,0.9984647257569783,0.9945218956878514,0.003942830069126879
2014-11-28,0.9984647257569783,0.9947685295075348,0.0036961962494435063
2014-12-01,0.9984647257569783,0.9947685295075348,0.0036961962494435063
2014-12-02,0.9984647257569783,0.9946779852281625,0.0037867405288157796
2014-12-03,0.9985664456876108,0.9942066310207335,0.004359814666877293
2014-12-04,0.998661412116401,0.993717344194508,0.004944067921893058
2014-12-05,0.9986350963994325,0.9938800295591784,0.004755066840254063
2014-12-08,0.9985980334474238,0.9941122243475499,0.00448580909987395
2014-12-09,0.9983915552638306,0.9941893734334837,0.004202181830346929
2014-12-10,0.9983915552638306,0.9943956112145514,0.003995944049279165
2014-12-11,0.9983915552638306,0.994456049197863,0.003935506065967598
2014-12-12,0.998234503799542,0.9943184621286174,0.00391604167092463
2014-12-15,0.9980227669162706,0.9939602388513438,0.004062528064926796
2014-12-16,0.9980227669162706,0.9939602388513438,0.004062528064926796
2014-12-17,0.9982969801153997,0.9939964959265375,0.004300484188862197
2014-12-18,0.9983229880109042,0.9943547192038112,0.0039682688070930006
2014-12-19,0.9984670676425978,0.9943547192038112,0.004112348438786606
2014-12-22,0.9984670676425977,0.9942155645488717,0.004251503093726017
2014-12-23,0.9985179010115632,0.9942155645488717,0.004302336462691514
2014-12-24,0.9986232376966884,0.9941557767639467,0.00446746093274164
2014-12-26,0.9985848964350335,0.9939976236658172,0.004587272769216222
2014-12-29,0.9986232376966885,0.9939495389828793,0.004673698713809182
2014-12-30,0.9984776981791356,0.9934304443441312,0.005047253835004373
2014-12-31,0.9985557503511971,0.9931752065732421,0.005380543777955049
2015-01-02,0.9985557503511971,0.9930587504359907,0.005496999915206469
2015-01-05,0.9985557503511971,0.9930587504359907,0.005496999915206469
2015-01-06,0.9985820660681656,0.993258037340685,0.005324028727480612
2015-01-07,0.9983292565123535,0.9937057630042659,0.0046234935080875506
2015-01-08,0.9985437248065107,0.993705763004266,0.004837961802244606
2015-01-09,0.9984790678278873,0.993705763004266,0.0047733048236212605
2015-01-12,0.9984393569174805,0.9938800295591786,0.00455932735830189
2015-01-13,0.998676507164601,0.9942971753001053,0.004379331864495684
2015-01-14,0.998676507164601,0.9942971753001053,0.004379331864495684
2015-01-15,0.9987419252675107,0.9942009609172545,0.004540964350256194
2015-01-16,0.9987031380773093,0.9942738910078768,0.004429247069432485
2015-01-20,0.9987162180750075,0.994122908745193,0.004593309329814499
2015-01-21,0.9987545593366626,0.9940389602901804,0.004715599046482222
2015-01-22,0.9989379265179197,0.9945218956878515,0.004416030830068141
2015-01-23,0.9988865052585664,0.9946838963149259,0.00420260894364044
2015-01-26,0.9988467943481596,0.994586552666475,0.004260241681684596
2015-01-27,0.9987959609791943,0.9946838963149259,0.004112064664268389
2015-01-28,0.9988865052585663,0.9944256813050006,0.004460823953565618
2015-01-29,0.9988865052585664,0.994347629132939,0.004538876125627422
2015-01-30,0.9986523047083438,0.9938762749255097,0.00477602978283409
2015-02-02,0.9987031380773093,0.9936871531616648,0.005015984915644478
2015-02-03,0.9988865052585664,0.9940863662837954,0.00480013897477094
2015-02-04,0.9988093561726323,0.994347629132939,0.004461727039693386
2015-02-05,0.9987696452622258,0.9945218956878515,0.004247749574374238
2015-02-06,0.9988216681716974,0.9944372624952426,0.004384405676454817
2015-02-09,0.9988350633651356,0.9944256813050006,0.00440938206013497
2015-02-10,0.9988093561726323,0.994347629132939,0.004461727039693386
2015-02-11,0.9988093561726323,0.994347629132939,0.004461727039693386
2015-02-12,0.9987313040005708,0.994347629132939,0.004383674867631804
2015-02-13,0.9987043502496267,0.9940863662837955,0.0046179839658311295
2015-02-17,0.9987959609791943,0.9939786901086688,0.004817270870525525
2015-02-18,0.9988467943481596,0.9936682153512056,0.005178578996953953
2015-02-19,0.9987959609791943,0.9934463533824199,0.005349607596774386
2015-02-20,0.998612593797937,0.9930596323675996,0.005552961430337344
2015-02-23,0.998676507164601,0.9927569398011555,0.005919567363445455
2015-02-24,0.998638165902946,0.9927569398011555,0.005881226101790427
2015-02-25,0.9983885235485151,0.992558764351132,0.005829759197383155
2015-02-26,0.9983885235485151,0.9922109170014531,0.006177606547062009
2015-02-27,0.9983246101818516,0.9919532033054728,0.006371406876378827
2015-03-02,0.9983122568814778,0.9915178309422653,0.006794425939212534
2015-03-03,0.9983246101818514,0.9912828984427408,0.007041711739110612
2015-03-04,0.9983512410945597,0.9911817569442731,0.00716948415028662
2015-03-05,0.9982617387082523,0.9915178309422653,0.0067439077659869895
2015-03-06,0.9979840837447562,0.991282898442741,0.0067011853020152445
2015-03-09,0.9979718662004313,0.9913542674179078,0.006617598782523548
2015-03-10,0.9979452352877229,0.9916980981799678,0.006247137107755152
2015-03-11,0.9980469552183553,0.9916980981799678,0.006348857038387501
2015-03-12,0.9980469552183553,0.9916980981799678,0.006348857038387501
2015-03-13,0.9980469552183553,0.9916980981799678,0.006348857038387501
2015-03-16,0.9980067657481411,0.9918024043940448,0.006204361354096299
2015-03-17,0.9979936857504428,0.9915869557871844,0.006406729963258417
2015-03-18,0.9976879302144074,0.9912459347959885,0.006441995418418833
2015-03-19,0.9976879302144074,0.9912459347959885,0.006441995418418833
2015-03-20,0.9975741255441043,0.9913883344331227,0.006185791110981609
2015-03-23,0.9975109388747653,0.9913883344331227,0.006122604441642587
2015-03-24,0.9976516972960124,0.9912718106747205,0.006379886621291964
2015-03-25,0.997754594875758,0.9912156480467165,0.0065389468290415476
2015-03-26,0.997754594875758,0.9910854659539071,0.0066691289218508976
2015-03-27,0.9980357795670951,0.9913542674179078,0.00668151214918733
2015-03-30,0.9982105369508456,0.9918205235087092,0.006390013442136411
2015-03-31,0.9982105369508456,0.9918205235087094,0.006390013442136189
2015-04-01,0.998325652074916,0.9918205235087094,0.006505128566206553
2015-04-02,0.9985113810626831,0.9923280369572154,0.006183344105467725
2015-04-06,0.9985876477297204,0.9927451826981424,0.005842465031578037
2015-04-07,0.998652304708344,0.9930095665399693,0.0056427381683746836
2015-04-08,0.998652304708344,0.9931149032250947,0.005537401483249327
2015-04-09,0.998652304708344,0.9935627267227924,0.005089577985551541
2015-04-10,0.998652304708344,0.9940841767985167,0.004568127909827302
2015-04-13,0.998612593797937,0.9944021756211371,0.004210418176799902
2015-04-14,0.9987031380773093,0.9944811522815526,0.004221985795756611
2015-04-15,0.9986523047083438,0.9948820008599907,0.003770303848353085
2015-04-16,0.9985876477297204,0.9949523907574975,0.003635256972222889
2015-04-17,0.9984151544612235,0.9944593207046534,0.0039558337565701596
2015-04-20,0.9983388877941862,0.9945090177258139,0.003829870068372321
2015-04-21,0.9984151544612235,0.9944593207046534,0.0039558337565701596
2015-04-22,0.9984283901804936,0.9943889308071464,0.004039459373347154
2015-04-23,0.9986008834489905,0.9942481723858992,0.004352711063091208
2015-04-24,0.9986008834489905,0.9939191657185098,0.00468171773048065
2015-04-27,0.9986647968156542,0.9937304754225589,0.004934321393095353
2015-04-28,0.9985876477297204,0.9938050364780876,0.004782611251632818
2015-04-29,0.9985237343630566,0.9939191657185098,0.004604568644546836
2015-04-30,0.9985876477297204,0.9937304754225591,0.004857172307161317
2015-05-01,0.9983380053752896,0.9933868157215388,0.004951189653750854
2015-05-04,0.9984151544612235,0.9931342594874562,0.0052808949737673805
2015-05-05,0.9983754435508168,0.9928548517768014,0.005520591774015315
2015-05-06,0.9984534957228786,0.9930212909448044,0.005432204778074157
2015-05-07,0.998652304708344,0.993564435035203,0.00508786967314101
2015-05-08,0.9988865052585663,0.9938907225581125,0.004995782700453755
2015-05-11,0.9988218482799428,0.9941313240009969,0.004690524278945896
2015-05-12,0.9988601895415977,0.9941845934689094,0.004675596072688304
2015-05-13,0.9988467943481596,0.994556252415098,0.0042905419330615535
2015-05-14,0.9990149312700978,0.9950372796338279,0.003977651636269841
2015-05-15,0.9989898050936356,0.9949487954224658,0.004041009671169715
2015-05-18,0.9989496156234213,0.9950639105465364,0.0038857050768849044
2015-05-19,0.9989898050936356,0.9951624880310093,0.00382731706262629
2015-05-20,0.998963489376667,0.9948225814423726,0.004140907934294447
2015-05-21,0.9990032002870738,0.9947823919721587,0.004220808314915114
2015-05-22,0.9988613790821042,0.994641271342065,0.004220107740039114
2015-05-26,0.9986910918985453,0.9941326043223558,0.004558487576189485
2015-05-27,0.9987162180750075,0.9939943159274763,0.0047219021475312095
2015-05-28,0.9987294537942778,0.9938519162903422,0.004877537503935603
2015-05-29,0.9987031380773093,0.9934757012127545,0.005227436864554735
2015-06-01,0.9987031380773093,0.9934757012127545,0.005227436864554735
2015-06-02,0.9987031380773093,0.9934757012127544,0.005227436864554846
2015-06-03,0.9986647968156542,0.9936858759029862,0.00497892091266805
2015-06-04,0.998652304708344,0.9938519162903422,0.004800388418001789
2015-06-05,0.9986256737956356,0.9936055520887092,0.00502012170692645
2015-06-08,0.9986523047083438,0.9933649506458248,0.005287354062519012
2015-06-09,0.9986259889913752,0.993564435035203,0.005061553956172249
2015-06-10,0.9988093561726323,0.9938107992368359,0.004998556935796428
2015-06-11,0.9986523047083438,0.9933979958672,0.005254308841143751
2015-06-12,0.9987294537942778,0.9932850273245483,0.005444426469729535
2015-06-15,0.9987294537942778,0.9932850273245483,0.005444426469729535
2015-06-16,0.9984923035471573,0.9932850273245483,0.005207276222609081
2015-06-17,0.9985437248065107,0.9930174466580776,0.005526278148433095
2015-06-18,0.9984798114398471,0.9932041517527587,0.00527565968708843
2015-06-19,0.9985306448088124,0.9933979958672,0.005132648941612361
2015-06-22,0.9985437248065107,0.993564435035203,0.004979289771307682
2015-06-23,0.9985820660681657,0.9934779191884764,0.0051041468796892975
2015-06-24,0.998595146065864,0.992934775098078,0.005660370967785933
2015-06-25,0.9986208532583671,0.9928199076440523,0.0058009456143148785
2015-06-26,0.9986465604508702,0.993363051734451,0.0052835087164191386
2015-06-29,0.9986465604508702,0.9934779191884765,0.005168641262393692
2015-06-30,0.9986208532583672,0.993564435035203,0.005056418223164272
2015-07-01,0.9988065822461344,0.9938107992368359,0.004995783009298482
2015-07-02,0.9985820660681657,0.9936505521012825,0.004931513966883183
2015-07-06,0.9985820660681656,0.9935256287674328,0.005056437300732797
2015-07-07,0.9987677950559326,0.9934190286125749,0.005348766443357689
2015-07-08,0.9987677950559326,0.9934190286125749,0.005348766443357689
2015-07-09,0.9987031380773091,0.9935256287674328,0.005177509309876371
2015-07-10,0.9988601895415978,0.9939143926061998,0.004945796935397984
2015-07-13,0.9988467943481596,0.9940514006797205,0.004795393668439063
2015-07-14,0.9988595736428566,0.9940514006797205,0.00480817296313607
2015-07-15,0.998780596982441,0.9938519162903422,0.004928680692098841
2015-07-16,0.9985463964322184,0.9935256287674327,0.0050207676647857635
2015-07-17,0.998572404327723,0.9932850273245483,0.00528737700317472
2015-07-20,0.998572404327723,0.9929810317741558,0.005591372553567231
2015-07-21,0.9987557715089801,0.992579203778809,0.006176567730171056
2015-07-22,0.9989496156234215,0.9928937878145723,0.006055827808849279
2015-07-23,0.9990004489923869,0.9930748526343165,0.00592559635807044
2015-07-24,0.9989616618021853,0.9929286505142425,0.006033011287942758
2015-07-27,0.998936535625723,0.9932293370111217,0.005707198614601339
2015-07-28,0.9991404814842383,0.9934757012127545,0.00566478027148376
2015-07-29,0.9991404814842383,0.9934757012127545,0.00566478027148376
2015-07-30,0.9991531155533903,0.9932420101393458,0.005911105414044493
2015-07-31,0.9992063850213027,0.9930732346885789,0.006133150332723769
2015-08-03,0.9991531155533903,0.9930732346885789,0.006079880864811371
2015-08-04,0.9992063850213027,0.9933174143530097,0.00588897066829297
2015-08-05,0.9992914039482697,0.9935327761231797,0.005758627825089957
2015-08-06,0.9991531155533903,0.9933896338802047,0.005763481673185522
2015-08-07,0.9991800693043341,0.9935337135118983,0.0056463557924357755
2015-08-10,0.9992650882313011,0.9937490752820686,0.0055160129492325405
2015-08-11,0.9992650882313013,0.9935911089444232,0.0056739792868781835
2015-08-12,0.9993440648917169,0.9935337135118983,0.005810351379818557
2015-08-13,0.9994806521549423,0.9937042179159681,0.005776434238974226
2015-08-14,0.9996155796815529,0.9937042179159681,0.005911361765584822
2015-08-17,0.9996155796815529,0.9940636593178319,0.005551920363720986
2015-08-18,0.9996155796815529,0.9942019477127115,0.00541363196884137
2015-08-19,0.9995501615786431,0.994019090008268,0.0055310715703750235
2015-08-20,0.9994585508490754,0.9937618303461392,0.005696720502936237
2015-08-21,0.9994585508490754,0.9935456013794245,0.00591294946965093
2015-08-24,0.9994839642129243,0.9935456013794245,0.0059383628334997995
2015-08-25,0.9994967435076213,0.9938132516054925,0.005683491902128801
2015-08-26,0.9996046378342178,0.9940795806327671,0.005525057201450689
2015-08-27,0.99956294087334,0.9940795806327671,0.005483360240572832
2015-08-28,0.9995501615786431,0.9940795806327671,0.005470580945875936
2015-08-31,0.9994585508490754,0.993798694687429,0.005659856161646437
2015-09-01,0.9992984971460027,0.9932544210818351,0.0060440760641675695
2015-09-02,0.9992855692481964,0.993142448403924,0.006143120844272487
2015-09-03,0.9993761135275686,0.99336897172289,0.006007141804678651
2015-09-04,0.9993382080564094,0.9930777914253006,0.006260416631108767
2015-09-08,0.9992855692481964,0.993142448403924,0.006143120844272487
2015-09-09,0.9993364026171618,0.99336897172289,0.0059674308942718746
2015-09-10,0.9994280133467295,0.99369053737473,0.005737475971999473
2015-09-11,0.9995501615786428,0.9935727085822942,0.0059774529963486644
2015-09-14,0.9994839642129241,0.9930218836213998,0.006462080591524311
2015-09-15,0.9994839642129243,0.9930857969880635,0.006398167224860751
2015-09-16,0.9994280133467295,0.9930218836213998,0.006406129725329723
2015-09-17,0.9994025999828805,0.9926039065512289,0.006798693431651626
2015-09-18,0.9992984971460027,0.9926039065512289,0.0066945905947738416
2015-09-21,0.9991619098827773,0.9925360935865727,0.006625816296204623
2015-09-22,0.9990633323983045,0.9921595472921304,0.006903785106174065
2015-09-23,0.9991166018662169,0.992303626923824,0.006812974942392858
2015-09-24,0.9992678181589025,0.9922273602567867,0.0070404579021158264
2015-09-25,0.9993783975266235,0.9920723033325469,0.007306094194076573
2015-09-28,0.9993382080564094,0.992505304835106,0.006832903221303366
2015-09-29,0.9992678181589026,0.992505304835106,0.006762513323796626
2015-09-30,0.9993783975266234,0.9928818511295483,0.006496546397075087
2015-10-01,0.9994423108932873,0.9930732346885791,0.006369076204708168
2015-10-02,0.9994820218036939,0.9931271501143509,0.006354871689343011
2015-10-05,0.9995515312273946,0.9934865915162148,0.006064939711179829
2015-10-06,0.9995898724890496,0.9938838836701952,0.005705988818854424
2015-10-07,0.9996031082083197,0.9939108374211392,0.005692270787180487
2015-10-08,0.9995335987846192,0.9939108374211392,0.0056227613634800555
2015-10-09,0.9994555466125574,0.994099959184984,0.005355587427573472
2015-10-12,0.9995069678719107,0.9943733611687995,0.005133606703111249
2015-10-13,0.9995197471666079,0.9947201231222564,0.004799624044351414
2015-10-14,0.9994934314496393,0.9947067279288184,0.00478670352082089
2015-10-15,0.9995493823158341,0.9950244782154464,0.00452490410038775
2015-10-16,0.9995629408733399,0.9951985492409756,0.0043643916323642395
2015-10-19,0.9995629408733399,0.9951985492409758,0.0043643916323640175
2015-10-20,0.9996155796815527,0.9949598212368228,0.004655758444729874
2015-10-21,0.9995898724890496,0.9946130592833656,0.004976813205683994
2015-10-22,0.9995898724890496,0.9946130592833656,0.004976813205683994
2015-10-23,0.9996451280074335,0.9942828168894272,0.005362311118006335
2015-10-26,0.9996451280074335,0.9939108374211392,0.005734290586294377
2015-10-27,0.999511820316988,0.9936269468463018,0.005884873470686225
2015-10-28,0.9995515312273946,0.9935135452671587,0.006037985960235859
2015-10-29,0.9995781621401031,0.9933970891299072,0.006181073010195881
2015-10-30,0.9994820218036939,0.9928462641690126,0.006635757634681383
2015-11-02,0.9994820218036939,0.992559220260878,0.006922801542815993
2015-11-03,0.9994820218036939,0.9923156791252762,0.007166342678417759
2015-11-04,0.9994181084370302,0.9920244988276866,0.007393609609343543
2015-11-05,0.9994181084370302,0.9918944011143419,0.007523707322688256
2015-11-06,0.9994876178607309,0.9921680498290386,0.007319568031692314
2015-11-09,0.9994609869480227,0.9924268212239594,0.007034165724063235
2015-11-10,0.999511820316988,0.992731396714987,0.00678042360200104
2015-11-11,0.9994982617594822,0.9926162815909167,0.006881980168565449
2015-11-12,0.9994343483928185,0.9924268212239594,0.007007527168859107
2015-11-13,0.9994876178607308,0.992731396714987,0.006756221145743813
2015-11-16,0.999556268572553,0.9932822216758818,0.006274046896671215
2015-11-17,0.9996334176584868,0.9931671065518113,0.006466311106675504
2015-11-18,0.9996334176584868,0.9932822216758818,0.006351195982605029
2015-11-19,0.9995647669466649,0.9931671065518113,0.006397660394853566
2015-11-20,0.9995384512296963,0.9932822216758818,0.006256229553814552
2015-11-23,0.9996031082083199,0.9936945382622504,0.005908569946069475
2015-11-24,0.9995369108426011,0.9936945382622504,0.0058423725803506965
2015-11-25,0.9995369108426011,0.9933228793160618,0.006214031526539321
2015-11-27,0.9995369108426011,0.9931810581110921,0.00635585273150896
2015-11-30,0.9995369108426011,0.993582886106439,0.0059540247361621335
2015-12-01,0.9996031082083199,0.9938456996048836,0.00575740860343632
2015-12-02,0.9995069678719107,0.9939591011840266,0.005547866687884095
2015-12-03,0.9993449672448367,0.993582886106439,0.005762081138397712
2015-12-04,0.9992463897603636,0.9935828861064392,0.005663503653924429
2015-12-07,0.9992463897603636,0.9935828861064392,0.005663503653924429
2015-12-08,0.9992718031242124,0.9938190686921751,0.0054527344320373095
2015-12-09,0.9992975103167157,0.9941845934689094,0.005112916847806237
2015-12-10,0.9992975103167157,0.9942112243816179,0.005086285935097745
2015-12-11,0.9991574778248641,0.994036153151394,0.00512132467347004
2015-12-14,0.9989636337104228,0.9937317370651484,0.005231896645274459
2015-12-15,0.9991186906346626,0.993924180473483,0.005194510161179666
2015-12-16,0.9992320922138057,0.9942112243816177,0.005020867832188025
2015-12-17,0.9992320922138057,0.9944249169901611,0.0048071752236446
2015-12-18,0.99915311555339,0.9941861889860081,0.004966926567381957
2015-12-21,0.9992063850213027,0.9938991450778731,0.00530723994342952
2015-12-22,0.9993703806086852,0.9940742163080969,0.005296164300588324
2015-12-23,0.9995069678719107,0.994330760130215,0.005176207741695693
2015-12-24,0.999520047869609,0.994330760130215,0.005189287739393977
2015-12-28,0.9995457550621124,0.994054388074265,0.005491366987847357
2015-12-29,0.9994618066070995,0.9937712133394384,0.0056905932676610815
2015-12-30,0.9994618066070995,0.9937712133394384,0.0056905932676610815
2015-12-31,0.9994091677988867,0.9934705268425595,0.005938640956327124
2016-01-04,0.9993703806086852,0.9932895338474678,0.006080846761217451
2016-01-05,0.9993703806086854,0.9932895338474678,0.006080846761217673
2016-01-06,0.9993703806086854,0.9932895338474678,0.006080846761217673
2016-01-07,0.9993449672448363,0.9929540706567436,0.006390896588092776
2016-01-08,0.9991937509521507,0.9926407110316403,0.006553039920510373
2016-01-11,0.9993189593493319,0.9928009581671937,0.006518001182138189
2016-01-12,0.9993893492468389,0.9930972128997184,0.006292136347120447
2016-01-13,0.9993761135275686,0.9933011587582338,0.006074954769334839
2016-01-14,0.999467724257136,0.9935557289866036,0.005911995270532433
2016-01-15,0.9995197471666077,0.9937490752820686,0.005770671884539169
2016-01-19,0.999440770506192,0.9938299682444233,0.005610802261768688
2016-01-20,0.9995236751233308,0.9938299682444233,0.005693706878907578
2016-01-21,0.9995629187381057,0.9940636593178319,0.005499259420273739
2016-01-22,0.9996161882060182,0.9945661709308428,0.0050500172751754
2016-01-25,0.9996418953985212,0.9947044593257223,0.004937436072798951
2016-01-26,0.9995723859748206,0.9944920457242195,0.005080340250601112
2016-01-27,0.9995854659725191,0.9942905706600009,0.005294895312518144
2016-01-28,0.999520047869609,0.9943307601302153,0.005189287739393755
2016-01-29,0.9996161882060182,0.994673355824527,0.00494283238149118
2016-02-01,0.9996031082083199,0.995024056506591,0.004579051701728898
2016-02-02,0.9995629187381057,0.994785328502438,0.004777590235667706
2016-02-03,0.9995898724890496,0.994862477588372,0.0047273949006776395
2016-02-04,0.9996315694499277,0.9947853285024382,0.004846240947489533
2016-02-05,0.9995789306417148,0.9942828168894274,0.005296113752287335
2016-02-08,0.9995275093823615,0.9941842394049544,0.0053432699774070835
2016-02-09,0.9995414069212458,0.9944239375195209,0.005117469401724972
2016-02-10,0.9995551328768034,0.9945336397946772,0.005021493082126183
2016-02-11,0.9994485327219459,0.9946334828163147,0.004815049905631197
2016-02-12,0.9995551328768036,0.9947106319022485,0.004844500974555133
2016-02-16,0.9996467436063711,0.9948829011213208,0.00476384248505024
2016-02-17,0.9996467436063711,0.9948829011213208,0.00476384248505024
2016-02-18,0.999578930641715,0.9946334828163145,0.004945447825400517
2016-02-19,0.9994735939565896,0.9947375856531925,0.0047360083033971545
2016-02-22,0.9995516461286513,0.9949443392981898,0.004607306830461511
2016-02-23,0.9995516461286513,0.9951209689547241,0.0044306771739272
2016-02-24,0.9994183384382056,0.9951209689547242,0.004297369483481361
2016-02-25,0.9994183384382056,0.9951209689547242,0.004297369483481361
2016-02-26,0.9994183384382056,0.9952703355126469,0.004148002925558725
2016-02-29,0.9994183384382057,0.9952703355126468,0.004148002925558947
2016-03-01,0.9994183384382056,0.9952703355126469,0.004148002925558725
2016-03-02,0.9994183384382056,0.9952703355126469,0.004148002925558725
2016-03-03,0.9994183384382056,0.9949833749713256,0.004434963466879993
2016-03-04,0.9993117382833479,0.9947521232047012,0.004559615078646662
2016-03-07,0.9992478249166841,0.9947521232047012,0.00449570171198288
2016-03-08,0.9991831679380606,0.9947521232047012,0.004431044733359424
2016-03-09,0.9990107609346144,0.9947521232047012,0.004258637729913195
2016-03-10,0.9991299951586239,0.9946155359414756,0.0045144592171483255
2016-03-11,0.999129995158624,0.9945882514284121,0.004541743730211878
2016-03-14,0.9991572796716877,0.9944654462384274,0.004691833433260295
2016-03-15,0.9991303259207436,0.9942238039078638,0.004906522012879777
2016-03-16,0.9992652534473542,0.9945046898532022,0.004760563594152001
2016-03-17,0.9993817095846055,0.9946702614462516,0.004711448138353891
2016-03-18,0.9993817095846056,0.9947794817803587,0.004602227804246906
2016-03-21,0.9993817095846056,0.9947794817803587,0.004602227804246906
2016-03-22,0.9992093025811594,0.9944985958350208,0.004710706746138604
2016-03-23,0.9992093025811594,0.9941245109202923,0.005084791660867061
2016-03-24,0.9993817095846056,0.9940558602084701,0.00532584937613545
2016-03-28,0.9993817095846056,0.9940558602084701,0.00532584937613545
2016-03-29,0.9994096805899259,0.9940558602084701,0.0053538203814557095
2016-03-30,0.9994096805899256,0.9940558602084701,0.0053538203814554874
2016-03-31,0.9994096805899256,0.9940558602084701,0.0053538203814554874
2016-04-01,0.9993201782036183,0.9943338047867895,0.004986373416828838
2016-04-04,0.9992547601007085,0.9946975953492667,0.004557164751441745
2016-04-05,0.9993576576804543,0.9943338047867897,0.005023852893664582
2016-04-06,0.999357657680454,0.9940873402313853,0.0052703174490686955
2016-04-07,0.9992243499900085,0.9939194918954699,0.0053048580945386226
2016-04-08,0.9991995045823248,0.9939337458007865,0.005265758781538232
2016-04-11,0.9993024021620701,0.9938245254666794,0.005477876695390682
2016-04-12,0.9992601772514333,0.9935321885439002,0.005727988707533105
2016-04-13,0.999329686675134,0.9938115975688729,0.005518089106261059
2016-04-14,0.9992243499900088,0.9939194918954698,0.005304858094538956
2016-04-15,0.9991078938527571,0.9935596608860583,0.005548232966698818
2016-04-18,0.9991631493711409,0.9934230736228328,0.005740075748308149
2016-04-19,0.999135525876699,0.9931436645978599,0.005991861278839106
2016-04-20,0.9992135780487608,0.992759379777141,0.006454198271619749
2016-04-21,0.9993030804350681,0.992335919718644,0.0069671607164241145
2016-04-22,0.9994096805899256,0.9923505487481039,0.00705913184182172
2016-04-25,0.999434806766388,0.9923505487481039,0.007084258018284051
2016-04-26,0.9994068357610677,0.9920413661177729,0.007365469643294764
2016-04-27,0.9993373263373672,0.9918773705303904,0.007459955806976781
2016-04-28,0.9993761135275687,0.9918773705303904,0.007498742997178343
2016-04-29,0.9993761135275686,0.9922862015594273,0.007089911968141349
2016-05-02,0.9994982617594822,0.9925953841897582,0.006902877569723964
2016-05-03,0.9994722538639775,0.9925953841897582,0.006876869674219299
2016-05-04,0.9993544250715419,0.9927046045238656,0.006649820547676377
2016-05-05,0.9993544250715419,0.9930097207413418,0.006344704330200179
2016-05-06,0.9993544250715419,0.9931633151719406,0.006191109899601366
2016-05-09,0.999271520454403,0.9928747932147312,0.006396727239671884
2016-05-10,0.9992212616828703,0.9927216807251813,0.0064995809576889885
2016-05-11,0.9991820180680957,0.9931498577013428,0.0060321603667529144
2016-05-12,0.9990257208920773,0.993523942616071,0.005501778276006286
2016-05-13,0.9989151415243565,0.9934856013544163,0.005429540169940128
2016-05-16,0.9988577460918315,0.9932061923294433,0.0056515537623882395
2016-05-17,0.9988577460918315,0.9932061923294433,0.0056515537623882395
2016-05-18,0.9988577460918315,0.9933011587582338,0.005556587333597762
2016-05-19,0.9987046336022816,0.9933011587582338,0.005403474844047795
2016-05-20,0.9986034921038137,0.9932061923294433,0.005397299774370423
2016-05-23,0.9984071970247504,0.9928591042279531,0.005548092796797355
2016-05-24,0.9984733943904693,0.9926930638405969,0.005780330549872481
2016-05-25,0.9985230914116296,0.9925206568371506,0.006002434574479021
2016-05-26,0.9985751143211015,0.9923189789258686,0.0062561353952328425
2016-05-27,0.9986780119008473,0.9926930638405969,0.005984948060250406
2016-05-31,0.9984534957228783,0.9931007465585165,0.005352749164361792
2016-06-01,0.9981758407593821,0.9932086408851132,0.004967199874268968
2016-06-02,0.9979071481753556,0.9932086408851132,0.00469850729024246
2016-06-03,0.997958569434709,0.9933977626489582,0.004560806785750771
2016-06-06,0.9979718051539792,0.9936290144155824,0.004342790738396829
2016-06-07,0.9979071481753556,0.9938118721200258,0.004095276055329888
2016-06-08,0.9977920330512853,0.9941158676704182,0.0036761653808671246
2016-06-09,0.9977258356855666,0.9944519393230219,0.003273896362544715
2016-06-10,0.9977527894365107,0.9942524549336438,0.0035003345028669086
2016-06-13,0.997703641744831,0.9943702837260794,0.0033333580187515643
2016-06-14,0.9978942821567959,0.9945995430351339,0.0032947391216620048
2016-06-15,0.9981344576434563,0.9942524549336438,0.0038820027098125376
2016-06-16,0.9980554809830405,0.9941158676704182,0.003939613312622381
2016-06-17,0.9981962394042878,0.994158634073483,0.004037605330804772
2016-06-20,0.9982616575071976,0.9940092675155604,0.00425238999163724
2016-06-21,0.998182680846782,0.994158493133406,0.004024187713375982
2016-06-22,0.9981962394042876,0.9939717880387247,0.004224451365562931
2016-06-23,0.9982488782125005,0.9940092675155604,0.0042396106969401215
2016-06-24,0.998170826040439,0.9940379604521893,0.004132865588249768
2016-06-27,0.9980833370871042,0.994183760249945,0.0038995768371591355
2016-06-28,0.9982288766046571,0.994505722174973,0.0037231544296840724
2016-06-29,0.9984505850475691,0.994505722174973,0.0039448628725961
2016-06-30,0.9987062109228422,0.994187653158145,0.004518557764697229
2016-07-01,0.9987062109228422,0.9938303027193166,0.00487590820352557
2016-07-05,0.9988213260469124,0.9938303027193168,0.004991023327595601
2016-07-06,0.9987064585928868,0.9938303027193168,0.004876155873569932
2016-07-07,0.99873216578539,0.9938303027193166,0.004901863066073431
2016-07-08,0.9988350633651356,0.9936953751927062,0.00513968817242938
2016-07-11,0.9986387682860723,0.993348287091216,0.005290481194856311
2016-07-12,0.9985885095145395,0.9933192190304438,0.0052692904840956345
2016-07-13,0.9986387682860723,0.993348287091216,0.005290481194856311
2016-07-14,0.9985885095145397,0.993319219030444,0.0052692904840957455
2016-07-15,0.99873216578539,0.9934832146178266,0.005248951167563409
2016-07-18,0.99873216578539,0.9936290144155826,0.005103151369807435
2016-07-19,0.9988216681716976,0.993657707352211,0.005163960819486557
2016-07-20,0.9988743069799103,0.993670341421363,0.005203965558547297
2016-07-21,0.9989122124510695,0.9940132528288791,0.004898959622190446
2016-07-22,0.9989385281680381,0.9941980141552619,0.004740514012776198
2016-07-25,0.9989511622371898,0.9940504525594995,0.004900709677690296
2016-07-26,0.9987294537942778,0.9941980141552619,0.004531439639015922
2016-07-27,0.9984923035471573,0.9940504525594995,0.004441850987657814
2016-07-28,0.9984923035471573,0.9938903988564268,0.004601904690730518
2016-07-29,0.9984923035471573,0.9940629942235323,0.004429309323625064
2016-08-01,0.9982270018840346,0.9938759598251149,0.004351042058919674
2016-08-02,0.9982778352530002,0.9935436369029698,0.004734198350030416
2016-08-03,0.9983292565123535,0.9933421618387513,0.004987094673602144
2016-08-04,0.9982521074264197,0.9933421618387513,0.0049099455876683296
2016-08-05,0.9982521074264197,0.9933421618387513,0.0049099455876683296
2016-08-08,0.9983292565123535,0.9934897234345138,0.004839533077839686
2016-08-09,0.9982909152506986,0.993851114417431,0.00443980083326756
2016-08-10,0.9983423365100519,0.9940092675155604,0.004333068994491485
2016-08-11,0.9983806777717069,0.9939717880387247,0.004408889732982257
2016-08-12,0.9983292565123535,0.994158493133406,0.004170763378947506
2016-08-15,0.9983292565123535,0.9943453391681643,0.003983917344189236
2016-08-16,0.9983675977740085,0.9944519393230219,0.0039156584509866255
2016-08-17,0.9983029407953848,0.9947627778508864,0.0035401629444984373
2016-08-18,0.9985557503511974,0.9949498122493038,0.00360593810189358
2016-08-19,0.9985557503511971,0.9949498122493038,0.003605938101893358
2016-08-22,0.9985557503511971,0.9951098659523766,0.0034458843988205423
2016-08-23,0.9985557503511971,0.9954022028751558,0.0031535474760413518
2016-08-24,0.9985557503511974,0.9956599165711361,0.0028958337800613076
2016-08-25,0.9984776981791356,0.9959345934276677,0.002543104751467906
2016-08-26,0.9984393569174805,0.9959600067915164,0.0024793501259641193
2016-08-29,0.9984776981791356,0.9959345934276677,0.002543104751467906
2016-08-30,0.998386087449568,0.9961564553964534,0.0022296320531146607
2016-08-31,0.9984776981791356,0.9961564553964534,0.002321242782682198
2016-09-01,0.9982248886233233,0.9961564553964534,0.0020684332268698924
2016-09-02,0.9984776981791356,0.996366000693247,0.002111697485888575
2016-09-06,0.9984115008134168,0.9965104350633539,0.0019010657500628803
2016-09-07,0.9983606674444515,0.9963914140570956,0.0019692533873558737
2016-09-08,0.9981204919577911,0.9962357494540287,0.00188474250376236
2016-09-09,0.9981994686182066,0.9962357494540287,0.001963719164177924
2016-09-12,0.9982503019871719,0.9961024417635831,0.0021478602235888156
2016-09-13,0.9979816094031454,0.9958266991010709,0.0021549103020744864
2016-09-14,0.9979691172958349,0.9959345934276674,0.0020345238681674926
2016-09-15,0.9981994686182067,0.9961024417635832,0.0020970268546235404
2016-09-16,0.9981740552543579,0.9961024417635832,0.002071613490774671
2016-09-19,0.9980575991171065,0.9963660006932468,0.001691598423859686
2016-09-20,0.998031591221602,0.9965174988198605,0.0015140924017414958
2016-09-21,0.9978143198969287,0.9965174988198605,0.0012968210770681887
2016-09-22,0.9980575991171066,0.996437575498584,0.001620023618522537
2016-09-23,0.9981078578886391,0.9963073242593659,0.0018005336292732377
2016-09-26,0.9981994686182066,0.9961405417294308,0.002058926888775847
2016-09-27,0.9981461991502941,0.9962819108955169,0.0018642882547772466
2016-09-28,0.9982936720209812,0.996437575498584,0.0018560965223971548
2016-09-29,0.9982679648284779,0.9963073242593659,0.0019606405691120488
2016-09-30,0.9982936720209812,0.9960225184423067,0.0022711535786744674
2016-10-03,0.9981870718661234,0.995915918287449,0.0022711535786744674
2016-10-04,0.9981870718661233,0.995915918287449,0.0022711535786743564
2016-10-05,0.9981870718661234,0.995915918287449,0.0022711535786744674
2016-10-06,0.9981744377969716,0.9957826105970032,0.0023918271999683327
2016-10-07,0.9983061641282917,0.995493679835155,0.00281248429313663
2016-10-10,0.9980787679363281,0.9954811877278446,0.002597580208483552
2016-10-11,0.9978227094214535,0.9956269875256005,0.002195721895852931
2016-10-12,0.9978102173141428,0.9957619150522111,0.002048302261931645
2016-10-13,0.9978227094214532,0.9956269875256005,0.002195721895852709
2016-10-14,0.997797583244991,0.9954733930950016,0.0023241901499894135
2016-10-17,0.997759677773832,0.9954733930950017,0.002286284678830297
2016-10-18,0.9975002853206216,0.9954733930950016,0.002026892225620025
2016-10-19,0.997759677773832,0.9953400854045562,0.0024195923692758026
2016-10-20,0.997797583244991,0.995040146797939,0.002757436447052064
2016-10-21,0.997797583244991,0.9951877083937013,0.0026098748512897174
2016-10-24,0.9979470416050081,0.9956412414309174,0.0023058001740907663
2016-10-25,0.9979342623103111,0.9957745491213629,0.0021597131889482535
2016-10-26,0.9978967828334754,0.9958952227426566,0.0020015600908187547
2016-10-27,0.9979342623103111,0.9957745491213629,0.0021597131889482535
2016-10-28,0.9976909830901333,0.9953210160841468,0.002369967005986462
2016-10-31,0.9979470416050081,0.9951877083937013,0.002759333211306836
2016-11-01,0.9978263679837145,0.9954733930950016,0.0023529748887128887
2016-11-02,0.9977761092121818,0.9956067007854471,0.0021694084267347424
2016-11-03,0.9977761092121818,0.9958952227426566,0.0018808864695252225
2016-11-04,0.9980162846988422,0.9963213977258019,0.0016948869730403215
2016-11-07,0.9982150936843076,0.9964567826193829,0.0017583110649247446
2016-11-08,0.9982277277534594,0.9964567826193829,0.001770945134076496
2016-11-09,0.9982277277534594,0.9967203415490467,0.0015073862044127084
2016-11-10,0.9982150936843076,0.9967062680826105,0.0015088256016970725
2016-11-11,0.9982150936843076,0.9965506034795435,0.001664490204764113
2016-11-14,0.9982150936843076,0.9966712771008372,0.0015438165834703588
2016-11-15,0.9982969801153997,0.9966712771008372,0.0016257030145624407
2016-11-16,0.9983908009755605,0.9966712771008372,0.0017195238747232944
2016-11-17,0.9983908009755604,0.9966712771008372,0.0017195238747231834
2016-11-18,0.9983908009755604,0.9965079212019361,0.0018828797736243352
2016-11-21,0.9985209830683697,0.9964822140094328,0.0020387690589368512
2016-11-22,0.998534063066068,0.996650806510306,0.0018832565557619363
2016-11-23,0.998534063066068,0.9963872475806423,0.0021468154854256127
2016-11-25,0.9985742525362822,0.9962819108955169,0.0022923416407653052
2016-11-28,0.9986523047083438,0.9965174988198605,0.002134805888483249
2016-11-29,0.9984151544612233,0.996650806510306,0.0017643479509172888
2016-11-30,0.9984151544612235,0.996650806510306,0.0017643479509175108
2016-12-01,0.9984151544612235,0.996650806510306,0.0017643479509175108
2016-12-02,0.9984534957228786,0.9965174988198604,0.0019359969030181556
2016-12-05,0.9986259889913754,0.9966808547187619,0.0019451342726135579
2016-12-06,0.9985628023220364,0.9965587064868483,0.0020040958351881244
2016-12-07,0.9984847501499746,0.9964269801555283,0.00205776999444629
2016-12-08,0.9987064585928869,0.9965587064868483,0.0021477521060385696
2016-12-09,0.9988093561726323,0.9966808547187617,0.002128501453870668
2016-12-12,0.998861379082104,0.9966386298081248,0.002222749273979252
2016-12-13,0.9986523047083438,0.9965877964391593,0.002064508269184473
2016-12-14,0.9984798114398469,0.9966918992760371,0.0017879121638098017
2016-12-15,0.9985306448088123,0.996570768287773,0.001959876521039239
2016-12-16,0.9984534957228786,0.9965174988198605,0.0019359969030180446
2016-12-19,0.9984534957228786,0.9967698275165643,0.0016836682063142705
2016-12-20,0.9987031380773093,0.9971461962757177,0.0015569418015916048
2016-12-21,0.9986765071646008,0.997334021388136,0.0013424857764647857
2016-12-22,0.9987162180750075,0.9974532556121455,0.0012629624628620606
2016-12-23,0.9987545593366626,0.9976677239063028,0.0010868354303598116
2016-12-27,0.9988982156075129,0.9979895073460321,0.0009087082614808173
2016-12-28,0.9988449461396005,0.9981404896087157,0.0007044565308848005
2016-12-29,0.9988449461396005,0.9982331922246893,0.000611753914911195
2016-12-30,0.9988066048779455,0.9981934813142826,0.0006131235636628318
2017-01-03,0.9987266815566689,0.9981007786983092,0.0006259028583597281
2017-01-04,0.9989077463764133,0.9978890418150376,0.0010187045613757606
2017-01-05,0.9987396094544752,0.9975633021686034,0.0011763072858717027
2017-01-06,0.9987012681928201,0.9975770281241613,0.001124240068658855
2017-01-09,0.9986887760855097,0.9975633021686034,0.0011254739169062056
2017-01-10,0.9984924810064465,0.9973999462697021,0.0010925347367444216
2017-01-11,0.9984162143394093,0.9976432254898798,0.0007729888495294768
2017-01-12,0.9984162143394093,0.9977942077525637,0.0006220065868456359
2017-01-13,0.9984162143394092,0.9978731844129792,0.000543029926429961
2017-01-17,0.9984924810064466,0.9978995001299477,0.0005929808764989497
2017-01-18,0.9984924810064466,0.9978995001299477,0.0005929808764989497
2017-01-19,0.9982304853516422,0.9976822288052745,0.000548256546367698
2017-01-20,0.9981790640922888,0.9976434416150729,0.0005356224772159468
2017-01-23,0.99814200114028,0.9975901721471604,0.000551828993119563
2017-01-24,0.9980899782308086,0.9975255151685369,0.0005644630622716473
2017-01-25,0.9979215963151191,0.9978553102354412,6.628607967795741e-05
2017-01-26,0.9980281964699769,0.9979199672140647,0.00010822925591214005
2017-01-27,0.9979501442979153,0.997820523469532,0.00012962082838330335
2017-01-30,0.9980281964699769,0.9977349593097582,0.0002932371602186734
2017-01-31,0.9977880209833165,0.9975578774552991,0.00023014352801742355
2017-02-01,0.9976488663283772,0.9977619130607022,-0.00011304673232492846
2017-02-02,0.997741568944351,0.9979231118869469,-0.00018154294259598025
2017-02-03,0.9978026714272284,0.9981088408747141,-0.0003061694474856269
2017-02-06,0.9977753869141646,0.9982464279439596,-0.00047104102979500517
2017-02-07,0.9977880209833165,0.9983126253096781,-0.0005246043263615885
2017-02-08,0.9980899782308086,0.9984696767739667,-0.00037969854315811347
2017-02-09,0.9983144944087771,0.9985845442279926,-0.0002700498192155232
2017-02-10,0.9983144944087771,0.9985845442279926,-0.0002700498192155232
2017-02-13,0.9983144944087771,0.9987372574404375,-0.0004227630316604447
2017-02-14,0.9984071970247504,0.9988510621107408,-0.0004438650859903692
2017-02-15,0.9983417789218406,0.9989661772348111,-0.0006243983129704533
2017-02-16,0.9983944177300534,0.9989792572325095,-0.0005848395024560249
2017-02-17,0.9984568940459111,0.9989792572325095,-0.0005223631865983736
2017-02-21,0.9986659684196715,0.9991060540050908,-0.0004400855854193031
2017-02-22,0.9986659684196715,0.9991060540050908,-0.0004400855854193031
2017-02-23,0.99873216578539,0.9991955563913983,-0.00046339060600830706
2017-02-24,0.9986795269771771,0.9993846781552431,-0.0007051511780660213
2017-02-27,0.9988605917969214,0.9993979138745134,-0.0005373220775919396
2017-02-28,0.9988605917969214,0.9993340005078496,-0.00047340871092815817
2017-03-01,0.9987943944312029,0.9993207647885793,-0.00052637035737646
2017-03-02,0.9987319181153452,0.9991955563913983,-0.00046363827605311325
2017-03-03,0.9986529414549294,0.9992087921106685,-0.000555850655739043
2017-03-06,0.9985654525015948,0.9992087921106684,-0.0006433396090735899
2017-03-07,0.9987062109228422,0.9991955563913983,-0.0004893454685561682
2017-03-08,0.9987319181153452,0.9993207647885795,-0.0005888466732342224
2017-03-09,0.9987319181153452,0.9993207647885793,-0.0005888466732341113
2017-03-10,0.9988180351814249,0.999404713243592,-0.0005866780621671674
2017-03-13,0.9989692514741104,0.9994181084370303,-0.00044885696291985244
2017-03-14,0.9991116511112446,0.999341841769993,-0.00023019065874840816
2017-03-15,0.9991116511112446,0.9993418417699929,-0.00023019065874829714
2017-03-16,0.9989692514741104,0.9993152108572847,-0.0003459593831742769
2017-03-17,0.9989563235763043,0.9993152108572845,-0.0003588872809802135
2017-03-20,0.9989563235763043,0.999341841769993,-0.0003855181936887053
2017-03-21,0.9989563235763043,0.999341841769993,-0.0003855181936887053
2017-03-22,0.9989030541083919,0.9994181084370303,-0.000515054328638409
2017-03-23,0.9990396413716173,0.9994181084370302,-0.00037846706541289077
2017-03-24,0.9988284930528634,0.9993207647885795,-0.0004922717357160877
2017-03-27,0.9986772767601775,0.9991824763937,-0.0005051996335224684
2017-03-28,0.9987346721927025,0.9991558454809916,-0.0004211732882890562
2017-03-29,0.998648156345976,0.9991166018662169,-0.0004684455202408344
2017-03-30,0.9984969400532905,0.9989898050936356,-0.0004928650403450696
2017-03-31,0.9986772767601776,0.998861379082104,-0.00018410232192644926
2017-04-03,0.9986772767601776,0.9988347481693957,-0.00015747140921806846
2017-04-04,0.9986772767601776,0.9989898050936356,-0.00031252833345796205
2017-04-05,0.9986772767601776,0.998861379082104,-0.00018410232192644926
2017-04-06,0.9986772767601776,0.9986780119008468,-7.351406692279738e-07
2017-04-07,0.9986772767601776,0.9986125937979372,6.468296224038106e-05
2017-04-10,0.9985973534389011,0.9986125937979372,-1.52403590361061e-05
2017-04-11,0.9987485697315867,0.9984534957228786,0.0002950740087080961
2017-04-12,0.9987485697315869,0.9983505981431329,0.0003979715884540047
2017-04-13,0.9986419695767291,0.9983505981431329,0.0002913714335962547
2017-04-17,0.9987656289421483,0.9983505981431329,0.0004150307990153923
2017-04-18,0.9987656289421483,0.9983505981431329,0.0004150307990153923
2017-04-19,0.9987656289421483,0.9983505981431329,0.0004150307990153923
2017-04-20,0.9987656289421483,0.9985751143211015,0.00019051462104680006
2017-04-21,0.9987656289421483,0.998678011900847,8.76170413012245e-05
2017-04-24,0.9986323212517028,0.9987159173720063,-8.359612030350849e-05
2017-04-25,0.9985197975094717,0.9987031380773093,-0.00018334056783753105
2017-04-26,0.9985338709759078,0.998678011900847,-0.00014414092493919561
2017-04-27,0.9985338709759078,0.9987419252675108,-0.00020805429160297706
2017-04-28,0.9985884482212939,0.9987682409844792,-0.0001797927631853602
2017-05-01,0.998714207682795,0.9987811688822853,-6.696119949034518e-05
2017-05-02,0.9985338709759078,0.9988065822461343,-0.0002727112702264334
2017-05-03,0.9986531051999172,0.9987551609867809,-0.0001020557868636196
2017-05-04,0.9985425258321964,0.9985694319990138,-2.6906166817441957e-05
2017-05-05,0.9985425258321963,0.9985694319990138,-2.690616681755298e-05
2017-05-08,0.9985425258321963,0.9985694319990138,-2.690616681755298e-05
2017-05-09,0.9984232916081868,0.9985055186323502,-8.222702416338379e-05
2017-05-10,0.9985852922352612,0.9982781224403867,0.00030716979487444007
2017-05-11,0.9985425258321963,0.9980608511157135,0.0004816747164827495
2017-05-12,0.9985425258321964,0.9980868590112181,0.0004556668209783066
2017-05-15,0.9985682330246995,0.9983041303358913,0.0002641026888082765
2017-05-16,0.9985682330246995,0.9982781224403866,0.00029011058431294146
2017-05-17,0.9986481563459759,0.9982781224403866,0.0003700339055893176
2017-05-18,0.9987346721927025,0.9982781224403866,0.00045654975231590456
2017-05-19,0.9987913361346515,0.9984662750175755,0.0003250611170760864
2017-05-22,0.9988196635064044,0.9984914011940376,0.0003282623123668227
2017-05-23,0.9989134843665651,0.9984534957228786,0.0004599886436865708
2017-05-24,0.9990818662822544,0.9984922829130799,0.0005895833691744734
2017-05-25,0.9989880454220935,0.9987419252675108,0.0002461201545826963
2017-05-26,0.999055040845564,0.9987682409844792,0.0002867998610847078
2017-05-30,0.9992113380215822,0.9987303355133201,0.0004810025082621072
2017-05-31,0.9991725508313807,0.9987172555156217,0.0004552953157589412
2017-06-01,0.9992005218367008,0.9988743069799103,0.00032621485679051876
2017-06-02,0.9991508248155404,0.998861379082104,0.0002894457334363665
2017-06-05,0.9992932244526745,0.9988111203105713,0.0004821041421032568
2017-06-06,0.9992932244526744,0.9987094003799392,0.0005838240727352728
2017-06-07,0.9992932244526744,0.9985523489156504,0.0007408755370240661
2017-06-08,0.999437304084368,0.9985523489156504,0.0008849551687176715
2017-06-09,0.9993071219915588,0.9985523489156506,0.0007547730759082105
2017-06-12,0.9993071219915588,0.9984517799646174,0.0008553420269413747
2017-06-13,0.999255099082087,0.9982660509768504,0.0009890481052365896
2017-06-14,0.9993852811748962,0.9982923666938189,0.0010929144810772895
2017-06-15,0.9993072290028344,0.998179842951588,0.001127386051246404
2017-06-16,0.9993072290028344,0.9981666072323178,0.0011406217705166588
2017-06-19,0.9993852811748962,0.9983391005008146,0.001046180674081576
2017-06-20,0.999489384011774,0.9983523362200849,0.0011370477916891053
2017-06-21,0.9993701497877645,0.998478095681586,0.0008920541061785414
2017-06-22,0.99947548647289,0.9986351471458746,0.000840339327015327
2017-06-23,0.9995670972024573,0.9986351471458746,0.0009319500565826422
2017-06-26,0.9995118416840734,0.9986219114266045,0.0008899302574688628
2017-06-27,0.9995670972024573,0.9985093876843735,0.0010577095180838159
2017-06-28,0.9995535386449514,0.9983391005008146,0.001214438144136798
2017-06-29,0.9994754864728899,0.9983391005008146,0.0011363859720752156
2017-06-30,0.9994754864728899,0.9984648599623158,0.001010626510574042
2017-07-03,0.9994754864728899,0.9986351471458745,0.000840339327015327
2017-07-05,0.9994754864728899,0.9986351471458745,0.000840339327015327
2017-07-06,0.9995166685248379,0.9985093876843735,0.0010072808404644196
2017-07-07,0.999489384011774,0.9983391005008146,0.00115028351095936
2017-07-10,0.999489384011774,0.9983391005008146,0.00115028351095936
2017-07-11,0.9993701497877645,0.9983391005008146,0.0010310492869498589
2017-07-12,0.9993421787824445,0.9984385442453473,0.0009036345370971866
2017-07-13,0.9992516345030722,0.9984385442453473,0.0008130902577249133
2017-07-14,0.9993974343008281,0.9984648599623157,0.0009325743385123486
2017-07-17,0.9993974343008282,0.9985786646326189,0.0008187696682092627
2017-07-18,0.9993701497877645,0.998667148843981,0.000703000943783505
2017-07-19,0.9993289677358167,0.9988374360275398,0.0004915317082768711
2017-07-20,0.9992384234564448,0.9988374360275398,0.0004009874289049309
2017-07-21,0.9992384234564444,0.9988374360275398,0.0004009874289045978
2017-07-24,0.9991478791770723,0.9987357160969077,0.0004121630801645626
2017-07-25,0.9991478791770726,0.9985523489156504,0.000595530261422228
2017-07-26,0.9992384234564444,0.9985523489156504,0.0006860745407940572
2017-07-27,0.9990802703583153,0.9985523489156504,0.0005279214426648915
2017-07-28,0.9992243499900088,0.9985523489156504,0.000672001074358386
2017-07-31,0.9992516345030722,0.9986148252315082,0.000636809271563954
2017-08-01,0.99935573733995,0.9988111203105714,0.0005446170293785801
2017-08-02,0.9993421787824444,0.9986277531293143,0.0007144256531300686
2017-08-03,0.9992516345030722,0.9985260331986823,0.0007256013043899223
2017-08-04,0.99935573733995,0.9984733943904693,0.0008823429494806412
2017-08-07,0.9992516345030722,0.9982616575071974,0.000989976995874775
2017-08-08,0.9992933314639503,0.9981344576434561,0.0011588738204941773
2017-08-09,0.9994125656879601,0.9981344576434561,0.0012781080445040116
2017-08-10,0.9994125656879601,0.998187096451669,0.0012254692362910768
2017-08-11,0.9993713836360121,0.998187096451669,0.001184287184343047
2017-08-14,0.9995031099673318,0.998187096451669,0.001316013515662795
2017-08-15,0.999489384011774,0.998187096451669,0.0013022875601049755
2017-08-16,0.9993701497877645,0.9983142963154106,0.0010558534723539292
2017-08-17,0.9993148942693808,0.9984160162460428,0.00089887802333799
2017-08-18,0.9993148942693806,0.9985055186323502,0.0008093756370304295
2017-08-21,0.9993421787824444,0.9987551609867809,0.0005870177956635025
2017-08-22,0.99935573733995,0.9989514560658441,0.00040428127410585546
2017-08-23,0.9993421787824444,0.9987811688822853,0.0005610099001590596
2017-08-24,0.9993296866751338,0.9987942488799838,0.0005354377951499734
2017-08-25,0.999273735808939,0.9990159573228959,0.00025777848604302545
2017-08-28,0.999176392160488,0.999041664515399,0.0001347276450890389
2017-08-29,0.9991763921604884,0.9990545924132052,0.0001217997472832133
2017-08-30,0.999176392160488,0.9992227293351433,-4.633717465529763e-05
2017-08-31,0.9992418102633981,0.9993758418246932,-0.0001340315612951004
2017-09-01,0.9990778146760153,0.9993758418246932,-0.0002980271486778818
2017-09-05,0.9991628336029823,0.9993627618269949,-0.00019992822401260213
2017-09-06,0.999073331216675,0.9993627618269949,-0.00028943061031994066
2017-09-07,0.999098176624359,0.9993758418246932,-0.0002776652003342317
2017-09-08,0.9989952790446135,0.9993498339291887,-0.0003545548845752533
2017-09-11,0.9989952790446135,0.9993627618269949,-0.00036748278238141197
2017-09-12,0.9988774502521776,0.9993758418246932,-0.0004983915725156329
2017-09-13,0.9990519429865623,0.9993498339291887,-0.0002978909426264442
2017-09-14,0.9990519429865623,0.9993498339291887,-0.0002978909426264442
2017-09-15,0.9989952790446134,0.9993627618269949,-0.000367482782381523
2017-09-18,0.9989545993381116,0.9993758418246932,-0.0004212424865815967
2017-09-19,0.9990326515101732,0.9993498339291887,-0.0003171824190155714
2017-09-20,0.9990326515101732,0.9993110467389872,-0.00027839522881401013
2017-09-21,0.9989679945315497,0.9992463897603636,-0.0002783952288138991
2017-09-22,0.9989952790446132,0.9992463897603636,-0.00025111071575045774
2017-09-25,0.9989047347652412,0.9992727054773322,-0.000367970712090937
2017-09-26,0.9989047347652412,0.9992727054773322,-0.000367970712090937
2017-09-27,0.9989047347652412,0.9992727054773322,-0.000367970712090937
2017-09-28,0.9989047347652412,0.9992727054773322,-0.000367970712090937
2017-09-29,0.9990915807999994,0.9992727054773322,-0.00018112467733277793
2017-10-02,0.9990915807999994,0.9992727054773322,-0.00018112467733277793
2017-10-03,0.9990915807999994,0.9992727054773322,-0.00018112467733277793
2017-10-04,0.9992516345030722,0.9992087921106685,4.284239240370802e-05
2017-10-05,0.9993421787824444,0.9990687596188168,0.0002734191636275529
2017-10-06,0.9991821250793715,0.9990687596188168,0.0001133654605547374
2017-10-09,0.999329686675134,0.9989792572325095,0.00035042944262453357
2017-10-10,0.9993027329241897,0.9989661772348111,0.0003365556893786259
2017-10-11,0.9992652534473542,0.9989395463221028,0.00032570712525137324
2017-10-12,0.9991725508313807,0.9986960051865009,0.0004765456448797556
2017-10-13,0.9993027329241899,0.9987226360992092,0.0005800968249807248
2017-10-16,0.9993817095846055,0.9989661772348111,0.0004155323497944119
2017-10-17,0.9994858124214834,0.9990424439018483,0.00044336851963511226
2017-10-18,0.9993896720850745,0.9991195929877823,0.00027007909729215296
2017-10-19,0.9994163029977827,0.9991195929877821,0.0002967100100006448
2017-10-20,0.999337326337367,0.9990932772708138,0.00024404906655328684
2017-10-23,0.999337326337367,0.9991186906346625,0.00021863570270452826
2017-10-24,0.9991753257102928,0.9991574778248641,1.784788542869009e-05
2017-10-25,0.999098176624359,0.9991317706323609,-3.359400800195811e-05
2017-10-26,0.9991753257102928,0.9990920597219541,8.326598833863219e-05
2017-10-27,0.9992669364398603,0.9992581001093104,8.836330549932825e-06
2017-10-30,0.9992399826889163,0.9992066788499571,3.330383895927547e-05
2017-10-31,0.9992914039482695,0.9991404814842383,0.00015092246403125564
2017-11-01,0.999114774291735,0.9992787698791178,-0.00016399558738278142
2017-11-02,0.9991147742917352,0.9992408644079586,-0.00012609011622333188
2017-11-03,0.9990608588659632,0.9991156560107776,-5.479714481437803e-05
2017-11-06,0.9990477788682648,0.9992197588476553,-0.00017197997939055742
2017-11-07,0.9990865660584664,0.9992066788499568,-0.00012011279149048981
2017-11-08,0.999111979422315,0.9991664893797428,-5.4509957427839595e-05
2017-11-09,0.9989205256711103,0.9991156560107773,-0.00019513033966700455
2017-11-10,0.9989077463764133,0.9991156560107773,-0.00020790963436401189
2017-11-13,0.9989077463764133,0.9991156560107773,-0.00020790963436401189
2017-11-14,0.9989460876380684,0.9989854739179682,-3.938627989985566e-05
2017-11-15,0.9990992001276182,0.9989723939202698,0.00012680620734839554
2017-11-16,0.9990992001276182,0.9989045809556136,0.00019461917200458423
2017-11-17,0.9990865660584664,0.9989854739179682,0.00010109214049813797
2017-11-20,0.9990992001276182,0.9990486605873071,5.053954031108976e-05
2017-11-21,0.9991919027435916,0.9991869489821866,4.953761404968837e-06
2017-11-22,0.9992176099360947,0.9990428693504931,0.00017474058560151828
2017-11-24,0.9990387902540417,0.9990428693504931,-4.079096451392594e-06
2017-11-27,0.9988577254342975,0.9991869489821866,-0.00032922354788911257
2017-11-28,0.9988577254342975,0.9991869489821866,-0.00032922354788911257
2017-11-29,0.9988449461396005,0.9993047777746223,-0.00045983163502183455
2017-11-30,0.9988449461396005,0.9993047777746222,-0.00045983163502172353
2017-12-01,0.9990130830615387,0.9992408644079586,-0.00022778134641987524
2017-12-04,0.9990387902540417,0.999160941086682,-0.00012215083264022208
2017-12-05,0.9990515695487387,0.9991106823151493,-5.911276641057395e-05
2017-12-06,0.9990387902540417,0.9991869489821866,-0.00014815872814488706
2017-12-07,0.9990920597219541,0.9992975283499076,-0.00020546862795345344
2017-12-08,0.9990920597219541,0.9994575820529804,-0.00036552233102626897
2017-12-11,0.9992708794040074,0.9994982617594823,-0.00022738235547492547
2017-12-12,0.9991919027435918,0.9993890414253749,-0.00019713868178306004
2017-12-13,0.9991919027435918,0.9992524541621494,-6.055141855754176e-05
2017-12-14,0.9991919027435918,0.999265088231301,-7.318548770918198e-05
2017-12-15,0.999038790254042,0.9993171111407728,-0.000278320886730854
2017-12-18,0.9990130830615387,0.9993440648917169,-0.0003309818301782119
2017-12-19,0.9990992001276182,0.9991800693043343,-8.086917671612515e-05
2017-12-20,0.9989799659036086,0.999014028916978,-3.406301336938977e-05
2017-12-21,0.9990608588659632,0.9991928485990309,-0.00013198973306771666
2017-12-22,0.9989077463764133,0.999258266701941,-0.0003505203255276257
2017-12-26,0.9988438330097498,0.9991928485990309,-0.00034901558928113197
2017-12-27,0.9988054917480945,0.9992454874072438,-0.00043999565914931704
2017-12-28,0.9986504348238546,0.9994094829946267,-0.0007590481707721031
2017-12-29,0.9984670676425975,0.9994094829946266,-0.0009424153520291023
2018-01-02,0.9984670676425977,0.9994094829946266,-0.0009424153520288803
2018-01-03,0.9984670676425977,0.9994094829946266,-0.0009424153520288803
2018-01-04,0.9982050719877935,0.9994094829946267,-0.001204411006833217
2018-01-05,0.9983352540806028,0.9994094829946267,-0.001074228914023978
2018-01-08,0.9982553307593262,0.9992454874072438,-0.0009901566479176838
2018-01-09,0.998373246782437,0.9990794470198878,-0.0007062002374508269
2018-01-10,0.9985695418615002,0.999079447019888,-0.0005099051583878911
2018-01-11,0.9985695418615004,0.999079447019888,-0.000509905158387669
2018-01-12,0.9985695418615002,0.999079447019888,-0.0005099051583878911
2018-01-16,0.9987885121524038,0.999054033656039,-0.0002655215036351244
2018-01-17,0.9986935457236132,0.9990406384626008,-0.00034709273898758664
2018-01-18,0.9986935457236132,0.9990540336560391,-0.00036048793242582367
2018-01-19,0.9986935457236132,0.9988729688362948,-0.00017942311268159816
2018-01-22,0.9986427123546479,0.9990540336560391,-0.0004113213013912098
2018-01-23,0.9987958248441976,0.9990540336560391,-0.00025820881184146494
2018-01-24,0.9989849466080426,0.9989634893766671,2.1457231375476837e-05
2018-01-25,0.9990232878696974,0.9989634893766671,5.979849303028306e-05
2018-01-26,0.9988632341666248,0.998963489376667,-0.0001002552100421994
2018-01-29,0.9989738135343457,0.998963489376667,1.0324157678653911e-05
2018-01-30,0.9989738135343459,0.998963489376667,1.0324157678875956e-05
2018-01-31,0.9989354722726909,0.998963489376667,-2.8017103976152313e-05
2018-02-01,0.9989354722726909,0.9989634893766671,-2.8017103976263336e-05
2018-02-02,0.9989354722726909,0.998963489376667,-2.8017103976152313e-05
2018-02-05,0.9990830338684531,0.998900302707328,0.0001827311611251048
2018-02-06,0.9989593745030337,0.9987584815023584,0.00020089300067538396
2018-02-07,0.9987578994388154,0.998614825231508,0.00014307420730741427
2018-02-08,0.9988265501506374,0.9985523489156506,0.00027420123498678173
2018-02-09,0.9988265501506374,0.9985523489156504,0.00027420123498700377
2018-02-12,0.9985980334474238,0.9985523489156504,4.568453177344889e-05
2018-02-13,0.9986392154993718,0.9985523489156504,8.686658372147882e-05
2018-02-14,0.9985453946392109,0.9986277531293142,-8.235849010329588e-05
2018-02-15,0.9984836128783795,0.9986540688462828,-0.00017045596790332684
2018-02-16,0.9983963689187959,0.9983798556471537,1.6513271642204508e-05
2018-02-20,0.9984100948743537,0.9982923666938189,0.00011772818053479295
2018-02-21,0.9984100948743537,0.9982923666938189,0.00011772818053479295
2018-02-22,0.9984100948743537,0.9982923666938188,0.00011772818053490397
2018-02-23,0.9983173922583802,0.998478095681586,-0.0001607034232057325
2018-02-26,0.998137055551493,0.9985786646326189,-0.00044160908112589325
2018-02-27,0.9982436557063508,0.9984648599623158,-0.00022120425596505733
2018-02-28,0.9984100948743537,0.9984517799646174,-4.168509026369893e-05
2018-03-01,0.9983973155796568,0.9985523489156506,-0.00015503333599375946
2018-03-02,0.9984984570781247,0.9986540688462827,-0.00015561176815803712
2018-03-05,0.9983990133335919,0.9989006226968786,-0.0005016093632866925
2018-03-06,0.9983181203712373,0.9989514560658443,-0.0006333356946069957
2018-03-07,0.9983990133335919,0.9988743069799103,-0.00047529364631837545
2018-03-08,0.998551726546037,0.9988743069799103,-0.0003225804338733429
2018-03-09,0.9985517265460371,0.9990161281848801,-0.0004644016388429817
2018-03-12,0.9985517265460371,0.9990161281848801,-0.0004644016388429817
2018-03-13,0.998551726546037,0.9990161281848801,-0.0004644016388430927
2018-03-14,0.9986171446489468,0.998963489376667,-0.00034634472772021585
2018-03-15,0.9984490077270088,0.998963489376667,-0.0005144816496581717
2018-03-16,0.9987046336022816,0.9991166018662169,-0.00041196826393530284
2018-03-19,0.9987319181153452,0.9991674352351824,-0.0004355171198371366
2018-03-20,0.9987319181153452,0.9991800693043341,-0.00044815118898888784
2018-03-21,0.9988180351814246,0.9992320922138059,-0.00041405703238128755
2018-03-22,0.9988979585027012,0.9991531155533903,-0.0002551570506890144
2018-03-23,0.9989604348185588,0.9989616618021853,-1.2269836264788836e-06
2018-03-26,0.9990987232134383,0.9989616618021853,0.0001370614112530255
2018-03-27,0.9990987232134383,0.9989616618021853,0.0001370614112530255
2018-03-28,0.9990197465530227,0.998936535625723,8.321092729968171e-05
2018-03-29,0.9991691131109451,0.9990226526918027,0.0001464604191424579
2018-04-02,0.9991691131109451,0.9990226526918027,0.0001464604191424579
2018-04-03,0.9991021176874749,0.9989723939202698,0.00012972376720510326
2018-04-04,0.9990267134738112,0.9989045809556136,0.00012213251819759297
2018-04-05,0.999026713473811,0.9988916530578074,0.0001350604160036406
2018-04-06,0.9990929108395298,0.9989291325346432,0.00016377830488656375
2018-04-09,0.9991553871553873,0.9988528658676059,0.00030252128778140985
2018-04-10,0.9992515274917964,0.9988961878336949,0.00035533965810141677
2018-04-11,0.9990669029440252,0.9987578994388154,0.0003090035052097928
2018-04-12,0.9989603027891675,0.9986824952251515,0.00027780756401596385
2018-04-13,0.9990669029440252,0.998721282415353,0.00034562052867226356
2018-04-16,0.9989563235763043,0.998524573127911,0.0004317504483932755
2018-04-17,0.9989563235763043,0.9986497815250921,0.0003065420512121664
2018-04-18,0.9989563235763043,0.9986627094228986,0.00029361415340567465
2018-04-19,0.9989563235763043,0.9986627094228986,0.00029361415340567465
2018-04-20,0.9989175363861027,0.9987372704784271,0.00018026590767561412
2018-04-23,0.9989603027891675,0.9988201750955658,0.0001401276936017215
2018-04-24,0.9988464981188644,0.9986980268636522,0.0001484712552122236
2018-04-25,0.9988956458105439,0.998767536287353,0.00012810952319086688
2018-04-26,0.9989515966767388,0.9989041235505783,4.747312616049104e-05
2018-04-27,0.9990708309007483,0.998953820571739,0.00011701032900934827
2018-04-30,0.9990148800345535,0.9988172333085135,0.00019764672604005717
2018-05-01,0.9989603027891675,0.9989379069298073,2.2395859360146986e-05
2018-05-02,0.998898521028336,0.9990408045095529,-0.00014228348121692047
2018-05-03,0.9990257208920773,0.9988393294453344,0.0001863914467429284
2018-05-04,0.9990257208920773,0.9988393294453344,0.0001863914467429284
2018-05-07,0.9990257208920773,0.9988393294453344,0.0001863914467429284
2018-05-08,0.9990257208920773,0.9987186558240406,0.00030706506803668265
2018-05-09,0.9990257208920773,0.9988265501506374,0.00019917074143993574
2018-05-10,0.9990257208920773,0.9989160525369448,0.00010966835513248618
2018-05-11,0.9991820180680957,0.9988513955583214,0.0003306225097743365
2018-05-14,0.9991820180680955,0.9987055957605654,0.00047642230753008885
2018-05-15,0.999075417913238,0.9986424090912264,0.0004330088220115824
2018-05-16,0.9992103454398484,0.9987882088889823,0.00042213655086609236
2018-05-17,0.9992103454398484,0.9987882088889823,0.00042213655086609236
2018-05-18,0.9991837145271402,0.998617838246528,0.0005658762806122208
2018-05-21,0.9992866121068857,0.9986730937649119,0.0006135183419738732
2018-05-22,0.9993277941588337,0.9985781273361216,0.0007496668227120473
2018-05-23,0.9993529203352959,0.9984740244992436,0.0008788958360522736
2018-05-24,0.9992890069686321,0.9986026981808199,0.0006863087878121732
2018-05-25,0.9992488174984181,0.9985781273361214,0.0006706901622967054
2018-05-29,0.9992996508673835,0.9984906383827868,0.0008090124845966384
2018-05-30,0.999378627527799,0.9986239460732323,0.0007546814545666969
2018-05-31,0.9994839642129243,0.998510544494089,0.0009734197188352445
2018-06-01,0.9994582570204212,0.9984591232347357,0.000999133785685502
2018-06-04,0.9994999539812992,0.9983904725229138,0.0011094814583854085
2018-06-05,0.9995789306417148,0.9982647130614127,0.001314217580302035
2018-06-06,0.9996046378342178,0.9983980207518582,0.0012066170823595845
2018-06-07,0.9995384404684993,0.9983980207518581,0.001140419716641139
2018-06-08,0.9995256611738024,0.9984591232347357,0.0010665379390666363
2018-06-11,0.9995256611738025,0.9985237802133593,0.00100188096044318
2018-06-12,0.9994177668472057,0.9983173020297661,0.0011004648174396392
2018-06-13,0.9992828393205951,0.9983040663104961,0.0009787730100990766
2018-06-14,0.9992691133650373,0.9983040663104961,0.0009650470545412571
2018-06-15,0.9992564792958855,0.9983173020297661,0.000939177266119362
2018-06-18,0.9992564792958855,0.998122891856443,0.0011335874394424739
2018-06-19,0.9992564792958855,0.9979853047871975,0.0012711745086879667
2018-06-20,0.9993091181040982,0.9981915425682649,0.0011175755358332484
2018-06-21,0.999336402617162,0.9981096561371728,0.0012267464799891048
2018-06-22,0.9992437000011885,0.998191542568265,0.0010521574329234173
2018-06-25,0.999336402617162,0.9982429638276182,0.0010934387895437103
2018-06-26,0.9992524541621493,0.9981404896087159,0.00111196455343332
2018-06-27,0.9990633323983045,0.9981404896087159,0.0009228427895885405
2018-06-28,0.9988845127162514,0.9983069287767189,0.0005775839395325555
2018-06-29,0.9987543306234422,0.998420733447022,0.00033359717642023057
2018-07-02,0.9987806463404105,0.998457796399031,0.0003228499413795438
2018-07-03,0.9986789264097783,0.9983908009755605,0.0002881254342177453
2018-07-05,0.9987806463404105,0.9984314806820624,0.0003491656583480829
2018-07-06,0.9986789264097784,0.9983908009755605,0.0002881254342178563
2018-07-09,0.9987543306234422,0.9984314806820623,0.0003228499413798769
2018-07-10,0.9987671099181391,0.9984568940459112,0.0003102158722279036
2018-07-11,0.9986605097632815,0.9983944177300534,0.000266092033228027
2018-07-12,0.998699753378056,0.998473394390469,0.00022635898758704975
2018-07-13,0.9984562122424542,0.9984997101074377,-4.3497864983477186e-05
2018-07-16,0.9984932751944631,0.9984251490519093,6.812614255380378e-05
2018-07-17,0.9985446964538164,0.9984517799646175,9.291648919884654e-05
2018-07-18,0.9984562122424542,0.9984251490519093,3.1063190544911023e-05
2018-07-19,0.9985446964538164,0.998299389590408,0.000245306863408401
2018-07-20,0.9986125094184726,0.9982331922246893,0.00037931719378325734
2018-07-23,0.9986627681900053,0.9984034794082481,0.0002592887817571832
2018-07-24,0.9987426915112818,0.9985845442279924,0.00015814728328944483
2018-07-25,0.9988066048779456,0.9987113410005739,9.52638773716874e-05
2018-07-26,0.9990004489923869,0.998670661294072,0.0003297876983149317
2018-07-27,0.9990537184602993,0.9984062774522451,0.0006474410080542503
2018-07-30,0.9990920597219544,0.9983670338374704,0.0007250258844839763
2018-07-31,0.9992581001093105,0.9986314176792972,0.0006266824300132923
2018-08-01,0.9992066788499572,0.998576840433911,0.0006298384160461357
2018-08-02,0.9992320922138057,0.9986314176792972,0.0006006745345085163
2018-08-03,0.9992454874072442,0.998576840433911,0.0006686469733331313
2018-08-06,0.9991800693043343,0.9984258581712275,0.000754211133106808
2018-08-07,0.9991674352351824,0.9983158116147698,0.0008516236204125782
2018-08-08,0.9991012378694636,0.9981279865023513,0.0009732513671122378
2018-08-09,0.9990358197665538,0.9978870026367792,0.0011488171297745486
2018-08-10,0.9991274304961213,0.9977033246518974,0.0014241058442239218
2018-08-13,0.9990484538357057,0.9977033246518974,0.0013451291838083579
2018-08-14,0.9990484538357057,0.9977746176233064,0.001273836212399293
2018-08-15,0.9991274304961213,0.9978416130467769,0.0012858174493444174
2018-08-16,0.9989486108140683,0.9977982910806878,0.0011503197333804227
2018-08-17,0.9989486108140683,0.9977576113741862,0.001190999439882101
2018-08-20,0.9989359767449165,0.9975759388756145,0.0013600378693020554
2018-08-21,0.998807550733385,0.9972431159583236,0.0015644347750614074
2018-08-22,0.9988075507333848,0.9969715047234591,0.001836046009925707
2018-08-23,0.9987696452622256,0.9967435708127336,0.002026074449491988
2018-08-24,0.9988216681716974,0.9967981480581196,0.002023520113577759
2018-08-27,0.9987696452622258,0.996870367585315,0.0018992776769107822
2018-08-28,0.99873216578539,0.9968703675853149,0.0018617982000751487
2018-08-29,0.9988216681716974,0.9970983014960404,0.0017233666756569788
2018-08-30,0.9988613790821042,0.9970842280296045,0.0017771510524996481
2018-08-31,0.9986910918985453,0.9969441955377529,0.0017468963607923937
2018-09-04,0.9986910918985453,0.9969441955377529,0.0017468963607923937
2018-09-05,0.9986910918985453,0.9969441955377529,0.0017468963607923937
2018-09-06,0.9986910918985455,0.9969441955377529,0.0017468963607926158
2018-09-07,0.9987419252675107,0.9972298802390535,0.001512045028457254
2018-09-10,0.9989122124510695,0.9972880262998128,0.0016241861512567013
2018-09-11,0.9989122124510695,0.9973866037842857,0.001525608666783862
2018-09-12,0.998861379082104,0.9974405192100576,0.0014208598720464316
2018-09-13,0.998678011900847,0.9973971972439687,0.0012808146568783485
2018-09-14,0.9988743069799103,0.9973971972439685,0.0014771097359418395
2018-09-17,0.9989006226968786,0.9971801632544901,0.0017204594423885222
2018-09-18,0.9988743069799103,0.9971079437272949,0.001766363252615366
2018-09-19,0.9988350633651355,0.9969795177157635,0.001855545649371959
2018-09-20,0.9986780119008468,0.9970068022288272,0.0016712096720196135
2018-09-21,0.998612593797937,0.9972507899692494,0.0013618038286875578
2018-09-24,0.9986125937979373,0.9972507899692497,0.0013618038286876688
2018-09-25,0.9986125937979373,0.9972101102627478,0.0014024835351895693
2018-09-26,0.9984534957228786,0.9972101102627478,0.001243385460130808
2018-09-27,0.9984008569146656,0.9974568161139591,0.000944040800706536
2018-09-28,0.9985733501831625,0.9974295316008954,0.0011438185822670865
2018-10-01,0.9986387682860722,0.9974568161139591,0.0011819521721131432
2018-10-02,0.9986638944625347,0.997665119525239,0.000998774937295721
2018-10-03,0.998807550733385,0.9976112040994669,0.0011963466339180995
2018-10-04,0.9988467943481596,0.997584250348523,0.001262543999636545
2018-10-05,0.9988467943481596,0.9977416126164362,0.0011051817317233592
2018-10-08,0.9989616618021853,0.9978288565760198,0.0011328052261654342
2018-10-09,0.9989224181874107,0.9978558103269636,0.0010666078604470997
2018-10-10,0.9989224181874107,0.9976984480590505,0.0012239701283601745
2018-10-11,0.9988970048235618,0.997645178591138,0.0012518262324238139
2018-10-12,0.9990884585747667,0.9977982910806878,0.0012901674940788421
2018-10-15,0.9992267469696462,0.9977982910806878,0.0014284558889583465
2018-10-16,0.999283410911595,0.9977982910806878,0.0014851198309071556
2018-10-17,0.9991860672631442,0.9977982910806878,0.001387776182456335
2018-10-18,0.9991089181772104,0.9977982910806878,0.0013106270965225209
2018-10-19,0.9991089181772106,0.9977982910806878,0.001310627096522743
2018-10-22,0.9991089181772104,0.9976984480590505,0.0014104701181598678
2018-10-23,0.9990692072668038,0.9974901446477706,0.001579062619033178
2018-10-24,0.9990317277899682,0.9972973542223312,0.0017343735676369487
2018-10-25,0.999045453745526,0.9973249777167732,0.0017204760287528043
2018-10-26,0.9989655304242495,0.9975579576124268,0.0014075728118226882
2018-10-29,0.9988015348368667,0.9974901446477706,0.0013113901890960955
2018-10-30,0.9988728278082759,0.9975899876694081,0.0012828401388678135
2018-10-31,0.9988728278082759,0.9976166185821164,0.0012562092261595437
2018-11-01,0.9987088322208933,0.9972837956648254,0.00142503655606796
2018-11-02,0.9985173784696885,0.9969249404703774,0.0015924379993110804
2018-11-05,0.9982738373340864,0.9967546532868188,0.0015191840472675855
2018-11-06,0.9982599397952022,0.996898309557669,0.0013616302375332179
2018-11-07,0.99836108129367,0.9970533664819088,0.0013077148117611737
2018-11-08,0.9984803155176796,0.9970533664819088,0.001426949035770786
2018-11-09,0.9984185337568481,0.9970533664819088,0.001365167274939294
2018-11-12,0.9982381970499608,0.9968254325711833,0.001412764478777473
2018-11-13,0.9984046362179637,0.9967381886115998,0.0016664476063639189
2018-11-14,0.9984537839096435,0.9967109040985361,0.001742879811107323
2018-11-15,0.9984537839096435,0.9967381886115998,0.0017155952980436595
2018-11-16,0.9984537839096435,0.9966836113662136,0.0017701725434298154
2018-11-19,0.9984537839096435,0.9964042036555588,0.0020495802540846375
2018-11-20,0.9982992995328385,0.9961547853505526,0.002144514182285895
2018-11-21,0.9984046362179637,0.9964448833620607,0.0019597528559029964
2018-11-23,0.9984537839096435,0.9964042036555588,0.0020495802540846375
2018-11-26,0.9985034809308041,0.9963762326502387,0.0021272482805654302
2018-11-27,0.998610081085662,0.9963360431800246,0.002274037905637405
2018-11-28,0.9987016918152293,0.9963762326502386,0.0023254591649907175
2018-11-29,0.9987265372229133,0.9966836113662136,0.002042925856699629
2018-11-30,0.9986475605624976,0.9966836113662136,0.001963949196283954
2018-12-03,0.9986475605624976,0.9966836113662136,0.001963949196283954
2018-12-04,0.9987528972476228,0.9967381886115998,0.0020147086360230437
2018-12-06,0.9987528972476228,0.9967109040985361,0.002041993149086707
2018-12-07,0.9985464190640299,0.99665632685315,0.001890092210879879
2018-12-10,0.9984410823789045,0.9966836113662136,0.0017574710126908588
2018-12-11,0.9986600526698081,0.9966017249351214,0.002058327734686616
2018-12-12,0.9988515064210127,0.9966017249351214,0.002249781485891278
2018-12-13,0.9988515064210127,0.996492504601014,0.0023590018199987073
2018-12-14,0.9987461697358876,0.9962268228459171,0.002519346889970464
2018-12-17,0.998851506421013,0.9960037202578793,0.0028477861631336365
2018-12-18,0.9989568431061382,0.9959899943023215,0.002966848803816702
2018-12-19,0.9987653893549333,0.9958066271210644,0.002958762233868928
2018-12-20,0.9986600526698081,0.9954492766822364,0.00321077598757169
2018-12-21,0.9987653893549333,0.9951242040554514,0.003641185299481875
2018-12-24,0.9986475605624976,0.9946708248416161,0.00397673572088153
2018-12-26,0.9986475605624977,0.9944960674578657,0.004151493104632031
2018-12-27,0.998529731770062,0.99434485116518,0.00418488060488198
2018-12-28,0.998529731770062,0.9939850201557686,0.004544711614293373
2018-12-31,0.9985297317700618,0.9940929144823651,0.004436817287696626
2019-01-02,0.9984104975460523,0.9940402756741523,0.004370221871899949
2019-01-03,0.9981915272551488,0.993778139085347,0.004413388169801857
2019-01-04,0.9981915272551488,0.9940929144823651,0.004098612772783672
2019-01-07,0.9981791739547753,0.9939850201557684,0.0041941537990068944
2019-01-08,0.9981915272551488,0.9939268740950092,0.004264653160139575
2019-01-09,0.9981915272551488,0.9939850201557684,0.004206507099380419
2019-01-10,0.9981791739547753,0.9938496352621874,0.004329538692587898
2019-01-11,0.9981791739547753,0.9938496352621874,0.004329538692587898
2019-01-14,0.9980088033123209,0.9934796043467853,0.004529198965535608
2019-01-15,0.9980228767787569,0.993352807574204,0.004670069204552929
2019-01-16,0.9982418470696605,0.9932178800475934,0.0050239670220670885
2019-01-17,0.9984333008208653,0.9931589634597627,0.00527433736110261
2019-01-18,0.9986099304773998,0.9933629990651659,0.005246931412233868
2019-01-22,0.9987165306322575,0.9935568431796069,0.005159687452650608
2019-01-23,0.998583222941812,0.993612098697991,0.004971124243820957
2019-01-24,0.9987198102050375,0.9933560401831161,0.005363770021921455
2019-01-25,0.9989044347528087,0.9932276141715847,0.005676820581223985
2019-01-28,0.999009771437934,0.9936708155801343,0.005338955857799754
2019-01-29,0.9989044347528087,0.9940165731231099,0.0048878616296987865
2019-01-30,0.9988901808474917,0.9941660314831269,0.004724149364364827
2019-01-31,0.9988901808474917,0.9938973388991004,0.0049928419483913355
2019-02-01,0.9988901808474919,0.9933860097630752,0.005504171084416698
2019-02-04,0.9988901808474917,0.9932040879607237,0.005686092886768024
2019-02-05,0.9987963599873312,0.9929851176698201,0.005811242317511067
2019-02-06,0.9987592970353223,0.9926291602208539,0.00613013681446839
2019-02-07,0.998576841653197,0.9920645795322632,0.006512262120933809
2019-02-08,0.9985768416531968,0.9917946405167071,0.006782201136489752
2019-02-11,0.9986989898851106,0.9921417286181973,0.006557261266913361
2019-02-12,0.9988814452672357,0.9923261712143797,0.006555274052855942
2019-02-13,0.9990377424432542,0.9923261712143797,0.006711571228874447
2019-02-14,0.998853117895483,0.9919217630977718,0.006931354797711231
2019-02-15,0.9988814452672357,0.991751475914213,0.00712996935302268
2019-02-19,0.9988942245619328,0.9915769831798283,0.0073172413821044335
2019-02-20,0.998773550940639,0.9914212335202748,0.0073523174203642405
2019-02-21,0.998773550940639,0.9914212335202748,0.0073523174203642405
2019-02-22,0.9988106138926479,0.9912975741548555,0.007513039737792382
2019-02-25,0.9986756863660373,0.9909381327529918,0.007737553613045511
2019-02-26,0.9984910618182661,0.9906962049529677,0.00779485686529835
2019-02-27,0.9985053157235831,0.9911249787877499,0.007380336935833287
2019-02-28,0.9983577541278207,0.991308345969007,0.007049408158813719
2019-03-01,0.998505315723583,0.9911249787877499,0.007380336935833176
2019-03-04,0.9986386234140285,0.9911846866035878,0.007453936810440709
2019-03-05,0.9986259893448766,0.9913591793379725,0.007266810006904101
2019-03-06,0.9987822865208951,0.9914036568944913,0.007378629626403788
2019-03-07,0.9986222328178224,0.990785182800025,0.007837050017797331
2019-03-08,0.9986222328178224,0.9904415230990046,0.008180709718817791
2019-03-11,0.9986222328178224,0.9904415230990047,0.00818070971881768
2019-03-12,0.9984728662598998,0.9902225528081012,0.008250313451798608
2019-03-13,0.9983287866282062,0.9906513266428835,0.007677459985322765
2019-03-14,0.9982860202251416,0.9908323914626278,0.007453628762513764
2019-03-15,0.9982363232039809,0.9909924451657005,0.007243878038280416
2019-03-18,0.9984353867830641,0.9908323914626278,0.00760299532043629
2019-03-19,0.9984353867830641,0.9903591400713266,0.008076246711737456
2019-03-20,0.9984231692387393,0.9903591400713265,0.008064029167412778
2019-03-21,0.998394101177967,0.9903591400713265,0.008034961106640481
2019-03-22,0.99835187626733,0.9905781103622303,0.0077737659050997054
2019-03-25,0.9982773152118016,0.9905781103622303,0.007699204849571317
2019-03-26,0.9984740244992436,0.9909471834270992,0.007526841072144408
2019-03-27,0.9984180736330486,0.991100295916649,0.007317777716399521
2019-03-28,0.9985563620279283,0.9912352234432596,0.007321138584668652
2019-03-29,0.9984180736330486,0.9914393627342558,0.0069787108987927615
2019-04-01,0.9985030925600157,0.9915825049772305,0.0069205875827851315
2019-04-02,0.9986071953968935,0.991611958101361,0.006995237295532419
2019-04-03,0.9986071953968935,0.9914393627342558,0.007167832662637652
2019-04-04,0.9987164157310009,0.9912605430522027,0.007455872678798214
2019-04-05,0.9986730937649121,0.9912605430522027,0.007412550712709409
2019-04-08,0.9986997246776204,0.9914393627342556,0.007260361943364768
2019-04-09,0.9987242955223188,0.9910007500617009,0.007723545460617931
2019-04-10,0.9987676174884076,0.9908476375721509,0.007919979916256703
2019-04-11,0.9987409865756993,0.9911368836867833,0.007604102888915998
2019-04-12,0.9987409865756993,0.99142907025834,0.007311916317359279
2019-04-15,0.9986714771519986,0.9915951106456962,0.0070763665063023895
2019-04-16,0.9985829929406365,0.9917444772036186,0.006838515737017881
2019-04-17,0.9986847128712688,0.9917591062330787,0.006925606638190085
2019-04-18,0.9984856492921858,0.9914328187101694,0.007052830582016334
2019-04-22,0.9984724135729155,0.9912688231227866,0.007203590450128861
2019-04-23,0.9986714771519988,0.9912688231227866,0.007402654029212141
2019-04-24,0.9986714771519988,0.9914328187101694,0.00723865844182936
2019-04-25,0.9986714771519988,0.9918516658580891,0.006819811293909628
2019-04-26,0.9988315308550716,0.9920413661177732,0.006790164737298432
2019-04-29,0.9988698721167264,0.9918773705303904,0.00699250158633602
2019-04-30,0.998722310520964,0.9915951106456962,0.007127199875267887
2019-05-01,0.9986714771519986,0.9913157033688363,0.007355773783162212
2019-05-02,0.9988315308550714,0.9917444772036186,0.00708705365145279
2019-05-03,0.9988459698863833,0.9919170725707241,0.006928897315659155
2019-05-06,0.9987486262379325,0.9917591062330787,0.006989520004853755
2019-05-07,0.9986714771519986,0.9913157033688363,0.007355773783162212
2019-05-08,0.9986714771519988,0.991607889940393,0.007063587211605826
2019-05-09,0.9986714771519988,0.9915951106456962,0.0070763665063026115
2019-05-10,0.9987554256070114,0.99142907025834,0.007326355348671321
2019-05-13,0.9988459698863834,0.9914438943530104,0.00740207553337302
2019-05-14,0.9988459698863834,0.9911048275354041,0.007741142350979335
2019-05-15,0.9988459698863833,0.9911048275354041,0.007741142350979224
2019-05-16,0.9988089069343746,0.9913616740562494,0.0074472328781252095
2019-05-17,0.9987115632859238,0.9915383037127838,0.007173259573139967
2019-05-20,0.9985004149671697,0.9909123841270693,0.0075880308401004015
2019-05-21,0.9985004149671697,0.9908997500579173,0.007600664909252375
2019-05-22,0.9985004149671697,0.9911692306479147,0.007331184319254946
2019-05-23,0.9985004149671697,0.9907209303758644,0.007779484591305286
2019-05-24,0.9987115632859238,0.9903217172537337,0.008389846032190063
2019-05-28,0.9986852475689554,0.9901450875971992,0.008540159971756167
2019-05-29,0.9986852475689553,0.9905933878692496,0.008091859699705717
2019-05-30,0.9988698721167264,0.990788655132865,0.008081216983861439
2019-05-31,0.9987578994388154,0.9905785637745792,0.008179335664236231
2019-06-03,0.9988528658676059,0.990770017525784,0.008082848341821935
2019-06-04,0.9990168614549887,0.991403568942567,0.00761329251242171
2019-06-05,0.9990931281220258,0.9916402921675236,0.0074528359545021905
2019-06-06,0.9989291325346432,0.9914160610498775,0.007513071484765765
2019-06-07,0.9988569130074478,0.991403568942567,0.007453344064880851
2019-06-10,0.9989969454992994,0.9918022927945978,0.007194652704701654
2019-06-11,0.9990226526918027,0.9918022927945978,0.007220359897204931
2019-06-12,0.9990226526918027,0.9915780616769516,0.007444591014851065
2019-06-13,0.9991609410866822,0.991403568942567,0.007757372144115204
2019-06-14,0.9992117744556475,0.9916402921675236,0.007571482288123876
2019-06-17,0.9991346253697136,0.9918294139313684,0.007305211438345283
2019-06-18,0.9991773917727783,0.9918294139313685,0.007347977841409836
2019-06-19,0.9992037074897469,0.9916402921675236,0.007563415322223266
2019-06-20,0.9992037074897469,0.9916402921675236,0.007563415322223266
2019-06-21,0.9990800481243275,0.9914302008092376,0.007649847315089886
2019-06-24,0.9989160525369448,0.9907888239506645,0.008127228586280344
2019-06-25,0.9989969454992994,0.9905544856560122,0.008442459843287176
2019-06-26,0.999160941086682,0.9907888239506647,0.008372117136017265
2019-06-27,0.9992037074897469,0.9912059696915915,0.00799773779815538
2019-06-28,0.9992037074897469,0.9914160610498772,0.007787646439869622
2019-07-01,0.999228833666209,0.991608504458212,0.007620329207996934
2019-07-02,0.9990668330391348,0.9914160610498775,0.007650771989257343
2019-07-03,0.9991346460037909,0.9912269392860324,0.007907706717758423
2019-07-05,0.9992966466308653,0.9916402921675236,0.007656354463341675
2019-07-08,0.9992288336662091,0.9914160610498775,0.00781277261633162
2019-07-09,0.999151684580275,0.991403568942567,0.007748115637708053
2019-07-10,0.9993117382833479,0.9920093652323928,0.007302373050955047
2019-07-11,0.9992025179492405,0.992021857339703,0.007180660609537481
2019-07-12,0.9992437000011885,0.9920093652323926,0.007234334768795869
2019-07-15,0.9992564792958855,0.9919799121082621,0.007276567187623373
2019-07-16,0.9992564792958855,0.9915811882562313,0.007675291039654142
2019-07-17,0.9992564792958855,0.9911278796706756,0.008128599625209842
2019-07-18,0.9992564792958855,0.9907339611981224,0.008522518097763054
2019-07-19,0.9992564792958856,0.990557331541588,0.008699147754297587
2019-07-22,0.9992185738247262,0.9910106401271438,0.008207933697582437
2019-07-23,0.999378627527799,0.9916164364169694,0.007762191110829653
2019-07-24,0.999378627527799,0.9916287897173429,0.007749837810456128
2019-07-25,0.999378627527799,0.9914045585996968,0.007974068928102263
2019-07-26,0.999378627527799,0.9916164364169694,0.007762191110829653
2019-07-29,0.9993091181040985,0.991830467628625,0.0074786504754734695
2019-07-30,0.9992524541621493,0.9916287897173429,0.007623664444806333
2019-07-31,0.9991404814842383,0.9910229934275172,0.008117488056721078
2019-08-01,0.9991404814842383,0.9912269392860324,0.007913542198205836
2019-08-02,0.9991404814842383,0.9918327355758583,0.0073077459083800145
2019-08-05,0.9989744410968823,0.992021857339703,0.00695258375717922
2019-08-06,0.9990013948478262,0.9920093652323928,0.006992029615433437
2019-08-07,0.9990406384626008,0.9922358885513588,0.006804749911242025
2019-08-08,0.9990803493730076,0.9920195893924699,0.007060759980537679
2019-08-09,0.999041562182806,0.9920195893924699,0.007021972790336117
2019-08-12,0.998951017903434,0.9918179114811879,0.007133106422246072
2019-08-13,0.998951017903434,0.9914239930086348,0.0075270248947991725
2019-08-14,0.998951017903434,0.9914239930086348,0.0075270248947991725
2019-08-15,0.998951017903434,0.9914239930086348,0.0075270248947991725
2019-08-16,0.9991298375854869,0.9916164364169696,0.007513401168517286
2019-08-19,0.9991937509521507,0.9913974661260659,0.007796284826084743
2019-08-20,0.9990537184602992,0.9907916698362402,0.008262048624058993
2019-08-21,0.9988347481693957,0.9906114270050131,0.008223321164382513
2019-08-22,0.9988476760672022,0.9903951278461243,0.008452548221077882
2019-08-23,0.9988985094361673,0.9899418192605686,0.008956690175598747
2019-08-26,0.998754853165317,0.9895001026749429,0.009254750490374053
2019-08-27,0.9987419252675107,0.9895001026749431,0.009241822592567561
2019-08-28,0.9987682409844792,0.9895001026749431,0.0092681383095361
2019-08-29,0.9989252924487678,0.9895001026749431,0.009425189773824671
2019-08-30,0.9987419252675108,0.9892686761702507,0.009473249097260106
2019-09-03,0.998754853165317,0.9888203758982006,0.009934477267116382
2019-09-04,0.9987811688822856,0.9890280747273663,0.009753094154919317
2019-09-05,0.9990028773251977,0.9895001026749431,0.009502774650254509
2019-09-06,0.9989899494273912,0.9897164018338318,0.009273547593559361
2019-09-09,0.9989899494273914,0.9897164018338318,0.009273547593559583
2019-09-10,0.9988065822461343,0.9899599429694337,0.008846639276700596
2019-09-11,0.9988196622438326,0.9903770887103609,0.008442573533471665
2019-09-12,0.998780875053631,0.9906114270050131,0.008169448048617856
2019-09-13,0.9987162180750075,0.9906114270050129,0.008104791069994621
2019-09-16,0.9988865052585663,0.9903894420107342,0.00849706324783206
2019-09-17,0.9986647968156542,0.9903770887103609,0.008287708105293334
2019-09-18,0.9987294537942777,0.9906114270050131,0.008118026789264543
2019-09-19,0.9987294537942778,0.9906114270050131,0.008118026789264654
2019-09-20,0.9988997409778364,0.9906114270050129,0.00828831397282348
2019-09-23,0.999041562182806,0.9908277261639018,0.008213836018904241
2019-09-24,0.9989769052041825,0.9910168479277467,0.007960057276435784
2019-09-25,0.999041562182806,0.9908005487688579,0.008241013413948117
2019-09-26,0.9988997409778364,0.9903834030279309,0.008516337949905473
2019-09-27,0.9988997409778364,0.9901490647332787,0.00875067624455772
2019-09-30,0.999041562182806,0.9899055235976768,0.009136038585129236
2019-10-01,0.9989769052041827,0.9896446439688541,0.009332261235328598
2019-10-02,0.9989644130968722,0.9892257968209343,0.009738616275937972
2019-10-03,0.9990778146760155,0.9894334956501,0.00964431902591556
2019-10-04,0.9991763921604881,0.9899055235976768,0.00927086856281134
2019-10-07,0.9991117351818647,0.9899055235976768,0.009206211584187884
2019-10-08,0.9991117351818647,0.9899055235976768,0.009206211584187884
2019-10-09,0.9991117351818647,0.9899055235976767,0.009206211584187995
2019-10-10,0.9991117351818647,0.9899055235976767,0.009206211584187995
2019-10-11,0.9992022794612367,0.9901032063079597,0.00909907315327707
2019-10-14,0.999013157697392,0.9900434984921219,0.008969659205270042
2019-10-15,0.9988092118388767,0.989842326679137,0.008966885159739757
2019-10-16,0.9988863609248104,0.989842326679137,0.00904403424567346
2019-10-17,0.9988863609248104,0.989842326679137,0.00904403424567346
2019-10-18,0.9988863609248104,0.989842326679137,0.00904403424567346
2019-10-21,0.9988863609248104,0.989842326679137,0.00904403424567346
2019-10-22,0.9989377821841637,0.9896678339447522,0.009269948239411518
2019-10-23,0.999028326463536,0.9896678339447522,0.009360492518783792
2019-10-24,0.999041562182806,0.9894663588805337,0.00957520330227235
2019-10-25,0.999041562182806,0.9891835479547441,0.009858014228061984
2019-10-28,0.999041562182806,0.9891835479547441,0.009858014228061984
2019-10-29,0.999041562182806,0.9891835479547441,0.009858014228061984
2019-10-30,0.9990149312700976,0.9891835479547441,0.009831383315353492
2019-10-31,0.9989886155531291,0.9889187669281609,0.01006984862496818
2019-11-01,0.9990666677251908,0.9886692071810046,0.010397460544186221
2019-11-04,0.9991186906346626,0.9887050743196177,0.010413616315044893
2019-11-05,0.9990660518264498,0.9884953068696639,0.010570744956785894
2019-11-06,0.9990532725317528,0.9889638457145388,0.010089426817214031
2019-11-07,0.9990532725317528,0.9894663588805339,0.009586913651218887
2019-11-08,0.9990532725317526,0.98923784217732,0.009815430354432553
2019-11-11,0.9990406384626008,0.9887693033324454,0.010271335130155435
2019-11-12,0.9988467943481596,0.98854960109224,0.010297193255919601
2019-11-13,0.9988467943481596,0.9882939752169673,0.010552819131192326
2019-11-14,0.9988467943481598,0.988747283802523,0.010099510545636847
2019-11-15,0.9989616618021853,0.9892378421773201,0.009723819624865127
2019-11-18,0.9989224181874107,0.989493468052593,0.009428950134817704
2019-11-19,0.9989224181874107,0.9890401594670372,0.009882258720373516
2019-11-20,0.9987285740729692,0.9883419022630742,0.010386671809895054
2019-11-21,0.998703447896507,0.9883419022630742,0.010361545633432834
2019-11-22,0.9989224181874107,0.9885768347625987,0.010345583424811955
2019-11-25,0.9990884585747667,0.9890367779705045,0.010051680604262203
2019-11-26,0.9990085352534901,0.9890367779705045,0.009971757282985605
2019-11-27,0.998917990974118,0.9892803191061064,0.009637671868011677
2019-11-29,0.998917990974118,0.9892803191061064,0.009637671868011677
2019-12-02,0.998917990974118,0.9888070677148053,0.010110923259312732
2019-12-03,0.9989179909741182,0.9888070677148053,0.010110923259312843
2019-12-04,0.9990819865615007,0.9889900129055098,0.010091973655990905
2019-12-05,0.9991725308408729,0.9889777953611849,0.010194735479687966
2019-12-06,0.9991012378694636,0.9885482963198844,0.010552941549579198
2019-12-09,0.999035819766554,0.9883471245068994,0.010688695259654546
2019-12-10,0.9989979142953948,0.9885906656425013,0.010407248652893442
2019-12-11,0.9991870360592395,0.9892803191061066,0.009906716953132944
2019-12-12,0.9991870360592395,0.9899418192605686,0.009245216798670963
2019-12-13,0.9991870360592395,0.9903951278461243,0.008791908213115263
2019-12-16,0.9990692072668038,0.9906114270050129,0.008457780261790893
2019-12-17,0.9991395971643107,0.9906114270050129,0.008528170159297743
2019-12-18,0.9991012559026554,0.9906114270050129,0.008489828897642493
2019-12-19,0.9991520892716211,0.990395127846124,0.00875696142549709
2019-12-20,0.9990155020083955,0.9903951278461243,0.008620374162271238
2019-12-23,0.9990281360775475,0.9906114270050129,0.008416709072534556
2019-12-24,0.9991334727626727,0.9906114270050129,0.008522045757659802
2019-12-26,0.9990281360775475,0.9906114270050129,0.008416709072534556
2019-12-27,0.998922799392422,0.9901819279637124,0.008740871428709607
2019-12-30,0.9990281360775473,0.989743643810545,0.009284492267002231
2019-12-31,0.9990848000194963,0.989743643810545,0.009341156208951262
2020-01-02,0.9990848000194963,0.9901731428518453,0.008911657167650966
2020-01-03,0.9990848000194963,0.9906114270050128,0.008473373014483476
2020-01-06,0.998922799392422,0.9908277261639017,0.008095073228520322
2020-01-07,0.9989103072851117,0.9906114270050129,0.00829888028009873
2020-01-08,0.9990281360775475,0.9908233048222858,0.008204831255261724
2020-01-09,0.9991334727626727,0.9914365491560719,0.007696923606600792
2020-01-10,0.9990281360775475,0.9916528483149607,0.00737528776258678
2020-01-13,0.9990281360775475,0.9916528483149607,0.00737528776258678
2020-01-14,0.9991334727626727,0.9918442318739914,0.007289240888681325
2020-01-15,0.9990281360775473,0.9920457069382099,0.006982429139337332
2020-01-16,0.9990848000194963,0.992439625410763,0.006645174608733262
2020-01-17,0.9989655657954867,0.9922381503465445,0.006727415448942176
2020-01-21,0.9988463315714772,0.9916528483149608,0.007193483256516364
2020-01-22,0.9989655657954867,0.9916380242202905,0.007327541575196217
2020-01-23,0.9991004933220973,0.9922233262518744,0.0068771670702229
2020-01-24,0.9989687669907773,0.9922381503465445,0.006730616644232801
2020-01-27,0.9988229671930214,0.9916528483149607,0.007170118878060738
2020-01-28,0.9989308615196182,0.9914365491560718,0.007494312363546363
2020-01-29,0.9990258279484087,0.9916157151707778,0.007410112777630817
2020-01-30,0.9990258279484087,0.9918171902349964,0.007208637713412291
2020-01-31,0.9988676748502792,0.9920457069382099,0.006821967912069238
2020-02-03,0.9990117544819727,0.9922266999333015,0.006785054548671177
2020-02-04,0.9990936409130649,0.9927911228099245,0.006302518103140309
2020-02-05,0.9990936409130649,0.9927789052655996,0.006314735647465208
2020-02-06,0.9989354878149354,0.9926206184058547,0.006314869409080659
2020-02-07,0.9989354878149356,0.9926206184058547,0.006314869409080881
2020-02-10,0.9989354878149354,0.9926206184058547,0.006314869409080659
2020-02-11,0.9988932629042984,0.9926206184058546,0.00627264449844378
2020-02-12,0.9989761675214373,0.9929779688446827,0.005998198676754551
2020-02-13,0.9989075168096151,0.9929925978741428,0.0059149189354722465
2020-02-14,0.9988113764732062,0.993179443908901,0.005631932564305164
2020-02-18,0.9988113764732062,0.9935262058623582,0.005285170610847989
2020-02-19,0.9988932629042984,0.9936754314802038,0.005217831424094599
2020-02-20,0.9989973657411764,0.9936609924488919,0.005336373292284424
2020-02-21,0.9987983021620931,0.9931178483584931,0.005680453803599939
2020-02-24,0.9987164157310009,0.9925463660172902,0.006170049713710712
2020-02-25,0.9985781273361214,0.9927208587516746,0.005857268584446795
2020-02-26,0.9986730937649119,0.9932923410928779,0.005380752672033973
2020-02-27,0.998572524813879,0.993263648156249,0.005308876657630024
2020-02-28,0.9984267250161231,0.9932923410928777,0.005134383923245389
2020-03-02,0.9984267250161232,0.993686259565431,0.004740465450692177
2020-03-03,0.9981741687820405,0.9934504941910072,0.004723674591033289
2020-03-04,0.9983199685797967,0.993464748096324,0.004855220483472644
2020-03-05,0.9983199685797963,0.9937721268122991,0.004547841767497229
2020-03-06,0.9982428194938626,0.993917926610055,0.004324892883807663
2020-03-09,0.9980365817127951,0.9936504398192443,0.004386141893550799
2020-03-10,0.9979634112196474,0.9935187134879243,0.0044446977317230685
2020-03-11,0.9980918372311789,0.993669498312716,0.004422338918462887
2020-03-12,0.9980918372311789,0.9933729136901683,0.004718923541010556
2020-03-13,0.9982235635624988,0.992943414648868,0.005280148913630711
2020-03-16,0.9980473196403226,0.9926397686169803,0.0054075510233422275
2020-03-17,0.998119460725621,0.9926538420834163,0.005465618642204628
2020-03-18,0.9983234065841361,0.9924956889852868,0.005827717598849258
2020-03-19,0.9982055777917005,0.9926538420834163,0.005551735708284156
2020-03-20,0.998455137538857,0.9927922736078345,0.005662863931022444
2020-03-23,0.998455137538857,0.9927922736078345,0.005662863931022444
2020-03-24,0.998455137538857,0.9927922736078345,0.005662863931022444
2020-03-25,0.9984551375388573,0.9927922736078345,0.005662863931022777
2020-03-26,0.9984551375388571,0.9927922736078345,0.005662863931022555
2020-03-27,0.9982629732242255,0.9924700971487266,0.005792876075498943
2020-03-30,0.9983110579071635,0.9924700971487267,0.005840960758436764
2020-03-31,0.9983538243102281,0.9923137999727083,0.006040024337519823
2020-04-01,0.9982698758552155,0.9921875859926149,0.0060822898626006205
2020-04-02,0.9983110579071635,0.9923137999727083,0.005997257934455158
2020-04-03,0.9983814478046703,0.9924291140315544,0.005952333773115881
2020-04-06,0.9985116298974797,0.9922466586494291,0.006264971248050588
2020-04-07,0.9985258838027966,0.991737255742544,0.0067886280602525995
2020-04-08,0.9983534767993503,0.991737255742544,0.00661622105680626
2020-04-09,0.9985116298974797,0.9915428455692208,0.00696878432825887
2020-04-13,0.9985116298974797,0.9914515710412436,0.007060058856236062
2020-04-14,0.9983814478046703,0.9912429069626035,0.007138540842066776
2020-04-15,0.9981465170869741,0.9908967899681026,0.007249727118871507
2020-04-16,0.9980041174498401,0.9909110438734196,0.007093073576420528
2020-04-17,0.9980041174498401,0.9915428455692208,0.00646127188061929
2020-04-20,0.9979565472092398,0.9918175224257524,0.006139024783487379
2020-04-21,0.9979565472092398,0.991737255742544,0.006219291466695753
2020-04-22,0.9978852542378305,0.9915428455692208,0.006342408668609689
2020-04-23,0.9980293338695242,0.9915428455692208,0.006486488300303406
2020-04-24,0.998086729302049,0.9911967285747199,0.006890000727329149
2020-04-27,0.9982629732242255,0.9915285916639038,0.0067343815603216894
2020-04-28,0.9983057396272901,0.9918175224257524,0.006488217201537694
2020-04-29,0.9983057396272903,0.9918175224257524,0.006488217201537916
2020-04-30,0.998059105807607,0.9920119325990756,0.006047173208531431
2020-05-01,0.998059105807607,0.991737255742544,0.006321850065063028
2020-05-04,0.998059105807607,0.9911967285747199,0.006862377232887185
2020-05-05,0.998001710375082,0.9917253009513459,0.006276409423736085
2020-05-06,0.9979179880995415,0.9919859043414416,0.005932083758099838
2020-05-07,0.9980922546544541,0.9919859043414416,0.006106350313012432
2020-05-08,0.9981975913395794,0.9924832225086558,0.005714368830923577
2020-05-11,0.9981975913395794,0.9927188104329993,0.005478780906580161
2020-05-12,0.9981975913395794,0.9927188104329993,0.005478780906580161
2020-05-13,0.9983041914944372,0.992971139129703,0.005333052364734137
2020-05-14,0.9982635117879354,0.9934736522956984,0.004789859492236981
2020-05-15,0.9981773947218557,0.9934736522956984,0.004703742426157342
2020-05-18,0.9981497712274138,0.9935202259879474,0.004629545239466348
2020-05-19,0.9979888998659393,0.9936729392003925,0.004315960665546847
2020-05-20,0.998097748317942,0.9937005626948346,0.004397185623107314
2020-05-21,0.998276567999995,0.9935442655188162,0.0047323024811787295
2020-05-22,0.9980977483179422,0.9937005626948346,0.004397185623107536
2020-05-26,0.998042492799558,0.9942196573335825,0.003822835465975505
2020-05-27,0.9980863849550007,0.994708944159808,0.0033774407951926433
2020-05-28,0.9981558943787013,0.9948497025810553,0.0033061917976460187
2020-05-29,0.9982405275713101,0.9949798846738647,0.0032606428974454316
2020-06-01,0.9983051845499338,0.9948497025810553,0.00345548196887846
2020-06-02,0.9983051845499338,0.9948254002970595,0.0034797842528743184
2020-06-03,0.998429535899909,0.995285051402502,0.0031444844974070074
2020-06-04,0.9984586039606812,0.9954122512662433,0.0030463526944378705
2020-06-05,0.9983746555056684,0.995285051402502,0.003089604103166388
2020-06-08,0.998524022063591,0.9951409717708083,0.003383050292782741
2020-06-09,0.998524022063591,0.9950928870878702,0.0034311349757207843
2020-06-10,0.998524022063591,0.9950928870878702,0.0034311349757207843
2020-06-11,0.998524022063591,0.9950928870878705,0.0034311349757205623
2020-06-12,0.998524022063591,0.9950928870878702,0.0034311349757207843
2020-06-15,0.998524022063591,0.9950928870878702,0.0034311349757207843
2020-06-16,0.9984586039606812,0.9951047146956146,0.003353889265066634
2020-06-17,0.9984586039606812,0.995243869350554,0.0032147346101272234
2020-06-18,0.9983669932311137,0.9954242060574413,0.0029427871736723565
2020-06-19,0.9985900963410658,0.9954242060574413,0.003165890283624462
2020-06-22,0.9986817070706332,0.9954242060574413,0.003257501013191888
2020-06-23,0.9988784163580753,0.9953213084776956,0.003557107880379662
2020-06-24,0.9989343672242701,0.9953093536864976,0.003625013537772448
2020-06-25,0.9988784163580753,0.995285051402502,0.003593364955573275
2020-06-26,0.9990133438846857,0.9953093536864976,0.003703990198188012
2020-06-29,0.9989438344609851,0.995285051402502,0.003658783058483106
2020-06-30,0.9990133438846857,0.9955348902433616,0.003478453641324042
2020-07-01,0.9989990899793688,0.9955348902433616,0.0034641997360072008
2020-07-02,0.9989201133189533,0.9955111078444192,0.0034090054745340437
2020-07-06,0.9987964539535339,0.9954744522600498,0.003322001693484067
2020-07-07,0.9986139985714089,0.9956016521237914,0.0030123464476174977
2020-07-08,0.9984664369756464,0.9956428341757392,0.002823602799907232
2020-07-09,0.9982433338656945,0.9957032721590507,0.0025400617066437814
2020-07-10,0.9982433338656945,0.9957032721590507,0.0025400617066437814
2020-07-13,0.9982433338656945,0.9957938164384229,0.002449517427271619
2020-07-14,0.9980542121018497,0.9958057712296209,0.002248440872228863
2020-07-15,0.9979742887805731,0.99584242681399,0.002131861966583104
2020-07-16,0.9977247290334166,0.9957938164384229,0.0019309125949936723
2020-07-17,0.9975806494017231,0.9959602556064256,0.0016203937952974368
2020-07-20,0.9978302091488795,0.9962066198080587,0.0016235893408208524
2020-07-21,0.9979742887805731,0.9959195758999241,0.0020547128806490678
2020-07-22,0.998197391890525,0.9956558395201801,0.002541552370344924
2020-07-23,0.9980533122588314,0.9953205397647131,0.0027327724941182963
2020-07-24,0.997966796412105,0.9953607292349271,0.0026060671771778177
2020-07-27,0.9981471331189923,0.9957965979414273,0.002350535177565005
2020-07-28,0.9983195401224386,0.995756408471213,0.0025631316512255697
2020-07-29,0.9983865355459088,0.9953205397647131,0.0030659957811957073
2020-07-30,0.9983865355459088,0.9953205397647131,0.0030659957811957073
2020-07-31,0.9985756573097537,0.9954612981859602,0.003114359123793542
2020-08-03,0.9987164157310009,0.9954612981859602,0.003255117545040709
2020-08-04,0.9988497234214464,0.9954612981859602,0.0033884252354862143
2020-08-05,0.9987944679030625,0.9955764133100307,0.003218054593031816
2020-08-06,0.9985686905548484,0.9955887666104042,0.0029799239444442405
2020-08-07,0.9985686905548484,0.9955887666104042,0.0029799239444442405
2020-08-10,0.9987511459369737,0.995665915696338,0.0030852302406356724
2020-08-11,0.9987511459369737,0.9956395999793697,0.0031115459576039894
2020-08-12,0.9986730937649119,0.9951857986540734,0.003487295110838451
2020-08-13,0.9986730937649119,0.9951226119847344,0.0035504817801774724
2020-08-14,0.9986730937649119,0.9952364166550377,0.0034366771098741644
2020-08-17,0.9985781273361214,0.9956659156963382,0.0029122116397831688
2020-08-18,0.998337525893237,0.9956410702886542,0.0026964556045827592
2020-08-19,0.998337525893237,0.9956410702886542,0.0026964556045827592
2020-08-20,0.998519981275362,0.9955792885278227,0.0029406927475392752
2020-08-21,0.9983010109844586,0.9959405961787944,0.0023604148056641794
2020-08-24,0.99823481361874,0.9963588169353431,0.0018759966833968855
2020-08-25,0.99823481361874,0.9959526809184651,0.002282132700274886
2020-08-26,0.99823481361874,0.9958521119674322,0.002382701651307828
2020-08-27,0.99823481361874,0.9958388762481619,0.002395937370578083
2020-08-28,0.9982845106399005,0.9958521119674322,0.002432398672468361
2020-08-31,0.9981421110027664,0.9958388762481619,0.0023032347546044774
2020-09-01,0.9982845106399004,0.9958148367172931,0.0024696739226073294
2020-09-02,0.9982970027472109,0.9961455685205073,0.002151434226703608
2020-09-03,0.9982970027472109,0.9961324885228089,0.0021645142244020033
2020-09-04,0.9982970027472111,0.9962582479843101,0.0020387547629010516
2020-09-08,0.9984162369712205,0.9958521119674322,0.002564125003788331
2020-09-09,0.9983886134767783,0.9954042884697342,0.002984325007044153
2020-09-10,0.9982861392578759,0.9953167995163996,0.0029693397414762845
2020-09-11,0.9982861392578759,0.9954293232586304,0.0028568159992454767
2020-09-14,0.998286139257876,0.9957646230140974,0.00252151624377861
2020-09-15,0.9984163213506851,0.9956388635525961,0.0027774577980890225
2020-09-16,0.9984163213506851,0.9957526682228994,0.0026636531277857145
2020-09-17,0.9982861392578759,0.9958651919651305,0.0024209472927454456
2020-09-18,0.9981820364209981,0.9959405961787944,0.0022414402422037405
2020-09-21,0.9980257392449797,0.9959013525640195,0.0021243866809602663
2020-09-22,0.9978801997274268,0.9958388762481619,0.0020413234792648893
2020-09-23,0.997907823221869,0.995852111967432,0.0020557112544370426
2020-09-24,0.9979200407661937,0.9959526809184651,0.001967359847728556
2020-09-25,0.9979448861738777,0.9963588169353431,0.0015860692385345487
2020-09-28,0.9979448861738777,0.9967475807741101,0.0011973053997675898
2020-09-29,0.9979448861738777,0.9968238474411473,0.001121038732730395
2020-09-30,0.9979448861738777,0.996810767443449,0.0011341187304286793
2020-10-01,0.9979448861738777,0.9967353632297853,0.0012095229440923783
2020-10-02,0.9980750682666868,0.9966961196150106,0.001378948651676204
2020-10-05,0.9981791711035647,0.9966198529479733,0.0015593181555914049
2020-10-06,0.9981543256958811,0.9963328090398387,0.0018215166560424656
2020-10-07,0.9980364969034451,0.9964212932512005,0.0016152036522445457
2020-10-08,0.997783687347633,0.996358816935343,0.0014248704122900024
2020-10-09,0.9977591165029346,0.9963588169353431,0.0014002995675914676
2020-10-12,0.9977466243956243,0.9963588169353431,0.0013878074602812207
2020-10-13,0.9976848426347925,0.9964473011467051,0.0012375414880874125
2020-10-14,0.9976345838632599,0.9964975599182379,0.0011370239450220199
2020-10-15,0.9977091449187884,0.9964975599182379,0.001211585000550519
2020-10-16,0.9973913046430821,0.9968238474411473,0.0005674572019348512
2020-10-19,0.9976848426347926,0.9968107674434491,0.0008740751913435263
2020-10-20,0.9977374814430056,0.9967861965987508,0.0009512848442547739
2020-10-21,0.9977374814430056,0.9967353632297854,0.00100211821322016
2020-10-22,0.9975334458376024,0.9966347942787522,0.0008986515588501609
2020-10-23,0.9975741255441043,0.9966590965627481,0.0009150289813562029
2020-10-26,0.9977374814430056,0.9967353632297854,0.00100211821322016
2020-10-27,0.9977374814430056,0.9967353632297854,0.00100211821322016
2020-10-28,0.9976380376984728,0.9964090757068756,0.0012289619915971661
2020-10-29,0.9975834604530868,0.9963724201225065,0.001211040330580282
2020-10-30,0.9977151867844067,0.9963085067558428,0.0014066800285639225
2020-11-02,0.9976473738197505,0.9961827472943415,0.0014646265254090185
2020-11-03,0.9974170224973788,0.9964697912024764,0.0009472312949024841
2020-11-04,0.9972926711474035,0.9964697912024764,0.0008228799449271351
2020-11-05,0.9973057511451018,0.9960932449080344,0.0012125062370673678
2020-11-06,0.9973057511451018,0.996132488522809,0.0011732626222927811
2020-11-09,0.9970592865896977,0.9961324885228089,0.0009267980668887787
2020-11-10,0.9968773647873462,0.9960798497145962,0.0007975150727500546
2020-11-11,0.9971401795520523,0.996192373456827,0.0009478060952252676
2020-11-12,0.9973057511451018,0.9962298529336628,0.0010758982114389415
2020-11-13,0.9973057511451018,0.9962298529336628,0.0010758982114389415
2020-11-16,0.9972107847163114,0.9962298529336628,0.0009809317826485753
2020-11-17,0.9968413457066434,0.9962298529336628,0.0006114927729805597
2020-11-18,0.9968413457066432,0.9962298529336628,0.0006114927729803377
2020-11-19,0.9968413457066434,0.9962298529336628,0.0006114927729805597
2020-11-20,0.9968413457066432,0.9962298529336628,0.0006114927729803377
2020-11-23,0.9968796869682982,0.9962298529336628,0.0006498340346353659
2020-11-24,0.9969897335247561,0.9965940459277315,0.00039568759702457434
2020-11-25,0.9968667590704922,0.996643193619411,0.00022356545108115355
2020-11-27,0.9967191974747297,0.996681534881066,3.766259366366764e-05
2020-11-30,0.9966229830918789,0.996643193619411,-2.021052753209407e-05
2020-12-01,0.996635910989685,0.9962423450409734,0.0003935659487115384
2020-12-02,0.9968796869682982,0.9962298529336628,0.0006498340346353659
2020-12-03,0.9968796869682982,0.9962564838463712,0.0006232031219269851
2020-12-04,0.9967575387363847,0.9962078734708039,0.0005496652655808676
2020-12-07,0.9966486902843822,0.9962689759536815,0.00037971433070072
2020-12-08,0.996635910989685,0.996320397213035,0.00031551377664995606
2020-12-09,0.9967451313237923,0.9963570527974042,0.0003880785263881137
2020-12-10,0.9968413457066432,0.9963827599899074,0.00045858571673573767
2020-12-11,0.9967451313237925,0.9966564087046038,8.872261918868585e-05
2020-12-14,0.9968413457066432,0.9965399525673525,0.00030139313929067324
2020-12-15,0.9968413457066432,0.9965399525673525,0.00030139313929067324
2020-12-16,0.9965975697280299,0.9965399525673525,5.7617160677425616e-05
2020-12-17,0.9965975697280299,0.9964600292460761,0.00013754048195380175
2020-12-18,0.9965975697280299,0.9963037320700577,0.00029383765797219574
2020-12-21,0.9965975697280299,0.9963037320700577,0.00029383765797219574
2020-12-22,0.9965975697280302,0.9963037320700577,0.0002938376579724178
2020-12-23,0.9964609824648045,0.9966129147003888,-0.00015193223558429558
2020-12-24,0.9963533062896777,0.9967973572965713,-0.00044405100689359767
2020-12-28,0.9961766766331432,0.9970730999590834,-0.0008964233259401988
2020-12-29,0.9957564996005238,0.9969856110057489,-0.0012291114052250807
2020-12-30,0.9954770905755508,0.9968634627738353,-0.0013863721982845245
2020-12-31,0.9956153789704304,0.9971853315429031,-0.0015699525724727215
2021-01-04,0.9957564996005238,0.9970728078006721,-0.001316308200148275
2021-01-05,0.9957948408621788,0.9970103314848145,-0.0012154906226357065
2021-01-06,0.9959264959375889,0.9971228552270455,-0.0011963592894566055
2021-01-07,0.9954897246447026,0.9970353662737109,-0.0015456416290082764
2021-01-08,0.9954897246447026,0.9970353662737109,-0.0015456416290082764
2021-01-11,0.9951551286505229,0.9970353662737108,-0.001880237623187897
2021-01-12,0.9951167873888679,0.9971228552270455,-0.002006067838177583
2021-01-13,0.9949865361496496,0.9973401265517189,-0.0023535904020692833
2021-01-14,0.9950122433421528,0.9972406828071863,-0.0022284394650334827
2021-01-15,0.9948454608122178,0.997119551818922,-0.002274091006704171
2021-01-19,0.9949743378709937,0.99713150661012,-0.002157168739126303
2021-01-20,0.9951634596348384,0.9973487779347934,-0.0021853182999549414
2021-01-21,0.9954597143673634,0.9972230184732921,-0.0017633041059287313
2021-01-22,0.9954337064718589,0.9974054738554173,-0.0019717673835584204
2021-01-25,0.9957259583381514,0.9974174286466151,-0.0016914703084637273
2021-01-26,0.9960437086247792,0.9974174286466151,-0.0013737200218358891
2021-01-27,0.996280207672517,0.9972679702865982,-0.000987762614081178
2021-01-28,0.9964030128625018,0.997142210825097,-0.0007391979625952505
2021-01-29,0.9961182070454426,0.9970876335797109,-0.0009694265342682362
2021-02-01,0.9961574506602174,0.9969366513170272,-0.0007792006568098087
2021-02-02,0.9961574506602172,0.9969366513170272,-0.0007792006568100307
2021-02-03,0.9958438025265458,0.9969366513170272,-0.0010928487904814377
2021-02-04,0.9955774734992712,0.9968813957986433,-0.001303922299372151
2021-02-05,0.9957011328646905,0.9970057471486187,-0.0013046142839281405
2021-02-08,0.9956880528669922,0.9967855983101831,-0.0010975454431908505
2021-02-09,0.9954931446491505,0.9964233398009443,-0.0009301951517938223
2021-02-10,0.9959411461749966,0.9964233398009443,-0.0004821936259477022
2021-02-11,0.9955985504806846,0.9965769342315433,-0.0009783837508586801
2021-02-12,0.995707770814792,0.9969228425314799,-0.0012150717166878877
2021-02-16,0.9958779595056576,0.9967852554622344,-0.0009072959565767924
2021-02-17,0.9962039609397028,0.9967852554622344,-0.000581294522531639
2021-02-18,0.9966077877630201,0.9967852554622344,-0.0001774676992143398
2021-02-19,0.9966586211319854,0.9968727444155693,-0.0002141232835838336
2021-02-22,0.9966586211319854,0.9967100590508984,-5.1437918912933256e-05
2021-02-23,0.9966586211319854,0.9964989107321445,0.00015971039984097324
2021-02-24,0.9966586211319854,0.9967292620545161,-7.064092253061816e-05
2021-02-25,0.996377599498653,0.9967292620545161,-0.0003516625558630526
2021-02-26,0.9963267661296876,0.9968167510078506,-0.0004899848781629856
2021-03-01,0.9965104441145692,0.9971541937562718,-0.0006437496417025512
2021-03-02,0.9964039152156215,0.9970312193020078,-0.0006273040863862267
2021-03-03,0.9965104441145692,0.9972778531216911,-0.0007674090071219108
2021-03-04,0.9964039152156215,0.9972778531216911,-0.0008739379060695995
2021-03-05,0.996377599498653,0.9972778531216911,-0.0009002536230381386
2021-03-08,0.9964615479536657,0.9971030957379408,-0.0006415477842750539
2021-03-09,0.9965682399106182,0.997063384827534,-0.000495144916915824
2021-03-10,0.9965936532744667,0.9971030957379408,-0.0005094424634740635
2021-03-11,0.9968746749077991,0.9972143670902177,-0.0003396921824185828
2021-03-12,0.9971148503944595,0.9971030957379408,1.1754656518703221e-05
2021-03-15,0.9972603899120126,0.997063384827534,0.00019700508447861864
2021-03-16,0.9975897745300515,0.9968167510078506,0.0007730235222008774
2021-03-17,0.9975769952353545,0.996665534715165,0.0009114605201895332
2021-03-18,0.9973639823751024,0.9966063832843229,0.0007575990907794372
2021-03-19,0.9974970719140779,0.9967152317363256,0.000781840177752291
2021-03-22,0.9976192201459915,0.996955407222986,0.0006638129230054357
2021-03-23,0.997706464105575,0.9966063832843229,0.0011000808212520141
2021-03-24,0.9978280918522746,0.9967152317363256,0.0011128601159490215
2021-03-25,0.9979346920071326,0.996955407222986,0.0009792847841465502
2021-03-26,0.9979346920071326,0.996955407222986,0.0009792847841465502
2021-03-29,0.9981007323944885,0.9966063832843229,0.0014943491101655493
2021-03-30,0.9981979996562493,0.9968792273237082,0.0013187723325411849
2021-03-31,0.998318673277543,0.9968167510078509,0.0015019222696920353
2021-04-01,0.9982248524173822,0.9969779498340955,0.0012469025832867464
2021-04-05,0.9982107789509463,0.9972521630332247,0.0009586159177216169
2021-04-06,0.9984603386981029,0.9972521630332247,0.001208175664878186
2021-04-07,0.9984603386981029,0.997100946740539,0.0013593919575639601
2021-04-08,0.9984603386981029,0.997347500591135,0.0011128381069679394
2021-04-09,0.9984603386981029,0.9974486420896028,0.00101169660850009
2021-04-12,0.9985969259613283,0.9973649198140624,0.0012320061472659294
2021-04-13,0.9988055900399685,0.997473768266065,0.0013318217739034521
2021-04-14,0.9987798828474652,0.9973649198140624,0.0014149630334028274
2021-04-15,0.9989343672242702,0.9974486420896028,0.0014857251346673817
2021-04-16,0.9990162536553623,0.9975664708820384,0.00144978277332386
2021-04-19,0.9990301511942464,0.9976377638534476,0.0013923873407988285
2021-04-20,0.9991228538102201,0.997799764480522,0.0013230893296981572
2021-04-21,0.9990162536553623,0.9978843976731309,0.0011318559822314223
2021-04-22,0.9990301511942464,0.9977743511166731,0.0012558000775733102
2021-04-23,0.999068938384448,0.9975553808257697,0.0015135575586783245
2021-04-26,0.999068938384448,0.9975553808257697,0.0015135575586783245
2021-04-27,0.999068938384448,0.9975553808257697,0.0015135575586783245
2021-04-28,0.9990689383844482,0.9975553808257697,0.0015135575586785466
2021-04-29,0.9991488617057248,0.9974921941564306,0.0016566675492941663
2021-04-30,0.9990929108395298,0.9971742713306677,0.0019186395088620634
2021-05-03,0.9991553871553873,0.9973088269751735,0.0018465601802137854
2021-05-04,0.999169113110945,0.9972521630332247,0.001916950077720303
2021-05-05,0.9991691131109451,0.9973024218047574,0.0018666913061877732
2021-05-06,0.9991691131109451,0.9974187935625441,0.0017503195484009915
2021-05-07,0.9991691131109451,0.9975366223549798,0.0016324907559653878
2021-05-10,0.9991691131109451,0.997783256174663,0.001385856936282126
2021-05-11,0.9991820410087513,0.997795890243815,0.0013861507649363114
2021-05-12,0.9990396413716173,0.9976059203660806,0.0014337210055366256
2021-05-13,0.9990267134738112,0.9976059203660806,0.001420793107730578
2021-05-14,0.9991691131109451,0.9978970317422828,0.0012720813686623034
2021-05-17,0.9992093025811591,0.9976503979225994,0.0015589046585597899
2021-05-18,0.9991253541261468,0.9977997644805219,0.0013255896456249028
2021-05-19,0.9992016207931839,0.9976805302565124,0.0015210905366714877
2021-05-20,0.9992855692481964,0.9977099833806431,0.001575585867553353
2021-05-21,0.99940771748011,0.9978038042408038,0.0016039132393061983
2021-05-24,0.9994356884854303,0.9976720779094836,0.0017636105759466503
2021-05-25,0.999319232348179,0.9975883556339432,0.001730876714235774
2021-05-26,0.999319232348179,0.997384409775428,0.001934822572751016
2021-05-27,0.9994494144409881,0.9975998583822883,0.0018495560586998527
2021-05-28,0.9995026839089005,0.9977743511166731,0.0017283327922273939
2021-06-01,0.99940771748011,0.9977154345288424,0.0016922829512676651
2021-06-02,0.999511820316988,0.9976216136686816,0.001890206648306414
2021-06-03,0.999511820316988,0.9973778376900684,0.0021339826269196616
2021-06-04,0.999511820316988,0.9973778376900684,0.0021339826269196616
2021-06-07,0.999511820316988,0.997593286296929,0.0019185340200590373
2021-06-08,0.9996451280074335,0.997418793562544,0.0022263344448895106
2021-06-09,0.9995937067480802,0.9971459495231587,0.0024477572249215207
2021-06-10,0.9995384512296964,0.9971459495231587,0.0023925017065377086
2021-06-11,0.9995638645935451,0.9971459495231587,0.002417915070386356
2021-06-14,0.9995772597869833,0.9973350712870035,0.0022421884999798136
2021-06-15,0.9994943551698444,0.9972753634711657,0.002218991698678674
2021-06-16,0.9994943551698444,0.9973036908429186,0.0021906643269258286
2021-06-17,0.9994943551698444,0.9973163249120705,0.0021780302577739663
2021-06-18,0.999533142360046,0.9973163249120705,0.0022168174479755276
2021-06-21,0.9994943551698444,0.9971687633163082,0.002325591853536202
2021-06-22,0.999546378079316,0.9971259969132434,0.0024203811660725716
2021-06-23,0.9994357987115952,0.9972879975403177,0.0021478011712774414
2021-06-24,0.9992718031242125,0.9970508472931974,0.0022209558310151145
2021-06-25,0.9992197802147408,0.9969033744225103,0.0023164057922304693
2021-06-28,0.9992197802147408,0.996782243434246,0.0024375367804947423
2021-06-29,0.9992330159340109,0.9970117655075426,0.0022212504264683686
2021-06-30,0.9993970115213936,0.9970117655075423,0.002385246013851261
2021-07-01,0.9993970115213936,0.9973650912841782,0.0020319202372154344
2021-07-02,0.9993970115213936,0.9974845931495449,0.0019124183718487453
2021-07-06,0.9993837758021233,0.997387325887784,0.0019964499143393377
2021-07-07,0.9992197802147408,0.9971220242246616,0.0020977559900792198
2021-07-08,0.9992718031242124,0.9969204731566851,0.0023513299675272936
2021-07-09,0.9992718031242125,0.9969204731566851,0.0023513299675274046
2021-07-12,0.9992978110197169,0.9971220242246616,0.0021757867950553678
2021-07-13,0.9992581001093105,0.9971220242246616,0.0021360758846489247
2021-07-14,0.9992978110197169,0.9969496172212151,0.0023481937985018186
2021-07-15,0.9994618066070998,0.9970158145869337,0.0024459920201661545
2021-07-16,0.9994487266094012,0.9970717654531287,0.0023769611562725057
2021-07-19,0.9993960878011884,0.9972299185512582,0.0021661692499301832
2021-07-20,0.9992320922138057,0.9969866393310804,0.002245452882725263
2021-07-21,0.9990920597219544,0.9969866393310804,0.0021054203908739133
2021-07-22,0.9990663525294511,0.9969866393310801,0.0020797131983709694
2021-07-23,0.9990663525294511,0.9969866393310801,0.0020797131983709694
2021-07-26,0.9992063850213027,0.9969866393310801,0.002219745690222541
2021-07-27,0.9992320922138057,0.9969866393310801,0.002245452882725596
2021-07-28,0.999245487407244,0.9968284862329508,0.0024170011742931097
2021-07-29,0.9994094829946266,0.9971220242246613,0.002287458769965278
2021-07-30,0.9993568441864137,0.9967571172577838,0.002599726928629864
2021-08-02,0.9993440648917169,0.9968284862329508,0.00251557865876606
2021-08-03,0.9993440648917169,0.9970717654531287,0.002272299438588199
2021-08-04,0.9992914260835039,0.9968702143851526,0.0024212116983513
2021-08-05,0.9992914260835039,0.9967948101714889,0.002496615912014999
2021-08-06,0.9993440648917167,0.9969963612394648,0.002347703652251898
2021-08-09,0.9992524541621493,0.9969963612394649,0.0022560929226843607
2021-08-10,0.9991674352351823,0.996895792288432,0.0022716429467503074
2021-08-11,0.9991937509521507,0.9972332350368531,0.001960515915297556
2021-08-12,0.9990896481152729,0.9975195329756531,0.0015701151396197988
2021-08-13,0.998873348956384,0.9973739934581003,0.0014993554982837276
2021-08-16,0.9988213260469124,0.9972332350368531,0.0015880910100593004
2021-08-17,0.9988845127162512,0.9970010402484818,0.0018834724677694314
2021-08-18,0.9988845127162514,0.9971977495359238,0.0016867631803276772
2021-08-19,0.9988845127162514,0.9971438341101518,0.0017406786060996104
2021-08-20,0.9988970048235618,0.9972334227615097,0.0016635820620520825
2021-08-23,0.9989616618021853,0.9974037099450686,0.0015579518571167128
2021-08-24,0.9988845127162512,0.9971882613382081,0.0016962513780430788
2021-08-25,0.9988470332394156,0.9971882613382081,0.0016587719012074453
2021-08-26,0.9986034921038137,0.9968588767201692,0.0017446153836445655
2021-08-27,0.9985777849113106,0.9970179741546495,0.0015598107566610064
2021-08-30,0.998679504841943,0.9969752077515847,0.0017042970903583532
2021-08-31,0.9987584815023586,0.9970857871193056,0.0016726943830529528
2021-09-01,0.9987584815023586,0.9967994891805055,0.001958992321853037
2021-09-02,0.9989135384265984,0.9971328538104769,0.001780684616121464
2021-09-03,0.9988733489563842,0.9968746388005516,0.0019987101558326392
2021-09-07,0.9987716290257518,0.9970857871193055,0.0016858419064462726
2021-09-08,0.9988378263914706,0.9967994891805055,0.0020383372109650244
2021-09-09,0.9989778588833219,0.9965725787813692,0.0024052801019527337
2021-09-10,0.998937669413108,0.9965725787813692,0.002365090631738842
2021-09-13,0.998771629025752,0.9964619994136483,0.002309629612103681
2021-09-14,0.998771629025752,0.9965298123783045,0.002241816647447492
2021-09-15,0.9988213260469126,0.9964619994136482,0.002359326633264436
2021-09-16,0.9987806463404107,0.9964046039811233,0.0023760423592874558
2021-09-17,0.9986795048419428,0.9964046039811233,0.0022749008608194954
2021-09-20,0.9984961376606859,0.9966303813293376,0.0018657563313483339
2021-09-21,0.9985494071285983,0.9967763987661192,0.0017730083624790671
2021-09-22,0.9987584815023586,0.9969752077515847,0.0017832737507739171
2021-09-23,0.9989003027073282,0.9970776819704871,0.0018226207368411407
2021-09-24,0.9988470332394157,0.9967933761388259,0.0020536571005898008
2021-09-27,0.9986531891249742,0.9969185845360071,0.0017346045889671258
2021-09-28,0.9986531891249742,0.9971882613382081,0.0014649277867661015
2021-09-29,0.9986531891249742,0.9970776819704871,0.0015755071544871768
2021-09-30,0.9984568940459111,0.9971454949351433,0.0013113991107678302
2021-10-01,0.9982197437987906,0.9969752077515847,0.0012445360472059797
2021-10-04,0.9982589874135654,0.9969752077515847,0.0012837796619807884
2021-10-05,0.9983754435508168,0.9967494304033706,0.0016260131474461481
2021-10-06,0.9984008569146656,0.9968033458291425,0.0015975110855230845
2021-10-07,0.9983361999360421,0.9966369066611396,0.0016992932749024803
2021-10-08,0.9984008569146656,0.9964645735073892,0.0019362834072764734
2021-10-11,0.9983505981431329,0.9967488793390505,0.0016017188040823305
2021-10-12,0.9982589874135654,0.9967488793390505,0.0015101080745149043
2021-10-13,0.9982589874135654,0.9970668021648135,0.0011921852487519757
2021-10-14,0.9982589874135654,0.9973343828312842,0.0009246045822812743
2021-10-15,0.9982589874135654,0.9975243527090185,0.0007346347045469326
2021-10-18,0.9982589874135652,0.9976083011640312,0.000650686249534016
2021-10-19,0.9982589874135652,0.9974418619960282,0.0008171254175369791
2021-10-20,0.998271340713939,0.9976083011640312,0.0006630395499077624
2021-10-21,0.9983352540806025,0.9976505260746682,0.0006847280059343319
2021-10-22,0.9983352540806025,0.9976922230355463,0.0006430310450562526
2021-10-25,0.99806995241748,0.9975773555815206,0.0004925968359593691
2021-10-26,0.9980699524174803,0.9977556223572681,0.0003143300602121979
2021-10-27,0.9980699524174803,0.9979240042729572,0.00014594814452306704
2021-10-28,0.9980575991171066,0.9980631589278967,-5.559810790090047e-06
2021-10-29,0.9981207857864456,0.9980767174854023,4.406830104330961e-05
2021-11-01,0.9980575991171066,0.9980904434409601,-3.284432385353142e-05
2021-11-02,0.9980830124809555,0.9980631589278967,1.9853553058890583e-05
2021-11-03,0.998161989141371,0.9983067000634983,-0.0001447109221273113
2021-11-04,0.9981994686182067,0.9981918326094728,7.636008733991062e-06
2021-11-05,0.9981232019511694,0.9982055585650306,-8.235661386113424e-05
2021-11-08,0.9981492098466739,0.9982055585650306,-5.634871835669131e-05
2021-11-09,0.9980830124809553,0.9983220147022821,-0.0002390022213267784
2021-11-10,0.9980830124809553,0.9982947301892184,-0.00021171770826311498
2021-11-11,0.9979406128438212,0.9983718792751523,-0.0004312664313310677
2021-11-12,0.9977102615214496,0.9983718792751523,-0.0006616177537026591
2021-11-15,0.997790184842726,0.9983718792751523,-0.0005816944324262829
2021-11-16,0.9979535407416277,0.9982813349957802,-0.0003277942541525247
2021-11-17,0.9979535407416277,0.9981286217833352,-0.00017508104170749217
2021-11-18,0.9979535407416277,0.9981286217833352,-0.00017508104170749217
2021-11-19,0.9977102615214496,0.9980122500255483,-0.0003019885040986825
2021-11-22,0.9973763080127108,0.9978667105079955,-0.0004904024952846475
2021-11-23,0.9973763080127108,0.9978127950822233,-0.0004364870695124923
2021-11-24,0.9972570737887011,0.9980624374366541,-0.000805363647953028
2021-11-26,0.9972062404197358,0.9980624374366541,-0.0008561970169183031
2021-11-29,0.9973379667510558,0.9980091679687416,-0.000671201217685824
2021-11-30,0.9973997485118872,0.998114504653867,-0.0007147561419797999
2021-12-01,0.9972039291706516,0.9978773544067466,-0.0006734252360950377
2021-12-02,0.9974924511278608,0.9980091679687416,-0.0005167168408808376
2021-12-03,0.9975421481490215,0.998076163392212,-0.000534015243190411
2021-12-06,0.9975823376192355,0.9981247737677793,-0.0005424361485437679
2021-12-07,0.9974907268896681,0.9983589743180018,-0.0008682474283336905
2021-12-08,0.9971770787559965,0.9980761633922121,-0.0008990846362155747
2021-12-09,0.9968344830616845,0.9979306238746591,-0.0010961408129745998
2021-12-10,0.9968614368126285,0.9980300676191919,-0.0011686308065633755
2021-12-13,0.9968344830616845,0.9979689651363142,-0.001134482074629628
2021-12-14,0.9965914977970721,0.9978636284511887,-0.0012721306541165767
2021-12-15,0.9968614368126286,0.9980091679687416,-0.0011477311561129966
2021-12-16,0.996950939198936,0.9978978966164648,-0.0009469574175288153
2021-12-17,0.9970414834783081,0.9977523570989119,-0.0007108736206037358
2021-12-20,0.9970289913709977,0.9979033393615955,-0.0008743479905978235
2021-12-21,0.9970289913709977,0.9978636284511887,-0.0008346370801910474
2021-12-22,0.9969394889846903,0.9979306238746591,-0.0009911348899688255
2021-12-23,0.9969394889846903,0.9979033393615955,-0.0009638503769051621
2021-12-27,0.9969394889846903,0.9978636284511889,-0.000924139466498608
2021-12-28,0.996669549969134,0.9977523570989116,-0.0010828071297775965
2021-12-29,0.9967590523554413,0.9974870554357892,-0.0007280030803479276
2021-12-30,0.9967458166361712,0.9974870554357892,-0.0007412387996179604
2021-12-31,0.9967590523554413,0.9974870554357892,-0.0007280030803479276
2022-01-03,0.9970810142804695,0.9976206307675919,-0.0005396164871224185
2022-01-04,0.9970810142804695,0.997688443732248,-0.0006074294517784962
2022-01-05,0.997118493757305,0.9975136863484975,-0.0003951925911924725
2022-01-06,0.9970810142804692,0.9975617710314355,-0.00048075675096626025
2022-01-07,0.9970810142804692,0.9976024507379374,-0.0005214364574681607
2022-01-10,0.9971572809475066,0.9974600511008033,-0.0003027701532967164
2022-01-11,0.9974236099747812,0.9977499236086242,-0.0003263136338430561
2022-01-12,0.9971572809475066,0.9976024507379374,-0.0004451697904308549
2022-01-13,0.9971572809475066,0.9975617710314357,-0.0004044900839291765
2022-01-14,0.9974496178702857,0.9974600511008035,-1.0433230517747916e-05
2022-01-18,0.9975135312369494,0.9974241839621901,8.934727475928828e-05
2022-01-19,0.9972341222119767,0.9971184284261546,0.00011569378582210188
2022-01-20,0.9971578555449394,0.997296695201902,-0.00013883965696259715
2022-01-21,0.997107022175974,0.997296695201902,-0.0001896730259279833
2022-01-24,0.997107022175974,0.997296695201902,-0.0001896730259279833
2022-01-25,0.9971070221759738,0.997296695201902,-0.00018967302592820534
2022-01-26,0.9970810142804695,0.9972966952019021,-0.00021568092143264828
2022-01-27,0.9970289913709977,0.9974494084143471,-0.0004204170433494969
2022-01-28,0.9970289913709977,0.9974494084143471,-0.0004204170433494969
2022-01-31,0.9970289913709977,0.9972426547693498,-0.00021366339835215964
2022-02-01,0.9967590523554415,0.9972292595759116,-0.0004702072204700869
2022-02-02,0.9966943953768179,0.9971154549056085,-0.0004210595287905683
2022-02-03,0.9966943953768179,0.996976300250669,-0.00028190487385104657
2022-02-04,0.9966943953768179,0.9968371455957297,-0.00014275021891174688
2022-02-07,0.9966943953768179,0.9968371455957297,-0.00014275021891174688
2022-02-08,0.9970538367786816,0.996976300250669,7.75365280126783e-05
2022-02-09,0.9970289913709977,0.9973222085506058,-0.00029321717960817395
2022-02-10,0.9970289913709977,0.9973102537594078,-0.00028126238841019724
2022-02-11,0.9970677785611992,0.9974494084143471,-0.0003816298531479356
2022-02-14,0.9970432077165008,0.9974494084143471,-0.0004062006978463595
2022-02-15,0.9966961196150106,0.9977672486900536,-0.0010711290750430313
2022-02-16,0.9965689197512693,0.9977672486900534,-0.0011983289387841323
2022-02-17,0.9965689197512693,0.9977672486900536,-0.0011983289387843543
2022-02-18,0.9965818476490754,0.9977672486900536,-0.0011854010409781957
2022-02-22,0.9965332372735082,0.9975632130846501,-0.0010299758111419477
2022-02-23,0.9964670399077894,0.9976783282087207,-0.0012112883009313125
2022-02-24,0.9964162065388241,0.997780048139353,-0.0013638416005288256
2022-02-25,0.9964162065388242,0.997780048139353,-0.0013638416005287146
2022-02-28,0.9964162065388242,0.997780048139353,-0.0013638416005287146
2022-03-01,0.9964413327152863,0.9978695505256604,-0.001428217810374055
2022-03-02,0.9963235039228505,0.9979458171926977,-0.0016223132698471865
2022-03-03,0.9961991525728754,0.9980097305593615,-0.001810577986486095
2022-03-04,0.9960799183488657,0.998073643926025,-0.0019937255771593776
2022-03-07,0.9960799183488657,0.9980605639283268,-0.0019806455794610933
2022-03-08,0.9961403563321772,0.9980605639283268,-0.0019202075961495257
2022-03-09,0.9964874444336674,0.9982909152506986,-0.0018034708170311387
2022-03-10,0.9966191707649875,0.9982909152506986,-0.0016717444857110575
2022-03-11,0.9964874444336674,0.9983292565123534,-0.0018418120786859449
2022-03-14,0.9963979420473601,0.9983292565123534,-0.0019313144649932834
2022-03-15,0.9964465524229273,0.9985306448088124,-0.002084092385885028
2022-03-16,0.9966862505374936,0.9987677950559326,-0.0020815445184390047
2022-03-17,0.9966862505374936,0.9987031380773093,-0.0020168875398156594
2022-03-18,0.9965575768559175,0.9987159173720063,-0.0021583405160887636
2022-03-21,0.9961906788776096,0.9984914011940378,-0.0023007223164281942
2022-03-22,0.996331437298857,0.9984259830911278,-0.0020945457922708632
2022-03-23,0.9963590607932991,0.9984008569146656,-0.002041796121366568
2022-03-24,0.9962149811616056,0.9984647702813293,-0.002249789119723733
2022-03-25,0.9960604967848006,0.9985174090895421,-0.002456912304741543
2022-03-28,0.9960485419936026,0.9984647702813293,-0.002416228287726696
2022-03-29,0.9960725815244715,0.9986892864592978,-0.0026167049348262417
2022-03-30,0.9962288787004897,0.9986253730926341,-0.0023964943921443993
2022-03-31,0.9963712783376238,0.9985463964322187,-0.002175118094594808
2022-04-01,0.9967138740319358,0.9985463964322184,-0.0018325224002826435
2022-04-04,0.996713874031936,0.9986627681900053,-0.0019488941580693142
2022-04-05,0.9965474348639328,0.9986125094184726,-0.0020650745545397475
2022-04-06,0.9963350212624303,0.9985186885583118,-0.0021836672958814862
2022-04-07,0.9965335373250487,0.9987125326727531,-0.002178995347704382
2022-04-08,0.9963911376879144,0.9987671099181391,-0.0023759722302246766
2022-04-11,0.9961848999068468,0.9988045893949749,-0.002619689488128074
2022-04-12,0.9960408202751533,0.9988045893949749,-0.0027637691198215686
2022-04-13,0.9960408202751533,0.9988045893949749,-0.0027637691198215686
2022-04-14,0.9960408202751534,0.9988045893949749,-0.0027637691198214576
2022-04-18,0.9962329845897849,0.9988045893949749,-0.00257160480518992
2022-04-19,0.9965589860238301,0.998917990974118,-0.0023590049502879573
2022-04-20,0.9962086823057893,0.9987739113424245,-0.0025652290366352526
2022-04-21,0.9961848999068469,0.9987739113424245,-0.0025890114355776594
2022-04-22,0.9961127588215484,0.9985824575912197,-0.0024696987696712913
2022-04-25,0.9961373296662467,0.9986853551709652,-0.002548025504718554
2022-04-26,0.9962831294640028,0.9985824575912198,-0.002299328127217004
2022-04-27,0.9962551584586825,0.9986199370680554,-0.0023647786093728973
2022-04-28,0.9966409476776525,0.9988113908192603,-0.0021704431416077474
2022-04-29,0.996774255368098,0.998694934682009,-0.0019206793139109335
2022-05-02,0.9965647100713045,0.9985034809308041,-0.0019387708594995612
2022-05-03,0.99673255840722,0.9986475605624976,-0.001915002155277623
2022-05-04,0.9970047301551274,0.9986475605624976,-0.0016428304073702327
2022-05-05,0.9968532320285137,0.9984162369712205,-0.0015630049427067805
2022-05-06,0.9967979765101298,0.998428590271594,-0.001630613761464228
2022-05-09,0.9968338436487432,0.9985212928875676,-0.0016874492388244677
2022-05-10,0.9969075802007726,0.9986253957244454,-0.0017178155236727832
2022-05-11,0.996845798439941,0.9984952980111007,-0.0016494995711596738
2022-05-12,0.9965572764827316,0.9983911951742229,-0.0018339186914912986
2022-05-13,0.9965572764827316,0.9985212928875676,-0.001964016404836011
2022-05-16,0.9965572764827318,0.9985212928875676,-0.001964016404835789
2022-05-17,0.9964792243106702,0.9985212928875676,-0.0020420685768974822
2022-05-18,0.9966616796927953,0.9983911107947583,-0.001729431101962997
2022-05-19,0.9966616796927953,0.9983911107947583,-0.001729431101962997
2022-05-20,0.9966616796927953,0.9983911107947583,-0.001729431101962997
2022-05-23,0.9969998986711652,0.9983911107947583,-0.0013912121235930552
2022-05-24,0.9971682805868545,0.9983911107947583,-0.0012228302079038134
2022-05-25,0.9970641777499767,0.9983911107947583,-0.0013269330447815975
2022-05-26,0.9970641777499767,0.9984783547543419,-0.0014141770043651913
2022-05-27,0.9970641777499767,0.9985644718204214,-0.0015002940704447187
2022-05-31,0.9968683584087408,0.9983359551172079,-0.0014675967084670782
2022-06-01,0.9969848145459921,0.9983856521383685,-0.0014008375923764138
2022-06-02,0.9972984626796639,0.9983856521383683,-0.0010871894587043407
2022-06-03,0.9974025655165417,0.9982152814959141,-0.0008127159793723804
2022-06-06,0.997517680640612,0.9981778020190784,-0.0006601213784663829
2022-06-07,0.9978273318653551,0.998394101177967,-0.0005667693126119033
2022-06-08,0.9979178761447272,0.998394101177967,-0.0004762250332398521
2022-06-09,0.9979053840374167,0.9982875010231093,-0.000382116985692571
2022-06-10,0.9978805386297329,0.998139939427347,-0.0002594007976141066
2022-06-13,0.9977654235056624,0.997994139629591,-0.0002287161239286073
2022-06-14,0.9976873713336007,0.9981645102720452,-0.00047713893844447686
2022-06-15,0.9978644531880598,0.9983536320358902,-0.000489178847830396
2022-06-16,0.9979298712909698,0.9983536320358902,-0.0004237607449204539
2022-06-17,0.9980214820205371,0.9982078322381344,-0.00018635021759727532
2022-06-21,0.9982488782125006,0.9982078322381344,4.1045974366271665e-05
2022-06-22,0.9983505981431329,0.998183261393436,0.00016733674969682255
2022-06-23,0.9984160162460428,0.9980108543899897,0.0004051618560531045
2022-06-24,0.998614825231508,0.9979817863292175,0.0006330389022904948
2022-06-27,0.9986408331270126,0.9977706380104636,0.0008701951165489552
2022-06-28,0.9985523489156504,0.9976105843073907,0.0009417646082596765
2022-06-29,0.9986540688462828,0.9978217326261447,0.000832336220138119
2022-06-30,0.9988111203105714,0.9980108543899896,0.0008002659205817997
2022-07-01,0.9988111203105714,0.9980108543899896,0.0008002659205817997
2022-07-05,0.9988111203105714,0.9982099179690728,0.0006012023414986301
2022-07-06,0.9986960051865008,0.9982099179690728,0.00048608721742804395
2022-07-07,0.9986567615717263,0.9981954789377608,0.0004612826339654985
2022-07-08,0.9986696894695324,0.9979964153586778,0.0006732741108546048
2022-07-11,0.9985822005161978,0.9980209862033762,0.000561214312821634
2022-07-12,0.9985160031504791,0.9978072935948328,0.0007087095556462808
2022-07-13,0.998332635969222,0.9977639716287439,0.0005686643404780867
2022-07-14,0.9981934813142826,0.9978956979600638,0.00029778335421881685
2022-07-15,0.9981007786983092,0.9980380975971977,6.26811011114059e-05
2022-07-18,0.9981007786983092,0.9978956979600638,0.00020508073824532236
2022-07-19,0.9981007786983092,0.998109390568607,-8.611870297881019e-06
2022-07-20,0.9981007786983092,0.9983108656328256,-0.00021008693451640692
2022-07-21,0.9979086143836776,0.9983108656328256,-0.00040225124914794463
2022-07-22,0.9977323704615012,0.9983108656328256,-0.0005784951713243558
2022-07-25,0.9977323704615012,0.9981667860011321,-0.0004344155396308613
2022-07-26,0.9977323704615012,0.9981667860011321,-0.0004344155396308613
2022-07-27,0.9977323704615012,0.9981667860011321,-0.0004344155396308613
2022-07-28,0.9977323704615012,0.9981667860011321,-0.0004344155396308613
2022-07-29,0.9977323704615011,0.9981667860011321,-0.00043441553963097235
2022-08-01,0.9976235220094983,0.9979530933925889,-0.00032957138309053224
2022-08-02,0.9974775045727167,0.9979530933925889,-0.0004755888198721969
2022-08-03,0.9974775045727167,0.998139939427347,-0.000662434854630356
2022-08-04,0.9974105091492462,0.998139939427347,-0.0007294302781007955
2022-08-05,0.9974105091492462,0.998139939427347,-0.0007294302781007955
2022-08-08,0.9975938763305033,0.998139939427347,-0.0005460630968436853
2022-08-09,0.9978068891907554,0.9981399394273468,-0.000333050236591359
2022-08-10,0.9976862155694617,0.9981399394273468,-0.00045372385788511327
2022-08-11,0.9976192201459915,0.9981399394273468,-0.0005207192813553307
2022-08-12,0.9976192201459915,0.998139939427347,-0.0005207192813555528
2022-08-15,0.9975028483882048,0.998183261393436,-0.0006804130052312507
2022-08-16,0.997530819393525,0.997994139629591,-0.0004633202360661004
2022-08-17,0.9976235220094983,0.9979941396295912,-0.00037061762009282795
2022-08-18,0.9975978148169953,0.997994139629591,-0.0003963248125957719
2022-08-19,0.9975561178561174,0.997797430342149,-0.00024131248603154187
2022-08-22,0.99721129143387,0.9976105843073908,-0.0003992928735208068
2022-08-23,0.9971598701745167,0.9975666921519484,-0.0004068219774316928
2022-08-24,0.9975046965967638,0.9975811311832603,-7.643458649653212e-05
2022-08-25,0.9977264050396759,0.9977778404707023,-5.143543102636983e-05
2022-08-26,0.9975827487688256,0.9977411848863331,-0.00015843611750754327
2022-08-29,0.9976380042872093,0.9977778404707023,-0.00013983618349300286
2022-08-30,0.9976767914774108,0.9978072935948328,-0.00013050211742193785
2022-08-31,0.9975588754543,0.9976348865913865,-7.601113708655127e-05
2022-09-01,0.9975056059863876,0.9978195111391577,-0.0003139051527700776
2022-09-02,0.9973990058315299,0.9978072935948327,-0.000408287763302817
2022-09-06,0.9974522752994422,0.9975909944359441,-0.00013871913650187473
2022-09-07,0.9974522752994422,0.9975476724698551,-9.539717041284757e-05
2022-09-08,0.9974522752994422,0.9975476724698551,-9.539717041284757e-05
2022-09-09,0.9973189676089967,0.9975476724698551,-0.00022870486085835307
2022-09-12,0.9971044993148395,0.9976058185306145,-0.000501319215775009
2022-09-13,0.9969584818780578,0.9973773018274007,-0.0004188199493428968
2022-09-14,0.9969584818780578,0.9973773018274007,-0.0004188199493428968
2022-09-15,0.9969052124101454,0.9975936009862896,-0.0006883885761441721
2022-09-16,0.9969052124101454,0.9975569454019204,-0.0006517329917750114
2022-09-19,0.9970526852808322,0.9976902530923659,-0.0006375678115336791
2022-09-20,0.9971580219659575,0.9974496516494813,-0.0002916296835238086
2022-09-21,0.9972529883947482,0.997498799341161,-0.00024581094641284995
2022-09-22,0.99721129143387,0.9977394007840454,-0.000528109350175443
2022-09-23,0.9968394608717995,0.9975569454019202,-0.00071748453012066
2022-09-26,0.9965707682877728,0.9973602361144782,-0.0007894678267054145
2022-09-27,0.9967478501422321,0.9975569454019204,-0.0008090952596883083
2022-09-28,0.9968530981022822,0.9977394007840454,-0.0008863026817632624
2022-09-29,0.9966918992760371,0.9974987993411608,-0.000806900065123739
2022-09-30,0.9967880396124462,0.9974496516494813,-0.0006616120370350753
2022-10-03,0.9970408491682584,0.9973774321222859,-0.0003365829540274978
2022-10-04,0.9971863886858114,0.9975319164990909,-0.0003455278132794559
2022-10-05,0.9971304378196165,0.9975319164990911,-0.00040147867947459837
2022-10-06,0.9970408491682584,0.9973254383154979,-0.00028458914723950013
2022-10-07,0.9970408491682584,0.9973500091601963,-0.000309159991937924
2022-10-10,0.9968932875724962,0.9974361262262759,-0.000542838653779687
2022-10-11,0.9970388270900491,0.9975906106030809,-0.0005517835130317561
2022-10-12,0.9969684371925422,0.9976947134399586,-0.0007262762474163909
2022-10-13,0.9967187948381114,0.9975813118608156,-0.0008625170227041234
2022-10-14,0.9967187948381114,0.9974541119970741,-0.0007353171589626895
2022-10-17,0.9968129704366855,0.9976947134399585,-0.0008817430032730389
2022-10-18,0.9968892371037228,0.9977097378723468,-0.0008205007686240551
2022-10-19,0.9967187948381114,0.9974907675814433,-0.0007719727433318502
2022-10-20,0.9968932875724962,0.9972594439901662,-0.00036615641767001605
2022-10-21,0.9970657808409931,0.9972442137308474,-0.0001784328898543075
2022-10-24,0.9972494588258748,0.9974907675814435,-0.00024130875556871434
2022-10-25,0.9972494588258748,0.9974907675814435,-0.00024130875556871434
2022-10-26,0.9972494588258748,0.9974907675814433,-0.0002413087555684923
2022-10-27,0.9971304378196165,0.9972472264458414,-0.00011678862622488406
2022-10-28,0.9970657808409931,0.9971035701749913,-3.778933399822826e-05
2022-10-31,0.9971438330130546,0.9968327140403992,0.0003111189726554553
2022-11-01,0.9970542443616967,0.9967055141766579,0.0003487301850387814
2022-11-02,0.9970542443616967,0.996552800964213,0.0005014433974837029
2022-11-03,0.9971749179829904,0.9962545482342148,0.000920369748775629
2022-11-04,0.997334016058049,0.9963586510710926,0.0009753649869564951
2022-11-07,0.9973732596728239,0.9966569038010908,0.000716355871733021
2022-11-08,0.9971783514549821,0.9967055141766581,0.0004728372783240342
2022-11-09,0.9971783514549821,0.9967298164606536,0.00044853499432850885
2022-11-10,0.997334016058049,0.9970006725952455,0.0003333434628035592
2022-11-11,0.9973732596728239,0.9970006725952455,0.00037258707757836795
2022-11-14,0.9970058581864852,0.9967419012003248,0.0002639569861604407
2022-11-15,0.9969396608207665,0.9967298164606538,0.00020984436011262098
2022-11-16,0.9971615227895522,0.9969763703112497,0.00018515247830241943
2022-11-17,0.9972553436497129,0.9966781175812517,0.0005772260684612229
2022-11-18,0.9974278369182098,0.9965344613104015,0.0008933756078083332
2022-11-21,0.9974541526351783,0.9962325040629094,0.0012216485722689185
2022-11-22,0.9972553436497129,0.9964072614466598,0.0008480822030531021
2022-11-23,0.9972151541794989,0.9966781175812517,0.0005370365982472203
2022-11-25,0.9972151541794989,0.9967143746564455,0.0005007795230533851
2022-11-28,0.9972151541794988,0.9967143746564455,0.0005007795230532741
2022-11-29,0.9972151541794988,0.9964004626177555,0.000814691561743297
2022-11-30,0.9974008831672659,0.9962568063469052,0.0011440768203607732
2022-12-01,0.9973732596728238,0.996515577741826,0.0008576819309977779
2022-12-02,0.9972553436497129,0.9962098222057904,0.001045521443922559
2022-12-05,0.9972553436497129,0.9961855199217948,0.0010698237279180844
2022-12-06,0.9972553436497129,0.9961855199217948,0.0010698237279180844
2022-12-07,0.9974278369182098,0.9962626690077286,0.0011651679104811574
2022-12-08,0.9975303111371123,0.9963751927499597,0.0011551183871526538
2022-12-09,0.9975303111371123,0.9963112793832959,0.0012190317538164352
2022-12-12,0.9974224168105156,0.9965924640746331,0.0008299527358824887
2022-12-13,0.9972653653462269,0.9965302496741996,0.0007351156720273311
2022-12-14,0.9970435033774413,0.9962626690077286,0.0007808343697126574
2022-12-15,0.9967545726155931,0.9962388866087863,0.000515686006806737
2022-12-16,0.9967967975262301,0.9961897389171066,0.0006070586091234675
2022-12-19,0.9968709443733798,0.996314090267082,0.0005568541062977994
2022-12-20,0.9968709443733798,0.996067625711678,0.0008033186617018018
2022-12-21,0.9968709443733798,0.996067625711678,0.0008033186617018018
2022-12-22,0.9968709443733798,0.9960292844500229,0.00084165992335683
2022-12-23,0.9968709443733798,0.9959167607077919,0.0009541836655878599
2022-12-27,0.9968031314087233,0.996123238891385,0.0006798925173383541
2022-12-28,0.9966253410340197,0.9961114112836407,0.0005139297503790052
2022-12-29,0.9965993331385153,0.9963315601220762,0.000267773016439099
2022-12-30,0.9968031314087233,0.9965103798041294,0.000292751604593966
2023-01-03,0.9969252796406369,0.9961409407944612,0.0007843388461756806
2023-01-04,0.9969252796406369,0.9962342928603156,0.0006909867803213121
2023-01-05,0.9969252796406369,0.9959621211124082,0.0009631585282287025
2023-01-06,0.9970920621705718,0.9962342928603156,0.0008577693102561623
2023-01-09,0.9969828418364645,0.9965103798041294,0.0004724620323350859
2023-01-10,0.9969086949893148,0.9965103798041294,0.000398315185185405
2023-01-11,0.996800800662718,0.9965103798041294,0.00029042085858865807
2023-01-12,0.996800800662718,0.9965103798041294,0.00029042085858865807
2023-01-13,0.9968008006627183,0.9965222074118738,0.00027859325084444997
2023-01-17,0.9965118699008697,0.9962500356639664,0.0002618342369032911
2023-01-18,0.9963340795261659,0.9960990534012827,0.00023502612488324193
2023-01-19,0.9966340181327832,0.9960134892415089,0.0006205288912742857
2023-01-20,0.9968303132118467,0.9961644715041926,0.0006658417076540468
2023-01-23,0.9968303132118467,0.9960399451343658,0.0007903680774808963
2023-01-24,0.9968303132118467,0.9957903853872094,0.0010399278246372434
2023-01-25,0.9971049900683783,0.9957786822852224,0.0013263077831559
2023-01-26,0.9974417194911894,0.995525588977218,0.0019161305139714369
2023-01-27,0.9973338251645927,0.995525588977218,0.00180823618737469
2023-01-30,0.9969970957417813,0.9951180628924161,0.001879032849365192
2023-01-31,0.9969970957417813,0.9952612051353911,0.0017358906063902335
2023-02-01,0.9968749475098677,0.9955255889772179,0.0013493585326498359
2023-02-02,0.996800800662718,0.9959279724564548,0.0008728282062632209
2023-02-03,0.9969086949893148,0.9957491527744019,0.0011595422149128787
2023-02-06,0.99674191245938,0.9957491527744019,0.0009927596849781395
2023-02-07,0.9966340181327832,0.9957879399646032,0.0008460781681799423
2023-02-08,0.9968008006627183,0.9958735041243773,0.0009272965383410048
2023-02-09,0.996800800662718,0.9957491527744019,0.0010516478883161318
2023-02-10,0.9969970957417813,0.9957491527744019,0.0012479429673794007
2023-02-13,0.9973338251645927,0.9957879399646035,0.0015458851999892165
2023-02-14,0.9975861538612965,0.9958735041243773,0.0017126497369192029
2023-02-15,0.9978271377268687,0.9957879399646035,0.0020391977622652435
2023-02-16,0.9979209585870294,0.9958735041243773,0.0020474544626521984
2023-02-17,0.9980018515493839,0.9957879399646035,0.002213911584780459
2023-02-21,0.9982034026173602,0.9954828237471273,0.0027205788702329148
2023-02-22,0.9982034026173602,0.9957491527744019,0.002454249842958278
2023-02-23,0.9982895196834398,0.9957879399646032,0.0025015797188365774
2023-02-24,0.9982756221445556,0.995873504124377,0.002402118020178534
2023-02-27,0.9982034026173604,0.9957491527744019,0.0024542498429585002
2023-02-28,0.99813640719389,0.9959279724564548,0.00220843473743515
2023-03-01,0.9980425863337292,0.9959279724564548,0.002114613877274407
2023-03-02,0.9981148058609244,0.9962902309656937,0.0018245748952306906
2023-03-03,0.9982660221536102,0.9960404961986858,0.0022255259549243123
2023-03-06,0.9983469151159649,0.9958616765166329,0.002485238599331918
2023-03-07,0.9985507825325833,0.9958735041243773,0.002677278408206085
2023-03-08,0.9986744418980026,0.9959681819671453,0.002706259930857269
2023-03-09,0.9987283573237747,0.996029284450023,0.0026990728737517067
2023-03-10,0.9987283573237747,0.9959681819671453,0.002760175356629424
2023-03-13,0.9989066240995218,0.996067625711678,0.0028389983878438496
2023-03-14,0.999115288178162,0.9960804050063748,0.0030348831717871283
2023-03-15,0.999115288178162,0.9961421867672066,0.0029731014109554144
2023-03-16,0.999101562222604,0.9964143585151137,0.0026872037074903155
2023-03-17,0.9991152881781619,0.9964640555362744,0.002651232641887491
2023-03-20,0.999155477648376,0.9964015792204167,0.002753898427959256
2023-03-21,0.9993379330305012,0.9964143585151137,0.002923574515387495
2023-03-22,0.9993379330305013,0.9964640555362744,0.002873877494226962
2023-03-23,0.9992962360696234,0.9964015792204167,0.002894656849206645
2023-03-24,0.9993648867814451,0.9964015792204167,0.002963307561028361
2023-03-27,0.9994666067120775,0.9964015792204167,0.003065027491660821
2023-03-28,0.9993379330305013,0.9964015792204166,0.002936353810084724
2023-03-29,0.9993648867814451,0.9964015792204166,0.002963307561028472
2023-03-30,0.9993782819748833,0.9965697161423547,0.0028085658325286422
2023-03-31,0.9993648867814453,0.9967869874670281,0.002577899314417209
2023-04-03,0.9994800019055157,0.9967869874670281,0.002693014438487573
2023-04-04,0.9994800019055157,0.996751120328415,0.002728881577100717
2023-04-05,0.9994933970989539,0.9966494003977827,0.002843996701171192
2023-04-06,0.9995345791509017,0.9966494003977827,0.002885178753119
2023-04-10,0.9996647612437111,0.9968282200798356,0.002836541163875439
2023-04-11,0.9997553055230831,0.9967806498392355,0.0029746556838475824
2023-04-12,0.9996647612437111,0.9966590220925358,0.0030057391511753018
2023-04-13,0.9996647612437111,0.9966590220925358,0.0030057391511753018
2023-04-14,0.9997419103296449,0.9966590220925358,0.003082888237109116
2023-04-17,0.9998065673082684,0.9967181735233779,0.003088393784890564
2023-04-18,0.9998719854111782,0.9969794363725213,0.0028925490386568775
2023-04-19,0.99984535449847,0.9966261105958857,0.0032192439025843234
2023-04-20,0.99984535449847,0.9964915549513799,0.0033537995470901416
2023-04-21,0.99984535449847,0.9964915549513799,0.0033537995470901416
2023-04-24,0.9998589130559756,0.9964915549513799,0.0033673581045957635
2023-04-25,0.9998849209514803,0.9964915549513799,0.0033933660001004284
2023-04-26,0.9998849209514803,0.9965386216425509,0.003346299308929379
2023-04-27,0.9999115518641886,0.9963184728041156,0.003593079060073001
2023-04-28,0.9999249470576266,0.9964290521718364,0.003495894885790163
2023-05-01,0.9998979933066827,0.9963819854806654,0.0035160078260173533
2023-05-02,0.9998713623939744,0.9961123086784641,0.00375905371551033
2023-05-03,0.9999246318618868,0.9961123086784641,0.003812323183422728
2023-05-04,0.9999246318618868,0.9962096523269149,0.0037149795349719072
2023-05-05,0.999911073304381,0.9963324575168997,0.0035786157874813096
2023-05-08,0.9999243090236513,0.9966021343191007,0.00332217470455054
2023-05-09,0.999911229025953,0.9965315210959828,0.0033797079299702215
2023-05-10,0.999911229025953,0.9967355567013859,0.003175672324567058
2023-05-11,0.999911229025953,0.9966144257131216,0.003296803312831331
2023-05-12,0.9998979933066828,0.9964993105890512,0.0033986827176316625
2023-05-15,0.9999512627745951,0.9964993105890512,0.0034519521855439494
2023-05-16,0.9999512627745953,0.9966850389362396,0.0032662238383557307
2023-05-17,0.9999644984938654,0.9969907944722751,0.002973704021590251
2023-05-18,0.9999375447429215,0.9970460499906588,0.002891494752262691
2023-05-19,0.9998836293171494,0.9968050661250867,0.0030785631920626777
2023-05-22,0.9998158163524932,0.9968050661250867,0.003010750227406489
2023-05-23,0.9998158163524932,0.9968050661250867,0.003010750227406489
2023-05-24,0.9997895006355246,0.9968050661250867,0.00298443451043795
2023-05-25,0.9997764206378263,0.9967355567013859,0.00304086393644043
2023-05-26,0.9998573136001812,0.9969078898551363,0.00294942374504481
2023-05-30,0.9998306826874727,0.9970687612166107,0.002761921470861961
2023-05-31,0.9998043669705043,0.996703854249733,0.0031005127207713867
2023-06-01,0.9998440778809108,0.9969078898551361,0.0029361880257746664
2023-06-02,0.9998713623939746,0.9966906185304629,0.003180743863511637
2023-06-05,0.9998043669705043,0.9965932748820119,0.003211092088492462
2023-06-06,0.9997105461103434,0.9965932748820121,0.0031172712283312753
2023-06-07,0.9997368618273117,0.9965932748820121,0.0031435869452995924
2023-06-08,0.9997368618273119,0.9965932748820121,0.0031435869452998144
2023-06-09,0.9996835923593995,0.9965932748820121,0.0030903174773874165
2023-06-12,0.9997105461103434,0.9969581818488896,0.0027523642614537547
2023-06-13,0.9998043669705041,0.9972048156685729,0.0025995513019312355
2023-06-14,0.9997646560600976,0.9972048156685729,0.0025598403915246815
2023-06-15,0.9997517281622913,0.9972048156685729,0.0025469124937184118
2023-06-16,0.9997783590749996,0.9972048156685729,0.0025735434064266816
2023-06-20,0.9997381696047856,0.9968514898919373,0.0028866797128482835
2023-06-21,0.9997517281622914,0.9965932748820121,0.0031584532802793053
2023-06-22,0.9997257202667866,0.9969581818488896,0.0027675384178970086
2023-06-23,0.9996855307965725,0.9967409105242163,0.002944620272356202
2023-06-26,0.9997517281622911,0.9965272179156731,0.003224510246617962
2023-06-27,0.999805643588063,0.9966501923699371,0.003155451218125882
2023-06-28,0.9998056435880635,0.9968997521170935,0.002905891470969979
2023-06-29,0.9997257202667866,0.9968997521170935,0.002825968149693159
2023-06-30,0.9996845382148388,0.9968997521170935,0.002784786097745351
2023-07-03,0.999671758920142,0.9968997521170935,0.0027720068030485656
2023-07-05,0.9996325153053671,0.9967884807648165,0.0028440345405505996
2023-07-06,0.9995409045757997,0.9967409105242162,0.0027999940515834876
2023-07-07,0.9995820866277476,0.9966524263128542,0.0029296603148933897
2023-07-10,0.9995820866277477,0.9964059617574501,0.003176124870297614
2023-07-11,0.999503109967332,0.9962547454647644,0.0032483645025676022
2023-07-12,0.9994125656879599,0.9963520127265251,0.003060552961434815
2023-07-13,0.9994250577952702,0.996389075678534,0.00303598211673628
2023-07-14,0.9993977732822067,0.9962490431866824,0.003148730095524299
2023-07-17,0.999503109967332,0.9962849103252958,0.00321819964203629
2023-07-18,0.9995303944803955,0.996333520700863,0.003196873779532483
2023-07-19,0.9994250577952704,0.9960707059361569,0.00335435185911348
2023-07-20,0.9993977732822067,0.9958031252696862,0.0035946480125205182
2023-07-21,0.9993072290028346,0.9958150800608842,0.0034921489419504903
2023-07-24,0.9994113318397124,0.9954724843665721,0.003938847473140328
2023-07-25,0.9994250577952702,0.9954724843665721,0.003952573428698147
2023-07-26,0.9995303944803955,0.9954724843665721,0.004057910113823393
2023-07-27,0.9995303944803957,0.9954605295753741,0.004069864905021592
2023-07-28,0.9995166685248377,0.9958031252696861,0.003713543255151608
2023-07-31,0.9996082792544052,0.9959712621916241,0.0036370170627810783
2023-08-01,0.9996082792544052,0.995935395053011,0.003672884201394222
2023-08-02,0.9995947206968995,0.9958632539677124,0.003731466729187116
2023-08-03,0.999673697357315,0.9961129887347202,0.0035607086225948326
2023-08-04,0.9996874233128729,0.9963292878936091,0.0033581354192637747
2023-08-07,0.9996874233128731,0.9964226399594633,0.0032647833534097392
2023-08-08,0.9996220052099631,0.9966987269032771,0.002923278306686039
2023-08-09,0.9996874233128731,0.9966265858179785,0.003060837494894608
2023-08-10,0.9996736973573153,0.9968952784020051,0.002778418955310169
2023-08-11,0.999673697357315,0.9970592739893877,0.0026144233679273876
2023-08-14,0.9995820866277476,0.9971354538886655,0.0024466327390820775
2023-08-15,0.9995820866277476,0.9971868751480188,0.002395211479728765
2023-08-16,0.9996601387998093,0.9971354538886655,0.002524684911143771
2023-08-17,0.999726336165528,0.997396716737809,0.002329619427718921
2023-08-18,0.9996717589201418,0.997396716737809,0.002275042182332765
2023-08-21,0.999699382414584,0.997396716737809,0.002302665676774951
2023-08-22,0.9996055615544233,0.9974227246333136,0.0021828369211096543
2023-08-23,0.9995789306417148,0.9976084536210807,0.0019704770206340205
2023-08-24,0.9994873199121473,0.9976598748804341,0.0018274450317132818
2023-08-25,0.999394617296174,0.9976084536210806,0.0017861636750933219
2023-08-28,0.9993276218727036,0.9975333040010346,0.00179431787166906
2023-08-29,0.9992197275461069,0.9976084536210806,0.0016112739250262464
2023-08-30,0.9991946013696447,0.997732804971056,0.0014617963985886773
2023-08-31,0.9992745246909213,0.997659874880434,0.001614649810487312
2023-09-01,0.9993415201143917,0.9976215336187787,0.0017199864956130018
2023-09-05,0.9993415201143915,0.9976215336187789,0.0017199864956125577
2023-09-06,0.999248817498418,0.9976215336187787,0.0016272838796392852
2023-09-07,0.9993694911197117,0.9978432420616908,0.001526249058020901
2023-09-08,0.9993307039295102,0.9978301620639926,0.001500541865517624
2023-09-11,0.999394617296174,0.9979285055184636,0.0014661117777103883
2023-09-12,0.9994085148350581,0.9977582183349047,0.0016502965001533587
2023-09-13,0.9995138515201835,0.9975815886783702,0.0019322628418132481
2023-09-14,0.9995138515201835,0.9973570725004016,0.0021567790197818404
2023-09-15,0.999394617296174,0.9972039600108518,0.002190657285322195
2023-09-18,0.999394617296174,0.997252570386419,0.0021420469097549466
2023-09-19,0.999432958557829,0.9974931718293036,0.00193978672852535
2023-09-20,0.999420324488677,0.9971912145818117,0.002229109906865312
2023-09-21,0.9994735939565896,0.9971174780297823,0.0023561159268072895
2023-09-22,0.9995275093823615,0.9973448742217457,0.0021826351606157868
2023-09-25,0.9995789306417148,0.9973319463239394,0.002246984317775369
2023-09-26,0.9994735939565895,0.9974313900684721,0.0020422038881173776
2023-09-27,0.9995789306417148,0.9974556923524677,0.002123238289247098
2023-09-28,0.999591858539521,0.9972155168658074,0.002376341673713589
2023-09-29,0.999591858539521,0.9970494764784514,0.0025423820610696035
2023-10-02,0.9995645740264576,0.996743720942416,0.0028208530840415635
2023-10-03,0.9994959233146354,0.996743720942416,0.0027522023722194033
2023-10-04,0.9995629187381057,0.9970494764784514,0.0025134422596542194
2023-10-05,0.9996835923593993,0.9970494764784514,0.0026341158809478626
2023-10-06,0.9996835923593993,0.9973271314419476,0.002356460917451675
2023-10-09,0.9995756980328026,0.9974931718293036,0.0020825262034989134
2023-10-10,0.9995236751233311,0.9974931718293036,0.0020305032940274303
2023-10-11,0.9994309725073575,0.9974565162449344,0.0019744562624230966
2023-10-12,0.9993480678902186,0.9973827796929049,0.001965288197313675
2023-10-13,0.9992671749278641,0.9973448742217457,0.0019223007061184294
2023-10-16,0.9992545408587122,0.9971788338343898,0.0020757070243224707
2023-10-17,0.9993637611928194,0.9974313900684721,0.0019323711243472985
2023-10-18,0.9992676208564105,0.9973827796929049,0.001884841163505624
2023-10-19,0.9991726544276198,0.9971788338343895,0.0019938205932302777
2023-10-20,0.9989981616932353,0.9974313900684719,0.0015667716247633745
2023-10-23,0.998921895026198,0.9977176880072723,0.0012042070189256515
2023-10-24,0.9987372704784271,0.9974931718293036,0.0012440986491234485
2023-10-25,0.9987372704784271,0.9973271314419476,0.001410139036479463
2023-10-26,0.9986980268636522,0.9973393489862725,0.0013586778773796437
2023-10-27,0.9986980268636522,0.9970865394304602,0.0016114874331919493
2023-10-30,0.9986980268636522,0.9968675691395567,0.0018304577240955133
2023-10-31,0.9984868785448983,0.9970988927308339,0.0013879858140644075
2023-11-01,0.9984868785448983,0.9967931371947982,0.001693741350100031
2023-11-02,0.9986234658081238,0.9967931371947982,0.0018303286133255492
2023-11-03,0.9985369499613973,0.996599293080357,0.001937656881040306
2023-11-06,0.9984003626981719,0.996599293080357,0.0018010696178148988
2023-11-07,0.9982491464054861,0.9965626374959877,0.0016865089094983965
2023-11-08,0.9983477238899588,0.9965626374959877,0.0017850863939711248
2023-11-09,0.998347723889959,0.9965626374959877,0.0017850863939712358
2023-11-10,0.998347723889959,0.9965626374959877,0.0017850863939712358
2023-11-13,0.998347723889959,0.9967816077868913,0.0015661161030676718
2023-11-14,0.9984843111531845,0.9970503003709178,0.0014340107822666814
2023-11-15,0.9987074142631364,0.9972909018138024,0.0014165124493339398
2023-11-16,0.9987600530713492,0.9972782677446507,0.0014817853266985148
2023-11-17,0.9988692734054565,0.9972782677446507,0.0015910056608058332
2023-11-20,0.9989784937395639,0.9970743218861354,0.0019041718534285046
2023-11-21,0.998895589122425,0.9970869559552872,0.001808633167137863
2023-11-22,0.9988955891224252,0.9967691156795808,0.0021264734428443344
2023-11-24,0.9989784937395639,0.9969730615380962,0.0020054322014677606
2023-11-27,0.9989784937395639,0.9969604274689442,0.002018066270619734
2023-11-28,0.9989917294588342,0.9969604274689442,0.0020313019898899887
2023-11-29,0.9989774755535172,0.9969604274689442,0.0020170480845730365
2023-11-30,0.9990603801706561,0.9972782677446507,0.0017821124260054555
2023-12-01,0.9992287620863455,0.9972782677446507,0.0019504943416948084
2023-12-04,0.9992287620863455,0.9970994480625975,0.0021293140237479413
2023-12-05,0.9992021311736372,0.9970994480625975,0.0021026831110396715
2023-12-06,0.9991326217499366,0.9972909018138024,0.001841719936134134
2023-12-07,0.9990320527989035,0.9975310773004629,0.0015009754984406376
2023-12-08,0.9991149574160423,0.9977077069569973,0.0014072504590449952
2023-12-11,0.999101562222604,0.997454897401185,0.0016466648214190638
2023-12-12,0.999101562222604,0.9976822935931484,0.0014192686294556278
2023-12-13,0.9991152881781619,0.9977193565451573,0.0013959316330045546
2023-12-14,0.9992977435602872,0.9977447699090062,0.0015529736512810421
2023-12-15,0.9992714278433189,0.9977068644378468,0.0015645634054720636
2023-12-18,0.9992714278433186,0.9979565067922778,0.0013149210510408071
2023-12-19,0.9990889724611934,0.9979565067922778,0.001132465668915672
2023-12-20,0.9990482927546915,0.9977447699090061,0.0013035228456854675
2023-12-21,0.9989923418884967,0.997805290499592,0.0011870513889047363
2023-12-22,0.999101562222604,0.9979692860869745,0.0011322761356294953
2023-12-26,0.9990603801706561,0.9976950728878454,0.0013653072828107016
2023-12-27,0.9990603801706561,0.9976950728878454,0.0013653072828107016
2023-12-28,0.9990206692602496,0.9977447699090061,0.0012758993512435035
2023-12-29,0.9989814256454748,0.9977193565451573,0.0012620691003174533
2024-01-02,0.9989814256454749,0.9977317098455308,0.00124971579994404
2024-01-03,0.999095230315778,0.997706864437847,0.0013883658779310082
2024-01-04,0.9990669029440252,0.9977673850284328,0.001299517915592463
2024-01-05,0.9991890511759389,0.9977922304361168,0.0013968207398221688
2024-01-08,0.9991890511759386,0.9977922304361168,0.0013968207398218357
2024-01-09,0.9990929108395298,0.9976261900487606,0.0014667207907691493
2024-01-10,0.9990929108395298,0.9976261900487606,0.0014667207907691493
2024-01-11,0.9992775353873009,0.9978301359072758,0.0014473994800251466
2024-01-12,0.9993041663000091,0.9976261900487606,0.0016779762512484364
2024-01-16,0.9992775353873009,0.9976513162252229,0.0016262191620780575
2024-01-17,0.9993804329670464,0.9976513162252229,0.001729116741823522
2024-01-18,0.9993041663000093,0.997860390598983,0.001443775701026273
2024-01-19,0.9991890511759386,0.9978478984916728,0.0013411526842658228
2024-01-22,0.9989923418884966,0.9976540543772315,0.0013382875112650794
2024-01-23,0.9989245289238404,0.9976665464845418,0.0012579824392986438
2024-01-24,0.9989990899793688,0.9974448380416296,0.0015542519377391706
2024-01-25,0.9989563235763043,0.9974448380416299,0.001511485534674395
2024-01-26,0.9990929108395298,0.9974323459343193,0.0016605649052104932
2024-01-29,0.999159906263,0.997401673870792,0.001758232392207959
2024-01-30,0.9990929108395298,0.9974323459343193,0.0016605649052104932
2024-01-31,0.9991683150531935,0.9971827035798886,0.0019856114733048935
2024-02-01,0.9992353104766638,0.997401673870792,0.001833636605871769
2024-02-02,0.9993445308107712,0.9976261900487607,0.0017183407620104951
2024-02-05,0.9993445308107712,0.9976261900487607,0.0017183407620104951
2024-02-06,0.999344530810771,0.9976261900487606,0.001718340762010384
2024-02-07,0.9995026839089005,0.9973641943939563,0.0021384895149442196
2024-02-08,0.9996067867457785,0.9971452241030528,0.0024615626427256787
2024-02-09,0.9996067867457785,0.9971827035798886,0.0024240831658899342
2024-02-12,0.9996334176584868,0.9971827035798886,0.002450714078598204
2024-02-13,0.9995801481905745,0.9971827035798886,0.002397444610685917
2024-02-14,0.9995114974787523,0.9971827035798886,0.002328793898863757
2024-02-15,0.9994343483928183,0.9974323459343193,0.0020020024584990193
2024-02-16,0.9993122001609048,0.9971703502795151,0.002141849881389768
2024-02-20,0.9993122001609048,0.9971703502795151,0.002141849881389768
2024-02-21,0.999271520454403,0.9973641943939563,0.0019073260604467457
2024-02-22,0.9990846744196449,0.9970988927308336,0.00198578168881125
2024-02-23,0.9989829544890126,0.9970988927308336,0.001884061758179012
2024-02-26,0.9989309315795409,0.9968675691395567,0.0020633624399842843
2024-02-27,0.9990326515101732,0.9970865394304602,0.0019461120797129583
2024-02-28,0.9990326515101731,0.9973641943939563,0.0016684571162167705
2024-02-29,0.9990599360232367,0.9975804935528451,0.0014794424703916675
2024-03-01,0.9991572796716875,0.9973765476943298,0.0017807319773577301
2024-03-04,0.999073331216675,0.9970988927308339,0.0019744384858411124
2024-03-05,0.9990868897741807,0.9970988927308339,0.0019879970433468452
2024-03-06,0.9989582160926045,0.9973028385893491,0.0016553775032553952
2024-03-07,0.9988310162288632,0.9970865394304602,0.0017444767984029497
2024-03-08,0.998880163920543,0.9970743218861353,0.0018058420344077009
2024-03-11,0.9989717746501103,0.9968182633712604,0.0021535112788498845
2024-03-12,0.9989582160926046,0.9967934179635767,0.002164798129027923
2024-03-13,0.9988037317157996,0.9967316362027452,0.0020720955130544283
2024-03-14,0.998712120986232,0.9967564816104291,0.001955639375802898
2024-03-15,0.9988528794074791,0.9967564816104291,0.0020963977970500647
2024-03-18,0.9988528794074791,0.9969970830533136,0.0018557963541655509
2024-03-19,0.9988116973555314,0.9972782677446507,0.0015334296108807655
2024-03-20,0.9986292419734063,0.9974548974011852,0.0011743445722210977
2024-03-21,0.9987131904284187,0.9973803363456566,0.0013328540827620694
2024-03-22,0.9988464981188644,0.9974294840373362,0.0014170140815281673
2024-03-25,0.9988464981188644,0.9972403622734914,0.0016061358453729468
2024-03-26,0.9986233950089123,0.9969970830533136,0.0016263119555987027
2024-03-27,0.9984171572278447,0.9969591775821544,0.0014579796456903882
2024-03-28,0.9984875471253516,0.9972403622734914,0.0012471848518601503
2024-04-01,0.9986082207466452,0.9972525798178161,0.001355640928829116
2024-04-02,0.9986494027985933,0.9972525798178163,0.001396822980776924
2024-04-03,0.9988139436187827,0.9972525798178163,0.0015613638009663866
2024-04-04,0.9988139436187827,0.9972155168658074,0.0015984267529752794
2024-04-05,0.9987727615668347,0.9974292094743507,0.001343552092484046
2024-04-08,0.9986217793041511,0.9976436777685079,0.00097810153564315
2024-04-09,0.9988422709905355,0.9976693849610111,0.001172886029524367
2024-04-10,0.9988139436187827,0.99737951245319,0.00143443116559272
2024-04-11,0.9987727615668347,0.9975663584879484,0.001206403078886309
2024-04-12,0.9988287124330295,0.9974788695346138,0.0013498428984156652
2024-04-15,0.9989544718945308,0.99749179743242,0.0014626744621107912
2024-04-16,0.9988679560478042,0.9975663584879484,0.001301597559855816
2024-04-17,0.9989366067596265,0.9977808267821056,0.001155779977520921
2024-04-18,0.9990893199720716,0.9977937546799118,0.0012955652921597949
2024-04-19,0.9988949097987483,0.9977937546799118,0.001101155118836461
2024-04-22,0.9988949097987483,0.9979538083829846,0.0009411014157636455
2024-04-23,0.9988254003750476,0.9979792217468333,0.0008461786282143446
2024-04-24,0.9987727615668347,0.9977825124593913,0.0009902491074433861
2024-04-25,0.9988949097987485,0.9978316601510708,0.0010632496476776776
2024-04-26,0.9988949097987485,0.9979408804851784,0.0009540293135701372
2024-04-29,0.9990752465056356,0.9981526173684498,0.0009226291371857709
2024-04-30,0.9991702129344261,0.9981771882131483,0.0009930247212778243
2024-05-01,0.9991702129344261,0.9981771882131484,0.0009930247212777132
2024-05-02,0.9991702129344261,0.9979654513298767,0.0012047616045494092
2024-05-03,0.9993246973112312,0.9978305238032662,0.001494173507964991
2024-05-06,0.9993513282239395,0.9980925194580704,0.001258808765869035
2024-05-07,0.9993246973112312,0.9980162527910332,0.00130844452019796
2024-05-08,0.9993385948501156,0.9977420395919041,0.0015965552582114517
2024-05-09,0.9993385948501156,0.9977420395919041,0.0015965552582114517
2024-05-10,0.9992577018877608,0.9977420395919041,0.0015156622958566457
2024-05-13,0.9992577018877608,0.9976282349216009,0.0016294669661598427
2024-05-14,0.9992577018877608,0.9977631624482114,0.0014945394395493583
2024-05-15,0.9993385948501153,0.9977882886246736,0.0015503062254417221
2024-05-16,0.9993523208056734,0.9976977443453016,0.001654576460371815
2024-05-17,0.9993655565249434,0.9977882886246736,0.0015772679002697965
2024-05-20,0.9992517518546403,0.9979473866997323,0.0013043651549080604
2024-05-21,0.9994062362314451,0.998068060321026,0.0013381759104190705
2024-05-22,0.9995349099130213,0.9980301548498669,0.0015047550631543949
2024-05-23,0.9995483051064595,0.9979815444742997,0.0015667606321598804
2024-05-24,0.9995483051064595,0.9980091679687416,0.0015391371377179164
2024-05-28,0.9996647612437111,0.9981925351499988,0.0014722260937122256
2024-05-29,0.9997419103296451,0.9980681838000236,0.0016737265296214998
2024-05-30,0.9997554688871507,0.9981597945295909,0.0015956743575598065
2024-05-31,0.9997554688871506,0.9982841458795663,0.0014713230075843464
2024-06-03,0.999806890146504,0.99837138983915,0.001435500307354065
2024-06-04,0.9997536206785916,0.9984368079420598,0.001316812736531836
2024-06-05,0.9997400621210858,0.9983970970316529,0.0013429650894328793
2024-06-06,0.9997920850305574,0.9983713898391497,0.0014206951914076393
2024-06-07,0.999712161709281,0.998285825679376,0.001426336029905051
2024-06-10,0.9997514053240556,0.9984779899940077,0.0012734153300478779
2024-06-11,0.9997256981315525,0.9985774337385402,0.0011482643930122993
2024-06-12,0.9996742768721992,0.9986519947940686,0.0010222820781305986
2024-06-13,0.9997149565787009,0.9985453946392109,0.001169561939490027
2024-06-14,0.9997663778380542,0.9984708335836825,0.0012955442543717277
2024-06-17,0.9997256981315525,0.9985774337385402,0.0011482643930122993
2024-06-18,0.9996717827057804,0.9986772767601776,0.0009945059456027971
2024-06-20,0.9996974898982837,0.998577833015645,0.0011196568826387088
2024-06-21,0.9996296769336274,0.9986440303813636,0.0009856465522637414
2024-06-24,0.9995230767787696,0.998577833015645,0.0009452437631246591
2024-06-25,0.9996296769336274,0.9986317484414169,0.0009979284922104759
2024-06-26,0.9996296769336275,0.9987829647341029,0.0008467121995245908
2024-06-27,0.9996039697411242,0.9987829647341026,0.0008210050070216468
2024-06-28,0.9994847355171147,0.9986046979583554,0.0008800375587593168
2024-07-01,0.9996039697411242,0.9985334049869463,0.0010705647541778829
2024-07-02,0.999710569895982,0.9984794895611742,0.0012310803348077881
2024-07-03,0.999710569895982,0.9984794895611742,0.0012310803348077881
2024-07-05,0.999710569895982,0.9984794895611742,0.0012310803348077881
2024-07-08,0.999710569895982,0.9984534816656696,0.001257088230312342
2024-07-09,0.999710569895982,0.9983434351092118,0.0013671347867701966
2024-07-10,0.9996974898982837,0.9985334049869463,0.0011640849113373486
2024-07-11,0.9996717827057806,0.9984534816656696,0.0012183010401110028
2024-07-12,0.9997256981315523,0.9984941613721715,0.0012315367593808135
2024-07-15,0.9997663778380542,0.9985927388566442,0.0011736389814099857
2024-07-16,0.9997149565787009,0.9985927388566442,0.0011222177220566731
2024-07-17,0.9997419103296451,0.9985927388566442,0.001149171473000865
2024-07-18,0.9997419103296451,0.9985927388566442,0.001149171473000865
2024-07-19,0.9997554688871507,0.9985077199296774,0.0012477489574733713
2024-07-22,0.9996783198012167,0.9984941613721715,0.001184158429045179
2024-07-23,0.9996783198012167,0.9986453776648573,0.001032942136359405
2024-07-24,0.9996783198012167,0.9984554077871227,0.0012229120140939687
2024-07-25,0.9996783198012167,0.9985224032105932,0.0011559165906235291
2024-07-26,0.9995754222214712,0.9984817235040913,0.001093698717379965
2024-07-29,0.9995618636639654,0.9984817235040913,0.0010801401598741212
2024-07-30,0.9995618636639654,0.9982801724361152,0.0012816912278501569
2024-07-31,0.9995618636639654,0.9983340878618872,0.0012277758020782237
2024-08-01,0.9995618636639654,0.9984817235040913,0.0010801401598741212
2024-08-02,0.9995618636639653,0.9982801724361152,0.0012816912278500459
2024-08-05,0.9995349099130215,0.9979958666044538,0.0015390433085676891
2024-08-06,0.9994331899823894,0.9982088794647059,0.0012243105176834579
2024-08-07,0.9995618636639654,0.9982662748972309,0.0012955887667345234
2024-08-08,0.9995754222214712,0.998306464367445,0.0012689578540262536
2024-08-09,0.9995618636639656,0.9983768542649518,0.001185009399013781
2024-08-12,0.9995618636639656,0.9981071774627508,0.0014546862012148054
2024-08-13,0.9995754222214712,0.9980654805018728,0.0015099417195983955
2024-08-14,0.9995618636639654,0.9980654805018726,0.0014963831620927737
2024-08-15,0.9995483051064595,0.998306464367445,0.0012418407390145658
2024-08-16,0.9995076253999579,0.9984541000096493,0.0010535253903085628
2024-08-19,0.9995211839574635,0.9984817235040913,0.0010394604533722207
2024-08-20,0.9995211839574635,0.9984817235040913,0.0010394604533722207
2024-08-21,0.9995211839574637,0.9986716933818258,0.000849490575637879
2024-08-22,0.9994945530447552,0.9986046979583554,0.0008898550863998267
2024-08-23,0.999597450624501,0.9986453776648571,0.0009520729596439459
2024-08-26,0.9996482839934663,0.9987293261198696,0.0009189578735966375
2024-08-27,0.9996071019415183,0.9987825955877822,0.0008245063537360986
2024-08-28,0.9996071019415183,0.9987293261198696,0.0008777758216486076
2024-08-29,0.999556268572553,0.9986589362223629,0.0008973323501900721
2024-08-30,0.9994398124353017,0.9986453776648571,0.0007944347704446075
2024-09-03,0.9995076253999579,0.9985927388566442,0.00091488654331362
2024-09-04,0.9995211839574637,0.9986589362223628,0.0008622477351009072
2024-09-05,0.9994533709928073,0.9987293261198696,0.0007240448729376459
2024-09-06,0.9994264172418634,0.9985530821976932,0.0008733350441701981
2024-09-09,0.9994666067120775,0.9984826923001864,0.0009839144118911625
2024-09-10,0.9994264172418634,0.9985393562421354,0.0008870609997280177
2024-09-11,0.9994666067120775,0.9984826923001864,0.0009839144118911625
2024-09-12,0.9993648867814451,0.9987293261198699,0.0006355606615752185
2024-09-13,0.9992241283601981,0.9985393562421354,0.0006847721180627264
2024-09-16,0.9992787056055841,0.9982811412322101,0.0009975643733739492
2024-09-17,0.9992787056055841,0.9980542308330739,0.0012244747725101979
2024-09-18,0.9994331899823893,0.9978298731416904,0.0016033168406989207
2024-09-19,0.9994059054693255,0.9978695840520971,0.0015363214172283701
2024-09-20,0.9994059054693255,0.9981506056854296,0.0012552997838959357
2024-09-23,0.9994059054693255,0.9981917877373774,0.0012141177319481278
2024-09-24,0.9993925102758875,0.9982879280737865,0.0011045822021009677
2024-09-25,0.9993925102758873,0.9980496728435189,0.0013428374323684045
2024-09-26,0.9995076253999579,0.9980084907915707,0.0014991346083871315
2024-09-27,0.9995076253999579,0.9980084907915707,0.0014991346083871315
2024-09-30,0.9995076253999579,0.9980084907915707,0.0014991346083871315
2024-10-01,0.9994669456934558,0.9979398400797488,0.0015271056137070582
2024-10-02,0.9995971277862652,0.9979255861744318,0.0016715416118333604
2024-10-03,0.999661041152929,0.9978828197713672,0.0017782213815618064
2024-10-04,0.9996064639075428,0.9978695840520971,0.0017368798554456832
2024-10-07,0.9996203614464271,0.9980532620369787,0.0015670994094483248
2024-10-08,0.9996064639075428,0.9981992794737605,0.0014071844337822936
2024-10-09,0.999529314821609,0.9982662748972309,0.001263039924378151
2024-10-10,0.999661041152929,0.9979819690655697,0.0016790720873592901
2024-10-11,0.9996064639075428,0.9979097495383744,0.0016967143691684061
2024-10-14,0.9995801481905744,0.9979097495383743,0.001670398652200089
2024-10-15,0.9994982617594823,0.9979097495383743,0.0015885122211080072
2024-10-16,0.9994982617594823,0.9979636649641462,0.001534596795336074
2024-10-17,0.9995932281882728,0.9979636649641462,0.0016295632241265512
2024-10-18,0.9995932281882727,0.9981629518688405,0.0014302763194321555
2024-10-21,0.9995262327648023,0.9983105875110446,0.0012156452537577245
2024-10-22,0.9996315694499278,0.9983239827044829,0.0013075867454449552
2024-10-23,0.9996315694499277,0.9982569872810126,0.0013745821689150617
2024-10-24,0.9995908897434258,0.9982435920875745,0.0013472976558512872
2024-10-25,0.9994959233146354,0.9983105875110448,0.0011853358035905925
2024-10-28,0.9995090033123337,0.9982703980408305,0.0012386052715032125
2024-10-29,0.9994829954168292,0.9981555305868047,0.0013274648300244385
2024-10-30,0.9994407705061922,0.9980078949446006,0.0014328755615915512
2024-10-31,0.9994829954168292,0.9977948820843485,0.0016881133324806452
2024-11-01,0.9993868550804201,0.99776856636738,0.0016182887130401502
2024-11-04,0.9992676208564106,0.9977273843154322,0.0015402365409784569
2024-11-05,0.9992676208564105,0.9975310892363689,0.0017365316200416148
2024-11-06,0.9992297153852513,0.9976747455072192,0.0015549698780320531
2024-11-07,0.9993258557216604,0.9978470786609697,0.0014787770606907724
2024-11-08,0.9993804329670464,0.9978470786609697,0.0015333543060767063
2024-11-11,0.9993041663000093,0.9977139891219939,0.0015901771780153506
2024-11-12,0.9993991327287998,0.9975033573861684,0.0018957753426314117
2024-11-13,0.9994264172418634,0.9977416126164362,0.0016848046254271942
2024-11-14,0.999400101524895,0.9976737996517802,0.0017263018731148438
2024-11-15,0.9993584045640167,0.9974494419603964,0.001908962603620279
2024-11-18,0.9992297308824405,0.9973415476337998,0.0018881832486407069
2024-11-19,0.9992297308824405,0.9973415476337998,0.0018881832486407069
2024-11-20,0.9992297308824405,0.9973415476337995,0.00188818324864104
2024-11-21,0.9992297308824405,0.9973415476337997,0.0018881832486408179
2024-11-22,0.999142241929106,0.9973415476337997,0.001800694295306271
2024-11-25,0.9989758027611028,0.9973415476337997,0.0016342551273030859
2024-11-26,0.9989758027611028,0.9974732027092096,0.001502600051893177
2024-11-27,0.9990030872741666,0.9973639823751024,0.0016391048990642698
2024-11-29,0.9990030872741666,0.9972898355279527,0.0017132517462139507
2024-12-02,0.9987825955877823,0.9972898355279527,0.0014927600598295676
2024-12-03,0.9988248204984191,0.9972898355279527,0.0015349849704664464
2024-12-04,0.9987553110747185,0.9973975117030793,0.0013577993716391568
2024-12-05,0.9987836384464714,0.997275363471166,0.0015082749753054792
2024-12-06,0.998975802761103,0.997185774819808,0.0017900279412950137
2024-12-09,0.9990752465056355,0.9969455993331474,0.0021296471724880917
2024-12-10,0.9990057370819349,0.997066272954441,0.0019394641274939062
2024-12-11,0.999005737081935,0.9973190825102533,0.0016866545716817116
2024-12-12,0.9991149574160423,0.9972124823553957,0.001902475060646558
2024-12-13,0.999142241929106,0.9974279309622561,0.001714310966849819
2024-12-16,0.9989895287166608,0.9977497144019855,0.001239814314675347
2024-12-17,0.999017499721981,0.9976304801779758,0.001387019544005108
2024-12-18,0.9991702129344261,0.9973086967382465,0.00186151619617958
2024-12-19,0.9992840176047293,0.9970558871824342,0.0022281304222950826
2024-12-20,0.9992840176047294,0.9970558871824342,0.0022281304222951936
2024-12-23,0.9991890511759387,0.997175121406444,0.00201392976949466
2024-12-24,0.9991212382112826,0.9970293216086878,0.002091916602594779
2024-12-26,0.9991212382112826,0.9969100873846783,0.00221115082660428
2024-12-27,0.9991212382112824,0.9969100873846783,0.002211150826604058
2024-12-30,0.9991890511759386,0.9970558871824342,0.0021331639935043833
2024-12-31,0.999101562222604,0.997175389047801,0.0019261731748030364
2025-01-02,0.9990206692602496,0.9974971724875303,0.001523496772719235
2025-01-03,0.9991212382112824,0.9977188809304423,0.0014023572808401497
2025-01-06,0.9989990899793688,0.997852188620888,0.001146901358480834
2025-01-07,0.9990257208920773,0.9977549213591271,0.0012707995329501731
2025-01-08,0.9990517287875817,0.9977408478926911,0.0013108808948906203
2025-01-10,0.9990659826928987,0.9976216136686815,0.0014443690242171847
2025-01-13,0.9990659826928985,0.9974125392949215,0.001653443397977017
2025-01-14,0.9989784937395639,0.997545846985367,0.0014326467541969645
2025-01-15,0.998769829660924,0.9974125392949212,0.0013572903660027391
2025-01-16,0.9988393390846246,0.9974125392949212,0.0014267997897033924
2025-01-17,0.9988810360455028,0.9976304801779758,0.0012505558675269812
2025-01-21,0.9986747982644352,0.99761640671154,0.0010583915528952215
2025-01-22,0.9988810360455027,0.9972946232718105,0.001586412773692203
2025-01-23,0.9989629224765949,0.99707917466495,0.0018837478116449091
2025-01-24,0.9989090070508229,0.99707917466495,0.001829832385872865
2025-01-27,0.9988810360455027,0.9968239368940609,0.00205709915144181
2025-01-28,0.9989804797900353,0.9965586352309385,0.0024218445590968862
2025-01-29,0.9990482927546915,0.9965586352309385,0.002489657523753075
2025-01-30,0.9989683694334152,0.9968138730018274,0.0021544964315877158
2025-01-31,0.9990482927546915,0.9968263651091379,0.002221927645553623
2025-02-03,0.9990889724611934,0.9965853812435655,0.0025035912176278874
2025-02-04,0.99896682422928,0.9965853812435658,0.0023814429857141883
2025-02-05,0.998926144522778,0.996718688934011,0.0022074555887668934
2025-02-06,0.998926144522778,0.9964521063319906,0.0024740381907873976
2025-02-07,0.9989923418884966,0.9960531625087456,0.002939179379750967
2025-02-10,0.9989530982737221,0.9960280363322833,0.0029250619414388224
2025-02-11,0.9988557546252711,0.9959852699292187,0.0028704846960524444
2025-02-12,0.9989829544890126,0.9955590949460736,0.0034238595429390006
2025-02-13,0.9990326515101732,0.9952330935120285,0.003799557998144687
2025-02-14,0.9989648385455169,0.9953130168333051,0.003651821712211789
2025-02-18,0.9989648385455169,0.9953130168333051,0.003651821712211789
2025-02-19,0.9989648385455169,0.9953662863012175,0.003598552244299391
2025-02-20,0.9988528658676059,0.9950372796338279,0.003815586233777979
2025-02-21,0.9987709794365136,0.9948225814423726,0.00394839799414104
2025-02-24,0.9987709794365136,0.9950240565065911,0.0037469229299225137
2025-02-25,0.9987709794365137,0.9950240565065911,0.0037469229299226248
2025-02-26,0.9986617591024063,0.9952605555543288,0.0034012035480774916
2025-02-27,0.9985086466128565,0.9951485828764177,0.003360063736438823
2025-02-28,0.9984703053512016,0.9950321267391664,0.0034381786120352142
2025-03-03,0.9986178669469639,0.9952468249306217,0.003371042016342196
2025-03-04,0.9988341661058526,0.9954482999948402,0.0033858661110124366
2025-03-05,0.9988341661058526,0.9954482999948402,0.0033858661110124366
2025-03-06,0.9987249457717453,0.9954482999948402,0.0032766457769051183
2025-03-07,0.9987249457717453,0.9957626776327694,0.002962268138975932
2025-03-10,0.9988849994748181,0.9958135110017347,0.0030714884730834724
2025-03-11,0.9989140675355903,0.9959227313358421,0.002991336199748229
2025-03-12,0.998901139637784,0.9960599755571388,0.0028411640806452754
2025-03-13,0.9987628512429045,0.9958135110017347,0.0029493402411698844
2025-03-14,0.9987628512429045,0.9954998628680631,0.0032629883748414024
2025-03-17,0.9987628512429043,0.9955531323359755,0.0032097189069287824
2025-03-18,0.9985968108555484,0.9954132474324311,0.0031835634231173193
2025-03-19,0.9984223181211637,0.9953493340657674,0.003072984055396244
2025-03-20,0.9982284740067224,0.9952653856107547,0.0029630883959677057
2025-03-21,0.9982284740067224,0.9951096359512012,0.003118838055521267
2025-03-24,0.9980269989425041,0.9953627292592057,0.0026642696832984702
2025-03-25,0.9979819201561265,0.9952653856107547,0.002716534545371796
2025-03-26,0.9981782152351899,0.9947843583920246,0.0033938568431652882
2025-03-27,0.9981909945298867,0.9948683068470375,0.003322687682849157
2025-03-28,0.9983403610878091,0.9951096359512012,0.003230725136607937
2025-03-31,0.9980815896928883,0.9951096359512012,0.0029719537416871278
2025-04-01,0.9979322231349659,0.9951096359512012,0.002822587183764713
2025-04-02,0.9979322231349657,0.9951096359512012,0.002822587183764491
2025-04-03,0.9980815896928883,0.9951096359512012,0.0029719537416871278
2025-04-04,0.9982778847719516,0.9951096359512012,0.0031682488207503967
2025-04-07,0.9980688103981913,0.9949227899164429,0.0031460204817483906
2025-04-08,0.9980688103981913,0.9946396151816165,0.0034291952165748096
2025-04-09,0.9979942493426629,0.9945511309702544,0.0034431183724085157
2025-04-10,0.9981291768692734,0.9947681649597326,0.0033610119095407454
2025-04-11,0.9983125440505304,0.9950715347528931,0.003241009297637265
2025-04-14,0.9983743258113619,0.9951600189642551,0.0032143068471067737
2025-04-15,0.9982651054772548,0.9949672285388157,0.0032978769384390816
2025-04-16,0.9980688103981913,0.9946528509008866,0.003415959497304666
2025-04-17,0.9980070286373599,0.9945511309702544,0.003455897667105523
2025-04-21,0.9979174399860019,0.9947549292404626,0.0031625107455393042
2025-04-22,0.9978309241392753,0.994847150714869,0.0029837734244063663
2025-04-23,0.9976035279473119,0.994960955385172,0.0026425725621398444
2025-04-24,0.997817996241469,0.9950582990336228,0.002759697207846301
2025-04-25,0.9978179962414692,0.9952268915344961,0.002591104706973102
2025-04-28,0.9978179962414692,0.9949346396682037,0.0028833565732654387
2025-04-29,0.9978179962414692,0.9947449394085198,0.003073056832949339
2025-04-30,0.9979258905680658,0.9947449394085198,0.003180951159545975
2025-05-01,0.997827547113595,0.9948260429560583,0.0030015041575367496
2025-05-02,0.9978275471135952,0.9952967648490746,0.002530782264520637
2025-05-05,0.9980197114282269,0.9951601775858492,0.002859533842377693
2025-05-06,0.998218520413692,0.9949631044075293,0.003255416006162637
2025-05-07,0.9983050362604186,0.9949631044075293,0.003341931852889224
2025-05-08,0.998266249070217,0.9952060896721417,0.003060159398075246
2025-05-09,0.9983201644959891,0.9953377447475518,0.0029824197484373816
2025-05-12,0.9983201644959891,0.9953377447475518,0.0029824197484373816
2025-05-13,0.998266249070217,0.9953377447475518,0.0029285043226652263
2025-05-14,0.9980805200824499,0.995042094084759,0.0030384259976908856
2025-05-15,0.9980067835304204,0.9948841277471135,0.003122655783306838
2025-05-16,0.9979001833755626,0.9952060896721417,0.0026940937034208856
2025-05-19,0.9980805200824501,0.9952678714329732,0.0028126486494768344
2025-05-20,0.998266249070217,0.9950322835086296,0.003233965561587393
2025-05-21,0.9983201644959889,0.9950322835086296,0.003287880987359326
2025-05-22,0.9980219117659909,0.9948065061604155,0.0032154056055753166
2025-05-23,0.998021911765991,0.9948992087763888,0.003122702989602155
2025-05-27,0.9978843246967454,0.9946466525423063,0.003237672154439042
2025-05-28,0.9977231258705005,0.994403667277694,0.003319458592806468
2025-05-29,0.9979633013571609,0.9942434201421406,0.0037198812150203153
2025-05-30,0.9979231118869469,0.9942960589503536,0.003627052936593378
2025-06-02,0.9979231118869469,0.9943533800989497,0.0035697317879972434
2025-06-03,0.9979231118869469,0.99477801107633,0.0031451008106169187
2025-06-04,0.9979360397847532,0.9944517235534206,0.003484316231332607
2025-06-05,0.9980678533467481,0.9942960589503536,0.0037717943963945233
2025-06-06,0.9978561164634765,0.9940316751085267,0.003824441354949748
2025-06-09,0.9978561164634765,0.9940579908254951,0.003798125637981431
2025-06-10,0.9978561164634765,0.994322374667322,0.0035337417961545103
2025-06-11,0.9978561164634767,0.9942960589503537,0.0035600575131230494
2025-06-12,0.998166196801219,0.9945337910897657,0.0036324057114532904
2025-06-13,0.9982461201224956,0.994481152281553,0.0037649678409426013
2025-06-16,0.9980678533467481,0.9945503010378935,0.0035175523088545324
2025-06-17,0.9978561164634767,0.9946894556928328,0.00316666077064387
2025-06-18,0.9980678533467484,0.9948260429560581,0.0032418103906902695
2025-06-20,0.9980152145385354,0.9950097209409399,0.003005493597595499
2025-06-23,0.9980152145385354,0.995056294633189,0.0029589199053463577
2025-06-24,0.9979086143836776,0.9954690980028248,0.002439516380852824
2025-06-25,0.9979086143836776,0.995469098002825,0.002439516380852602
2025-06-26,0.9979086143836776,0.995469098002825,0.002439516380852602
2025-06-27,0.9978702731220228,0.99516881837542,0.0027014547466027716
2025-06-30,0.9978150176036389,0.9950097209409399,0.0028052966626990194
2025-07-01,0.9974932341639093,0.9947286993076074,0.0027645348563019034
2025-07-02,0.9974932341639093,0.9945216268698126,0.002971607294096734
2025-07-03,0.9973050815867206,0.9948523586730267,0.0024527229136939166
2025-07-07,0.9972089412503116,0.9950097209409399,0.0021992203093716967
2025-07-08,0.996844034283434,0.995264958711829,0.001579075571605082
2025-07-09,0.996844034283434,0.995469098002825,0.0013749362806090293
2025-07-10,0.9968440342834339,0.99516881837542,0.001675215908013894
2025-07-11,0.9968440342834339,0.994692069135424,0.002151965148009971
2025-07-14,0.996844034283434,0.9944529097163659,0.002391124567068137
2025-07-15,0.996844034283434,0.9940736694465984,0.0027703648368356815
2025-07-16,0.996684936848954,0.9939871535998718,0.0026977832490822085
2025-07-17,0.9968309542857356,0.994244245637726,0.0025867086480096946
2025-07-18,0.9969401746198431,0.9938650053679582,0.0030751692518848905
2025-07-21,0.9970613056081074,0.9939871535998719,0.0030741520082354645
2025-07-22,0.9970349898911388,0.9941331710366536,0.0029018188544852608
2025-07-23,0.9967917106709612,0.9939126793502693,0.002879031320691894
2025-07-24,0.9969138589028745,0.993515212458221,0.003398646444653486
2025-07-25,0.9971825514869015,0.9936373606901345,0.0035451907967669616
2025-07-28,0.9972787658697522,0.9937589884368343,0.00351977743291787
2025-07-29,0.9971958612526135,0.9937589884368343,0.0034368728157792017
2025-07-30,0.9973319157045755,0.9939652262179018,0.003366689486673624
2025-07-31,0.9973702569662305,0.9939395190253987,0.0034307379408318184
2025-08-01,0.9973702569662305,0.9939395190253987,0.0034307379408318184
2025-08-04,0.9972472825119665,0.9939512221273855,0.0032960603845809677
2025-08-05,0.9973319157045755,0.9940624934796626,0.003269422224912888
2025-08-06,0.9973319157045755,0.994143386442017,0.003188529262558415
2025-08-07,0.9973059078090711,0.9942428301865498,0.0030630776225213374
2025-08-08,0.9970592739893877,0.994143386442017,0.002915887547370599
2025-08-11,0.9970213685182288,0.9942163165326391,0.0028050519855896683
2025-08-12,0.9970213685182288,0.9942163165326391,0.0028050519855896683
2025-08-13,0.9969318661319211,0.9942163165326391,0.0027155495992819967
2025-08-14,0.9967806498392355,0.9942044889248948,0.0025761609143407638
2025-08-15,0.9970080460311989,0.9941198557322857,0.0028881902989131847
2025-08-18,0.9970343617481673,0.9941198557322857,0.0029145060158816127
2025-08-19,0.9970819319887676,0.9940684344729324,0.0030134975158352395
2025-08-20,0.9970556162717991,0.9942229188497376,0.002832697422061492
2025-08-21,0.9973298294709282,0.9938329294259732,0.0034969000449549537
2025-08-22,0.9971573362024313,0.9937837817342935,0.003373554468137807
2025-08-25,0.9972693088803425,0.9938329294259732,0.003436379454369254
2025-08-26,0.9973298294709282,0.9939245401555408,0.0034052893153874164
2025-08-27,0.9971573362024313,0.9938712706876283,0.003286065514803038
2025-08-28,0.9972693088803425,0.9939245401555408,0.0033447687248017166
2025-08-29,0.9972166700721294,0.9939616031075494,0.00325506696458
2025-09-02,0.9970526744847469,0.9938653887246984,0.0031872857600484528
2025-09-03,0.9969554072229858,0.9939245401555408,0.003030867067445042
2025-09-04,0.9971180925876567,0.9942743401090907,0.002843752478566053
2025-09-05,0.9968895758844432,0.9942743401090907,0.002615235775352498
2025-09-08,0.9966494003977827,0.9944505840312673,0.0021988163665154214
2025-09-09,0.9966864633497914,0.9949105272391733,0.0017759361106181037
2025-09-10,0.9966864633497916,0.9949105272391733,0.0017759361106183258
2025-09-11,0.9966864633497914,0.9949105272391733,0.0017759361106181037
2025-09-12,0.9969027625086803,0.9949105272391733,0.001992235269506981
2025-09-15,0.9971555720644925,0.9949105272391733,0.0022450448253191757
2025-09-16,0.9972036567474305,0.9944876469832761,0.0027160097641544256
2025-09-17,0.9972493532433461,0.9945656991553375,0.0026836540880085247
2025-09-18,0.9970768599748492,0.9949105272391731,0.002166332735676124
2025-09-19,0.9972036567474305,0.9952637596134365,0.0019398971339940063
2025-09-22,0.9972493532433461,0.9953366897040583,0.0019126635392877622
2025-09-23,0.9971996562221854,0.9953366897040582,0.0018629665181272292
2025-09-24,0.9972733927742149,0.9954395872838039,0.0018338054904110113
2025-09-25,0.9971953406021531,0.9950863549095408,0.0021089856926123085
2025-09-26,0.9969277599356824,0.9950615095018568,0.0018662504338256003
2025-09-29,0.9969397147268806,0.99502179859145,0.0019179161354305752
2025-09-30,0.9970698124402251,0.9946769705076146,0.0023928419326104677
2025-10-01,0.9969397147268806,0.9946897498023116,0.00224996492456897
2025-10-02,0.9970177668989422,0.994538767539628,0.0024789993593141713
2025-10-03,0.9970697898084138,0.9944287209831701,0.00264106882524362
2025-10-06,0.9973406459430056,0.9944287209831701,0.002911924959835499
2025-10-07,0.9974024277038369,0.9944287209831701,0.002973706720666769
2025-10-08,0.9974024277038372,0.9944287209831701,0.002973706720667102
2025-10-09,0.997288623033534,0.9944287209831701,0.002859902050363905
2025-10-10,0.9972105708614722,0.9944287209831701,0.0027818498783021006
2025-10-13,0.9969397147268806,0.9944762912237703,0.0024634235031102403
2025-10-14,0.9968786122440029,0.9945746346782413,0.002303977565761617
2025-10-15,0.9966569038010907,0.9945746346782413,0.0020822691228494783
2025-10-16,0.996552800964213,0.9941458580642756,0.00240694289993737
2025-10-17,0.9968356118900026,0.9940712970087471,0.002764314881255503
2025-10-20,0.9969397147268804,0.9945738101747423,0.0023659045521380317
2025-10-21,0.9966569038010907,0.9944821994451747,0.002174704355916046
2025-10-22,0.996552800964213,0.994382755700642,0.0021700452635708967
2025-10-23,0.99638636179621,0.994382755700642,0.0020036060955679336
2025-10-24,0.9961941974815784,0.994382755700642,0.0018114417809363959
2025-10-27,0.9959322018267741,0.9948056359565393,0.0011265658702348524
2025-10-28,0.9956579886276447,0.9947002992714139,0.0009576893562307509
2025-10-29,0.9956817710265872,0.9942044889248948,0.001477282101692401
2025-10-30,0.9959800237565851,0.9936784450491684,0.0023015787074167626
2025-10-31,0.9959800237565851,0.9935659213069372,0.0024141024496479035
2025-11-03,0.9958464484247824,0.9934981083422809,0.00234834008250151
2025-11-04,0.9961484056722744,0.9929416387442246,0.0032067669280497757
2025-11-05,0.9959800237565851,0.9928687086536025,0.0031113151029825703
2025-11-06,0.9959800237565853,0.9930032642981086,0.002976759458476752
2025-11-07,0.9959800237565851,0.9930032642981086,0.00297675945847653
2025-11-10,0.9961603604634723,0.9934508854441622,0.0027094750193101813
2025-11-11,0.9964466584022724,0.9935609320006199,0.002885726401652522
2025-11-12,0.9964466584022724,0.993549228898633,0.0028974295036394704
2025-11-13,0.9964347036110744,0.9934276011519332,0.0030071024591412643
2025-11-14,0.9966934750059954,0.9936079378588205,0.003085537147174855
2025-11-17,0.9969522464009162,0.9936079378588207,0.003344308542095442
2025-11-18,0.9969762859317851,0.9938094889267968,0.003166797004988342
2025-11-19,0.9969762859317851,0.994145562924789,0.002830723006996161
2025-11-20,0.9969522464009162,0.993716786310823,0.003235460090093123
2025-11-21,0.9969762859317851,0.9936430497587938,0.003333236172991305
2025-11-24,0.9969762859317851,0.9939652262179016,0.0030110597138834905
2025-11-25,0.997219827067387,0.9939395190253986,0.0032803080419884223
2025-11-26,0.9974754529426597,0.9939395190253987,0.003535933917261036
2025-11-28,0.9974754529426599,0.9939044071254253,0.0035710458172346637
2025-12-01,0.997451150658664,0.9937453096909451,0.0037058409677188653
2025-12-02,0.9976674498175528,0.9939136916066345,0.00375375821091839
2025-12-03,0.9977852786099887,0.9939136916066345,0.0038715870033542155
2025-12-04,0.9979892244685039,0.9939136916066345,0.0040755328618694575
2025-12-05,0.9982150018167181,0.9939136916066345,0.00430131021008362
2025-12-08,0.998215001816718,0.993849034628011,0.004365967188706965
2025-12-09,0.9980971730242824,0.9939914342651449,0.004105738759137445
2025-12-10,0.9982025097094076,0.9943362623489804,0.0038662473604271774
2025-12-11,0.9982395726614163,0.9945219906961689,0.0037175819652474074
2025-12-12,0.9982395726614163,0.9944391599287261,0.0038004127326901616
2025-12-15,0.9984286944252613,0.9941078904023966,0.0043208040228647215
2025-12-16,0.9984286944252613,0.99417254738102,0.004256147044241265
2025-12-17,0.9984410477256348,0.99417254738102,0.0042685003446147896
2025-12-18,0.9983560287986678,0.99417254738102,0.004183481417647794
2025-12-19,0.9983560287986678,0.99417254738102,0.004183481417647794
2025-12-22,0.9982574513141949,0.99417254738102,0.004084903933174844
2025-12-23,0.9982426272195245,0.9940660184820722,0.004176608737452292
2025-12-24,0.9984340809707294,0.9938711102642305,0.0045629707064989145
2025-12-26,0.9982426272195245,0.9936381303685768,0.004604496850947659
2025-12-29,0.9980411521553062,0.9934731192885701,0.004568032866736127
2025-12-30,0.9980411521553062,0.9937171070289926,0.004324045126313569
